root_id,is_seed,cell_class,cell_type,nerve,region
720575941572231177,False,,IN03A031,,T3_METANM
720575941537005578,False,,INXXX063,,T3_METANM
720575941688688652,False,,PVLP024,,AVLP
720575941558861839,False,leg_motor_neuron,sternal_anterior_rotator,left_mesothoracic_leg_nerve,T2_MESONM
720575941559975951,False,single_leg_neuromere,IN13A003,,T3_METANM
720575941558435855,False,bristle_neuron,SNta04,left_anterior_dorsal_mesothoracic_nerve,AMNP
720575941558960143,False,ascending_neuron,AN08B071,,HTCT
720575941614272531,False,ascending_neuron,AN05B099,,T1_PRONM
720575941446729748,False,single_leg_neuromere,IN21A014,,T3_METANM
720575941615484947,False,antennal_lobe_output_neuron,ALON3,,AL
720575941527076889,False,,PLP160,,PLP
720575941552996379,False,,IN09A058,,T3_METANM
720575941416747036,False,,CB2501,,IPS
720575941629935654,False,,IN10B011,,T3_METANM
720575941601591337,False,sequential_leg_neuromeres,IN03A009,,T1_PRONM
720575941353930800,False,chordotonal_organ_neuron,JO-E,left_antennal_nerve,GNG
720575941628133433,False,,WED051,,WED
720575941724471354,False,,IN03A071,,T2_MESONM
720575941474648123,False,,CB1569,,AVLP
720575941471240256,False,ascending_neuron,AN08B028,,LTCT
720575941487755330,False,lobula_intrinsic,Li17,,LO
720575941523079243,False,ventral_nerve_cord_centripetal,IN23B078,,T2_MESONM
720575941514559564,False,single_leg_neuromere,IN12B025,,T2_MESONM
720575941524258891,False,,CB2763,,AVLP
720575941482381391,False,single_leg_neuromere,IN17A017,,T3_METANM
720575941644222546,False,,CB3422,,WED
720575941441192021,False,,CB0987,,IPS
720575941451448413,True,chordotonal_organ_neuron,JO-B,right_antennal_nerve,AMMC
720575941473861728,False,ascending_neuron,AN17A014,,T1_PRONM
720575941563646050,False,ascending_neuron,AN07B005,,T1_PRONM
720575941565481058,False,,CB3518,,AVLP
720575941613420646,False,single_leg_neuromere,IN00A009,,T2_MESONM
720575941609390182,False,single_leg_neuromere,IN04B102,,T2_MESONM
720575941563842663,False,single_leg_neuromere,IN16B029,,T2_MESONM
720575941547294836,False,,IN06B086,,HTCT
720575941548802164,False,ventral_nerve_cord_centripetal,IN23B078,,T2_MESONM
720575941498011776,True,chordotonal_organ_neuron,JO-B,right_antennal_nerve,AMMC
720575941529993348,False,,CB1125,,AMMC
720575941583208582,False,,IN12A061,,HTCT
720575941501321355,False,wedge_projection_neuron,PPM1202,,IPS
720575941591597196,False,,CB3002,,AVLP
720575941436244110,False,ascending_neuron,AN17A003,,T1_PRONM
720575941576786063,False,medulla_medulla,MeMe_e02,,ME
720575941459902608,False,,CB3064,,IPS
720575941412323473,False,,IN03B066,,INTTCT
720575941460983952,False,,IN20A.22A088,,T3_METANM
720575941515870355,False,,CB2115,,GNG
720575941463736464,False,ascending_neuron,AN18B053,,INTTCT
720575941515411603,False,descending_neuron,DNit005,,GNG
720575941435949198,False,descending_neuron,DNxl118,,T3_METANM
720575941553389722,False,,IN20A.22A015,,T1_PRONM
720575941572526238,False,,CB0264,right_antennal_nerve,AVLP
720575941457707167,False,ventral_nerve_cord_centrifugal,IN06B008,,INTTCT
720575941481103523,False,descending_neuron,DNxn136,,IPS
720575941505515685,False,,SAD049,,AVLP
720575941503451301,False,,w-cHIN,,HTCT
720575941453578409,False,single_leg_neuromere,IN21A001,,T2_MESONM
720575941411405995,False,ascending_neuron,AN17A004,,AMNP
720575941411438763,False,,CB0567,,IPS
720575941428412591,False,,IN08A026,,T2_MESONM
720575941521146035,False,,IN16B118,,T3_METANM
720575941522981043,False,ascending_neuron,AN17A008,,T1_PRONM
720575941575606454,False,,CB0757,,LAL
720575941504860354,False,single_leg_neuromere,IN19B003,,T1_PRONM
720575941483430083,False,serpentine_medulla,Sm19,,ME
720575941460820164,False,,CB0978,,IPS
720575941483266246,False,descending_neuron,DNpe045,,ICL
720575941496144071,False,,CB2108,,AVLP
720575941493031116,False,medial_antennal_lobula,mALC4,,LO
720575941442633935,True,chordotonal_organ_neuron,JO-B,left_antennal_nerve,AMMC
720575941462655187,False,centrifugal_lobula,cL18,,IPS
720575941429526743,False,single_leg_neuromere,IN09A002,,T1_PRONM
720575941520523480,False,,VES054,,LAL
720575941586878686,False,,CB3184,,AVLP
720575941440438495,True,chordotonal_organ_neuron,JO-B,right_antennal_nerve,AMMC
720575941583601886,False,,IN12A012,,INTTCT
720575941438013663,False,serpentine_medulla,Sm16,,ME
720575941630984418,False,sequential_leg_neuromeres,IN06A028,,T2_MESONM
720575941556338916,False,ascending_neuron,AN19B024,,INTTCT
720575941534220517,True,chordotonal_organ_neuron,JO-A,right_antennal_nerve,AMMC
720575941532483813,False,single_leg_neuromere,IN03A014,,T3_METANM
720575941531468005,False,single_leg_neuromere,IN13B056,,T1_PRONM
720575941533368554,False,,IN19A108,,T3_METANM
720575941665489139,False,,IN13B075,,T1_PRONM
720575941523079415,False,,IN14B008,,T2_MESONM
720575941575835899,False,,LT82a,,LO
720575941588123902,False,descending_neuron,DNg12,,GNG
720575941487526150,False,,CB3031,,AVLP
720575941485592838,False,,IN09A058,,T3_METANM
720575941468717323,False,,IN06B012,,AMNP
720575941472649483,False,,,,ME
720575941463638285,False,,IN23B008,,T2_MVAC
720575941461082381,False,,IN00A054,,INTTCT
720575941464686861,False,ventral_nerve_cord_centripetal,IN23B018,,T2_MESONM
720575941612175635,False,,CB0467,,GNG
720575941649039637,False,ascending_neuron,AN07B052,,INTTCT
720575941543100701,False,,PS065,,SPS
720575941477302558,False,,CB0352,,AVLP
720575941640651039,False,,PVLP094,,PVLP
720575941544476957,False,,IN13A032,,T2_MESONM
720575941594841383,False,,PVLP082b,,AVLP
720575941592219944,False,single_leg_neuromere,IN20A.22A055,,T2_MESONM
720575941474779434,False,,CB3673,,AMMC
720575941561319725,False,single_leg_neuromere,IN13A014,,T2_MESONM
720575941558698285,False,,IN19A087,,T1_PRONM
720575941505909042,False,,CB0058,,SPS
720575941474779444,False,,IN14B012,,T2_MESONM
720575941492113717,False,,,,ME
720575941478187316,False,lobula_columnar,LC18,,LO
720575941587304759,False,single_leg_neuromere,IN13B093,,T2_MESONM
720575941662376248,False,,IN20A.22A056,,T1_PRONM
720575941662474552,False,,PS157,ocellar_nerve,PLP
720575941472583995,False,,IN13A061,,T2_MESONM
720575941486608706,False,wedge_projection_neuron,WED069,,WED
720575941508301125,False,,CB3863,,AVLP
720575941508661573,False,single_leg_neuromere,IN19A016,,T1_PRONM
720575941451841863,False,,IN02A021,,INTTCT
720575941659328848,False,,IN21A072,,T3_METANM
720575941642158418,False,single_leg_neuromere,IN03A088,,T3_METANM
720575941532385624,False,,IN03B066,,HTCT
720575941429231969,False,single_leg_neuromere,IN21A001,,T3_METANM
720575941645042021,False,lobula_columnar,LC12,,LO
720575941612962150,True,chordotonal_organ_neuron,JO-B,right_antennal_nerve,NO_CONS
720575941577343336,False,,ATL030,,IPS
720575941627969900,False,proximal_medulla,Pm12,,ME
720575941410062703,False,,IN13A011,,T1_PRONM
720575941560435059,False,descending_neuron,DNge133,,GNG
720575941639340405,False,,IN19B021,,T3_METANM
720575941644059000,False,,CB1439,,IPS
720575941583307129,False,centrifugal_medulla,cM01b,,SPS
720575941479563650,False,descending_neuron,DNxl084,,GNG
720575941585830278,False,,AVLP195,,AVLP
720575941428412809,False,,IN17A034,,AMNP
720575941576950159,False,,SAD077,,AMMC
720575941692162456,False,descending_neuron,DNg02,,SPS
720575941623972251,False,,IN18B032,,LTCT
720575941623349659,False,single_leg_neuromere,IN04B037,,T2_MESONM
720575941571838365,False,single_leg_neuromere,IN21A003,,T2_MESONM
720575941456429471,False,,IN20A.22A068,,T2_MESONM
720575941527175590,False,,CB1826,,GNG
720575941450793385,False,,CB0757,,LAL
720575941519180204,False,,PVLP080a,,AVLP
720575941405868462,False,single_leg_neuromere,IN17A052,,T1_PRONM
720575941547229620,False,ascending_neuron,ANXXX170,,T1_PRONM
720575941449875893,False,descending_neuron,DNxl106,,GNG
720575941547164084,False,single_leg_neuromere,IN19A015,,T2_MESONM
720575941530124728,False,,CB2376,,AVLP
720575941462819268,False,,,,ME
720575941630296517,False,,IN04B102,,T2_MESONM
720575941642650056,False,,IN02A045,,HTCT
720575941489951177,False,,CB3649,,AMMC
720575941625872842,True,chordotonal_organ_neuron,JO-B,right_antennal_nerve,NO_CONS
720575941514920401,True,chordotonal_organ_neuron,JO-A,left_antennal_nerve,AMMC
720575941508956626,False,,PS051,,SPS
720575941655495124,False,single_leg_neuromere,IN14A005,,T2_MESONM
720575941616501205,False,ascending_neuron,AN12B005,,T3_METANM
720575941592154582,False,,IN03B061,,HTCT
720575941689803227,False,ventral_nerve_cord_centripetal,IN23B018,,T1_PRONM
720575941632459234,False,ascending_neuron,ANXXX027,,AMNP
720575941538873827,False,,,,AVLP
720575941632492002,False,,CB2067,,AMMC
720575941493293543,False,,CL110,,ICL
720575941537792488,False,,VES077,,VES
720575941455872493,False,,CB2820,,GNG
720575941568889332,False,ascending_neuron,AN17B008,,T1_PRONM
720575941523112439,False,,IN06A004,,INTTCT
720575941516362233,False,,AVLP029,,AVLP
720575941515936249,False,,INXXX038,,T3_METANM
720575941512987129,False,,IN08B051,,INTTCT
720575941513118201,False,,IN02A033,,NTCT
720575941589664254,False,single_leg_neuromere,IN23B057,,T2_MESONM
720575941552964095,False,ascending_neuron,AN10B021,,T2_MESONM
720575941552374273,False,single_leg_neuromere,IN06B029,,T2_MESONM
720575941526946306,False,,CB1222,,IPS
720575941514625539,False,,IN04B067,,T1_PRONM
720575941544673797,False,,CB2365,,AVLP
720575941542412805,False,wing_motor_neuron,b3,left_anterior_dorsal_mesothoracic_nerve,WTCT
720575941574001161,False,,CB3544,,AVLP
720575941571871241,False,descending_neuron,DNge091,,GNG
720575941472190987,True,chordotonal_organ_neuron,JO-A,left_antennal_nerve,AMMC
720575941472485899,False,,AVLP283,,AVLP
720575941685707276,False,single_leg_neuromere,IN13A018,,T2_MESONM
720575941471470091,False,,IN21A085,,T2_MESONM
720575941439652370,False,,LC14,,LO
720575941465080342,False,,IN13A051,,T1_PRONM
720575941657854488,False,,CB2783,,IB
720575941534548506,False,medulla_intrinsic,Mi1,,ME
720575941550801441,False,ascending_neuron,AN12B011,,T1_PRONM
720575941548409377,False,descending_neuron,DNxn128,,SPS
720575941602411049,False,,AVLP305,,AVLP
720575941353112112,False,ascending_neuron,AN07B046,,INTTCT
720575941475992113,False,,IN20A.22A070,,T2_MESONM
720575941453873715,False,antennal_lobe_local_neuron,l2LN22,,AL
720575941565678134,False,,CB2205,,IPS
720575941459870278,False,ascending_neuron,AN06B023,,AMNP
720575941450007111,False,,IN00A020,,T3_METANM
720575941454070343,False,,AVLP039,,AVLP
720575941526291021,False,,AVLP121,,ICL
720575941658706512,False,,,,HTCT
720575941643698770,False,transmedullary_y,TmY5a,,ME
720575941442667099,False,,CB1881,,WED
720575941566202471,False,ventral_nerve_cord_centripetal,IN19A069,,INTTCT
720575941594448491,False,,CB0732,,PVLP
720575941560402547,False,single_leg_neuromere,IN06B029,,T3_METANM
720575941551719028,False,lobula_intrinsic,Li17,,LO
720575941637800565,False,single_leg_neuromere,IN19A029,,T1_PRONM
720575941471863415,True,chordotonal_organ_neuron,JO-B,left_antennal_nerve,AMMC
720575941470552695,False,,CB2651,,AVLP
720575941497651835,False,,AVLP541a,,AVLP
720575941496603262,False,optic_lobe_intrinsic_centrifugal,C2,,ME
720575941506597505,False,single_leg_neuromere,IN13A015,,T3_METANM
720575941533696643,False,,CB0666,,AVLP
720575941595529861,False,ventral_nerve_cord_centrifugal,IN11A024,,INTTCT
720575941623284362,False,,IN06A096,,HTCT
720575941502272139,False,,CB0842,,GNG
720575941483790989,False,,IN06B059,,AMNP
720575941413700241,False,,SAD007,,IPS
720575941515182739,False,,CB0685,,PLP
720575941540151957,True,chordotonal_organ_neuron,JO-B,left_antennal_nerve,AMMC
720575941690032792,False,,IN21A039,,T3_METANM
720575941459215007,False,,AVLP550b,,AVLP
720575941646451361,False,descending_neuron,DNp47,,SPS
720575941500863138,False,,PVLP002,,AVLP
720575941555618468,False,,CB2228,,WED
720575941564170920,False,,CB2763,,AVLP
720575941518787244,False,single_leg_neuromere,IN03A027,,T3_METANM
720575941518951084,False,,AVLP348,,AVLP
720575941408686766,False,,CB2015,,PLP
720575941575082678,False,single_leg_neuromere,IN20A.22A007,,T1_PRONM
720575941604082361,False,single_leg_neuromere,IN13A006,,T1_PRONM
720575941501944514,False,,IN20A.22A066,,T3_METANM
720575941480415939,False,,IN06A094,,HTCT
720575941644976840,False,optic_lobe_intrinsic_centrifugal,C3,,ME
720575941528978123,False,,IN17B003,,T3_METANM
720575941488542414,False,single_leg_neuromere,IN04B097,,T1_PRONM
720575941439488719,False,,LAL028,,PLP
720575941486936784,False,single_leg_neuromere,IN20A.22A055,,T1_PRONM
720575941462065875,False,single_leg_neuromere,IN21A007,,T1_PRONM
720575941432378071,False,,WED103,,GNG
720575941516624600,False,single_leg_neuromere,IN21A087,,T1_PRONM
720575941692097243,False,single_leg_neuromere,IN20A.22A017,,T2_MESONM
720575941471503069,False,,CB0655,,GNG
720575941556437732,False,ascending_neuron,AN17A018,,T1_PRONM
720575941535171304,False,,CB0980,,AMMC
720575941535073002,False,,IN16B119,,T3_METANM
720575941502403307,False,,PS248,,SPS
720575941535040234,False,single_leg_neuromere,IN12B040,,T3_METANM
720575941457937136,False,,WEDPN1B,,AMMC
720575941665522419,False,,IN12A018,,HTCT
720575941567054580,False,,IN04B108,,T2_MESONM
720575941579768565,False,,IN19B066,,HTCT
720575941604606710,False,,AVLP454_a,,AVLP
720575941524292343,True,chordotonal_organ_neuron,JO-B,left_antennal_nerve,AMMC
720575941579866869,False,sequential_leg_neuromeres,IN01A010,,T2_MESONM
720575941604213494,False,,VES023,,GNG
720575941515936505,False,sequential_leg_neuromeres,IN12A001,,INTTCT
720575941590844158,True,chordotonal_organ_neuron,JO-B,right_antennal_nerve,AMMC
720575941551555327,True,chordotonal_organ_neuron,JO-B,right_antennal_nerve,AMMC
720575941592449790,False,,,,ME
720575941551948543,False,descending_neuron,DNp63,,SPS
720575941526946562,False,descending_neuron,DNa11,,VES
720575941517214467,False,,,,ME
720575941392302852,False,,IN19B081,,HTCT
720575941564105479,False,,IN01A058,,INTTCT
720575941535335178,False,,AVLP136,,AVLP
720575941472715531,False,,VES041,,VES
720575941468717835,False,single_leg_neuromere,IN01A035,,T2_MESONM
720575941433131790,True,chordotonal_organ_neuron,JO-B,left_antennal_nerve,AMMC
720575941433033486,False,single_leg_neuromere,IN16B097,,T3_METANM
720575941535925018,False,ascending_neuron,AN19B025,,INTTCT
720575941478613790,False,,,,ME
720575941478449950,False,,CB0115,,PVLP
720575941547393825,False,leg_motor_neuron,tibia_flexor,right_prothoracic_leg_nerve,T1_PRONM
720575941595267877,False,,CB2847,,AVLP
720575941472158506,False,,IN13A035,,T1_PRONM
720575941474779946,False,,CB2710,,WED
720575941437588268,False,antenna_motor_neuron,CB0723,left_antennal_nerve,GNG
720575941438440236,False,,IN03B078,,WTCT
720575941503746866,False,,CB1948,,WED
720575941504860978,False,ascending_neuron,AN27X011,,NTCT
720575941491065653,False,descending_neuron,MDN,,LAL
720575941628625721,False,,CB0466,,WED
720575941723161402,False,,IN18B008,,T1_PRONM
720575941552603966,False,descending_neuron,DNp19,,SPS
720575941553587006,False,,IN06B030,,T3_METANM
720575941478187841,False,leg_motor_neuron,tibia_extensor,right_mesothoracic_leg_nerve,T2_MESONM
720575941478515521,False,,CB0738,,PVLP
720575941459313478,False,single_leg_neuromere,IN04B031,,T1_PRONM
720575941459936070,False,ascending_neuron,AN07B018,,LTCT
720575941573346120,False,leg_motor_neuron,tergotrochanter,right_posterior_dorsal_mesothoracic_nerve,T2_MESONM
720575941497881417,False,leg_motor_neuron,tibia_flexor,left_mesothoracic_leg_nerve,T2_MESONM
720575941610111818,False,single_leg_neuromere,IN12B027,,T3_METANM
720575941528093517,True,chordotonal_organ_neuron,JO-B,left_antennal_nerve,AMMC
720575941658936144,False,descending_neuron,DNp69,,ICL
720575941642158930,False,,IN11A032,,LTCT
720575941471732576,False,lobula_columnar,LC31b,,LO
720575941526979428,False,,CB2710,,PLP
720575941645206373,False,,,,ME
720575941596218225,False,descending_neuron,DNg09,,SAD
720575941567644530,False,,IN00A060,,LTCT
720575941560435571,False,ascending_neuron,AN10B034,,T2_MESONM
720575941472158583,True,chordotonal_organ_neuron,JO-B,left_antennal_nerve,NO_CONS
720575941645403000,False,wing_motor_neuron,DLM1-4,left_posterior_dorsal_mesothoracic_nerve,WTCT
720575941450728314,False,descending_neuron,DNxl104,,GNG
720575941498667899,False,,CB3646,,AMMC
720575941499847547,False,centrifugal_lobula,cL18,,IPS
720575941493949310,False,,IN19A124,,T1_PRONM
720575941496374142,False,ventral_nerve_cord_dorsal,IN17B004,,HTCT
720575941480514434,False,,IN13B073,,T2_MESONM
720575941586912134,False,,CB3683,,AVLP
720575941591368588,False,,CB2014,,GNG
720575941515772819,False,single_leg_neuromere,IN14A014,,T2_MESONM
720575941538087829,False,ventral_nerve_cord_serially_convergent,INXXX307,,ABDNM
720575941612929945,True,chordotonal_organ_neuron,JO-B,right_antennal_nerve,AMMC
720575941573542813,False,single_leg_neuromere,IN17A028,,T2_MESONM
720575941528159142,False,,CB2412,,AVLP
720575941668275121,False,,IN09A025,,T3_METANM
720575941449745333,False,ascending_neuron,ANXXX027,,AMNP
720575941543658428,False,single_leg_neuromere,IN12B012,,T1_PRONM
720575941682758589,False,,,,ME
720575941603886014,False,single_leg_neuromere,IN20A.22A023,,T2_MESONM
720575941442634687,True,chordotonal_organ_neuron,JO-B,left_antennal_nerve,AMMC
720575941535368129,False,,CB0798,,GNG
720575941481989059,False,single_leg_neuromere,IN03A006,,T1_PRONM
720575941631706053,False,,IN10B032,,T1_PRONM
720575941488182217,False,single_leg_neuromere,IN13A018,,T1_PRONM
720575941627053002,False,,CB1127,,AVLP
720575941531894731,False,sequential_leg_neuromeres,IN01A011,,T2_MESONM
720575941492966348,False,lobula_intrinsic,Li26,,LO
720575941442634703,True,chordotonal_organ_neuron,JO-B,left_antennal_nerve,AMMC
720575941593433046,False,,IN19A084,,T3_METANM
720575941519279064,False,,IN19A006,,T3_METANM
720575941436900319,False,single_leg_neuromere,IN16B074,,T2_MESONM
720575941481464800,True,chordotonal_organ_neuron,JO-A,left_antennal_nerve,AMMC
720575941538677731,True,chordotonal_organ_neuron,JO-B,right_antennal_nerve,AMMC
720575941533631461,False,,CB1614,,AVLP
720575941609358310,False,,IN03B061,,HTCT
720575941609489385,False,,IN21A041,,T3_METANM
720575941610636265,False,wedge_projection_neuron,WED072,,WED
720575941608899561,False,,IN07B067,,HTCT
720575941453939693,False,,IN03A056,,T2_MESONM
720575941561189358,False,,CB2334,,AVLP
720575941569414132,False,,CB2364,,AVLP
720575941566956532,False,,IN03B066,,INTTCT
720575941579867125,False,,IN02A004,,T3_METANM
720575941601330166,False,,IN00A045,,T3_METANM
720575941554701313,False,,LAL120a,,LAL
720575941574657032,False,ascending_neuron,AN06B040,,INTTCT
720575941687837708,False,,SAD088,,IPS
720575941464982541,False,,CB2050,,IPS
720575941560566799,False,ascending_neuron,AN17A015,,T3_METANM
720575941507777552,False,,IN02A018,,HTCT
720575941611750419,False,leg_motor_neuron,long_tendon_muscle,right_mesothoracic_leg_nerve,T2_MESONM
720575941651989525,False,,CB3115,,IB
720575941655856152,False,single_leg_neuromere,IN12B024,,T2_MESONM
720575941551326235,False,single_leg_neuromere,IN19A106,,T2_MESONM
720575941434967072,False,sequential_leg_neuromeres,IN01A011,,T3_METANM
720575941547394081,False,wing_motor_neuron,i2,left_anterior_dorsal_mesothoracic_nerve,INTTCT
720575941505745954,False,single_leg_neuromere,IN21A087,,T2_MESONM
720575941433230368,False,,IN19A117,,INTTCT
720575941556372516,False,,IN06A126,,HTCT
720575941594186789,False,single_leg_neuromere,IN23B056,,T2_MESONM
720575941600543785,False,,IN07B032,,HTCT
720575941473928234,False,,CB2995,,AVLP
720575941602411561,False,,AVLP305,,AVLP
720575941439554604,False,single_leg_neuromere,IN21A087,,T3_METANM
720575941561320493,False,,IN03B058,,HTCT
720575941410161711,True,chordotonal_organ_neuron,JO-B,right_antennal_nerve,GNG
720575941501912114,False,,IN11A008,,T1_PRONM
720575941506171954,False,,AVLP210,,AVLP
720575941501748274,False,,IN03A030,,T2_MESONM
720575941478188084,False,medulla_tangential,MTe37,,ME
720575941563253814,False,,IN06B055,,INTTCT
720575941628167225,False,descending_neuron,DNg03,,IPS
720575941549163581,False,translobula_plate,Tlp14,,LOP
720575941553554494,False,,WED045,,WED
720575941552768062,False,descending_neuron,DNxn172,,GNG
720575941516461123,False,single_leg_neuromere,IN12B027,,T3_METANM
720575941589992516,False,,PLP142,,PLP
720575941527667789,False,,WED117,,AVLP
720575941527766093,False,,IN20A.22A021,,T3_METANM
720575941450761294,False,,AVLP465b,,AVLP
720575941555553363,False,single_leg_neuromere,IN19A007,,T2_MESONM
720575941440472149,False,,PLP208,,PLP
720575941501092951,False,single_leg_neuromere,IN04B031,,T2_MESONM
720575941514658906,False,ascending_neuron,AN08B018,,T2_MESONM
720575941441848411,False,ascending_neuron,AN17A003,,AMNP
720575941474026592,False,,AVLP363,,AVLP
720575941429363809,False,,IN07B087,,HTCT
720575941643175013,False,,CB1754,,WED
720575941609260134,False,,IN07B055,,T2_MESONM
720575941567382631,False,,LAL160,,LAL
720575941643797624,False,peripheral_intrinsic_neuron,PSI,left_posterior_dorsal_mesothoracic_nerve,LTCT
720575941498438779,False,,IN07B068,,HTCT
720575941540185213,False,single_leg_neuromere,IN08A002,,T2_MESONM
720575941507449985,False,,IN16B125,,T2_MESONM
720575941554242695,False,,IN05B019,,ABDNM
720575941547132040,False,leg_motor_neuron,long_tendon_muscle,left_mesothoracic_leg_nerve,T2_MESONM
720575941431854217,False,single_leg_neuromere,IN12B024,,T1_PRONM
720575941592286348,False,transverse_neuron,T2,,ME
720575941487494285,False,,CB3305,,AVLP
720575941460427920,False,,PS087,,SPS
720575941415765137,False,proximal_medulla,Pm09,,ME
720575941515838611,True,chordotonal_organ_neuron,JO-B,right_antennal_nerve,NO_CONS
720575941539824789,False,,IN13A035,,T1_PRONM
720575941393745046,False,ascending_neuron,AN04A001,,T2_MESONM
720575941689377944,False,,IN02A024,,T3_METANM
720575941614273689,False,,IN07B067,,HTCT
720575941573543069,False,,INXXX448,,ABDNM
720575941572494494,False,,IN04B033,,T2_MESONM
720575941646124193,False,,CB0451,,GNG
720575941478417571,False,lobula_columnar,LC17,,LO
720575941559125156,False,medulla_tangential,MTe01b,,ME
720575941479728291,False,leg_motor_neuron,tarsus_depressor,left_metathoracic_leg_nerve,T3_METANM
720575941525308582,False,leg_motor_neuron,tibia_extensor,right_metathoracic_leg_nerve,T3_METANM
720575941478057123,False,,IN01A069,,T1_PRONM
720575941562500264,False,,,,SAD
720575941411472555,False,descending_neuron,DNb09,,SPS
720575941670962353,True,chordotonal_organ_neuron,JO-B,right_antennal_nerve,NO_CONS
720575941447025845,False,,IN06A022,,HTCT
720575941518427319,False,,IN06A059,,INTTCT
720575941527241912,False,,IN06B030,,T3_METANM
720575941527110840,False,ventral_nerve_cord_dorsal,IN11A021,,LTCT
720575941603755193,False,ascending_neuron,ANXXX264,,AMNP
720575941481071802,False,leg_motor_neuron,tarsus_levator,right_mesothoracic_leg_nerve,T2_MESONM
720575941633803451,False,,PS061,,IPS
720575941504500930,False,,CB1582,,GNG
720575941479171267,False,,IN11A020,,AMNP
720575941458953412,False,,IN08A036,,T1_PRONM
720575941625808074,False,,,,AVLP
720575941528782027,False,single_leg_neuromere,IN20A.22A006,,T2_MESONM
720575941488772300,False,,IN13A051,,T1_PRONM
720575941530649803,False,ascending_neuron,AN03B039,,HTCT
720575941618500821,False,single_leg_neuromere,IN08A002,,T1_PRONM
720575941592155350,False,single_leg_neuromere,INXXX468,,T2_MESONM
720575941702354138,False,,CB1826,,GNG
720575941470029021,False,,AVLP153,,AVLP
720575941439161567,False,ascending_neuron,AN08B034,,AMNP
720575941628626146,False,,IN13A063,,T1_PRONM
720575941556274404,False,,CB3499,,AVLP
720575941532746981,False,descending_neuron,DNp43,,AVLP
720575941531436261,False,single_leg_neuromere,IN19A088,,T2_MESONM
720575941493097703,False,,AVLP194_c,,AVLP
720575941536842984,False,,AVLP550b,,AVLP
720575941612504297,False,ascending_neuron,AN19B001,,INTTCT
720575941684921583,False,single_leg_neuromere,IN23B032,,T2_MESONM
720575941653923057,False,ventral_nerve_cord_centripetal,IN23B007,,T3_METANM
720575941666964723,False,,CB2108,,AVLP
720575941579900149,False,,IN03B025,,T3_METANM
720575941549950207,False,ascending_neuron,AN08B101,,INTTCT
720575941564728576,False,,IB009,,IB
720575941486839046,False,ascending_neuron,AN04B004,,T1_PRONM
720575941575804169,True,chordotonal_organ_neuron,JO-B,left_antennal_nerve,AMMC
720575941536187658,False,,CL022,,AVLP
720575941433132302,False,,PVLP124,,AVLP
720575941433328910,False,,CB1964,,AVLP
720575941464753430,False,ascending_neuron,AN07B013,,T1_PRONM
720575941638063391,False,leg_motor_neuron,long_tendon_muscle,right_mesothoracic_leg_nerve,T2_MESONM
720575941435983136,False,ascending_neuron,AN09B012,,AMNP
720575941402821923,False,descending_neuron,DNp05,,SPS
720575941595366693,False,,PS300,,SPS
720575941600019753,True,chordotonal_organ_neuron,JO-B,right_antennal_nerve,NO_CONS
720575941473338666,False,,,,WED
720575941472912682,False,medulla_intrinsic,Mi1,,ME
720575941407900975,False,ventral_nerve_cord_serially_convergent,IN09B046,,T2_MESONM
720575941353112880,False,lobula_columnar,LC31b,,AVLP
720575941563254070,False,ventral_nerve_cord_dorsal,IN00A041,,INTTCT
720575941474420027,False,,IN03A085,,T1_PRONM
720575941516199235,False,,,,ME
720575941589304644,False,descending_neuron,DNxl119,,GNG
720575941500044617,False,,,,T3_METANM
720575941499159881,False,,CB0362,,GNG
720575941527668045,False,,CB1314,,WED
720575941450532174,False,,IN11A001,,INTTCT
720575941555094867,False,,CB3858,,AVLP
720575941516100954,False,ascending_neuron,AN06B051,,INTTCT
720575941540545884,False,campaniform_sensillum_neuron,SApp08,left_dorsal_metathoracic_nerve,HTCT
720575941539792220,False,neck_motor_neuron,CvN6,right_cervical_nerve,IPS
720575941509154142,False,,CB1112,,AVLP
720575941584455007,True,chordotonal_organ_neuron,JO-B,left_antennal_nerve,NO_CONS
720575941542413660,False,,IN08A031,,T2_MESONM
720575941471307104,False,,IN07B065,,INTTCT
720575941565285730,False,neck_motor_neuron,CvN9,left_cervical_nerve,GNG
720575941527569764,False,wedge_projection_neuron,WEDPN7C,,PLP
720575941645010277,False,,AVLP209,,AVLP
720575941594776939,False,single_leg_neuromere,IN14A009,,T1_PRONM
720575941520622958,False,,PS112,,SPS
720575941412849007,False,,WEDPN8B,,WED
720575941560272243,True,chordotonal_organ_neuron,JO-B,right_antennal_nerve,NO_CONS
720575941559321971,False,,IN08B068,,INTTCT
720575941561812339,False,,PVLP074,,AVLP
720575941660771708,False,,IN03A060,,T2_MESONM
720575941481432450,True,chordotonal_organ_neuron,JO-B,left_antennal_nerve,AMMC
720575941597562245,True,chordotonal_organ_neuron,JO-B,left_antennal_nerve,NO_CONS
720575941548082568,False,single_leg_neuromere,IN16B042,,T1_PRONM
720575941536318869,False,single_leg_neuromere,IN21A012,,T2_MESONM
720575941394072982,False,,CB1538,,AMMC
720575941566989719,True,chordotonal_organ_neuron,JO-B,left_antennal_nerve,AMMC
720575941390632342,False,,IN01A062,,INTTCT
720575941691311512,False,descending_neuron,DNg31,,GNG
720575941597267356,False,wing_motor_neuron,tpn,right_anterior_dorsal_mesothoracic_nerve,WTCT
720575941560632744,False,,IN12A054,,HTCT
720575941442307498,False,single_leg_neuromere,IN12B037,,T1_PRONM
720575941411440043,False,,CB2171,,AVLP
720575941611914669,False,ventral_nerve_cord_dorsal,IN02A010,,WTCT
720575941545854388,False,,CB3915,,WED
720575941448205749,False,,IN19A120,,T1_PRONM
720575941449975221,False,,CB0022,,GNG
720575941544904116,False,abdomen_motor_neuron,MNad10,right_fourth_abdominal_nerve,ABDNM
720575941531174328,False,ascending_neuron,AN09B001,,T1_PRONM
720575941604869561,True,chordotonal_organ_neuron,JO-B,left_antennal_nerve,AMMC
720575941603984825,False,,IB097,,SPS
720575941481006522,False,single_leg_neuromere,IN12B074,,T2_MESONM
720575941597857216,False,,CB0860,,GNG
720575941534975425,False,neck_motor_neuron,ADNM1,left_cervical_nerve,NTCT
720575941490705865,False,ascending_neuron,AN14A003,,T2_MESONM
720575941625578954,False,,CB1772,,GNG
720575941625808330,False,leg_motor_neuron,sternal_posterior_rotator,left_prothoracic_accessory_nerve,T1_PRONM
720575941439063503,False,,IN11B017,,HTCT
720575941513151953,False,single_leg_neuromere,IN16B033,,T2_MESONM
720575941511546322,False,,PS265,,IPS
720575941655496148,False,single_leg_neuromere,IN12B027,,T1_PRONM
720575941616698837,False,single_leg_neuromere,IN01B010,,T1_PRONM
720575941478843872,False,single_leg_neuromere,IN03B042,,T1_PRONM
720575941556209124,False,sequential_leg_neuromeres,IN01A005,,T2_MESONM
720575941501027819,False,wing_motor_neuron,ps2,left_mesothoracic_accessory_nerve,WTCT
720575941500700139,False,descending_neuron,DNg01,,SPS
720575941561386478,False,,IN09A029,,T2_MVAC
720575941603886582,False,single_leg_neuromere,INXXX464,,T1_PRONM
720575941569349114,False,,IN10B054,,T2_MESONM
720575941484054013,False,,PS108,,SPS
720575941551687167,False,,,,ME
720575941566891527,False,lobula_intrinsic,Li15,,LO
720575941574723081,False,,IN23B008,,T2_MVAC
720575941535991306,False,,CB2108,,AVLP
720575941537629706,False,ascending_neuron,AN09B014,,T1_PRONM
720575941430281742,False,ventral_nerve_cord_dorsal,IN05B032,,LTCT
720575941561222671,False,,CB3105,,AMMC
720575941432280590,False,,CB2728,,GNG
720575941510694416,False,,CB0806,,GNG
720575941509776912,False,,CB0830,,GNG
720575941611652627,False,leg_motor_neuron,long_tendon_muscle,left_mesothoracic_leg_nerve,T2_MESONM
720575941448762900,False,,CB3609,,AVLP
720575941466719766,False,,PS089,,GNG
720575941525636633,False,lobula_columnar,LC17,,LO
720575941595170341,False,ascending_neuron,AN07B085,,HTCT
720575941630133798,False,single_leg_neuromere,IN01A012,,T1_PRONM
720575941407704623,False,,PLP159,,PLP
720575941477140017,False,single_leg_neuromere,IN19A020,,T2_MESONM
720575941662508600,False,ascending_neuron,AN18B053,,INTTCT
720575941471405632,False,,CB2651,,AVLP
720575941512496707,False,single_leg_neuromere,IN14A007,,T2_MESONM
720575941507548741,False,,SAD082,,AVLP
720575941459314246,False,single_leg_neuromere,IN20A.22A039,,T3_METANM
720575941570823752,False,,IN06B055,,INTTCT
720575941499192905,False,ascending_neuron,AN05B005,,T3_METANM
720575941608310346,False,,IN12A008,,INTTCT
720575941511087692,False,single_leg_neuromere,IN09A048,,T2_MESONM
720575941450597966,False,single_leg_neuromere,IN03A004,,T1_PRONM
720575941479040591,False,,IN11A007,,T1_PRONM
720575941556602451,False,,PS263,,SPS
720575941424973396,False,,IN11A012,,AMNP
720575941503813207,False,ascending_neuron,AN08B024,,T2_MVAC
720575941532386904,False,single_leg_neuromere,IN19A021,,T2_MESONM
720575941505812062,False,single_leg_neuromere,IN21A038,,T2_MESONM
720575941581506143,False,,IN06A013,,HTCT
720575941583701599,False,,CB0283,,VES
720575941433362017,False,,CB3200,,GNG
720575941566957154,False,chordotonal_organ_neuron,JO-E,left_antennal_nerve,AMMC
720575941479728746,False,,PLP150b,,PLP
720575941519476334,False,single_leg_neuromere,IN14A002,,T1_PRONM
720575941409932911,False,single_leg_neuromere,IN21A011,,T1_PRONM
720575941405935216,False,lamina_wide_field,Lawf2,,ME
720575941516789358,False,,IN20A.22A032,,T1_PRONM
720575941451941498,False,descending_neuron,DNp33,,AMMC
720575941498701435,False,,CB0533,,WED
720575941479728770,False,,CB2114,,AVLP
720575941597300357,False,,CB2108,,AVLP
720575941586257542,False,,CB2777,,AVLP
720575941552932487,False,,CB3666,,AVLP
720575941548082824,False,sequential_leg_neuromeres,IN09A004,,T3_METANM
720575941428446857,False,single_leg_neuromere,IN12B039,,T1_PRONM
720575941572855439,False,ascending_neuron,AN06A016,,NTCT
720575941415601809,False,,,,ME
720575941562959511,False,,IN20A.22A048,,T3_METANM
720575941692819096,False,,,,ME
720575941573117597,False,single_leg_neuromere,IN01B008,,T1_PRONM
720575941631837856,False,leg_motor_neuron,femur_reductor,right_prothoracic_leg_nerve,T1_PRONM
720575941498963618,False,,CB1038,,AMMC
720575941529306790,False,optic_anterior,OA-AL2i2,,SPS
720575941563483816,False,ascending_neuron,AN19B019,,INTTCT
720575941536024242,False,single_leg_neuromere,IN09A018,,T3_METANM
720575941603985081,False,,AVLP592,,AVLP
720575941481629370,False,single_leg_neuromere,IN20A.22A023,,T3_METANM
720575941682235069,False,ocellar_projection_neuron,OCG01d,ocellar_nerve,IPS
720575941681317565,False,,WED032,,IPS
720575941535565505,False,ventral_nerve_cord_dorsal,IN19A026,,ABDNM
720575941496997575,False,,AVLP505,,AVLP
720575941488740044,False,,IN03B058,,WTCT
720575941540284109,False,single_leg_neuromere,IN21A015,,T2_MESONM
720575941492475598,False,single_leg_neuromere,IN13B078,,T3_METANM
720575941486872272,False,sequential_leg_neuromeres,IN12B014,,INTTCT
720575941511546578,False,,CB1265,,IPS
720575941431756503,False,single_leg_neuromere,IN13B006,,T1_PRONM
720575941433198295,False,,PS252,,PLP
720575941655398105,False,,,,ME
720575941586749150,False,,CB0450,,AVLP
720575941480974048,False,descending_neuron,DNg88,,GNG
720575941500700385,False,centrifugal_medulla,cM02a,,SPS
720575941503780587,False,,SIP086,,IPS
720575941632362220,False,,ATL029,,CRE
720575941455775469,False,single_leg_neuromere,IN08A008,,T2_MESONM
720575941502142187,False,,WED002e,,IPS
720575941457970928,False,,CB0978,,IPS
720575941580392181,False,bristle_neuron,BM_Ant,left_antennal_nerve,GNG
720575941569677050,False,,AMMC028,,AMMC
720575941569349370,False,ascending_neuron,AN06B007,,T1_PRONM
720575941622236924,False,,IN00A067,,T3_METANM
720575941515806467,False,,CB0903,,GNG
720575941463639821,False,ventral_nerve_cord_dorsal,IN00A063,,T2_MESONM
720575941509547792,False,,CB0958,,AMMC
720575941653563153,False,,IN27X014,,INTTCT
720575941657954072,False,single_leg_neuromere,IN21A023,,T3_METANM
720575941552408347,False,,CB2404,,AVLP
720575941539923741,False,ascending_neuron,AN07B072,,NTCT
720575941641635615,True,chordotonal_organ_neuron,JO-B,left_antennal_nerve,AMMC
720575941399414563,False,leg_motor_neuron,trochanter_flexor,right_prothoracic_accessory_nerve,T1_PRONM
720575941596677927,False,,PS018b,,SPS
720575941473896234,False,,CB3322,,AVLP
720575941559420717,False,,CB3740,,IPS
720575941353080624,False,descending_neuron,DNfl042,,GNG
720575941554898742,True,chordotonal_organ_neuron,JO-B,right_antennal_nerve,AMMC
720575941591435063,False,,,,ME
720575941628266297,False,,WED100,,IPS
720575941551589181,False,descending_neuron,DNp11,,LO
720575941547231037,False,,IN21A026,,T2_MESONM
720575941550999357,False,descending_neuron,DNut040,,SPS
720575941550933821,False,descending_neuron,DNg89,,GNG
720575941485037378,False,single_leg_neuromere,IN12B073,,T1_PRONM
720575941514364739,False,,WED013,,IPS
720575941453743943,False,,CB2545,,AVLP
720575941496047433,False,,IN08B078,,INTTCT
720575941522130763,False,abdomen_motor_neuron,EFFabg14,abdominal_nerve_trunk,ABDNM
720575941514757964,False,,AVLP501,,AVLP
720575941526849357,False,descending_neuron,DNg107,,GNG
720575941644093266,False,single_leg_neuromere,IN13B058,,T3_METANM
720575941427890004,False,,AVLP394,,AVLP
720575941451220829,False,,CB2049,,AVLP
720575941585766239,False,,CB3902,,GNG
720575941585864543,False,,PS061,,IPS
720575941472847712,False,,IN06B025,,INTTCT
720575941514790755,False,,CB2415,,IPS
720575941610309478,False,,PS083a,,SPS
720575941597595505,False,,,,LO
720575941570496370,False,lobula_intrinsic,Li15,,LO
720575941580752761,False,ventral_nerve_cord_centripetal,IN23B067,,T3_METANM
720575941662541692,False,ventral_nerve_cord_centripetal,IN23B046,,T1_PRONM
720575941530158980,False,ascending_neuron,AN23B002,,AMNP
720575941529274244,False,,CB2287,,AVLP
720575941597333381,False,,AVLP347,,AVLP
720575941545396104,False,,IN13B043,,T3_METANM
720575941548246920,False,ascending_neuron,AN27X015,,INTTCT
720575941502273419,False,descending_neuron,DNxl105,,SPS
720575941486413709,False,descending_neuron,DNg40,,AVLP
720575941432739726,False,,IN16B125,,T2_MESONM
720575941411669908,False,single_leg_neuromere,IN09A076,,INTTCT
720575941539006357,False,single_leg_neuromere,IN13A045,,T2_MESONM
720575941692491672,False,,CB0089,,AVLP
720575941551589274,False,,IN16B068,,WTCT
720575941554800548,False,single_leg_neuromere,IN16B045,,T1_PRONM
720575941446764458,False,distal_medulla,Dm13,,ME
720575941611390893,False,,CB3416,,AVLP
720575941405771694,False,,IN10B052,,LTCT
720575941670799281,False,,CB2458,,AVLP
720575941532354482,False,single_leg_neuromere,IN09A021,,T2_MESONM
720575941450631093,False,,ATL011,,ATL
720575941530093496,False,descending_neuron,DNxn119,,SPS
720575941634721723,True,chordotonal_organ_neuron,JO-A,right_antennal_nerve,AMMC
720575941440276415,False,single_leg_neuromere,IN01A056,,T2_MESONM
720575941642487752,False,single_leg_neuromere,IN16B041,,T3_METANM
720575941645207496,False,single_leg_neuromere,IN23B037,,T2_MESONM
720575941512234962,False,,CB2432,,AVLP
720575941462656979,False,ventral_nerve_cord_serially_convergent,IN23B001,,T1_PRONM
720575941459347411,False,wing_motor_neuron,iii4,left_mesothoracic_accessory_nerve,WTCT
720575941460232147,False,,IN08A029,,T2_MESONM
720575941429462999,False,,IN20A.22A054,,T3_METANM
720575941430347735,False,,AVLP543,,AVLP
720575941614634972,False,,CB2449,,AVLP
720575941614929884,False,bristle_neuron,SNta10,right_posterior_dorsal_mesothoracic_nerve,AMNP
720575941611096028,False,eye_motor_neuron,CB0901,left_antennal_nerve,IPS
720575941556144100,False,leg_motor_neuron,sternal_posterior_rotator,left_mesothoracic_leg_nerve,T2_MESONM
720575941553457124,False,,IN00A052,,LTCT
720575941612767206,False,,CB2528,,WED
720575941612636137,False,,INXXX238,,AMNP
720575941532387306,False,,IN21A055,,T3_METANM
720575941631150060,True,chordotonal_organ_neuron,JO-A,left_antennal_nerve,AMMC
720575941629413356,False,,IN07B081,,WTCT
720575941649795057,False,single_leg_neuromere,IN19A016,,T2_MESONM
720575941569415162,False,,PS047a,,IPS
720575941574428667,False,,CB1038,,AMMC
720575941575903227,False,lobula_columnar,LC31c,,LO
720575941485398013,False,proximal_medulla,Pm10,,ME
720575941483923453,False,,CB3238,,GNG
720575941488248838,False,,,,ME
720575941486118918,False,lobula_plate_intrinsic,LPi06,,LOP
720575941574723593,False,ventral_nerve_cord_serially_convergent,IN07B007,,T2_MESONM
720575941535926282,False,single_leg_neuromere,IN21A006,,T2_MESONM
720575941471668235,False,,CB1314,,WED
720575941653727253,False,,,,ME
720575941593008168,False,,CB2350,,AVLP
720575941600774185,False,,CL142,,PLP
720575941734041643,False,,PS249,,SPS
720575941440374828,False,proximal_medulla,Pm09,,ME
720575941439162412,False,bristle_neuron,BM_Ant,right_antennal_nerve,GNG
720575941565384750,False,,IN12B053,,T2_MESONM
720575941350393904,False,,IN06B047,,INTTCT
720575941628102713,False,,CB1762,,AVLP
720575941724768314,True,chordotonal_organ_neuron,JO-B,right_antennal_nerve,AMMC
720575941474388027,False,,CB1779,,GNG
720575941515774019,False,,CB0255,,AVLP
720575941504436293,False,,IN01A050,,INTTCT
720575941461477446,True,chordotonal_organ_neuron,JO-B,left_antennal_nerve,AMMC
720575941497358409,False,,AVLP006a,,AVLP
720575941496309833,False,,IN13A062,,T2_MESONM
720575941511186508,False,single_leg_neuromere,IN19B003,,T1_PRONM
720575941525899341,False,,INXXX270,,T3_METANM
720575941447813198,False,,IN03A046,,T1_PRONM
720575941527406669,False,distal_medulla,Dm13,,ME
720575941452073038,False,medulla_intrinsic,Mi1,,ME
720575941642029138,False,,CB3491,,WED
720575941439195221,False,,IN09A063,,T2_MESONM
720575941467998294,False,,AVLP270,,AVLP
720575941503748183,False,,CB1125,right_antennal_nerve,AMMC
720575941577672793,True,chordotonal_organ_neuron,JO-B,right_antennal_nerve,NO_CONS
720575941543200860,True,chordotonal_organ_neuron,JO-B,right_antennal_nerve,AMMC
720575941542676572,False,descending_neuron,DNg85,,GNG
720575941585668191,False,central_complex_input_neuron,ExR3,,LAL
720575941566269543,False,ventral_nerve_cord_serially_convergent,IN12B005,,T1_PRONM
720575941547493481,False,,SAD045,,VES
720575941593794667,False,,CB0580,,GNG
720575941559388275,False,,IN07B068,,HTCT
720575941470914679,False,,CB1744,,AVLP
720575941662017660,False,,IN20A.22A015,,T1_PRONM
720575941541333117,False,ascending_neuron,AN27X016,,INTTCT
720575941509908609,False,ventral_nerve_cord_centripetal,IN23B009,,T3_METANM
720575941477927042,False,,IN03B005,,WTCT
720575941530880131,False,,IN03A053,,T3_METANM
720575941626267786,False,single_leg_neuromere,IN19B003,,T2_MESONM
720575941415372945,False,,AVLP451a,,AVLP
720575941566793879,False,descending_neuron,DNp55,,AVLP
720575941597268124,False,single_leg_neuromere,IN20A.22A061,,T2_MESONM
720575941574822045,False,,CB1078,,AMMC
720575941456201887,False,wing_motor_neuron,hg1,left_anterior_dorsal_mesothoracic_nerve,HTCT
720575941459118239,False,,CB1302,,AVLP
720575941558306980,False,,ATL001,,ATL
720575941554833572,False,abdomen_motor_neuron,MNad16,abdominal_nerve_trunk,ABDNM
720575941446240426,False,,PVLP135,,AVLP
720575941531076792,False,,AVLP435a,,AVLP
720575941604804793,True,chordotonal_organ_neuron,JO-A,right_antennal_nerve,SAD
720575941604870329,False,single_leg_neuromere,IN19A002,,T3_METANM
720575941601298617,False,,IN08B091,,HTCT
720575941530093752,False,ascending_neuron,AN09B023,,GNG
720575941681678525,False,descending_neuron,DNge093,,GNG
720575941441226943,False,descending_neuron,DNp53,,SPS
720575941600413888,False,single_leg_neuromere,IN21A028,,T1_PRONM
720575941440309439,False,,WED163c,,IPS
720575941646256328,False,,CB0495,,LAL
720575941488838864,False,,PLP243,,AVLP
720575941512759505,False,,IN01B067,,T2_MESONM
720575941518133464,False,leg_motor_neuron,sternal_posterior_rotator,left_prothoracic_accessory_nerve,T1_PRONM
720575941654939865,False,,IN05B019,,ABDNM
720575941656447193,False,medulla_medulla,MeMe_e07,,ME
720575941690722523,True,chordotonal_organ_neuron,JO-A,left_antennal_nerve,AMMC
720575941583636702,False,,IN06B063,,AMNP
720575941630003426,False,,IN03A016,,T2_MESONM
720575941554866404,False,translobula_plate,Tlp14,,LOP
720575941534746856,False,,IN13A051,,T1_PRONM
720575941610408169,False,,IN20A.22A054,,T3_METANM
720575941538515176,False,,PLP017,,PLP
720575941503617259,False,,PVLP074,,AVLP
720575941688133871,False,descending_neuron,DNge046,,GNG
720575941570988276,False,,CB1754,,WED
720575941602969846,False,,IN19B012,,T3_METANM
720575941432150264,False,,SAD007,,IPS
720575941517773049,False,transmedullary,Tm35,,LO
720575941481072893,False,single_leg_neuromere,IN13B078,,T3_METANM
720575941472160011,False,descending_neuron,DNp73,,AMMC
720575941559093519,True,chordotonal_organ_neuron,JO-B,right_antennal_nerve,NO_CONS
720575941509679376,False,,AVLP486,,AVLP
720575941615618323,False,,IN00A018,,T2_MESONM
720575941649336597,False,,CB1898,,GNG
720575941659887896,True,chordotonal_organ_neuron,JO-B,right_antennal_nerve,AMMC
720575941541726493,False,descending_neuron,DNge091,,AMMC
720575941476321566,False,,CB0076,,GNG
720575941639506207,False,leg_motor_neuron,tergotrochanter,left_ventral_prothoracic_nerve,T1_PRONM
720575941550344481,False,,LAL159,,LAL
720575941402069283,False,,ATL003,,ATL
720575941629872422,False,descending_neuron,DNut037,,SPS
720575941593041192,False,ascending_neuron,AN09B015,,T2_MESONM
720575941593991464,False,,,,AVLP
720575941558733101,False,,IN02A033,,INTTCT
720575941568399662,False,,CB3567,,AVLP
720575941353376048,False,ventral_nerve_cord_serially_convergent,IN06B014,,HTCT
720575941352917296,False,single_leg_neuromere,IN14A015,,T1_PRONM
720575941662050616,False,,CB2034,,AMMC
720575941628627257,False,,CB1231,,GNG
720575941724178746,False,,CB0341,,GNG
720575941476256059,False,,CB2034,,AMMC
720575941476190523,False,,AVLP477,,AVLP
720575941507254588,False,,CB3324,,AVLP
720575941474945345,False,,IN06B081,,NTCT
720575941524982091,False,lobula_tangential,LT51,,LO
720575941658446160,False,,CB2202,,AVLP
720575941501552983,False,descending_neuron,DNg02,,SPS
720575941534943576,False,,LAL203,,LAL
720575941541431644,False,ascending_neuron,AN19B015,,T1_PRONM
720575941508434270,False,,PS116,,IPS
720575941582981471,False,single_leg_neuromere,IN17A028,,T1_PRONM
720575941516986723,False,,PS184,,SPS
720575941564402023,False,descending_neuron,DNg09,,WED
720575941404166512,False,,CB1853,,IB
720575941558110579,False,,CB1125,,AMMC
720575941549394292,False,single_leg_neuromere,IN21A003,,T1_PRONM
720575941690394998,False,lobula_tangential,LT51,,LO
720575941449255290,False,,IN06A065,,INTTCT
720575941499849083,False,,IN03B042,,T1_PRONM
720575941663492476,False,single_leg_neuromere,IN01A012,,T3_METANM
720575941583112582,False,single_leg_neuromere,IN09A018,,T2_MVAC
720575941548935560,False,,CB3404,,AVLP
720575941500963211,False,,IN17B006,,T3_METANM
720575941591828876,False,,CB3184,,AVLP
720575941413603729,False,,CB2253,,AVLP
720575941415766420,False,,AVLP053,,AVLP
720575941414947220,False,descending_neuron,DNxn187,,AVLP
720575941456103839,False,,IN07B080,,INTTCT
720575941560633768,False,,IN14A061,,T2_MESONM
720575941517281708,False,ascending_neuron,AN04B023,,T2_MESONM
720575941408590254,False,,ATL032,,ATL
720575941431789999,False,single_leg_neuromere,IN20A.22A006,,T2_MESONM
720575941430151599,False,single_leg_neuromere,IN13A008,,T3_METANM
720575941409999278,False,,,,ME
720575941534222770,False,descending_neuron,DNp15,,IPS
720575941548640692,False,distal_medulla,Dm13,,ME
720575941531765176,False,proximal_medulla,Pm04,,ME
720575941681023421,False,ascending_neuron,AN14A003,,T3_METANM
720575941680040381,False,,IN20A.22A078,,T2_MESONM
720575941441391039,False,,CB2282,,GNG
720575941503420866,False,single_leg_neuromere,IN21A006,,T2_MESONM
720575941644192200,False,leg_motor_neuron,trochanter_flexor,left_mesothoracic_leg_nerve,T2_MESONM
720575941488675276,False,,IN07B086,,HTCT
720575941513841105,False,,CB1565,,AVLP
720575941514922449,False,,,,T1_PRONM
720575941462591955,False,,,,ME
720575941515315665,False,medulla_tangential,MTe43,,ME
720575941432510935,False,,CB1205,,AVLP
720575941655202265,False,ascending_neuron,AN03B009,,T2_MESONM
720575941655235033,False,,CB3870,,AMMC
720575941436770783,False,,IN13A017,,T2_MESONM
720575941536614890,False,lobula_columnar,LC11,,LO
720575941688592879,False,ascending_neuron,ANXXX157,,T2_MVAC
720575941571021306,False,descending_neuron,DNg51,,GNG
720575941575182843,False,single_leg_neuromere,IN19A013,,T2_MESONM
720575941617748476,False,single_leg_neuromere,IN19A004,,T1_PRONM
720575941555194369,False,,IN10B003,,T2_MESONM
720575941535140362,False,descending_neuron,DNg15,,GNG
720575941438016018,False,,CB2050,,IPS
720575941439654418,False,,CB1883,,AVLP
720575941447879188,False,,IN09B044,,T2_MESONM
720575941438442002,False,single_leg_neuromere,IN01B006,,T2_MESONM
720575941524294169,False,,IN11A031,,HTCT
720575941542119965,False,,CB2824,,AMMC
720575941477894686,False,ascending_neuron,AN12B001,,T2_MESONM
720575941590551080,False,,SAD077,,AMMC
720575941602413097,False,descending_neuron,DNut051,,PLP
720575941558635053,False,,IN06B061,,WTCT
720575941568170542,False,single_leg_neuromere,IN14A004,,T3_METANM
720575941409049135,False,,CB3184,,AVLP
720575941455972915,False,,PPM1203,,AVLP
720575941491329589,False,,CB0214,,IPS
720575941590583863,False,,PS096,,GNG
720575941661428280,False,ascending_neuron,AN02A046,,INTTCT
720575941629119033,True,chordotonal_organ_neuron,JO-B,left_antennal_nerve,NO_CONS
720575941625907769,False,,IN06B059,,INTTCT
720575941722212922,False,,IN13A067,,T3_METANM
720575941549951549,False,single_leg_neuromere,IN13A010,,T1_PRONM
720575941553883710,False,serpentine_medulla,Sm16,,ME
720575941515381315,False,,PLP177,,PLP
720575941508663877,False,,IN23B036,,T3_METANM
720575941454268999,False,,,,ME
720575941573347912,False,single_leg_neuromere,IN13A015,,T1_PRONM
720575941608442442,False,single_leg_neuromere,IN09A054,,INTTCT
720575941521508939,False,,IN03B069,,HTCT
720575941610015306,False,,IN16B058,,T1_PRONM
720575941512661580,False,ascending_neuron,AN06A095,,INTTCT
720575941464164950,False,single_leg_neuromere,IN13B056,,T3_METANM
720575941465737814,False,descending_neuron,DNg12,,GNG
720575941585144415,False,ascending_neuron,ANXXX072,,T1_PRONM
720575941514758755,False,,IN04B093,,T1_PRONM
720575941547133545,True,chordotonal_organ_neuron,JO-B,right_antennal_nerve,AMMC
720575941559388787,False,ventral_nerve_cord_centripetal,IN23B023,,T2_MESONM
720575941636491893,False,single_leg_neuromere,IN13B035,,T2_MESONM
720575941690133110,False,,,,AVLP
720575941582686841,False,,AVLP194,,AVLP
720575941497555579,False,,CB3234,,AVLP
720575941664606844,False,,CB1038,,AMMC
720575941663099516,False,ventral_nerve_cord_dorsal,IN07B031,,HTCT
720575941492017790,False,neck_motor_neuron,CvN1,left_cervical_nerve,GNG
720575941617289855,False,,IN02A033,,NTCT
720575941479467650,False,,IN00A049,,T2_MVAC
720575941555030663,False,,CB1231,,AMMC
720575941550836359,False,,IN09A075,,T2_MVAC
720575941626235530,False,,INXXX173,,INTTCT
720575941502274187,False,,CB0625,,LAL
720575941576952463,False,ascending_neuron,AN08B007,,AMNP
720575941561420434,False,single_leg_neuromere,IN04B092,,T2_MESONM
720575941616503449,False,single_leg_neuromere,IN08A002,,T3_METANM
720575941627218587,False,single_leg_neuromere,IN26X001,,T3_METANM
720575941571349150,False,,IN21A103,,T1_PRONM
720575941632428704,True,chordotonal_organ_neuron,JO-B,right_antennal_nerve,AMMC
720575941630724768,False,,CB0757,,LAL
720575941634788000,False,lamina_wide_field,Lawf2,,ME
720575941645240993,False,,CL200,,PLP
720575941478091427,False,single_leg_neuromere,IN13A038,,T1_PRONM
720575941480876707,False,,CB2659,,AVLP
720575941411441323,False,descending_neuron,DNxn124,,SPS
720575941548378804,False,descending_neuron,DNpe005,,PLP
720575941521345207,False,,CB1459,,AVLP
720575941521279671,False,,,,GNG
720575941483891386,False,single_leg_neuromere,IN03A013,,T2_MESONM
720575941678533309,False,single_leg_neuromere,IN19A015,,T3_METANM
720575941605165758,False,,CB0309,,SPS
720575941598907072,False,descending_neuron,DNa13,,LAL
720575941534943937,False,leg_motor_neuron,trochanter_extensor,right_mesothoracic_leg_nerve,T2_MESONM
720575941504666306,False,,PVLP104,,PLP
720575941501684418,False,abdomen_motor_neuron,EFFabg26,left_fourth_abdominal_nerve,ABDNM
720575941536254657,False,,LAL141,,LAL
720575941459151556,False,,IN13A037,,T1_PRONM
720575941461641924,False,,IN10B050,,T2_MVAC
720575941488741068,False,single_leg_neuromere,IN12B025,,T2_MESONM
720575941461969619,True,chordotonal_organ_neuron,JO-A,left_antennal_nerve,AMMC
720575941460822739,False,,AVLP420_a,,AVLP
720575941460757203,False,,CB1620,,AVLP
720575941617814229,False,,PLP013,,ICL
720575941520919256,True,chordotonal_organ_neuron,JO-B,right_antennal_nerve,AMMC
720575941530487525,False,single_leg_neuromere,IN14A076,,T2_MESONM
720575941493033703,False,,CB0228,,IPS
720575941504928491,False,,,,ME
720575941503847147,False,,CL001,,ICL
720575941684824815,False,leg_motor_neuron,sternal_posterior_rotator,left_mesothoracic_leg_nerve,T2_MESONM
720575941537008370,False,leg_motor_neuron,accessory_trochanter_flexor,left_mesothoracic_leg_nerve,T2_MESONM
720575941579868917,False,,IN03B022,,NTCT
720575941523114743,False,ascending_neuron,AN07B046,,INTTCT
720575941429988088,False,single_leg_neuromere,IN03B019,,T2_MESONM
720575941549394687,False,,IN03B069,,HTCT
720575941565975303,False,lamina_wide_field,Lawf2,,ME
720575941573479176,False,single_leg_neuromere,IN03A039,,T1_PRONM
720575941533043466,False,single_leg_neuromere,IN20A.22A030,,T2_MESONM
720575941432183566,False,,IN20A.22A015,,T1_PRONM
720575941510499088,False,single_leg_neuromere,IN14A014,,T3_METANM
720575941649828629,False,ascending_neuron,AN19B063,,HTCT
720575941527145241,False,,CB3377,,AVLP
720575941417569052,False,,,,WED
720575941542873885,False,single_leg_neuromere,IN17A028,,T2_MESONM
720575941540121373,False,,IN13A051,,T1_PRONM
720575941437524780,False,,CB2848,,IPS
720575941559978797,False,leg_motor_neuron,sternal_posterior_rotator,right_prothoracic_accessory_nerve,T1_PRONM
720575941409966895,False,,,,LO
720575941353081648,False,,CB3404,,AVLP
720575941628267321,False,ascending_neuron,AN17A003,,AMNP
720575941551229757,False,,,,LO
720575941588978500,False,ascending_neuron,AN09B001,,T2_MESONM
720575941514201932,False,ascending_neuron,AN17A018,,T2_MESONM
720575941578492761,False,ascending_neuron,AN07B051,,NTCT
720575941517118298,False,,CB1340,,PVLP
720575941509319518,False,,,,ME
720575941471079264,False,ascending_neuron,AN10B019,,T2_MESONM
720575941479762794,False,,,,T3_METANM
720575941404724080,False,ventral_nerve_cord_centrifugal,IN10B007,,T1_PRONM
720575941560503155,False,descending_neuron,DNp73,,AMMC
720575941640358773,True,chordotonal_organ_neuron,JO-B,left_antennal_nerve,AMMC
720575941451713402,False,single_leg_neuromere,IN21A003,,T1_PRONM
720575941617257343,False,single_leg_neuromere,IN20A.22A039,,T2_MESONM
720575941509942145,False,,CB0402,,GNG
720575941530815363,False,single_leg_neuromere,IN12B024,,T1_PRONM
720575941555096455,False,,CB0516,,GNG
720575941430250377,False,descending_neuron,DNg91,,IPS
720575941625121674,False,single_leg_neuromere,INXXX466,,T3_METANM
720575941411703697,False,single_leg_neuromere,IN12B073,,T1_PRONM
720575941561420690,False,,IN04B108,,T2_MESONM
720575941691706264,False,ascending_neuron,AN19B001,,LTCT
720575941614275481,False,single_leg_neuromere,IN13B090,,T2_MESONM
720575941553261466,False,,,,ME
720575941571906462,False,,CB1078,,AMMC
720575941573479326,False,ascending_neuron,AN19B039,,HTCT
720575941671619495,False,,CB0244,,VES
720575941519182764,False,,PS183,,SPS
720575941520427948,False,,AVLP001,,AVLP
720575941432642479,False,,,,ME
720575941505420226,False,,AVLP533,,AVLP
720575941495196615,False,bristle_neuron,SNta14,left_anterior_dorsal_mesothoracic_nerve,AMNP
720575941645208520,False,,CB2050,,IPS
720575941530291147,False,single_leg_neuromere,IN23B023,,T1_PRONM
720575941537631181,False,,IN16B071,,INTTCT
720575941491854286,False,,AVLP592,,AVLP
720575941440736207,False,,IN04B058,,T2_MESONM
720575941509090258,False,ventral_nerve_cord_centripetal,IN23B081,,T3_METANM
720575941595827158,False,descending_neuron,DNg75,,GNG
720575941654907865,True,chordotonal_organ_neuron,JO-B,right_antennal_nerve,NO_CONS
720575941653990361,False,,IN02A036,,INTTCT
720575941690788827,False,descending_neuron,DNxl091,,GNG
720575941531470821,False,leg_motor_neuron,accessory_trochanter_flexor,right_metathoracic_leg_nerve,T3_METANM
720575941535370218,False,,CB3708,,AVLP
720575941503454187,False,single_leg_neuromere,IN20A.22A016,,T1_PRONM
720575941456825325,False,,CB1268,,IPS
720575941558995950,False,leg_motor_neuron,accessory_tibia_flexor,left_mesothoracic_leg_nerve,T2_MESONM
720575941458594800,False,,,,ME
720575941652614129,False,descending_neuron,DNae002,,SPS
720575941538286578,False,,CB3099,,AVLP
720575941668473843,False,,CB1678,,AVLP
720575941579082741,False,,CB0862,,GNG
720575941524360183,False,,CB0540,,WED
720575941564369920,False,,LAL040,,LAL
720575941564500992,False,,CL108,,ICL
720575941546445829,False,,CB1231,,GNG
720575941486808070,False,,PVLP069,,PVLP
720575941574265864,True,chordotonal_organ_neuron,JO-B,right_antennal_nerve,NO_CONS
720575941574724617,False,single_leg_neuromere,IN00A009,,T2_MESONM
720575941468720139,False,ventral_nerve_cord_dorsal,IN11A011,,LTCT
720575941432314894,False,,CB1958,,SPS
720575941511678992,False,,,,T2_MESONM
720575941659692056,False,,,,AVLP
720575941527145497,False,,CB2228,,WED
720575941435460640,False,,VES046,,VES
720575941435264032,False,,CB3483,,AVLP
720575941402823715,False,single_leg_neuromere,IN09A016,,T2_MVAC
720575941590551592,False,descending_neuron,DNg107,,GNG
720575941408820271,False,ascending_neuron,AN09B004,,T2_MESONM
720575941350427696,False,,IN10B052,,T3_METANM
720575941503519794,False,single_leg_neuromere,IN21A013,,T2_MESONM
720575941490052149,False,,CB2352,,SPS
720575941474323515,False,,IN12A004,,T2_MESONM
720575941507222588,False,,CB3425,,AVLP
720575941548936253,False,single_leg_neuromere,IN20A.22A001,,T2_MESONM
720575941552245822,False,single_leg_neuromere,IN17A001,,T3_METANM
720575941547199549,False,single_leg_neuromere,IN13B035,,T2_MESONM
720575941476518977,False,single_leg_neuromere,IN17A061,,T2_MESONM
720575941522394187,False,lobula_lobula_plate_tangential,LLPt,,LO
720575941512498252,False,ascending_neuron,AN08B102,,INTTCT
720575941448207438,False,,CB2380,,AMMC
720575941447846990,False,leg_motor_neuron,accessory_tibia_flexor,right_prothoracic_leg_nerve,T1_PRONM
720575941466164310,False,,CB0679,,IPS
720575941517118554,True,chordotonal_organ_neuron,JO-B,left_antennal_nerve,AMMC
720575941475404896,False,,IN00A028,,T2_MVAC
720575941432151137,False,,WED018,,IPS
720575941516692579,False,,AVLP299_b,,AVLP
720575941526752356,False,single_leg_neuromere,IN01A025,,T1_PRONM
720575941565484135,False,,IN03A080,,T1_PRONM
720575941575937128,False,,CB2449,,AVLP
720575941545233513,False,,CB2545,,AVLP
720575941479763050,False,ascending_neuron,AN09B019,,T1_PRONM
720575941544250473,False,,IN19A062,,T2_MESONM
720575941627120748,False,,CB0345,,WED
720575941517315182,False,,CB4240,,AMMC
720575941520395374,False,,ATL002,,ATL
720575941559684211,False,,PVLP111,,PVLP
720575941550148724,False,descending_neuron,DNg31,,GNG
720575941685972086,False,single_leg_neuromere,IN21A087,,T3_METANM
720575941500046459,False,,CB0040,,GNG
720575941664345212,False,,PVLP013,,PVLP
720575941660806268,False,single_leg_neuromere,IN20A.22A036,,T2_MESONM
720575941498932347,False,,IN04B027,,T2_MESONM
720575941496638592,False,single_leg_neuromere,IN06B029,,T1_PRONM
720575941428939913,False,distal_medulla,Dm13,,ME
720575941459610768,False,ventral_nerve_cord_dorsal,IN05B072,,LTCT
720575941539040405,False,single_leg_neuromere,IN02A015,,T3_METANM
720575941390634134,False,,IN20A.22A009,,T2_MESONM
720575941634002080,True,chordotonal_organ_neuron,JO-B,left_antennal_nerve,AMMC
720575941642488993,False,single_leg_neuromere,IN03B019,,T2_MESONM
720575941631020192,False,descending_neuron,DNnt010,,GNG
720575941480778915,False,single_leg_neuromere,IN14A076,,T1_PRONM
720575941505223845,False,single_leg_neuromere,IN13A014,,T3_METANM
720575941670997159,True,chordotonal_organ_neuron,JO-B,right_antennal_nerve,AMMC
720575941668670631,False,single_leg_neuromere,IN19A015,,T1_PRONM
720575941562404008,False,descending_neuron,DNge088,,IPS
720575941519772844,False,single_leg_neuromere,IN13A003,,T3_METANM
720575941518724268,False,,WED031,,IPS
720575941519117491,False,single_leg_neuromere,IN21A087,,T1_PRONM
720575941546970292,False,descending_neuron,DNp16,,IPS
720575941545987252,False,,CB2710,,IPS
720575941449780405,False,proboscis_motor_neuron,MN1,left_maxillary-labial_nerve,GNG
720575941602315454,False,,IN11B017,,HTCT
720575941599366336,False,,,,ME
720575941534223553,False,proximal_distal_medulla_tangential,PDt,,ME
720575941506075842,False,,AVLP076,,AVLP
720575941460102340,False,ascending_neuron,AN08B018,,T2_MESONM
720575941458758852,False,ventral_nerve_cord_centripetal,IN10B033,,T2_MVAC
720575941493492935,False,,IN03A057,,T2_MESONM
720575941645601992,False,,CB1995,,AVLP
720575941532749003,True,chordotonal_organ_neuron,JO-A,left_antennal_nerve,AMMC
720575941486873808,False,,IN13A050,,T3_METANM
720575941511417041,False,,IN13A050,,T3_METANM
720575941514005713,False,,,,PLP
720575941468687581,False,leg_motor_neuron,tibia_extensor,left_mesothoracic_leg_nerve,T2_MESONM
720575941586586846,False,,CB0030,,GNG
720575941632855266,False,lobula_lobula_plate_tangential,LLPt,,LO
720575941557193956,False,,CB2202,,AVLP
720575941612670182,True,chordotonal_organ_neuron,JO-B,right_antennal_nerve,AMMC
720575941611719910,False,,CB3503,,AVLP
720575941502635243,False,ventral_nerve_cord_serially_convergent,IN07B009,,T3_METANM
720575941631642860,False,descending_neuron,DNut037,,SPS
720575941630627052,False,medulla_intrinsic,Mi1,,ME
720575941653499121,False,,CB1425,,AMMC
720575941567089908,False,ascending_neuron,AN03A002,,NTCT
720575941521706231,False,,CB3905,,GNG
720575941523082487,False,abdomen_motor_neuron,EFFabg19,abdominal_nerve_trunk,ABDNM
720575941568302330,False,,IN21A102,,T3_METANM
720575941574593787,False,,PLP159,,PLP
720575941588061438,False,,IN06A090,,NTCT
720575941549329663,False,,IN06A116,,INTTCT
720575941551983871,False,,IN01A016,,T3_METANM
720575941513121027,False,single_leg_neuromere,IN12B030,,T2_MESONM
720575941544676613,False,,AVLP402,,AVLP
720575941566532871,False,,IN03A016,,T2_MESONM
720575941572103433,False,single_leg_neuromere,IN13B087,,T2_MESONM
720575941652647185,False,,IN03B008,,WTCT
720575941653794065,False,,CB1565,,AVLP
720575941651827989,False,ascending_neuron,AN10B022,,T2_MESONM
720575941469310230,False,,AVLP258,,AVLP
720575941553294619,False,,PS048a,,IPS
720575941542907165,False,,IN21A029,,LTCT
720575941478452510,False,,CB2001,,AVLP
720575941478583582,False,single_leg_neuromere,IN01B021,,T2_MESONM
720575941436083488,True,chordotonal_organ_neuron,JO-A,left_antennal_nerve,SAD
720575941434871072,False,,IN20A.22A054,,T3_METANM
720575941478288670,False,,,,LOP
720575941641866527,False,medulla_intrinsic,Mi1,,ME
720575941403348259,False,lobula_columnar,LC11,,LO
720575941732764971,False,ascending_neuron,AN09B004,,T2_MESONM
720575941437721900,False,,CB3983,,AVLP
720575941476977969,False,ascending_neuron,AN07B011,,T2_MESONM
720575941505551666,False,,PLP022,,PLP
720575941477338420,False,single_leg_neuromere,IN21A047,,T3_METANM
720575941589863735,False,,IN17A030,,INTTCT
720575941723589946,False,single_leg_neuromere,IN01A036,,T1_PRONM
720575941722049850,False,,IN21A072,,T3_METANM
720575941547330877,False,single_leg_neuromere,IN21A018,,T1_PRONM
720575941553589566,False,,CB3411,,AVLP
720575941507484997,False,,VES053,,VES
720575941527014733,False,,CB2162,,AMMC
720575941450861902,False,ascending_neuron,AN08B028,,T2_MESONM
720575941481041231,False,,IN12A051,,INTTCT
720575941644258642,False,,CB0539,,GNG
720575941500964183,False,single_leg_neuromere,IN09A017,,T2_MVAC
720575941504994647,False,,CB2001,,AVLP
720575941564304738,True,chordotonal_organ_neuron,JO-B,right_antennal_nerve,AMMC
720575941566729570,False,lobula_tangential,LTe43,,PLP
720575941516037475,False,single_leg_neuromere,IN16B018,,T1_PRONM
720575941524458852,False,,PS082,,SPS
720575941609459046,False,single_leg_neuromere,IN03A007,,T2_MESONM
720575941526261092,False,single_leg_neuromere,IN20A.22A011,,T1_PRONM
720575941547560297,True,chordotonal_organ_neuron,JO-B,left_antennal_nerve,AMMC
720575941404036464,True,chordotonal_organ_neuron,JO-B,right_antennal_nerve,AMMC
720575941559324019,False,single_leg_neuromere,IN03A062,,T1_PRONM
720575941580623225,False,,IN16B051,,HTCT
720575941540482429,False,lobula_tangential,LT53,,PLP
720575941497654656,False,single_leg_neuromere,IN17A052,,T1_PRONM
720575941428940169,False,distal_medulla,Dm13,,ME
720575941486644621,False,,LAL052,,LAL
720575941434674574,False,,CB3521,,AVLP
720575941393550742,False,,CB0859,,GNG
720575941394435478,False,,SLP239,,GNG
720575941688167832,False,single_leg_neuromere,IN03A024,,T2_MESONM
720575941634166176,False,,AVLP451a,,AVLP
720575941482188195,False,,IN13A058,,T1_PRONM
720575941558898084,True,chordotonal_organ_neuron,JO-B,right_antennal_nerve,AMMC
720575941503389093,False,,IN13A050,,T1_PRONM
720575941444930986,False,ventral_nerve_cord_centripetal,IN23B009,,T2_MESONM
720575941533994418,False,single_leg_neuromere,IN21A015,,T1_PRONM
720575941603036601,False,antennal_lobe_projection_neuron,M_l2PN3t18,,AL
720575941537795521,False,optic_anterior,OA-AL2b2,,IPS
720575941506076098,False,,AVLP018,,AVLP
720575941483728326,False,leg_motor_neuron,femur_reductor,left_mesothoracic_leg_nerve,T2_MESONM
720575941540318669,False,,AOTU032,,IPS
720575941518069208,False,,IN20A.22A076,,T1_PRONM
720575941520657880,False,,IN01B001,,T2_MESONM
720575941440736735,False,,,,LO
720575941478288864,False,,IN04B081,,T2_MESONM
720575941493362151,False,,CB1779,,GNG
720575941503520235,False,single_leg_neuromere,IN14B005,,T1_PRONM
720575941561355758,False,single_leg_neuromere,IN13B005,,T3_METANM
720575941569023476,False,,WED014,,AVLP
720575941581278709,False,,AN05B053,,ABDNM
720575941574462971,False,,LAL119,,GNG
720575941483302397,False,,IN03A053,,T3_METANM
720575941552246271,False,lateral_horn_output_neuron,LHPV5l1,,PLP
720575941557161473,False,,PS181,,ICL
720575941526654466,False,,IN03A022,,T1_PRONM
720575941525868034,False,,CB1265,,IPS
720575941571612168,False,,IN08B092,,T3_METANM
720575941468982795,False,descending_neuron,DNg106,,AMMC
720575941473177099,False,descending_neuron,DNxl014,,GNG
720575941688725004,False,,IB026,,IB
720575941509418512,False,ventral_nerve_cord_centripetal,IN23B067,,T3_METANM
720575941611818515,False,single_leg_neuromere,IN03A081,,T2_MESONM
720575941653728789,False,,,,ME
720575941537533466,False,,CB2108,,AVLP
720575941477535262,False,lobula_columnar,LC11,,LO
720575941509418530,False,lobula_intrinsic,Li21,,LO
720575941627612710,False,,IN20A.22A044,,T3_METANM
720575941594517032,False,descending_neuron,DNxn124,,SPS
720575941558406701,False,single_leg_neuromere,IN12B024,,T1_PRONM
720575941568499246,False,,CB3877,,AMMC
720575941408493103,False,single_leg_neuromere,IN01A025,,T2_MESONM
720575941439393343,False,single_leg_neuromere,IN16B029,,T3_METANM
720575941436870207,False,,PPM1204,,IPS
720575941486612034,False,descending_neuron,DNa03,,LAL
720575941487529538,False,,CB3734,,PLP
720575941458792006,False,single_leg_neuromere,IN09A047,,T3_METANM
720575941575052872,False,centrifugal_medulla_lobula_lobula_plate,cMLLP01,,IPS
720575941497917001,False,single_leg_neuromere,IN13A005,,T1_PRONM
720575941608410698,False,,IN06A075,,NTCT
720575941612408394,False,single_leg_neuromere,IN04B100,,T3_METANM
720575941524065869,False,,IN00A035,,LTCT
720575941659692624,True,chordotonal_organ_neuron,JO-B,left_antennal_nerve,AMMC
720575941656251984,False,single_leg_neuromere,IN12B034,,T2_MESONM
720575941659987536,False,medulla_medulla,MeMe_e02,,ME
720575941642161746,False,single_leg_neuromere,IN01B006,,T1_PRONM
720575941437525589,False,,IN06B077,,INTTCT
720575941535043160,False,,PVLP069,,AVLP
720575941542514268,False,descending_neuron,DNg43,,GNG
720575941474160224,False,,AVLP342,,AVLP
720575941566500455,False,ascending_neuron,AN18B020,,INTTCT
720575941478387306,False,ascending_neuron,AN04B023,,T1_PRONM
720575941664444028,False,,,,IPS
720575941540253309,False,sequential_leg_neuromeres,IN03A001,,T2_MESONM
720575941495950974,False,,CB1605,,AVLP
720575941480648322,False,,CB3880,,WED
720575941480550018,False,,IN06A094,,HTCT
720575941430218377,False,,CB0830,,GNG
720575941503127179,False,,CB3400,,WED
720575941518102163,False,,CB3531,,AVLP
720575941414719124,False,,PLP144,,PLP
720575941536288405,False,,IN14A050,,T2_MESONM
720575941393256086,False,lamina_wide_field,Lawf2,,ME
720575941553491610,True,chordotonal_organ_neuron,JO-B,right_antennal_nerve,NO_CONS
720575941555555994,True,chordotonal_organ_neuron,JO-B,left_antennal_nerve,AL
720575941555162778,False,,CB1622,,AMMC
720575941623385755,False,,IN13A037,,T1_PRONM
720575941574626973,False,leg_motor_neuron,tibia_flexor,left_mesothoracic_leg_nerve,T2_MESONM
720575941631315616,False,descending_neuron,DNxl093,,GNG
720575941500571298,True,chordotonal_organ_neuron,JO-B,right_antennal_nerve,NO_CONS
720575941453221545,False,,CB0744,,AVLP
720575941411344043,False,ascending_neuron,AN18B032,,INTTCT
720575941520199340,False,single_leg_neuromere,INXXX998_f,,T1_PRONM
720575941612768941,True,chordotonal_organ_neuron,JO-B,right_antennal_nerve,AMMC
720575941430972079,False,,SAD003,,IPS
720575941535698610,False,,CB1818,,IPS
720575941603364537,False,single_leg_neuromere,IN19A013,,T2_MESONM
720575941632167611,False,descending_neuron,DNg73,,GNG
720575941481991875,False,,IN09A063,,T2_MESONM
720575941481664195,False,lamina_wide_field,Lawf2,,ME
720575941644226248,False,single_leg_neuromere,IN08A007,,T1_PRONM
720575941642522312,False,,IN13A057,,T2_MESONM
720575941489135308,False,,CB2263,,SPS
720575941442637519,False,single_leg_neuromere,IN13B005,,T2_MESONM
720575941488840400,False,,CB0392,,GNG
720575941442375375,False,lobula_columnar,LC11,,LO
720575941461249747,False,single_leg_neuromere,IN19A007,,T1_PRONM
720575941652254425,False,,IN09A020,,LTCT
720575941700554458,False,single_leg_neuromere,IN12B037,,T2_MESONM
720575941654974169,False,ascending_neuron,AN01A049,,T1_PRONM
720575941655039705,False,,CB0850,,GNG
720575941583507166,False,single_leg_neuromere,INXXX468,,T2_MESONM
720575941438574303,False,ventral_nerve_cord_serially_convergent,IN07B002,,T1_PRONM
720575941480189664,False,,CB3114,,WED
720575941499916001,False,,CB1029,,IPS
720575941629775586,False,single_leg_neuromere,IN14A037,,T2_MESONM
720575941535108835,False,single_leg_neuromere,IN14A015,,T2_MESONM
720575941493165799,False,,IN09A044,,T2_MESONM
720575941536386792,False,,CB1407,,WED
720575941535862506,False,descending_neuron,DNa01,,VES
720575941503422187,False,leg_motor_neuron,sternal_adductor,right_first_abdominal_nerve,T3_METANM
720575941685743343,False,,CB1270,,IPS
720575941458333424,False,wedge_projection_neuron,WEDPN6A,,PLP
720575941652582129,False,,CB1268,,IPS
720575941570006772,True,chordotonal_organ_neuron,JO-A,left_antennal_nerve,NO_CONS
720575941569253108,False,,CB0681,,IPS
720575941603528438,False,lamina_wide_field,Lawf2,,ME
720575941623484156,False,,CB1948,,WED
720575941621616380,False,,IN06A076,,INTTCT
720575941485399805,False,medulla_medulla,MeMe_e02,,ME
720575941482680061,False,single_leg_neuromere,IN06B033,,INTTCT
720575941471571723,False,,AVLP261,,AVLP
720575941655105297,False,medulla_intrinsic,Mi15,,ME
720575941445324564,False,leg_motor_neuron,accessory_trochanter_flexor,right_metathoracic_leg_nerve,T3_METANM
720575941660151576,False,,IN07B016,,LTCT
720575941659954968,False,,,,LO
720575941413867292,False,single_leg_neuromere,IN12B003,,T2_MESONM
720575941551066913,False,,PLP245,,PLP
720575941509615394,False,,CB2034,,AMMC
720575941509254946,False,,CB1903,,AVLP
720575941592452901,False,,IN01A050,,INTTCT
720575941629939494,False,,PLP232,,PLP
720575941729980203,False,,IN03B086,,INTTCT
720575941440409388,False,lobula_intrinsic,Li16,,LO
720575941438672684,False,,CB0047,,GNG
720575941568499502,False,descending_neuron,DNp55,,AVLP
720575941438770988,False,,PS090b,,SPS
720575941488054069,False,,CB0958,,AMMC
720575941663887160,False,amacrine_medulla,aMe17a1,,PLP
720575941722869562,False,,IN13A022,,T2_MESONM
720575941550214973,False,,AVLP267,,AVLP
720575941438213951,False,descending_neuron,DNge118,,GNG
720575941515120451,False,,CB2376,,AVLP
720575941449617230,False,,IN06B077,,INTTCT
720575941659266896,False,,SAD084,,VES
720575941641473874,False,,IN03B069,,HTCT
720575941554868051,False,,vpoEN,,AVLP
720575941440474965,False,,CB1538,,AMMC
720575941533962072,False,single_leg_neuromere,IN20A.22A017,,T2_MESONM
720575941474160480,False,,WED033,,IPS
720575941471539040,False,,WED164a,,IPS
720575941528031076,False,ventral_nerve_cord_centripetal,IN23B007,,T2_MESONM
720575941613031270,False,,CB1029,,WED
720575941479698282,False,,AVLP149,,AVLP
720575941560438643,False,single_leg_neuromere,IN17A001,,T2_MESONM
720575941547298676,False,,IN06B076,,INTTCT
720575941639868277,False,ascending_neuron,AN12B008,,T2_MESONM
720575941594091397,False,leg_motor_neuron,trochanter_flexor,right_mesothoracic_leg_nerve,T2_MESONM
720575941586653062,False,descending_neuron,DNp37,,SIP
720575941555097479,True,chordotonal_organ_neuron,JO-A,right_antennal_nerve,AMMC
720575941414326161,False,,IN12A054,,INTTCT
720575941414555537,False,,CB3067,,AVLP
720575941565255570,False,descending_neuron,DNa10,,SPS
720575941514039187,False,,IN20A.22A058,,T2_MESONM
720575941391912854,False,,CB3425,,AVLP
720575941613096857,False,,CB1076,,AMMC
720575941555720090,False,,SAD082,,AVLP
720575941572300701,False,,WED113,,WED
720575941646454689,True,chordotonal_organ_neuron,JO-B,right_antennal_nerve,AMMC
720575941499686818,False,single_leg_neuromere,IN19A016,,T3_METANM
720575941482090403,False,,CL187,,ICL
720575941563551656,False,ascending_neuron,ANXXX109,,T1_PRONM
720575941454434217,False,,PVLP061,,AVLP
720575941492314032,False,,IN20A.22A066,,T3_METANM
720575941493231536,False,leg_motor_neuron,tibia_extensor,left_metathoracic_leg_nerve,T3_METANM
720575941534551986,False,,AVLP567,,AVLP
720575941667164081,False,,IN12A035,,INTTCT
720575941448798133,False,leg_motor_neuron,femur_reductor,right_prothoracic_leg_nerve,T1_PRONM
720575941483106243,False,ascending_neuron,AN02A002,,INTTCT
720575941644554184,False,descending_neuron,DNfl038,,GNG
720575941489332169,False,neck_motor_neuron,DProN4,right_dorsal_prothoracic_nerve,NTCT
720575941532585931,False,,,,T3_METANM
720575941509091282,False,,IN08B092,,T3_METANM
720575941654384596,False,,IN20A.22A009,,T1_PRONM
720575941703405530,False,,CB2370,,AVLP
720575941690789851,False,,IN04B072,,T1_PRONM
720575941587963870,False,,IN19B071,,HTCT
720575941536124899,False,serpentine_medulla,Sm19,,ME
720575941609426918,False,,IN13A051,,T1_PRONM
720575941538910184,False,single_leg_neuromere,IN19A016,,T2_MESONM
720575941537501160,False,,IN06A005,,INTTCT
720575941629906924,False,,IN19A136,,T1_PRONM
720575941579804661,False,,IN12A036,,INTTCT
720575941580853237,False,,CB1377,,AVLP
720575941516988409,False,,AVLP300_a,,AVLP
720575941566795770,False,single_leg_neuromere,IN20A.22A036,,T2_MESONM
720575941549133823,False,ventral_nerve_cord_dorsal,IN00A041,,INTTCT
720575941565681664,False,proximal_medulla,Pm10,,ME
720575941565583360,False,transverse_neuron,T2,,ME
720575941528293378,False,ascending_neuron,AN17B012,,AMNP
720575941564469248,False,bristle_neuron,BM_Taste,right_maxillary-labial_nerve,GNG
720575941391945732,True,chordotonal_organ_neuron,JO-B,right_antennal_nerve,AMMC
720575941546446853,True,chordotonal_organ_neuron,JO-A,left_antennal_nerve,AMMC
720575941534093322,False,distal_medulla,Dm13,,ME
720575941536026634,False,,CL066,,ICL
720575941470195723,False,descending_neuron,DNxl056,,IB
720575941463969805,False,,CB1280,,AMMC
720575941559947279,False,,IN12A036,,INTTCT
720575941507813392,False,single_leg_neuromere,IN02A015,,T3_METANM
720575941614309395,False,ascending_neuron,AN06B042,,INTTCT
720575941447520276,False,,CB3114,,WED
720575941448798228,False,,PLP059a,,AVLP
720575941614342163,False,,CB2171,,AVLP
720575941416783900,False,,AVLP510,,AVLP
720575941416652828,False,single_leg_neuromere,IN17A019,,T1_PRONM
720575941507354658,False,single_leg_neuromere,IN21A011,,T2_MESONM
720575941732798507,False,lobula_intrinsic,Li17,,LO
720575941409607727,False,,CB3741,,AMMC
720575941353771056,False,descending_neuron,DNge100,,GNG
720575941350395952,False,,IN00A022,,HTCT
720575941566402614,False,,SAD003,,AMMC
720575941628661817,True,chordotonal_organ_neuron,JO-B,left_antennal_nerve,AMMC
720575941629120569,False,,IN23B056,,T2_MESONM
720575941505814588,False,ascending_neuron,AN19B079,,HTCT
720575941468950592,False,,IN04B081,,T2_MESONM
720575941472129088,False,,CB0709,,GNG
720575941588160580,False,ascending_neuron,AN10B022,,T3_METANM
720575941508042821,False,,CB3525,,AVLP
720575941495918665,False,descending_neuron,DNg106,,GNG
720575941609132106,False,,CB1760,,WED
720575941609001034,False,,IN03B022,,NTCT
720575941481173071,False,,CB0927,,AVLP
720575941576986705,False,,IN11B022,,HTCT
720575941555523667,False,single_leg_neuromere,IN17A017,,T3_METANM
720575941515972698,False,descending_neuron,DNg99,,GNG
720575941440835675,False,,CB3805,,GNG
720575941542580316,False,ascending_neuron,AN06A026,,HTCT
720575941475405920,False,single_leg_neuromere,IN09A001,,T1_PRONM
720575941644587109,False,descending_neuron,DNxn137,,ICL
720575941546152041,True,chordotonal_organ_neuron,JO-B,right_antennal_nerve,NO_CONS
720575941607559277,False,,IN13A035,,T1_PRONM
720575941518561390,False,single_leg_neuromere,IN23B032,,T3_METANM
720575941593206897,False,,IN11A027,,LTCT
720575941597368433,False,lobula_columnar,LC31b,,LO
720575941560602739,False,,ATL044,,ATL
720575941646487672,True,chordotonal_organ_neuron,JO-A,right_antennal_nerve,NO_CONS
720575941642129528,False,neck_motor_neuron,CvN10,left_cervical_nerve,GNG
720575941541924989,True,chordotonal_organ_neuron,JO-B,right_antennal_nerve,AMMC
720575941494149248,False,single_leg_neuromere,IN14A110,,T1_PRONM
720575941480059010,False,lobula_columnar,LC43,,LH
720575941573382287,False,,PS087,,SPS
720575941514760339,False,,CB2371,,AVLP
720575941413245076,False,,WED031,,WED
720575941623353499,False,,IN00A060,,LTCT
720575941623320731,False,single_leg_neuromere,IN09A048,,T2_MESONM
720575941595926684,False,,CB1794,,IB
720575941459284127,False,,CB0927,,AVLP
720575941457973407,False,ascending_neuron,AN06B051,,INTTCT
720575941646618785,False,,,,LO
720575941458399391,False,,CB1384,,AVLP
720575941478092963,False,,IN11A031,,INTTCT
720575941556244644,False,,IN07B064,,HTCT
720575941668606119,False,,IN04B103,,T2_MESONM
720575941564633256,False,,,,T3_METANM
720575941407510702,False,,IN07B065,,LTCT
720575941490806960,False,single_leg_neuromere,IN09A048,,T2_MESONM
720575941494837424,False,,LAL074,,LAL
720575941576298678,False,,SAD045,,AVLP
720575941632561339,False,single_leg_neuromere,IN13B010,,T1_PRONM
720575941631840453,False,leg_motor_neuron,trochanter_flexor,left_metathoracic_leg_nerve,T3_METANM
720575941481566406,False,,CB1427,,AMMC
720575941532750027,False,single_leg_neuromere,IN19B038,,T1_PRONM
720575941488644300,False,leg_motor_neuron,sternotrochanter,right_metathoracic_leg_nerve,T3_METANM
720575941540614349,False,,,,ME
720575941491364046,False,,CB2067,,AMMC
720575941442932943,False,,AVLP315,,AVLP
720575941528588491,False,,IN21A069,,INTTCT
720575941487825104,False,,IN07B029,,T2_MESONM
720575941432905943,False,descending_neuron,DNg110,,GNG
720575941519249624,False,single_leg_neuromere,IN17A028,,T3_METANM
720575941654941913,False,single_leg_neuromere,IN16B042,,T3_METANM
720575941614407900,False,,oviIN,,SMP
720575941586424030,True,chordotonal_organ_neuron,JO-B,left_antennal_nerve,AMMC
720575941628629218,False,single_leg_neuromere,IN14A007,,T3_METANM
720575941491986663,False,,CB0443,,GNG
720575941612146921,False,,CB2187,,AVLP
720575941503455467,False,,IN11A015,,INTTCT
720575941502374123,False,,LAL028,,AVLP
720575941687808239,False,,AVLP299_a,,AVLP
720575941457678576,False,,IN13A034,,T2_MESONM
720575941652156657,False,descending_neuron,DNp41,,SPS
720575941523706103,False,transverse_neuron,T3,,ME
720575941570695418,False,wedge_projection_neuron,PLP073,,PLP
720575941549297919,False,,IN17A106,,WTCT
720575941556474113,False,,AVLP299_c,,AVLP
720575941566370055,False,,CB1078,right_antennal_nerve,AMMC
720575941576298761,True,chordotonal_organ_neuron,JO-B,right_antennal_nerve,AMMC
720575941471768843,False,descending_neuron,DNxn171,,IB
720575941461545229,False,lobula_columnar,LC4,,LO
720575941653827857,False,,SMP292,,LAL
720575941439721746,False,lateral_horn_local_neuron,LHPV2a1_c,,LH
720575941505945879,False,,IN23B056,,T1_PRONM
720575941527769369,False,,CB2170,,AVLP
720575941536452890,False,,CB2187,,AVLP
720575941524787481,False,,CB2067,,AMMC
720575941416653084,False,ventral_nerve_cord_centrifugal,IN12B002,,INTTCT
720575941554049307,False,,IN19B043,,WTCT
720575941436313888,False,descending_neuron,DNfl035,,GNG
720575941399253283,False,,IN03B066,,INTTCT
720575941599858985,False,,CB3129,,GNG
720575941474685226,False,,CB2473,,IPS
720575941407478063,False,ventral_nerve_cord_serially_convergent,IN12B005,,T1_PRONM
720575941477667121,False,,AOTU032,,WED
720575941504602418,False,descending_neuron,DNxn129,,SAD
720575941478945076,False,centrifugal_medulla,cM15,,IPS
720575941723066682,False,serpentine_medulla,Sm12,,ME
720575941476192571,False,,CL316,,ICL
720575941485236546,False,,CB3858,,AVLP
720575941571907912,False,,IN06B059,,AMNP
720575941498310985,False,,PVLP135,,AVLP
720575941526950221,False,,CB2574,,AVLP
720575941656252752,False,,IN11B020,,WTCT
720575941613588818,True,chordotonal_organ_neuron,JO-B,right_antennal_nerve,AMMC
720575941645111634,True,chordotonal_organ_neuron,JO-B,right_antennal_nerve,AMMC
720575941555458387,False,,IN03A085,,T1_PRONM
720575941440672085,False,ascending_neuron,AN12B004,,T3_METANM
720575941539565916,False,leg_motor_neuron,tarsus_levator,right_metathoracic_leg_nerve,T3_METANM
720575941540778332,False,lateral_horn_local_neuron,LHPV2a1_d,,LH
720575941431628129,False,,IN13A023,,T2_MESONM
720575941515579747,False,descending_neuron,DNxn170,,GNG
720575941527540068,False,,,,ME
720575941641539941,False,single_leg_neuromere,IN03A045,,T2_MESONM
720575941525868900,False,,IN03A049,,T1_PRONM
720575941604774253,False,ascending_neuron,ANXXX098,,T2_MVAC
720575941520757102,False,single_leg_neuromere,IN09A010,,T3_METANM
720575941569909106,False,descending_neuron,DNg84,,GNG
720575941495591291,False,,IN06A019,,HTCT
720575941662773628,False,lobula_columnar,LC4,,LO
720575941540581757,False,,CB1066,,AMMC
720575941664346492,False,,SAD072,left_antennal_nerve,GNG
720575941477863810,False,,IN20A.22A021,,T2_MESONM
720575941584228742,False,,SAD021_a,,WED
720575941431071113,False,ascending_neuron,AN04B001,,T2_MESONM
720575941626237322,False,single_leg_neuromere,IN03B032,,T2_MESONM
720575941486940557,True,chordotonal_organ_neuron,JO-B,right_antennal_nerve,NO_CONS
720575941414097297,False,,CB1090,,AVLP
720575941415342481,False,,AVLP169,,AVLP
720575941393715606,False,,CB2696,,ICL
720575941691347352,False,,IB117,,SPS
720575941554704794,False,,CB0442,,GNG
720575941625549211,False,leg_motor_neuron,accessory_tibia_flexor,right_metathoracic_leg_nerve,T3_METANM
720575941625942427,False,ventral_nerve_cord_dorsal,IN06A020,,HTCT
720575941626040731,False,,AVLP381,,AVLP
720575941572727198,False,,CB1842,,AVLP
720575941458104735,False,,IN08B064,,T2_MESONM
720575941505257893,False,single_leg_neuromere,IN21A087,,INTTCT
720575941518823852,False,,IN05B002,,T1_PRONM
720575941609460141,False,single_leg_neuromere,IN21A044,,T3_METANM
720575941600940473,False,ascending_neuron,AN06B023,,INTTCT
720575941483139514,False,single_leg_neuromere,INXXX464,,T2_MESONM
720575941630562757,False,,CB3491,,WED
720575941532815819,False,lobula_intrinsic,Li16,,LO
720575941492478414,False,lobula_intrinsic,Li15,,LO
720575941512827345,False,ventral_nerve_cord_centrifugal,IN11A024,,INTTCT
720575941458334163,False,,w-cHIN,,HTCT
720575941458465235,False,,IN21A055,,T3_METANM
720575941469966813,False,,CB0798,,GNG
720575941440868831,True,chordotonal_organ_neuron,JO-A,right_antennal_nerve,AMMC
720575941496443361,False,,IN21A077,,T2_MESONM
720575941503488491,False,ascending_neuron,AN19B093,,HTCT
720575941455942125,False,,CB2396,,PLP
720575941456663021,False,,IN03A034,,T1_PRONM
720575941652845041,False,ascending_neuron,ANXXX033,,HTCT
720575941536453106,False,abdomen_motor_neuron,MNad10,left_fourth_abdominal_nerve,ABDNM
720575941570793972,False,,WED163a,,IPS
720575941513220601,False,,IN06B077,,INTTCT
720575941562667520,False,,CB0265,,GNG
720575941564830208,False,,PLP057b,,PLP
720575941514695171,False,,IN04B062,,T2_MESONM
720575941533864458,False,,IN12A060,,HTCT
720575941472424459,False,antennal_lobe_projection_neuron,M_lv2PN9t49b,,AL
720575941533143562,False,,IN01A073,,T2_MESONM
720575941437592082,False,,CB1622,,AMMC
720575941614539283,False,,PLP211,,AVLP
720575941527245337,False,ascending_neuron,AN17A002,,T1_PRONM
720575941436052000,False,ascending_neuron,ANXXX086,,T1_PRONM
720575941546807841,False,,IN17A118,,AMNP
720575941507813922,False,lamina_wide_field,Lawf2,,ME
720575941403284003,False,lobula_intrinsic,Li17,,LO
720575941596090917,True,chordotonal_organ_neuron,JO-B,right_antennal_nerve,AMMC
720575941474554410,False,,CB2102,,SPS
720575941561160237,True,chordotonal_organ_neuron,JO-A,left_antennal_nerve,NO_CONS
720575941453681203,False,ascending_neuron,AN07B005,,T3_METANM
720575941490414133,False,single_leg_neuromere,IN09A003,,T2_MESONM
720575941563978294,False,,IN04B015,,T1_PRONM
720575941439427135,False,,CB2108,,AVLP
720575941589045828,True,chordotonal_organ_neuron,JO-B,right_antennal_nerve,AMMC
720575941504504389,False,single_leg_neuromere,IN14A037,,T1_PRONM
720575941657989712,False,descending_neuron,DNge003,,GNG
720575941579674193,False,,ATL044,,ATL
720575941535142488,False,lateral_horn_output_neuron,PVLP076,,AVLP
720575941534913112,False,sequential_leg_neuromeres,IN19A009,,T2_MESONM
720575941516333658,False,distal_medulla,Dm13,,ME
720575941509583454,False,medulla_tubercle,MeTu1,,ME
720575941585572447,False,,ATL038,,ATL
720575941473178208,False,,IN04B102,,T1_PRONM
720575941567844967,False,,CB1125,,AMMC
720575941625221740,False,,SAD021_c,,WED
720575941595042437,False,,WED053,,AVLP
720575941548249736,False,,CB1783,,AVLP
720575941590291084,False,single_leg_neuromere,IN16B016,,T2_MESONM
720575941432775310,False,,IN20A.22A018,,T1_PRONM
720575941390733974,False,,IN21A105,,T3_METANM
720575941392667286,False,,IN08B083,,INTTCT
720575941617029785,False,proximal_medulla,Pm09,,ME
720575941553754778,False,,CB3082,,LAL
720575941569745566,False,,IN08B082,,HTCT
720575941556245156,False,leg_motor_neuron,accessory_tibia_flexor,left_mesothoracic_leg_nerve,T2_MESONM
720575941527179942,False,,CB2566,,GNG
720575941563388584,False,,CB0261,,AMMC
720575941452239529,False,single_leg_neuromere,IN03B035,,T2_MESONM
720575941409870510,False,,IN05B028,,AMNP
720575941669982897,False,,CB1125,,AMMC
720575941535994546,False,,CB0580,,GNG
720575941448143541,False,sequential_leg_neuromeres,IN03B015,,INTTCT
720575941633610427,False,single_leg_neuromere,IN23B057,,T3_METANM
720575941548118716,False,,,,LO
720575941681975997,False,,AVLP097,,AVLP
720575941439165119,False,distal_medulla,Dm13,,ME
720575941504471746,False,single_leg_neuromere,IN13B019,,T3_METANM
720575941481960131,False,single_leg_neuromere,IN21A002,,T2_MESONM
720575941482287811,False,,PS203b,,SPS
720575941530522315,False,,CB1817b,,AMMC
720575941532259019,False,,CB3649,,SAD
720575941529735883,False,ascending_neuron,AN06B007,,T2_MESONM
720575941532783307,False,,,,LO
720575941618406101,False,medulla_intrinsic,Mi1,,ME
720575941594682070,True,chordotonal_organ_neuron,JO-A,left_antennal_nerve,AMMC
720575941655597785,False,wing_motor_neuron,b2,right_anterior_dorsal_mesothoracic_nerve,WTCT
720575941704127194,False,,CB0980,,AMMC
720575941613556444,False,,AVLP591,,AVLP
720575941469868765,False,ascending_neuron,AN10B027,,T2_MESONM
720575941586457310,False,single_leg_neuromere,IN09A006,,T2_MESONM
720575941480223456,False,single_leg_neuromere,IN19A020,,T2_MESONM
720575941480452832,False,,CB2801,,PLP
720575941538255587,False,descending_neuron,DNg110,,GNG
720575941611688681,False,ascending_neuron,AN04B023,,T2_MESONM
720575941566829306,False,single_leg_neuromere,IN21A044,,T2_MESONM
720575941562831616,False,,WED004,,IPS
720575941485859590,False,,CB1783,,AVLP
720575941565289223,False,,AVLP550a,,AVLP
720575941535240970,True,chordotonal_organ_neuron,JO-B,right_antennal_nerve,AMMC
720575941533340426,False,single_leg_neuromere,IN21A087,,T3_METANM
720575941560931087,False,ascending_neuron,AN05B006,,T2_MESONM
720575941465477910,False,,IN06B025,,INTTCT
720575941534028570,False,,CB1622,,AMMC
720575941418390300,False,optic_anterior,OA-AL2b2,,IPS
720575941543007005,False,,,,AVLP
720575941478847262,False,antenna_motor_neuron,CB0810,left_antennal_nerve,GNG
720575941474456350,False,,IN05B033,,ABDNM
720575941475832606,False,,PS083b,,SPS
720575941401776931,False,ventral_nerve_cord_dorsal,IN12A015,,INTTCT
720575941474259754,False,,IN04B081,,T2_MESONM
720575941435429676,False,neck_motor_neuron,DProN7,right_dorsal_prothoracic_nerve,NTCT
720575941475996465,False,,IN08B073,,INTTCT
720575941478388529,False,lobula_intrinsic,Li15,,LO
720575941478585137,False,lobula_tangential,LT51,,LO
720575941724607290,False,descending_neuron,DNxl080,,GNG
720575941549822781,False,wing_motor_neuron,b1,right_anterior_dorsal_mesothoracic_nerve,WTCT
720575941548970813,False,,IN00A065,,T2_MVAC
720575941470786368,False,,IN08B083,,INTTCT
720575941515580227,False,,PLP166,,PLP
720575941450765134,False,,CB0229,,GNG
720575941449454414,False,single_leg_neuromere,IN20A.22A001,,T3_METANM
720575941613589330,True,chordotonal_organ_neuron,JO-B,right_antennal_nerve,NO_CONS
720575941557326675,False,ascending_neuron,AN17B013,,AMMC
720575941505323863,False,,AVLP268,,AVLP
720575941533045592,False,single_leg_neuromere,IN04B100,,T1_PRONM
720575941539337049,False,medulla_intrinsic,Mi1,,ME
720575941442638683,True,chordotonal_organ_neuron,JO-B,right_antennal_nerve,AMMC
720575941543203676,False,chordotonal_organ_neuron,JO-E,left_antennal_nerve,GNG
720575941583410015,False,single_leg_neuromere,IN19A030,,T3_METANM
720575941516432227,False,ascending_neuron,AN03B094,,T1_PRONM
720575941643637605,False,,CB1569,,AVLP
720575941521150830,False,,,,ME
720575941412098927,False,,CB0404,,GNG
720575941405938544,False,sequential_leg_neuromeres,IN19A012,,T1_PRONM
720575941639508853,False,ascending_neuron,AN17A050,,T1_PRONM
720575941581673337,False,single_leg_neuromere,IN19A015,,T1_PRONM
720575941581804409,False,,WED070,,IPS
720575941537796989,False,ventral_nerve_cord_dorsal,IN06A003,,WTCT
720575941620241279,False,,mALD3,,GNG
720575941506864001,False,lobula_plate_lobula_columnar,LPLC1,,LO
720575941597303685,False,,CB2237,,IPS
720575941596746629,False,,CL101,,ICL
720575941503456139,False,,IN05B094,,INTTCT
720575941460235152,False,,IN19B043,,WTCT
720575941414228881,False,single_leg_neuromere,IN21A008,,T3_METANM
720575941414491028,False,descending_neuron,DNge102,,T2_MESONM
720575941413704596,False,,CB3275,,GNG
720575941390308246,False,descending_neuron,DNut054,,GNG
720575941395190678,False,,,,ME
720575941564797847,False,,CB0256,,GNG
720575941565813655,False,,CL155,,ICL
720575941415768980,False,,CB3579,,AVLP
720575941623354267,False,,IN08A023,,T2_MESONM
720575941460333471,False,centrifugal_medulla,cM01a,,SPS
720575941408691115,False,wedge_projection_neuron,LAL156b,,LAL
720575941518431159,False,single_leg_neuromere,IN19A106,,T1_PRONM
720575941547430844,False,,CB3006,,AVLP
720575941599433664,False,ventral_nerve_cord_centrifugal,IN06B008,,INTTCT
720575941599073216,False,,CB2510,,AVLP
720575941501850562,False,single_leg_neuromere,IN12B030,,T3_METANM
720575941483598787,False,,IN05B033,,ABDNM
720575941460792260,False,,CB0957,,GNG
720575941634266053,False,descending_neuron,DNxl114,,T2_MESONM
720575941645571016,False,,SAD016,,AVLP
720575941489759177,False,ascending_neuron,AN17A068,,T1_PRONM
720575941540254669,False,,IN20A.22A044,,T3_METANM
720575941512795089,False,ventral_nerve_cord_centripetal,IN10B033,,T2_MESONM
720575941461251027,False,,IN19A006,,T1_PRONM
720575941614736341,False,,IN07B055,,T2_MESONM
720575941702751194,True,chordotonal_organ_neuron,JO-B,right_antennal_nerve,AMMC
720575941691806683,False,descending_neuron,DNg32,,IPS
720575941469639645,True,chordotonal_organ_neuron,JO-B,right_antennal_nerve,SAD
720575941538878435,False,,AVLP280,,AVLP
720575941557588964,False,ascending_neuron,AN13B002,,T2_MESONM
720575941534061541,False,single_leg_neuromere,IN16B020,,T3_METANM
720575941530686437,False,medulla_intrinsic,Mi4,,ME
720575941500900331,False,ventral_nerve_cord_centripetal,IN23B041,,T2_MESONM
720575941629416428,False,single_leg_neuromere,IN13A001,,T1_PRONM
720575941631316972,False,,CB1145,,IPS
720575941560079342,False,single_leg_neuromere,IN20A.22A004,,T1_PRONM
720575941684892655,False,single_leg_neuromere,IN16B042,,T3_METANM
720575941458269168,False,,CB1433,,IPS
720575941523051511,False,,IN13A057,,T2_MESONM
720575941555393537,False,descending_neuron,DNa13,,LAL
720575941555196929,False,descending_neuron,DNfl012,,GNG
720575941515842563,False,,AVLP297,,AVLP
720575941574300680,False,,IN19A061,,T1_PRONM
720575941573415945,False,single_leg_neuromere,IN19A030,,T1_PRONM
720575941574988809,False,,CB3560,,IPS
720575941557294095,False,,IN03B066,,INTTCT
720575941509452816,False,,CB2708,,IB
720575941561357327,False,campaniform_sensillum_neuron,SNpp09,,WTCT
720575941506896919,False,medulla_intrinsic,Mi1,,ME
720575941533864986,False,,IN02A033,,INTTCT
720575941551035425,False,,CB0065,,GNG
720575941402006563,False,,CB3598,,AVLP
720575941628630054,False,,IN00A040,,HTCT
720575941592880167,False,,LAL113,,LAL
720575941475275818,False,abdomen_motor_neuron,MNad40,left_second_abdominal_nerve,ABDNM
720575941732537387,False,,IN05B038,,T3_METANM
720575941406987311,False,,CB3885,,GNG
720575941406692399,False,lobula_plate_lobula_columnar,LPLC1,,LOP
720575941490414645,False,single_leg_neuromere,IN21A003,,T2_MESONM
720575941663659064,True,chordotonal_organ_neuron,JO-B,right_antennal_nerve,AMMC
720575941662348344,False,,IN06A006,,NTCT
720575941514073164,False,,AVLP548_b,,AVLP
720575941526918221,False,,CB1885,,AVLP
720575941536355416,False,,CB3579,,AVLP
720575941439591515,False,lobula_intrinsic,Li15,,LO
720575941542417500,False,leg_motor_neuron,accessory_tibia_flexor,left_mesothoracic_leg_nerve,T2_MESONM
720575941447423069,False,single_leg_neuromere,IN20A.22A036,,T2_MESONM
720575941507552350,False,,CB0608,,GNG
720575941509583966,False,single_leg_neuromere,IN13A006,,T2_MESONM
720575941575775336,True,chordotonal_organ_neuron,JO-B,right_antennal_nerve,AMMC
720575941478585450,False,descending_neuron,DNp22,,IPS
720575941404136560,False,,CB0430,,GNG
720575941562111091,False,medulla_intrinsic,Mi4,,ME
720575941550085236,False,,CB0531,,GNG
720575941449258106,False,,IN17A035,,AMNP
720575941496214656,False,,PVLP097,,PVLP
720575941480518786,False,single_leg_neuromere,IN13A005,,T3_METANM
720575941526426756,False,ventral_nerve_cord_dorsal,IN06B024,,AMNP
720575941550675079,False,campaniform_sensillum_neuron,SApp08,right_dorsal_metathoracic_nerve,HTCT
720575941551035527,False,single_leg_neuromere,IN16B098,,T3_METANM
720575941552837767,False,,LAL120a,,LAL
720575941548872840,False,,AVLP287,,AVLP
720575941459514512,False,,IN06A044,,HTCT
720575941411902609,False,campaniform_sensillum_neuron,SNpp28,left_anterior_dorsal_mesothoracic_nerve,WTCT
720575941563323538,False,lateral_horn_output_neuron,LHAV1a3,,LH
720575941599532188,False,,LAL203,,IPS
720575941573579934,False,,AOTU046,,SPS
720575941459350687,False,,AVLP449,,AVLP
720575941557392548,False,,CB0757,,LAL
720575941525247142,False,,IN09A023,,T2_MVAC
720575941562143912,False,single_leg_neuromere,IN12B018,,INTTCT
720575941452436649,False,,CB0090,,AMMC
720575941560702120,False,,CB3978,,GNG
720575941410034859,False,leg_motor_neuron,accessory_tibia_flexor,right_metathoracic_leg_nerve,T3_METANM
720575941611132077,False,,CB0516,,GNG
720575941610149037,False,,,,LOP
720575941492315312,False,ventral_nerve_cord_dorsal,IN11A009,,T1_PRONM
720575941519971511,False,leg_motor_neuron,accessory_tibia_flexor,right_mesothoracic_leg_nerve,T2_MESONM
720575941531669688,False,lobula_plate_lobula_columnar,LPLC2,,LO
720575941439919295,False,descending_neuron,DNg12,,GNG
720575941598909632,False,,CL118,,ICL
720575941491266761,False,,PS215,,SPS
720575941514794193,False,,ATL014,,PLP
720575941593961686,False,single_leg_neuromere,IN13B013,,T2_MESONM
720575941433136343,False,,AVLP317,,AVLP
720575941652157657,False,ventral_nerve_cord_neurosecretory_cell,EN21X001,left_dorsal_prothoracic_nerve,NTCT
720575941704357082,False,,CL200,,PLP
720575941613458652,False,,IN03A034,,T1_PRONM
720575941470033117,False,descending_neuron,DNbe003,,VES
720575941440476383,False,,AVLP286,,AVLP
720575941480977632,False,,CB2930,,AVLP
720575941557785828,True,chordotonal_organ_neuron,JO-B,left_antennal_nerve,AMMC
720575941531735269,False,descending_neuron,DNg72,,GNG
720575941609886950,False,distal_medulla,Dm13,,ME
720575941538583784,False,,CB2858,,AVLP
720575941535929578,False,,,,LOP
720575941455025389,False,,CB3858,,AVLP
720575941668869363,False,,IN11A019,,INTTCT
720575941523313911,False,,CB2114,,AVLP
720575941570761978,True,chordotonal_organ_neuron,JO-B,right_antennal_nerve,AMMC
720575941568894202,False,descending_neuron,DNxn134,,ICL
720575941549397247,False,peripheral_intrinsic_neuron,PSI,right_posterior_dorsal_mesothoracic_nerve,LTCT
720575941562569984,False,,CB1098,,GNG
720575941549724927,False,,LAL127,,LAL
720575941555393793,False,,CB0488,,IPS
720575941554377985,False,,CB1638,,SAD
720575941566403847,False,serpentine_medulla,Sm33,,ME
720575941575972105,False,distal_medulla,Dm3p,,ME
720575941470852363,False,,CB2783,,IB
720575941614441747,False,,CB1542,,AMMC
720575941447914772,False,ascending_neuron,AN17A014,,T1_PRONM
720575941447849236,False,ventral_nerve_cord_serially_convergent,IN18B016,,T2_MESONM
720575941506471191,False,,SMP554,,VES
720575941655827736,False,single_leg_neuromere,IN02A015,,T2_MESONM
720575941544351005,False,single_leg_neuromere,IN21A004,,T3_METANM
720575941478454558,True,chordotonal_organ_neuron,JO-B,left_antennal_nerve,AMMC
720575941542843677,False,,INXXX840_f,,ABDNM
720575941400991011,False,,CB1961,,PLP
720575941555590436,False,single_leg_neuromere,IN13B017,,T1_PRONM
720575941596681511,False,proximal_medulla,Pm01,,ME
720575941474686250,False,,,,AVLP
720575941475341610,False,descending_neuron,DNpe012,,SPS
720575941435725100,False,single_leg_neuromere,IN06B029,,T1_PRONM
720575941409772847,False,lateral_horn_output_neuron,PLP209,,PLP
720575941566797110,False,ascending_neuron,AN17A014,,T2_MESONM
720575941589177655,False,,CB2371,,WED
720575941659661624,False,ascending_neuron,AN07B052,,INTTCT
720575941720479034,False,leg_motor_neuron,trochanter_extensor,left_prothoracic_leg_nerve,T1_PRONM
720575941723264314,False,,CB0486,,GNG
720575941553952062,False,proximal_medulla,Pm09,,ME
720575941436577087,False,,IN23B008,,LTCT
720575941504505157,False,,IN06A090,,NTCT
720575941610116426,False,single_leg_neuromere,IN17A061,,T3_METANM
720575941659071824,False,,CB2863,,AVLP
720575941427631444,False,single_leg_neuromere,IN01A012,,T3_METANM
720575941440443733,False,,WED114,,WED
720575941535012184,False,,AVLP253,,AVLP
720575941451289949,False,descending_neuron,DNxl106,,ICL
720575941471212896,False,,IN20A.22A070,,T2_MESONM
720575941566633314,False,lobula_intrinsic,Li17,,LO
720575941513024867,False,single_leg_neuromere,IN13B060,,T3_METANM
720575941576758632,False,,VES023,,GNG
720575941575611752,False,,WEDPN1A,,IPS
720575941545432425,False,descending_neuron,DNb08,,VES
720575941591962987,False,,CB3858,,AVLP
720575941592388971,False,single_leg_neuromere,IN13B074,,T1_PRONM
720575941605070189,False,,IN19A108,,T3_METANM
720575941544252777,False,,IN19A117,,T2_MESONM
720575941404923248,False,ascending_neuron,ANXXX043,,ABDNM
720575941595960689,False,,IN12A004,,T2_MESONM
720575941581772153,False,ascending_neuron,AN06B011,,INTTCT
720575941500212603,False,centrifugal_medulla_lobula,cML01,,AVLP
720575941663495548,False,single_leg_neuromere,IN21A011,,T1_PRONM
720575941574956445,False,,CB0404,,GNG
720575941634397600,False,proximal_medulla,Pm09,,ME
720575941526853030,False,neck_motor_neuron,ADNM1,right_cervical_nerve,NTCT
720575941672277415,False,,CB1255,,PLP
720575941454402985,True,chordotonal_organ_neuron,JO-B,left_antennal_nerve,AMMC
720575941612246445,False,,CB3922,,AVLP
720575941408363950,False,ascending_neuron,AN17A076,,GNG
720575941536519602,False,lobula_columnar,LC11,,LO
720575941545989556,False,ascending_neuron,AN10B034,,T2_MESONM
720575941577151926,False,antennal_lobe_local_neuron,l2LN22,,AL
720575941575480758,False,,CB3680,,GNG
720575941604677049,False,,IN23B027,,T1_PRONM
720575941547955644,False,lobula_intrinsic,Li21,,LO
720575941598975424,False,,VES071,,VES
720575941461644740,False,single_leg_neuromere,IN23B057,,T2_MESONM
720575941460170195,False,single_leg_neuromere,IN12B037,,T3_METANM
720575941430613463,False,,CB1231,,AMMC
720575941433202135,False,,AVLP235,,AVLP
720575941583836638,False,single_leg_neuromere,IN20A.22A036,,T2_MESONM
720575941480453600,False,,AVLP479,,AVLP
720575941496149473,False,leg_motor_neuron,accessory_tibia_flexor,right_metathoracic_leg_nerve,T3_METANM
720575941555590628,False,,CB0352,,AVLP
720575941531178469,False,ascending_neuron,AN04A001,,T3_METANM
720575941538584040,False,,CB1139,,AVLP
720575941612606953,False,,INXXX023,,INTTCT
720575941538518504,False,,VES041,,VES
720575941611951593,False,transverse_neuron,T2a,,ME
720575941557884398,False,single_leg_neuromere,IN13B045,,T3_METANM
720575941652616689,False,,CB1955,,AVLP
720575941571122676,False,lobula_intrinsic,Li26,,LO
720575941580854773,False,,CB3384,,AVLP
720575941521020407,False,single_leg_neuromere,IN03A039,,T3_METANM
720575941516105209,False,,CB1827,,PLP
720575941574333947,False,,CB1076,,WED
720575941484385789,False,,IN07B028,,T2_MESONM
720575941562045952,False,single_leg_neuromere,IN21A001,,T1_PRONM
720575941552510465,False,single_leg_neuromere,IN09A024,,T2_MESONM
720575941552477697,False,,IN07B058,,INTTCT
720575941562471943,False,abdomen_motor_neuron,MNad63,right_second_abdominal_nerve,ABDNM
720575941535897098,False,leg_motor_neuron,accessory_tibia_flexor,right_mesothoracic_leg_nerve,T2_MESONM
720575941471704587,False,,VES073,,VES
720575941511910928,False,lobula_tangential,LT36,,PLP
720575941611361811,False,leg_motor_neuron,tarsus_levator,left_prothoracic_leg_nerve,T1_PRONM
720575941447161364,False,,CB3453,,IPS
720575941533734426,False,,IN11A039,,INTTCT
720575941433366048,False,,IN19A048,,T2_MESONM
720575941594551847,False,,PVLP021,,AVLP
720575941593241128,False,,CB3581,,AMMC
720575941593044520,False,,CB0619,,GNG
720575941601957417,False,,CB3006,,AVLP
720575941600548393,False,single_leg_neuromere,IN21A024,,T3_METANM
720575941597632041,False,ascending_neuron,AN10B034,,T2_MESONM
720575941354133040,False,,,,AVLP
720575941476587060,False,,IN09A032,,T2_MVAC
720575941588260407,False,lobula_tangential,LT53,,LO
720575941722019386,False,single_leg_neuromere,IN01A056,,T1_PRONM
720575941507388997,False,,CB0755,,SPS
720575941573613128,False,,AVLP220,,AVLP
720575941612410442,False,single_leg_neuromere,IN19A005,,T2_MESONM
720575941556606547,False,,AVLP566,,AVLP
720575941553264211,False,neck_motor_neuron,CvN3,left_cervical_nerve,GNG
720575941534881368,False,descending_neuron,DNb08,,VES
720575941542680156,False,,AVLP297,,AVLP
720575941509092958,False,ascending_neuron,AN10B005,,INTTCT
720575941566240354,False,,CB0235,,GNG
720575941567780455,False,single_leg_neuromere,IN23B028,,T2_MESONM
720575941594453611,False,,CB1459,,AVLP
720575941549987444,False,single_leg_neuromere,IN09A010,,T1_PRONM
720575941471442551,False,,CB0244,,VES
720575941538616957,False,lobula_plate_intrinsic,LPi06,,LOP
720575941620045439,False,,CB0450,,AVLP
720575941480683138,False,,CB2225,,SPS
720575941530916483,False,,CB2263,,SPS
720575941528884868,True,chordotonal_organ_neuron,JO-B,right_antennal_nerve,NO_CONS
720575941597042309,True,chordotonal_organ_neuron,JO-B,left_antennal_nerve,NO_CONS
720575941533406851,False,,CB0098,,GNG
720575941549594248,False,,,,ME
720575941626500746,False,descending_neuron,DNg100,,GNG
720575941435430542,False,descending_neuron,DNg42,,GNG
720575941564372626,False,,CB2432,,AVLP
720575941562209938,False,,IN03A031,,T3_METANM
720575941536323221,False,single_leg_neuromere,IN03B035,,T1_PRONM
720575941689874072,False,,IN08A046,,T1_PRONM
720575941612574361,False,single_leg_neuromere,IN13A042,,T3_METANM
720575941626074779,False,,CB2197,,GNG
720575941498803874,False,,IN01A017,,AMNP
720575941671982759,False,antenna_motor_neuron,CB0810,right_antennal_nerve,GNG
720575941408462507,False,single_leg_neuromere,IN03A067,,T2_MESONM
720575941520070316,False,,,,ME
720575941611951789,False,single_leg_neuromere,IN19A029,,T3_METANM
720575941519906476,False,antennal_lobe_centrifugal_neuron,ALIN5,,GNG
720575941546186420,False,,IN04B105,,T3_METANM
720575941529212600,False,descending_neuron,DNge031,,GNG
720575941441230527,False,ventral_nerve_cord_centrifugal,IN12B002,,INTTCT
720575941479241411,False,single_leg_neuromere,IN19A029,,T3_METANM
720575941642688200,False,single_leg_neuromere,IN14A006,,T3_METANM
720575941625124554,False,,CB1439,,WED
720575941492217548,False,descending_neuron,DNxn152,,IPS
720575941515384529,False,,,,ME
720575941592094422,False,,IN06A022,,HTCT
720575941432448727,False,,AVLP108,,AVLP
720575941520463576,False,,AVLP269_a,,AVLP
720575941702096602,False,single_leg_neuromere,IN12B003,,T3_METANM
720575941613459164,False,ascending_neuron,AN07B005,,T3_METANM
720575941440149215,False,,IN19B081,,HTCT
720575941439133407,False,lobula_columnar,LC11,,LO
720575941537732323,False,,CL309,,ICL
720575941556442852,False,,PLP254,,VES
720575941532915429,False,single_leg_neuromere,IN13B035,,T1_PRONM
720575941538289379,False,ventral_nerve_cord_dorsal,IN02A019,,HTCT
720575941457942253,False,single_leg_neuromere,IN13B037,,T1_PRONM
720575941579347701,False,,PVLP122a,,ICL
720575941431957240,False,single_leg_neuromere,IN19A002,,T1_PRONM
720575941575186171,False,,AVLP202,,AVLP
720575941623879420,False,optic_lobe_intrinsic_centrifugal,C3,,ME
720575941487859462,False,single_leg_neuromere,IN13A003,,T2_MESONM
720575941562373895,False,single_leg_neuromere,IN19A004,,T1_PRONM
720575941566895879,False,lobula_tangential,LT74,,LO
720575941689743116,False,,PS274,,IPS
720575941438445330,False,descending_neuron,DNpe032,,SPS
720575941436577554,False,,CB2376,,AVLP
720575941445392148,False,ascending_neuron,AN19B079,,HTCT
720575941416654620,False,ascending_neuron,AN17A018,,T2_MESONM
720575941548447521,False,single_leg_neuromere,IN19A011,,T1_PRONM
720575941509486370,False,,AVLP573,,AVLP
720575941555492644,False,single_leg_neuromere,IN09A045,,INTTCT
720575941593765672,False,ascending_neuron,ANXXX027,,T2_MESONM
720575941597533993,False,ascending_neuron,ANXXX191,,T1_PRONM
720575941504702258,False,,AVLP344,,AVLP
720575941628237625,False,descending_neuron,DNxl111,,GNG
720575941553592126,False,,CB2618,,AVLP
720575941440182079,False,,PVLP137,,AVLP
720575941553919806,False,ascending_neuron,IN08B003,,AMNP
720575941487990594,False,,CB0587,,GNG
720575941504440133,False,,IN19A048,,T2_MESONM
720575941573613384,False,,ATL001,,ATL
720575941525116747,False,transverse_neuron,T2a,,ME
720575941658941264,False,descending_neuron,DNxl080,,INTTCT
720575941425239892,False,campaniform_sensillum_neuron,SNpp28,left_anterior_dorsal_mesothoracic_nerve,WTCT
720575941426616148,False,,IN06B055,,INTTCT
720575941441492821,False,lobula_plate_lobula_columnar,LPLC1,,LO
720575941437658965,False,single_leg_neuromere,IN04B031,,T3_METANM
720575941503162199,False,,CB2014,,GNG
720575941577774937,False,,CB0989,,GNG
720575941506144094,False,,PVLP123c,,AVLP
720575941583378271,False,,IN06B076,,INTTCT
720575941515548515,False,descending_neuron,DNge046,,GNG
720575941516859235,False,,IN07B014,,T1_PRONM
720575941643474789,False,single_leg_neuromere,IN19A002,,T1_PRONM
720575941612672870,False,single_leg_neuromere,IN12B018,,INTTCT
720575941613786982,False,,CL029b,,ICL
720575941577250664,True,chordotonal_organ_neuron,JO-B,left_antennal_nerve,AMMC
720575941411673967,False,single_leg_neuromere,IN16B041,,T2_MESONM
720575941593110385,False,,IN04B085,,T1_PRONM
720575941559424883,False,bristle_neuron,SNta14,right_anterior_dorsal_mesothoracic_nerve,AMNP
720575941644359544,False,,PS213,,IPS
720575941452175226,False,,PS082,,SPS
720575941540812669,False,campaniform_sensillum_neuron,SNpp28,left_anterior_dorsal_mesothoracic_nerve,WTCT
720575941621520255,False,,,,ME
720575941530032004,False,,AVLP573,,AVLP
720575941597042565,True,chordotonal_organ_neuron,JO-B,left_antennal_nerve,NO_CONS
720575941598091141,False,,,,ME
720575941626271626,False,,IN27X005,,INTTCT
720575941499426699,False,,IN08B080,,INTTCT
720575941588653964,False,single_leg_neuromere,IN13A021,,T2_MESONM
720575941564962711,False,sequential_leg_neuromeres,IN03A001,,T3_METANM
720575941595764636,False,,IN08A026,,T2_MESONM
720575941599467420,False,,,,LO
720575941499525026,False,,CB3628,,AVLP
720575941480421283,False,,IN03B001,,WTCT
720575941410265003,False,,CB2202,,AVLP
720575941545891772,False,,CB0249,,GNG
720575941439559615,False,,,,ME
720575941536028609,False,,CB2256,,AVLP
720575941496739783,True,chordotonal_organ_neuron,JO-B,left_antennal_nerve,AMMC
720575941442901967,False,,CB2108,,AVLP
720575941429401559,False,,IN06B065,,T1_PRONM
720575941431138263,False,single_leg_neuromere,IN13B038,,T2_MESONM
720575941610608604,False,leg_motor_neuron,trochanter_flexor,right_metathoracic_leg_nerve,T3_METANM
720575941439756255,False,,LAL100,,LAL
720575941532424170,False,single_leg_neuromere,IN03A062,,T2_MESONM
720575941458073581,False,lamina_wide_field,Lawf2,,ME
720575941456664557,False,,IN05B041,,T3_METANM
720575941536192498,False,single_leg_neuromere,IN23B032,,T2_MESONM
720575941604055030,False,,CB2432,,AVLP
720575941604612086,False,leg_motor_neuron,trochanter_extensor,right_metathoracic_leg_nerve,T3_METANM
720575941522823159,False,lamina_wide_field,Lawf2,,ME
720575941513254905,False,,IN03B069,,HTCT
720575941567944698,False,,SAD053,,AMMC
720575941575710715,False,serpentine_medulla,Sm07,,ME
720575941524297719,False,,CB0952,,LH
720575941483698173,False,,IN03A033,,T2_MESONM
720575941566797818,False,sequential_leg_neuromeres,IN09A009,,T2_MESONM
720575941562669056,False,,PS280,,SPS
720575941544744965,False,sequential_leg_neuromeres,IN09A009,,T2_MESONM
720575941571385352,False,,IN08A029,,T2_MESONM
720575941689415692,False,descending_neuron,DNa07,,SPS
720575941510502416,False,single_leg_neuromere,IN13B005,,T1_PRONM
720575941437921298,False,,CB1138,,IPS
720575941506242583,False,,AVLP222,,AVLP
720575941524264985,False,,IN08B068,,INTTCT
720575941509486626,False,,LAL096,,SPS
720575941592225831,False,leg_motor_neuron,tergopleural_promotor,right_dorsal_prothoracic_nerve,T1_PRONM
720575941601990697,False,,PLP246,,SMP
720575941476980785,False,ascending_neuron,AN04A001,,T1_PRONM
720575941475637297,False,single_leg_neuromere,IN13B056,,T3_METANM
720575941491857461,False,descending_neuron,DNpe025,,AVLP
720575941661300792,False,single_leg_neuromere,IN20A.22A001,,T1_PRONM
720575941627254841,False,,CB1889,,AVLP
720575941723494458,False,,PS018b,,SPS
720575941477013563,False,,AVLP078,,AVLP
720575941474654267,False,,CB1205,,AVLP
720575941469018176,False,single_leg_neuromere,IN03A067,,T3_METANM
720575941453748295,False,,IN01A063,,T1_PRONM
720575941577119825,False,leg_motor_neuron,tergotrochanter,left_first_abdominal_nerve,T3_METANM
720575941439559765,False,,PVLP060,,LAL
720575941464168534,False,,IN17A099,,AMNP
720575941501229143,False,single_leg_neuromere,IN13B006,,T1_PRONM
720575941585836127,False,,AVLP286,,AVLP
720575941585573983,False,,PS249,,SPS
720575941564176482,False,,CB3710,,WED
720575941475702890,False,,IN17A032,,INTTCT
720575941595076715,False,bristle_neuron,BM_MaPa,right_maxillary-labial_nerve,GNG
720575941405939824,False,,CB2593,,AVLP
720575941549660276,False,,PS087,,SPS
720575941664446588,False,,PS263,,SPS
720575941540485245,False,lobula_columnar,LC31a,,LO
720575941534750851,False,single_leg_neuromere,IN09B005,,T2_MESONM
720575941548284040,False,,VES046,,VES
720575941623486602,False,,IN21A041,,T3_METANM
720575941626173578,False,,SAD080,,AMMC
720575941572860047,False,single_leg_neuromere,IN14A009,,T2_MESONM
720575941411805332,False,single_leg_neuromere,IN13B044,,T3_METANM
720575941539371157,False,,AVLP290a,,AVLP
720575941390702742,False,single_leg_neuromere,IN13A045,,T3_METANM
720575941565552791,False,,,,ME
720575941615425689,False,,CL263,,ICL
720575941633087648,False,single_leg_neuromere,IN03A004,,T2_MESONM
720575941645342881,False,,PS221,,IPS
720575941671491751,False,,CB0957,,GNG
720575941410658475,False,,CB2000,,GNG
720575941492480176,False,,CB3195,,IPS
720575941573712054,False,,IN20A.22A019,,T3_METANM
720575941522069687,False,,WED114,,AVLP
720575941603727545,False,ascending_neuron,ANXXX013,,T2_MESONM
720575941545400508,False,,IN03B061,,HTCT
720575941440280767,False,descending_neuron,DNa15,,IPS
720575941597665472,False,single_leg_neuromere,IN03A007,,T3_METANM
720575941459712196,False,single_leg_neuromere,IN09A033,,T3_METANM
720575941630302405,False,,IN17A039,,WTCT
720575941644687560,False,,CB2348,,IPS
720575941645277384,False,single_leg_neuromere,IN14A076,,T3_METANM
720575941626534090,False,ascending_neuron,AN06B002,,T1_PRONM
720575941532293323,False,single_leg_neuromere,IN23B014,,T1_PRONM
720575941652912340,False,,IN19A091,,T3_METANM
720575941593798870,False,single_leg_neuromere,IN21A013,,T1_PRONM
720575941431335127,False,,IN01A063,,T1_PRONM
720575941612345564,False,single_leg_neuromere,IN14A007,,T1_PRONM
720575941479471328,False,,SAD047,,GNG
720575941477570784,False,single_leg_neuromere,IN13B058,,T2_MESONM
720575941537241315,False,,CB2308,,GNG
720575941531441381,False,,IN01A050,,INTTCT
720575941491169511,False,,CB2187,,AVLP
720575941537732840,False,ascending_neuron,ANXXX434,,GNG
720575941537831144,False,single_leg_neuromere,IN13B004,,T3_METANM
720575941533178090,False,translobula_plate,Tlp14,,LOP
720575941535045866,False,,CB3503,,AVLP
720575941455714541,False,descending_neuron,DNb02,,IPS
720575941460269296,False,,CB3877,,AMMC
720575941669656819,False,,CL029b,,ICL
720575941520333047,False,,IN06A019,,HTCT
720575941428975864,False,,IN13A027,,T1_PRONM
720575941517351161,False,ascending_neuron,AN00A009,,T1_PRONM
720575941516892419,False,,CB3651,,AVLP
720575941393684740,False,,CB1138,,IPS
720575941463546125,False,single_leg_neuromere,IN13A009,,T2_MESONM
720575941511911696,False,,INXXX003,,T1_PRONM
720575941650946325,True,chordotonal_organ_neuron,JO-B,right_antennal_nerve,AMMC
720575941653240085,True,chordotonal_organ_neuron,JO-A,right_antennal_nerve,SAD
720575941537765658,False,,CB3716,,SPS
720575941533604122,False,,IN13A040,,T3_METANM
720575941413837084,False,single_leg_neuromere,IN20A.22A007,,T2_MESONM
720575941542058269,False,,WED045,,WED
720575941433235744,False,descending_neuron,DNg12,,GNG
720575941403154723,False,,CB2930,,AVLP
720575941627484454,False,descending_neuron,DNge145,,AMMC
720575941631318310,False,,,,ME
720575941473900842,False,,CB0979,,GNG
720575941438773548,False,descending_neuron,DNae003,,IPS
720575941562505517,False,,CB1766,,IPS
720575941437233452,False,,IN12B068,,T3_METANM
720575941435955500,False,,CB0958,,AMMC
720575941440575807,False,wedge_projection_neuron,WED025,,IPS
720575941471803712,False,,IN03A031,,T2_MESONM
720575941477013825,False,descending_neuron,DNg04,,IPS
720575941487139138,False,wing_motor_neuron,DVM3a-b,right_posterior_dorsal_mesothoracic_nerve,WTCT
720575941458368838,False,,PS086,,SPS
720575941453748551,True,chordotonal_organ_neuron,JO-A,left_antennal_nerve,AMMC
720575941500016969,False,lateral_horn_local_neuron,LHPV4a1,,LH
720575941524691277,False,,IN19A079,,T2_MESONM
720575941659040080,False,ascending_neuron,AN08B024,,LTCT
720575941644360018,False,,AVLP083,,AVLP
720575941555525971,False,single_leg_neuromere,IN21A016,,T1_PRONM
720575941553985875,False,descending_neuron,DNg02,,SPS
720575941517384026,False,single_leg_neuromere,IN13B014,,T1_PRONM
720575941509093726,False,descending_neuron,DNxn134,,ICL
720575941505685854,False,ventral_nerve_cord_centripetal,IN10B033,,T2_MVAC
720575941526886756,False,,PS011,,SPS
720575941609429350,False,,IN08B083,,INTTCT
720575941576661352,False,,WED060,,AVLP
720575941594716523,False,descending_neuron,DNb06,,IPS
720575941520464238,False,,IN04B037,,T2_MESONM
720575941559261555,False,,IN03B074,,HTCT
720575941470067063,False,,IN08B080,,INTTCT
720575941646555512,False,medulla_tangential,MTe08,,AVLP
720575941452863866,False,,AVLP541a,,AVLP
720575941494151552,False,single_leg_neuromere,IN09A064,,INTTCT
720575941585115526,False,,CB2912,,IPS
720575941575612815,False,,CB2114,,AVLP
720575941462497680,False,single_leg_neuromere,IN16B020,,T1_PRONM
720575941414558097,False,,AVLP109,,AVLP
720575941561391506,False,,IN08B085,,AMNP
720575941518268819,False,,CB0040,,GNG
720575941394045334,False,transverse_neuron,T2,,ME
720575941564930455,False,,CB0307,,GNG
720575941616671129,True,chordotonal_organ_neuron,JO-B,right_antennal_nerve,AMMC
720575941616736665,True,chordotonal_organ_neuron,JO-B,right_antennal_nerve,AMMC
720575941613230489,False,,PS170,,IPS
720575941574990237,False,,CB4202,,GNG
720575941506898341,True,chordotonal_organ_neuron,JO-B,right_antennal_nerve,AMMC
720575941445851562,False,wedge_projection_neuron,PLP010,,WED
720575941411543467,False,,CB3425,,AVLP
720575941516761516,False,,IN06B061,,WTCT
720575941544483252,False,neck_motor_neuron,CvN1,right_cervical_nerve,GNG
720575941529967032,False,,CB1678,,AVLP
720575941545662908,False,,AVLP454_b,,AVLP
720575941680667069,False,,CB0200,,GNG
720575941602318782,False,,IN19A072,,T2_MESONM
720575941631875525,False,,IN04B102,,T1_PRONM
720575941632891333,False,,AVLP059,,AVLP
720575941632989637,False,,PLP046b,,PLP
720575941491530188,False,,CB1678,,AVLP
720575941540387277,False,,CB2287,,AVLP
720575941540256205,False,,INXXX134,,INTTCT
720575941540452813,False,lateral_horn_local_neuron,LHPV2a1_c,,LH
720575941490285006,False,ascending_neuron,AN23B003,,T3_METANM
720575941540485581,False,,IN05B005,,T3_METANM
720575941511518674,False,,CB0606,,GNG
720575941655665108,False,ascending_neuron,AN01B005,,T3_METANM
720575941614737877,False,,IN07B081,,WTCT
720575941468756445,False,,IN19A100,,T3_METANM
720575941585639902,False,,AVLP346,,AVLP
720575941439789535,False,,CB1444,,PLP
720575941479471584,False,,PVLP097,,PVLP
720575941499099617,False,,CB0955,,AVLP
720575941499558369,False,wing_motor_neuron,DVM3a-b,right_posterior_dorsal_mesothoracic_nerve,WTCT
720575941498935777,False,,IN27X014,,INTTCT
720575941557426660,False,,CB0289,,GNG
720575941534751208,False,,IN13A050,,T1_PRONM
720575941502081515,False,ascending_neuron,ANXXX120,,T2_MVAC
720575941559392750,False,,CB0231,,GNG
720575941685680623,False,lobula_columnar,LC17,,LO
720575941665495539,False,,IN00A059,,INTTCT
720575941668215283,False,,,,AVLP
720575941562014208,False,,IN07B054,,INTTCT
720575941392800260,False,,CB0651,,SPS
720575941536717322,False,,IN13A044,,T2_MESONM
720575941689448972,True,chordotonal_organ_neuron,JO-B,right_antennal_nerve,AMMC
720575941464955405,False,,LAL014,,LAL
720575941433235982,False,,CB2547,,AVLP
720575941557885455,False,,IN18B038,,T3_METANM
720575941560113679,False,centrifugal_medulla,cM01b,,SPS
720575941510502928,False,single_leg_neuromere,IN14A002,,T2_MESONM
720575941538159130,False,chordotonal_organ_neuron,JO-F,right_antennal_nerve,SAD
720575941553986075,False,,CB2350,,AVLP
720575941536586266,False,centrifugal_lobula,cL01,,GNG
720575941542779421,False,,IN19A081,,T1_PRONM
720575941474458142,False,single_leg_neuromere,IN01B042,,T3_METANM
720575941546711585,False,,IN00A058,,T3_METANM
720575941629975078,False,,AVLP289,,AVLP
720575941594225191,False,,IN03A094,,T1_PRONM
720575941732309547,True,chordotonal_organ_neuron,JO-B,right_antennal_nerve,AMMC
720575941731588651,False,neck_motor_neuron,DProN7,left_dorsal_prothoracic_nerve,NTCT
720575941560277549,False,single_leg_neuromere,IN16B045,,T1_PRONM
720575941567191598,False,single_leg_neuromere,IN03A040,,T3_METANM
720575941353871920,False,serpentine_medulla,Sm08,,ME
720575941501721138,False,,w-cHIN,,HTCT
720575941454830131,False,leg_motor_neuron,accessory_tibia_flexor,left_metathoracic_leg_nerve,T3_METANM
720575941590227511,False,,CB3892a,,GNG
720575941722053178,False,single_leg_neuromere,IN13B052,,T2_MESONM
720575941507062341,False,ascending_neuron,AN08B109,,INTTCT
720575941457517126,False,,SAD040,,VES
720575941452896839,False,,CB3700,,AVLP
720575941498378825,False,single_leg_neuromere,IN03A019,,T1_PRONM
720575941524462155,False,,AVLP593,,AVLP
720575941481634383,False,leg_motor_neuron,sternotrochanter,left_metathoracic_leg_nerve,T3_METANM
720575941578922577,False,,CB2203,,WED
720575941580954193,False,ascending_neuron,AN05B029,,GNG
720575941503031895,False,,CB0013,,GNG
720575941513386586,False,,IN14A083,,T3_METANM
720575941431466593,False,,PVLP124,,ICL
720575941413247599,False,optic_lobe_intrinsic_centrifugal,C3,,ME
720575941404727920,False,single_leg_neuromere,IN09A017,,T2_MESONM
720575941469018743,False,ascending_neuron,AN08B099,,INTTCT
720575941540289149,False,sequential_leg_neuromeres,IN19A010,,T2_MESONM
720575941618637439,False,ascending_neuron,AN08B018,,T2_MVAC
720575941498051200,False,,IN05B010,,T2_MESONM
720575941596748421,False,,CB2556,,AMMC
720575941586950790,False,descending_neuron,DNge084,,GNG
720575941584493190,False,,LAL113,,LAL
720575941595437701,False,,IN09A044,,T2_MVAC
720575941548546696,False,leg_motor_neuron,pleural_remotor_abductor,left_prothoracic_accessory_nerve,T1_PRONM
720575941627910794,False,medulla_intrinsic,Mi1,,ME
720575941501557387,False,lamina_wide_field,Lawf2,,ME
720575941590358668,False,,IN16B024,,T3_METANM
720575941575318159,False,transverse_neuron,T3,,ME
720575941413739153,False,,AVLP294,,AVLP
720575941411838612,False,leg_motor_neuron,long_tendon_muscle,left_prothoracic_leg_nerve,T1_PRONM
720575941689318040,False,ventral_nerve_cord_serially_convergent,IN05B042,,ABDNM
720575941623388827,False,,IN19A112,,T1_PRONM
720575941598321308,False,single_leg_neuromere,IN20A.22A055,,T3_METANM
720575941569616542,False,,IN06B087,,INTTCT
720575941459090079,False,,IN06B032,,AMNP
720575941634759328,False,,,,LO
720575941670279847,False,lobula_columnar,LC11,,LO
720575941518793388,False,,INXXX044,,AMNP
720575941410069166,False,,AVLP500,,AVLP
720575941536193202,True,chordotonal_organ_neuron,JO-B,left_antennal_nerve,AMMC
720575941520366259,False,,WEDPN8B,,IPS
720575941546449588,False,,PVLP030,,AVLP
720575941518334643,False,,IN03B060,,HTCT
720575941527149240,False,single_leg_neuromere,IN03B035,,T1_PRONM
720575941478980291,False,ascending_neuron,ANXXX131,,INTTCT
720575941626075850,False,,AVLP107,,AVLP
720575941531409099,False,,PVLP082b,,AVLP
720575941540977357,False,single_leg_neuromere,IN12B018,,INTTCT
720575941542189773,False,proximal_medulla,Pm09,,ME
720575941652880084,False,single_leg_neuromere,IN19A096,,T1_PRONM
720575941520726744,False,single_leg_neuromere,IN08A007,,T2_MESONM
720575941469248221,False,,CB2406,,WED
720575941481143008,False,,CB0955,,AVLP
720575941535177443,False,single_leg_neuromere,IN01A080,,INTTCT
720575941503621867,False,,CB1973,,AVLP
720575941684992751,False,,IN06A077,,HTCT
720575941652552433,False,ascending_neuron,ANXXX171,,HTCT
720575941539044082,False,,IN06B003,,AMNP
720575941669853939,False,lateral_horn_centrifugal_neuron,LHCENT1,,LH
720575941570566900,False,,CB2874,,AVLP
720575941605235446,False,single_leg_neuromere,IN01B003,,T2_MESONM
720575941517449977,False,,,,T3_METANM
720575941576006395,False,lobula_intrinsic,Li21,,LO
720575941621652220,False,,IN01A060,,INTTCT
720575941525347074,False,single_leg_neuromere,IN06B029,,T2_MESONM
720575941536226058,False,single_leg_neuromere,IN12B012,,T1_PRONM
720575941537536778,False,,,,ME
720575941688171276,False,optic_lobe_intrinsic_centrifugal,C3,,ME
720575941650848529,False,,IN08A043,,T3_METANM
720575941449030420,False,,IN06B050,,WTCT
720575941465742102,False,,AVLP091,,AVLP
720575941554739995,False,single_leg_neuromere,IN20A.22A061,,T1_PRONM
720575941413870364,False,single_leg_neuromere,IN16B029,,T3_METANM
720575941478226718,False,,CB1780,,AVLP
720575941508635426,False,,CB0391,,AVLP
720575941558901540,False,,AVLP411,,AVLP
720575941555526436,False,,IN06A047,,INTTCT
720575941629647654,False,,IN06A128,,HTCT
720575941407841071,False,descending_neuron,DNp07,,SPS
720575941408856879,False,ascending_neuron,AN01B002,,T2_MESONM
720575941477145393,False,descending_neuron,DNxl113,,VES
720575941501786930,False,,IN12A061,,HTCT
720575941464136500,False,campaniform_sensillum_neuron,SNpp28,left_anterior_dorsal_mesothoracic_nerve,WTCT
720575941476752180,False,ascending_neuron,AN10B017,,INTTCT
720575941628271417,False,ascending_neuron,AN09B024,,AMNP
720575941723167546,False,,IN06B018,,INTTCT
720575941476227899,False,,CB1839,,AVLP
720575941439560511,False,,AVLP116,,AVLP
720575941496314697,False,single_leg_neuromere,IN19A003,,T1_PRONM
720575941527018317,False,,AVLP421,,AVLP
720575941526133581,False,single_leg_neuromere,IN21A003,,T3_METANM
720575941627255634,True,chordotonal_organ_neuron,JO-A,right_antennal_nerve,AMMC
720575941440379733,False,descending_neuron,DNp66,,AVLP
720575941579971417,False,single_leg_neuromere,IN19A016,,T2_MESONM
720575941509159774,False,,WED114,,WED
720575941584460639,False,,IN03B021,,T3_METANM
720575941564373858,False,,WED163c,,IPS
720575941513419619,False,descending_neuron,DNge118,,GNG
720575941515844451,False,,PLP012,,LAL
720575941643180901,False,leg_motor_neuron,accessory_tibia_flexor,left_prothoracic_leg_nerve,T1_PRONM
720575941593275249,False,,IN02A032,,HTCT
720575941569583986,False,single_leg_neuromere,IN16B075,,T2_MESONM
720575941560933235,False,,LAL073,,LAL
720575941559458675,False,ascending_neuron,AN08B109,,LTCT
720575941639281525,False,leg_motor_neuron,tibia_extensor,left_prothoracic_leg_nerve,T1_PRONM
720575941470722935,True,chordotonal_organ_neuron,JO-B,right_antennal_nerve,NO_CONS
720575941663497084,False,descending_neuron,DNa11,,VES
720575941492284286,False,,IN11B004,,HTCT
720575941597666181,False,,CB2050,,IPS
720575941585902470,False,,IN04B041,,T1_PRONM
720575941552675719,False,,IN13A030,,T3_METANM
720575941550971783,False,ventral_nerve_cord_dorsal,IN06A016,,INTTCT
720575941626272650,False,ascending_neuron,AN19B001,,LTCT
720575941592259468,False,,CB3305,,GNG
720575941434383246,False,single_leg_neuromere,IN13B019,,T2_MESONM
720575941406006164,True,chordotonal_organ_neuron,JO-B,left_antennal_nerve,NO_CONS
720575941539011477,False,,INXXX065,,T3_METANM
720575941393488790,False,ascending_neuron,AN07B046,,INTTCT
720575941565717399,False,,CL213,,ICL
720575941456173983,False,,IN20A.22A068,,T2_MESONM
720575941458992031,False,leg_motor_neuron,trochanter_extensor,left_metathoracic_leg_nerve,T3_METANM
720575941633350560,False,,AVLP035,,AVLP
720575941479734179,False,,IN00A005,,T3_METANM
720575941452176297,False,single_leg_neuromere,IN21A087,,T2_MESONM
720575941432679343,False,,CB0567,,IPS
720575941521480627,False,,LAL028,,AVLP
720575941520333751,False,,CB0148,,AVLP
720575941527149496,False,ventral_nerve_cord_centrifugal,IN18B011,,T3_METANM
720575941606415294,True,chordotonal_organ_neuron,JO-B,left_antennal_nerve,AMMC
720575941496871879,True,chordotonal_organ_neuron,JO-B,left_antennal_nerve,NO_CONS
720575941495266247,False,descending_neuron,DNxl104,,GNG
720575941532490699,False,,IB092,,IB
720575941532294091,False,,CB1138,,IPS
720575941492612044,False,,CB0235,,GNG
720575941537635277,False,single_leg_neuromere,IN12B024,,T2_MESONM
720575941541731277,False,,AN05B053,,ABDNM
720575941492480974,False,proximal_medulla,Pm12,,ME
720575941596126166,False,single_leg_neuromere,IN19A005,,T3_METANM
720575941703244762,False,,CB0214,,IPS
720575941480979424,True,chordotonal_organ_neuron,JO-A,left_antennal_nerve,AMMC
720575941532490725,False,,IN27X001,,INTTCT
720575941515058169,False,single_leg_neuromere,IN14A015,,T2_MESONM
720575941569485818,False,,CB1384,,AVLP
720575941625453564,False,single_leg_neuromere,IN01B003,,T3_METANM
720575941621685244,False,ventral_nerve_cord_centrifugal,GFC3,,LTCT
720575941513157635,False,single_leg_neuromere,IN09A027,,T1_PRONM
720575941486484486,False,lobula_columnar,LC11,,LO
720575941573516296,False,leg_motor_neuron,trochanter_flexor,left_prothoracic_leg_nerve,T1_PRONM
720575941537700874,False,lobula_columnar,LC11,,LO
720575941468724235,False,single_leg_neuromere,IN19A029,,T2_MESONM
720575941461449741,False,,CB0629,,VES
720575941508471824,False,descending_neuron,DNg81,,GNG
720575941653437461,True,chordotonal_organ_neuron,JO-B,right_antennal_nerve,AMMC
720575941524331545,False,,IN09A069,,T1_PRONM
720575941537504282,False,,AVLP614,,AVLP
720575941539929117,False,,IN06A075,,NTCT
720575941639478303,False,single_leg_neuromere,IN01A038,,T2_MESONM
720575941436087328,True,chordotonal_organ_neuron,JO-A,left_antennal_nerve,AMMC
720575941434874912,False,descending_neuron,DNg03,,GNG
720575941549693985,False,,AVLP195,,AVLP
720575941400992803,False,,CB2415,,IPS
720575941733653547,False,,CB2695,,GNG
720575941561392173,False,descending_neuron,DNg39,,GNG
720575941408300079,True,chordotonal_organ_neuron,JO-A,left_antennal_nerve,NO_CONS
720575941475769393,False,,CB1076,,IPS
720575941567454262,False,centrifugal_medulla,cM19,,IPS
720575941590981687,False,,CB1961,,PLP
720575941659696184,False,,IN06A019,,HTCT
720575941505063996,False,single_leg_neuromere,IN13A020,,T1_PRONM
720575941551922238,False,,AVLP121,,AVLP
720575941438938175,False,,IN06B042,,HTCT
720575941515222083,False,ascending_neuron,AN17A062,,T2_MESONM
720575941589212228,False,,LAL180,,IPS
720575941515385923,False,,LAL200,,IB
720575941500738633,False,centrifugal_medulla,cM06,,GNG
720575941497887817,False,,IN19B070,,WTCT
720575941658156112,False,,CL104,,ICL
720575941427731540,False,,PVLP027,,AVLP
720575941579971673,False,single_leg_neuromere,IN01B007,,T2_MVAC
720575941442477147,False,,AVLP082,,AVLP
720575941505784926,False,,IN00A061,,T2_MVAC
720575941516532835,False,,,,ME
720575941613427814,False,,AVLP120,,AVLP
720575941548121193,False,,CB2162,,AMMC
720575941607693421,False,descending_neuron,DNg111,,VES
720575941409774703,False,single_leg_neuromere,IN09A064,,INTTCT
720575941410004079,False,,IN19A086,,T2_MESONM
720575941688630390,False,,IN14B001,,T2_MESONM
720575941470231671,False,,IN03A046,,T1_PRONM
720575941498412155,False,,SMP016_b,,ATL
720575941493955710,False,,IN04B084,,T2_MESONM
720575941619883135,False,descending_neuron,DNpe031,,AVLP
720575941533670531,False,,ATL012,,ATL
720575941596748933,False,descending_neuron,DNbe002,,GNG
720575941585935494,False,ascending_neuron,AN10B015,,T3_METANM
720575941586099334,False,descending_neuron,DNfl030,,GNG
720575941548350600,False,,CB3555,,LH
720575941499296907,False,,IN03A033,,T2_MESONM
720575941575416975,False,,IN08B001,,T1_PRONM
720575941575613583,False,,CB0792,,GNG
720575941411740817,False,ascending_neuron,AN17B008,,T3_METANM
720575941564865682,True,chordotonal_organ_neuron,JO-B,left_antennal_nerve,AMMC
720575941414395025,False,,AVLP369,,AVLP
720575941562899607,False,,IN05B088,,LTCT
720575941553331354,False,,IN00A064,,INTTCT
720575941627288731,False,,IN03A036,,T3_METANM
720575941598321820,False,single_leg_neuromere,IN09B008,,T1_PRONM
720575941457976479,False,,IN19A086,,T2_MESONM
720575941645048993,False,single_leg_neuromere,IN13A001,,T2_MESONM
720575941643017377,False,,CB0493,,GNG
720575941526854822,False,single_leg_neuromere,IN13A038,,T2_MESONM
720575941409283246,False,,CB1231,right_antennal_nerve,GNG
720575941491989680,False,,CB2108,,AVLP
720575941534129330,False,campaniform_sensillum_neuron,DNx01,right_antennal_nerve,GNG
720575941547334836,False,wedge_projection_neuron,SAD030,,SAD
720575941633678523,False,,CB1235,,AVLP
720575941635054779,False,distal_medulla,Dm13,,ME
720575941605399742,False,,IN03B053,,WTCT
720575941595897024,False,,IN08A026,,T1_PRONM
720575941533310145,False,,INXXX048,,T3_METANM
720575941463317700,False,,CB1231,right_antennal_nerve,GNG
720575941634563269,False,lobula_tangential,LT39,,SPS
720575941461875908,False,descending_neuron,DNpe045,,ICL
720575941625814218,False,,,,T3_METANM
720575941532392651,False,,AVLP423,,AVLP
720575941541272781,False,,CB1599,,IPS
720575941514435793,False,single_leg_neuromere,INXXX998_f,,T1_PRONM
720575941655534804,False,ascending_neuron,AN07B024,,INTTCT
720575941593963734,False,ventral_nerve_cord_dorsal,IN05B072,,LTCT
720575941429959895,False,,CB0402,,GNG
720575941614869724,False,,PLP064_a,,LH
720575941480979680,False,,IB093,,SPS
720575941479177440,False,ascending_neuron,AN06B051,,INTTCT
720575941537635555,False,single_leg_neuromere,IN09A021,,T1_PRONM
720575941553691876,False,leg_motor_neuron,trochanter_flexor,right_mesothoracic_leg_nerve,T2_MESONM
720575941531180261,False,leg_motor_neuron,sternal_anterior_rotator,right_ventral_prothoracic_nerve,T1_PRONM
720575941611887846,False,,PVLP111,,AVLP
720575941492645095,False,,CB1675,,WED
720575941491825895,False,,AVLP042,,SLP
720575941610740969,False,,CB1385,,AVLP
720575941534424298,False,,IN04B066,,T1_PRONM
720575941502573803,False,,IN04B044,,T3_METANM
720575941612018918,False,,CB0122,,IPS
720575941610872038,False,ventral_nerve_cord_serially_convergent,IN03B020,,T1_PRONM
720575941531475173,False,,IN20A.22A068,,T2_MESONM
720575941653732593,False,,CB3863,,AVLP
720575941668347123,False,single_leg_neuromere,IN16B045,,T2_MESONM
720575941574171899,False,single_leg_neuromere,IN13A002,,T3_METANM
720575941553528063,False,,,,AVLP
720575941564407040,False,single_leg_neuromere,IN12B034,,T3_METANM
720575941565553920,False,leg_motor_neuron,accessory_tibia_flexor,right_prothoracic_leg_nerve,T1_PRONM
720575941392801028,False,,CB2404,,AVLP
720575941545991429,False,descending_neuron,DNp07,,SPS
720575941486583046,False,leg_motor_neuron,long_tendon_muscle,right_metathoracic_leg_nerve,T3_METANM
720575941565324551,False,,,,AVLP
720575941488024838,False,,PVLP002,,AVLP
720575941535931658,False,,IN07B058,,INTTCT
720575941660155160,False,single_leg_neuromere,IN08A007,,T2_MESONM
720575941657730328,False,single_leg_neuromere,IN16B020,,T2_MESONM
720575941658909976,False,,PVLP080b,,AVLP
720575941542911261,False,single_leg_neuromere,IN03A019,,T2_MESONM
720575941476326686,False,,CB2373,,AVLP
720575941627813158,False,lobula_plate_lobula_columnar,LPLC1,,LO
720575941476097322,False,,CB3588,,AMMC
720575941407710511,False,,CB1702,,IPS
720575941474819380,False,,IN01A053,,INTTCT
720575941488418101,False,single_leg_neuromere,IN01B020,,T3_METANM
720575941587344695,False,,IN19A036,,ABDNM
720575941659827512,False,,IN20A.22A043,,T2_MESONM
720575941474786625,False,,IN03B072,,HTCT
720575941478849857,False,,IN04B053,,T1_PRONM
720575941573385544,False,,IN05B033,,ABDNM
720575941525937485,True,chordotonal_organ_neuron,JO-B,right_antennal_nerve,AMMC
720575941482388815,False,single_leg_neuromere,IN23B018,,T3_METANM
720575941658910032,False,,INXXX038,,T3_METANM
720575941555756371,False,,LAL127,,LAL
720575941428714836,False,,,,ME
720575941425044820,False,,IN19A104,,T3_METANM
720575941536685400,False,ascending_neuron,AN10B019,,T2_MVAC
720575941534817624,False,,IN00A036,,AMNP
720575941442542939,False,,CB1142,,WED
720575941544156508,False,proximal_medulla,Pm12,,ME
720575941449981277,False,ascending_neuron,AN19B010,,T3_METANM
720575941585640799,False,,,,IPS
720575941524856164,False,leg_motor_neuron,femur_reductor,right_metathoracic_leg_nerve,T3_METANM
720575941645016421,True,chordotonal_organ_neuron,JO-B,left_antennal_nerve,AMMC
720575941568077159,False,ascending_neuron,AN07B046,,INTTCT
720575941576826216,False,,WED060,,AVLP
720575941548121449,False,,SAD015,,GNG
720575941576760680,False,,SAD044,,PLP
720575941413838191,False,ventral_nerve_cord_dorsal,IN06A020,,HTCT
720575941499624827,False,,AVLP455,,AVLP
720575941665234300,False,amacrine_medulla,aMe17c,,PLP
720575941496642944,False,ascending_neuron,AN07B005,,T2_MESONM
720575941526429060,False,,IN10B052,,T2_MVAC
720575941597306245,False,,mALB5,,VES
720575941585902982,False,single_leg_neuromere,IN14A015,,T2_MESONM
720575941431106953,False,,IN07B008,,T2_MESONM
720575941503655307,False,lobula_columnar,LC14a1,,LO
720575941576629647,False,,CB2376,,AVLP
720575941413870996,False,,,,AVLP
720575941565422999,False,haltere_motor_neuron,MNhm42,right_first_abdominal_nerve,INTTCT
720575941692005784,False,,CB1762,,AVLP
720575941599993244,False,serpentine_medulla,Sm07,,ME
720575941572468126,False,ascending_neuron,AN19B010,,T2_MESONM
720575941646196129,False,,AVLP216,,AVLP
720575941560638888,False,single_leg_neuromere,IN21A020,,T2_MESONM
720575941407907246,False,,CB3269,,AVLP
720575941630959035,False,,IN12A054,,INTTCT
720575941632695739,False,,IN23B056,,T2_MESONM
720575941678538173,False,,IN10B050,,T2_MVAC
720575941605006782,False,ventral_nerve_cord_centripetal,IN23B041,,T3_METANM
720575941482028483,False,single_leg_neuromere,IN13A009,,T1_PRONM
720575941541240269,False,,CB3425,,AVLP
720575941492121038,False,,SAD093,,GNG
720575941442117071,False,,CB4244,,AVLP
720575941442182607,False,,AOTU046,,SPS
720575941617655253,False,lobula_columnar,LC11,,LO
720575941703114202,False,translobula_plate,Tlp14,,LOP
720575941689777627,False,,IN11A010,,INTTCT
720575941586525662,False,,CB1826,,GNG
720575941556379108,False,descending_neuron,DNxl129,,GNG
720575941491203559,False,,AVLP299_c,,AVLP
720575941566930420,False,single_leg_neuromere,IN13B033,,T1_PRONM
720575941579841013,False,descending_neuron,DNp16,,SPS
720575941566799354,False,,IN00A030,,LTCT
720575941622898172,False,,IN04B027,,T2_MESONM
720575941515910659,False,,CB1205,,AVLP
720575941484125702,False,,IN12A061,,HTCT
720575941470395915,False,single_leg_neuromere,IN20A.22A061,,T2_MESONM
720575941685747212,False,,IN11B020,,WTCT
720575941433237006,False,,CB0163,,GNG
720575941559885327,False,,INXXX027,,ABDNM
720575941654552081,False,,AVLP420_b,,AVLP
720575941653831185,False,descending_neuron,DNxl092,,VES
720575941467545110,True,chordotonal_organ_neuron,JO-B,right_antennal_nerve,AMMC
720575941507751447,False,descending_neuron,DNxn146,,GNG
720575941507063319,False,,IN09A049,,INTTCT
720575941478293022,False,,,,IPS
720575941638266399,False,ascending_neuron,AN06B011,,T1_PRONM
720575941637840415,False,,IN08A033,,T2_MESONM
720575941549465121,False,single_leg_neuromere,IN16B097,,T1_PRONM
720575941400501795,False,ventral_nerve_cord_neurosecretory_cell,EN00B015,left_prothoracic_accessory_nerve+left_dorsal_prothoracic_nerve+right_dorsal_prothoracic_nerve+right_ventral_prothoracic_nerve,NTCT
720575941558607396,False,descending_neuron,DNp03,,PLP
720575941595143717,True,chordotonal_organ_neuron,JO-B,right_antennal_nerve,AMMC
720575941629713958,False,ventral_nerve_cord_centripetal,IN10B038,,T3_METANM
720575941595307559,False,,IN00A045,,AMNP
720575941601762857,True,chordotonal_organ_neuron,JO-B,right_antennal_nerve,AMMC
720575941732769323,False,,AVLP557,,AVLP
720575941561359917,False,,IN20A.22A009,,T1_PRONM
720575941477178929,False,,PLP159,,PLP
720575941566111286,False,,CB3482,,AVLP
720575941563358774,False,single_leg_neuromere,IN12B027,,T1_PRONM
720575941629615673,False,lobula_columnar,LC11,,LO
720575941628108345,False,,PPM1205,,LAL
720575941499166281,False,descending_neuron,DNxl021,,GNG
720575941608250954,False,,IN08B037,,T1_PRONM
720575941526756941,False,,CB0606,,GNG
720575941450604110,False,sequential_leg_neuromeres,IN19A009,,T2_MESONM
720575941645409874,False,,CB1301,,AVLP
720575941466070614,True,chordotonal_organ_neuron,JO-B,right_antennal_nerve,AMMC
720575941468069462,False,,CB0163,,GNG
720575941535080024,False,,PVLP107,,PVLP
720575941536652888,False,,PVLP021,,AVLP
720575941517385306,False,ascending_neuron,AN05B009,,T2_MESONM
720575941517811290,False,proximal_medulla,Pm09,,ME
720575941534260824,False,,CB1785,,IPS
720575941432843873,False,,CB2144,,AVLP
720575941512896099,False,,IN01A020,,INTTCT
720575941593505387,False,descending_neuron,DNnt017,,GNG
720575941590687339,False,,IN19A068,,T2_MESONM
720575941547335284,False,single_leg_neuromere,IN01A034,,T2_MESONM
720575941639347829,False,single_leg_neuromere,IN20A.22A008,,T2_MESONM
720575941646196344,False,,,,ME
720575941663137404,False,single_leg_neuromere,IN21A014,,T1_PRONM
720575941538815613,False,,CB1614,,AVLP
720575941538750077,False,single_leg_neuromere,IN21A012,,T3_METANM
720575941509586561,False,,CB2257,,AVLP
720575941547368072,False,,AVLP347,,AVLP
720575941502017163,False,,IN11A020,,AMNP
720575941414330001,False,,IN07B016,,LTCT
720575941573484190,False,,,,AVLP
720575941560573608,False,leg_motor_neuron,tarsus_depressor,right_prothoracic_leg_nerve,T1_PRONM
720575941454798505,False,,WED107,,AVLP
720575941516140204,False,,IN06A125,,HTCT
720575941612052141,True,chordotonal_organ_neuron,JO-A,left_antennal_nerve,AMMC
720575941613395629,False,,CB2432,,AVLP
720575941430058671,False,single_leg_neuromere,IN21A049,,T1_PRONM
720575941669822129,False,,IN03B021,,T2_MESONM
720575941536292530,False,lobula_columnar,LC18,,LO
720575941449850549,False,,LAL125,,LAL
720575941574008502,False,leg_motor_neuron,sternotrochanter,right_mesothoracic_leg_nerve,T2_MESONM
720575941519515319,False,medulla_intrinsic,Mi1,,ME
720575941547400892,False,,CB3320,,AMMC
720575941546614460,False,,WED061,,AVLP
720575941679685309,False,,IN03A037,,T3_METANM
720575941501886146,False,,IN00A018,,LTCT
720575941479243459,False,,IN21A061,,T3_METANM
720575941482323651,False,ascending_neuron,AN19B024,,HTCT
720575941482815174,False,,CB1964,,AVLP
720575941645147848,False,single_leg_neuromere,IN13A008,,T3_METANM
720575941490679497,False,descending_neuron,DNge145,,AMMC
720575941529738955,False,ascending_neuron,AN06B005,,T3_METANM
720575941511323345,False,single_leg_neuromere,IN16B022,,T2_MESONM
720575941461221075,False,,IN17A023,,AMNP
720575941462793939,False,lobula_columnar,LC11,,LO
720575941557722852,False,lobula_intrinsic,Li17,,LO
720575941613657830,False,,,,ME
720575941684928239,False,single_leg_neuromere,IN20A.22A006,,T2_MESONM
720575941623193340,False,ascending_neuron,ANXXX130,,INTTCT
720575941564342016,False,,CB3714,,GNG
720575941513027331,False,single_leg_neuromere,IN08A019,,T1_PRONM
720575941562310407,False,single_leg_neuromere,IN12B041,,T2_MESONM
720575941465218829,False,lobula_lobula_plate_tangential,LLPt,,LO
720575941658910488,False,descending_neuron,DNxn148,,GNG
720575941555232539,False,,CB0676,,SPS
720575941437267744,False,,CB4241,,AVLP
720575941509259042,False,,,,ME
720575941437628204,False,,CB3707,,GNG
720575941560868653,False,,AVLP025,,AVLP
720575941567684398,False,,ATL012,,ATL
720575941565751086,False,lobula_intrinsic,Li15,,LO
720575941352922928,False,,IN20A.22A010,,T3_METANM
720575941408530223,False,ventral_nerve_cord_serially_convergent,IN09B043,,T2_MESONM
720575941504802610,False,,ATL012,,ATL
720575941562703661,False,,AVLP322,,AVLP
720575941409611567,False,lateral_horn_output_neuron,LHPV3a1,,LH
720575941491334965,False,,CB0467,,GNG
720575941492154165,False,lobula_plate_lobula_columnar,LPLC1,,LO
720575941551169341,False,,CB2659,,AVLP
720575941476556609,False,,IN03A068,,T3_METANM
720575941486681922,False,,VESa1_P02,,AVLP
720575941515255619,False,,AVLP159,,AVLP
720575941589278532,False,,AVLP348,,AVLP
720575941506113349,False,single_leg_neuromere,IN21A087,,T2_MESONM
720575941451685703,False,single_leg_neuromere,IN01B032,,T2_MESONM
720575941452767047,False,ascending_neuron,AN09B020,,T1_PRONM
720575941515616076,False,optic_anterior,OA-AL2i2,,SPS
720575941447622478,False,,IN20A.22A065,,T2_MESONM
720575941645442898,False,single_leg_neuromere,IN09B008,,T2_MESONM
720575941504343895,False,,IN02A033,,INTTCT
720575941516271450,False,descending_neuron,DNg56,,WED
720575941516861274,False,,AVLP210,,AVLP
720575941441920859,False,,CB1738,,AVLP
720575941507981150,False,,CB1734,,SPS
720575941563293538,False,,PS087,,SPS
720575941545336681,False,,CB1205,,AVLP
720575941479898986,True,chordotonal_organ_neuron,JO-A,left_antennal_nerve,NO_CONS
720575941547499369,False,,AVLP257,,AVLP
720575941410594671,False,,ATL012,,ATL
720575941597667185,False,proximal_medulla,Pm09,,ME
720575941596225393,False,lateral_horn_centrifugal_neuron,LHCENT14,,PLP
720575941472984951,False,lobula_lobula_plate_tangential,LLPt,,LO
720575941646163832,False,,PVLP025,,PVLP
720575941498216320,False,,CB1476,,AVLP
720575941498150784,False,,AVLP086,,AVLP
720575941509586817,False,,CL065,,AVLP
720575941533704067,False,descending_neuron,DNp31,,SPS
720575941526527876,False,single_leg_neuromere,IN16B098,,T1_PRONM
720575941555232647,False,,,,ME
720575941545533320,False,,WED103,,GNG
720575941501984651,False,,IN06B012,,AMNP
720575941576335247,False,,AVLP039,,AVLP
720575941462499216,False,ventral_nerve_cord_dorsal,IN06B024,,T2_MESONM
720575941515124627,False,single_leg_neuromere,IN19A022,,T1_PRONM
720575941688270744,False,leg_motor_neuron,tergotrochanter,right_first_abdominal_nerve,T3_METANM
720575941689974680,False,single_leg_neuromere,IN21A006,,T3_METANM
720575941571878813,False,single_leg_neuromere,IN13A045,,T2_MESONM
720575941457584031,False,,CB1427,,AMMC
720575941499494306,False,,IN16B034,,T1_PRONM
720575941557591972,False,ascending_neuron,ANXXX046,,T2_MESONM
720575941526888358,False,ventral_nerve_cord_centripetal,IN23B046,,T2_MESONM
720575941563424680,False,,CB0649,,AVLP
720575941518794668,False,descending_neuron,DNxl097,,GNG
720575941431107503,False,ventral_nerve_cord_serially_convergent,IN07B007,,T3_METANM
720575941494742960,False,,,,ME
720575941545664444,False,,CB1311,,GNG
720575941598584768,False,neck_motor_neuron,CvN9,right_cervical_nerve,GNG
720575941533278145,False,ventral_nerve_cord_dorsal,IN05B072,,INTTCT
720575941463252932,True,chordotonal_organ_neuron,JO-A,right_antennal_nerve,AMMC
720575941459025860,False,,IN13B020,,T3_METANM
720575941633843141,False,leg_motor_neuron,tibia_flexor,right_metathoracic_leg_nerve,T3_METANM
720575941484322758,False,,,,ME
720575941496676295,False,descending_neuron,DNa06,,IPS
720575941627453386,False,lobula_plate_intrinsic,LPi09,,ME
720575941532393419,False,,AOTU042,,LAL
720575941540257741,False,descending_neuron,DNxn167,,IB
720575941441363919,True,chordotonal_organ_neuron,JO-A,left_antennal_nerve,AMMC
720575941513715665,False,,IN07B104,,T2_MESONM
720575941518204888,False,leg_motor_neuron,tergopleural_promotor,right_dorsal_prothoracic_nerve,T1_PRONM
720575941653995481,False,single_leg_neuromere,IN21A002,,T1_PRONM
720575941690957787,False,ascending_neuron,ANXXX049,,T2_MESONM
720575941610577884,False,,IN09A077,,INTTCT
720575941583511518,False,,IN03B066,,INTTCT
720575941479178208,False,single_leg_neuromere,IN01A030,,T2_MESONM
720575941499101153,False,,PVLP062,,AVLP
720575941536882659,False,,CB2963,,IPS
720575941529903077,False,,INXXX818_f,,T2_MESONM
720575941489860583,False,,IN04B105,,T3_METANM
720575941455126509,False,,CB1873,,SPS
720575941561032686,False,lobula_plate_intrinsic,LPi06,,LOP
720575941459746800,False,,LAL028,,AVLP
720575941653995505,True,chordotonal_organ_neuron,JO-B,right_antennal_nerve,AMMC
720575941571354612,False,,CB0591,,GNG
720575941604188150,False,,CB2228,,WED
720575941513125881,False,,IN03B060,,HTCT
720575941624602620,False,,CB1675,,WED
720575941484421117,False,chordotonal_organ_neuron,JO-E,right_antennal_nerve,AMMC
720575941483896838,False,ascending_neuron,AN08B101,,INTTCT
720575941535047690,False,,IN06A005,,INTTCT
720575941468725259,False,,IN03B086,,INTTCT
720575941687713804,False,,PLP166,,PLP
720575941430321166,False,,IN06A116,,INTTCT
720575941560147983,False,,IB010,,IB
720575941614510099,False,,CB0561,,GNG
720575941467086870,True,chordotonal_organ_neuron,JO-B,right_antennal_nerve,AMMC
720575941413642268,False,descending_neuron,DNg78,,GNG
720575941509488674,False,medulla_intrinsic,Mi1,,ME
720575941401813027,False,ascending_neuron,AN17B002,,ABDNM
720575941508997154,False,ascending_neuron,ANXXX098,,T2_MVAC
720575941592588325,False,single_leg_neuromere,IN21A087,,T3_METANM
720575941354397744,True,chordotonal_organ_neuron,JO-A,right_antennal_nerve,AMMC
720575941474426929,False,,IN12A046,,HTCT
720575941503524914,False,ascending_neuron,AN05B104,,T1_PRONM
720575941488287797,False,leg_motor_neuron,tibia_extensor,right_prothoracic_leg_nerve,T1_PRONM
720575941662613560,False,,VES067,,VES
720575941627125817,False,single_leg_neuromere,IN16B018,,T3_METANM
720575941548351549,False,ascending_neuron,AN04B003,,T2_MESONM
720575941588099140,False,proboscis_motor_neuron,MN1,right_maxillary-labial_nerve,GNG
720575941574041672,False,,IN16B119,,T3_METANM
720575941523447883,False,descending_neuron,DNg07,,GNG
720575941642166354,False,,IN14B002,,T1_PRONM
720575941429141588,False,,,,ME
720575941441527893,False,medulla_medulla,MeMe_e02,,ME
720575941515911258,False,single_leg_neuromere,IN14A015,,T3_METANM
720575941441822811,False,,CB1818,,IPS
720575941541699676,False,,CB2371,,WED
720575941644329061,False,,WED092c,,AVLP
720575941625028716,False,,IN04B103,,T2_MESONM
720575941627256940,False,,IN13B007,,T3_METANM
720575941520138350,False,,CB3129,,GNG
720575941413347439,False,distal_medulla,Dm13,,ME
720575941596881009,False,,PS106,,SPS
720575941569716338,False,eye_motor_neuron,CB0804,left_antennal_nerve,IPS
720575941595308145,False,,CB3696,,FLA
720575941549990004,False,single_leg_neuromere,IN26X001,,T3_METANM
720575941688631414,False,ascending_neuron,AN07B003,,INTTCT
720575941449293946,False,single_leg_neuromere,IN13B023,,T3_METANM
720575941508440193,False,leg_motor_neuron,tibia_flexor,left_metathoracic_leg_nerve,T3_METANM
720575941508604033,False,,AVLP283,,AVLP
720575941530853507,False,,IN11A037,,HTCT
720575941531508867,False,medulla_intrinsic,Mi1,,ME
720575941526462596,False,,IN13A060,,T1_PRONM
720575941428912265,False,,CB2556,,AMMC
720575941592227980,False,,AVLP266,,AVLP
720575941591277708,False,,IN08B030,,INTTCT
720575941415346321,False,,AVLP132,,AVLP
720575941411709073,False,leg_motor_neuron,trochanter_extensor,right_prothoracic_leg_nerve,T1_PRONM
720575941393588374,False,,CB3977,,ICL
720575941691777176,True,chordotonal_organ_neuron,JO-B,right_antennal_nerve,AMMC
720575941692006552,False,,CB3006,,AVLP
720575941626175643,False,descending_neuron,DNg16,,GNG
720575941574893725,False,,CB2287,,AVLP
720575941456208031,False,ventral_nerve_cord_dorsal,IN00A041,,INTTCT
720575941481046179,False,,WED128,,IPS
720575941506310309,False,ventral_nerve_cord_serially_convergent,IN07B012,,AMNP
720575941450899625,False,lobula_lobula_plate_tangential,LLPt,,LO
720575941446574250,False,,AVLP347,,AVLP
720575941407711406,False,,CB2957,,IPS
720575941432320175,False,,CB3760,,PLP
720575941490876592,False,,IN21A102,,T3_METANM
720575941671264433,True,chordotonal_organ_neuron,JO-A,left_antennal_nerve,AMMC
720575941520072883,False,single_leg_neuromere,IN19A020,,T1_PRONM
720575941527150776,False,ventral_nerve_cord_dorsal,IN11A021,,LTCT
720575941630959803,False,,IN11B022,,HTCT
720575941634269371,False,descending_neuron,DNg59,,GNG
720575941631975621,False,,IN12A036,,INTTCT
720575941645344968,False,,AVLP420_a,,AVLP
720575941645541576,False,,AVLP465a,,AVLP
720575941617688789,False,,SAD052,,AMMC
720575941618606293,False,,,,WED
720575941653668057,True,chordotonal_organ_neuron,JO-B,right_antennal_nerve,AMMC
720575941613723868,False,,PLP015,,PLP
720575941585936606,True,chordotonal_organ_neuron,JO-B,right_antennal_nerve,AMMC
720575941584789726,False,single_leg_neuromere,IN12B034,,T3_METANM
720575941500707041,False,serpentine_medulla,Sm32,,ME
720575941532655845,False,,AVLP340,,AVLP
720575941609693414,False,,CB2237,,SPS
720575941611561193,False,,AVLP451b,,AVLP
720575941502935275,True,chordotonal_organ_neuron,JO-A,left_antennal_nerve,AMMC
720575941688369391,False,,CB2545,,WED
720575941669069043,False,,LBL40,,T3_METANM
720575941571354868,False,,AVLP219b,,AVLP
720575941579841781,False,,IN02A052,,HTCT
720575941579809013,False,ventral_nerve_cord_dorsal,IN17B004,,WTCT
720575941432123640,False,descending_neuron,DNa01,,VES
720575941571420411,False,single_leg_neuromere,IN09A026,,T1_PRONM
720575941625094396,False,,WED032,,WED
720575941552611583,True,chordotonal_organ_neuron,JO-A,left_antennal_nerve,NO_CONS
720575941544780037,False,single_leg_neuromere,IN03A019,,T1_PRONM
720575941565128967,False,single_leg_neuromere,IN21A010,,T1_PRONM
720575941574140169,False,descending_neuron,DNxl103,,GNG
720575941511291152,True,chordotonal_organ_neuron,JO-B,left_antennal_nerve,AMMC
720575941654880529,False,single_leg_neuromere,IN09A031,,T2_MESONM
720575941649244437,False,,IN06B042,,HTCT
720575941655896344,False,,IN20A.22A051,,T3_METANM
720575941415969052,False,,CB0485,,GNG
720575941437628704,True,chordotonal_organ_neuron,JO-B,left_antennal_nerve,AMMC
720575941399879971,False,,VES049,,VES
720575941556707620,False,ascending_neuron,AN08B034,,AMNP
720575941403549987,False,lobula_lobula_plate_tangential,LLPt,,LO
720575941594489125,False,,CB3200b,,GNG
720575941596553511,False,single_leg_neuromere,IN17A017,,T1_PRONM
720575941590294824,False,,IN03A053,,T3_METANM
720575941601763625,True,chordotonal_organ_neuron,JO-B,right_antennal_nerve,AMMC
720575941730836779,False,,CB1206,,WED
720575941558378797,False,,IN10B054,,T2_MESONM
720575941350531376,False,,PS280,,SPS
720575941477703985,True,chordotonal_organ_neuron,JO-B,left_antennal_nerve,AMMC
720575941476032817,False,,IN13A035,,T1_PRONM
720575941504213298,False,,CB2995,,AVLP
720575941587247415,False,,IN01A083,,T1_PRONM
720575941587181879,False,ventral_nerve_cord_dorsal,IN02A007,,HTCT
720575941723365690,False,,CB3484,,AVLP
720575941512405315,False,,IN20A.22A038,,T1_PRONM
720575941497889097,False,,IN08B064,,T2_MESONM
720575941612085578,False,lobula_lobula_plate_tangential,LLPt,,LO
720575941514764620,False,,AVLP562,,AVLP
720575941466857814,False,,CB0796,,AVLP
720575941504377175,True,chordotonal_organ_neuron,JO-B,left_antennal_nerve,AMMC
720575941505065303,False,,AVLP096,,AVLP
720575941513355610,False,,IN08B105,,LTCT
720575941442969947,False,,,,ME
720575941473116512,False,,CB0749,,AMMC
720575941474099552,False,lobula_columnar,LC18,,LO
720575941431271777,False,,CB1914,,LAL
720575941526069604,False,,CB3513a,,AVLP
720575941524103524,False,single_leg_neuromere,IN21A007,,T2_MESONM
720575941546221929,False,,,,ME
720575941404729712,False,leg_motor_neuron,trochanter_flexor,right_mesothoracic_leg_nerve,T2_MESONM
720575941570437490,False,,AVLP259,,AVLP
720575941637710197,False,medulla_intrinsic,Mi1,,ME
720575941688238454,False,,WED080,,IPS
720575941470101879,False,single_leg_neuromere,IN14A007,,T1_PRONM
720575941580693881,False,ascending_neuron,AN05B083,,LTCT
720575941662450044,False,,IN04B074,,T2_MESONM
720575941596750213,False,,AVLP370b,,AVLP
720575941391589782,False,,CB2186,,AVLP
720575941595832732,False,,IN11A020,,AMNP
720575941599666588,False,,PLP228,,SPS
720575941571453342,False,descending_neuron,DNge094,,IPS
720575941500838306,False,,AVLP420_a,,AVLP
720575941497037218,False,leg_motor_neuron,accessory_trochanter_flexor,left_metathoracic_leg_nerve,T3_METANM
720575941479604643,False,ascending_neuron,AN08B099,,LTCT
720575941497004450,False,single_leg_neuromere,IN12B037,,T2_MESONM
720575941498642850,False,single_leg_neuromere,IN20A.22A024,,T2_MESONM
720575941563916712,True,chordotonal_organ_neuron,JO-B,left_antennal_nerve,NO_CONS
720575941453291945,True,chordotonal_organ_neuron,JO-A,right_antennal_nerve,NO_CONS
720575941610938797,False,ascending_neuron,AN09B012,,T2_MESONM
720575941409874350,False,single_leg_neuromere,IN08A005,,T3_METANM
720575941575975350,False,neck_motor_neuron,DProN3a,right_dorsal_prothoracic_nerve,NTCT
720575941526954424,False,neck_motor_neuron,CvN10,right_cervical_nerve,GNG
720575941630828987,False,,IN19A085,,T2_MESONM
720575941543731644,False,,CB1794,,IB
720575941505425858,False,ascending_neuron,ANXXX255,,GNG
720575941490713033,False,single_leg_neuromere,IN09A003,,T3_METANM
720575941625553354,True,chordotonal_organ_neuron,JO-B,left_antennal_nerve,AMMC
720575941488222665,False,,IN19A091,,T3_METANM
720575941532426699,False,,AOTU019,,AOTU
720575941542027725,False,lateral_horn_output_neuron,PVLP076,,AVLP
720575941441888719,False,,IN19B005,,T1_PRONM
720575941486846416,False,,IN03B081,,NTCT
720575941442019791,False,,CB2905,,AVLP
720575941652324825,False,,IN06A116,,INTTCT
720575941703180762,False,ascending_neuron,AN05B099,,ABDNM
720575941440676319,False,ascending_neuron,ANXXX178,,AMNP
720575941500215777,False,single_leg_neuromere,IN13A005,,T3_METANM
720575941488845287,False,descending_neuron,DNg44,,GNG
720575941490647527,False,,IN19A094,,T2_MESONM
720575941532426730,False,,IN08A031,,T2_MESONM
720575941535441386,False,,CB1818,,WED
720575941688369647,False,,CB2241,,AVLP
720575941457977840,False,,CB1466,,AVLP
720575941536391666,False,ventral_nerve_cord_dorsal,IN02A023,,INTTCT
720575941539176946,False,,PVLP097,,PVLP
720575941431468536,False,,WED092c,,AVLP
720575941571289595,False,,IN00A025,,LTCT
720575941480784381,False,ascending_neuron,AN19B060,,HTCT
720575941564211719,False,single_leg_neuromere,IN13A045,,T2_MESONM
720575941575418377,False,,CB1231,,GNG
720575941465121293,True,chordotonal_organ_neuron,JO-B,right_antennal_nerve,AMMC
720575941654225425,False,,IN04B107,,T3_METANM
720575941446902292,False,,CB0487,,GNG
720575941535769114,False,,CB2361,,SPS
720575941416788508,False,,AVLP165,,AVLP
720575941476852254,False,descending_neuron,DNg62,,GNG
720575941477442078,False,lateral_horn_local_neuron,LHPV4a1,,LH
720575941629714982,True,chordotonal_organ_neuron,JO-B,left_antennal_nerve,NO_CONS
720575941594915367,False,medulla_intrinsic,Mi1,,ME
720575941408793135,False,,PVLP139,,AVLP
720575941354136112,False,,AVLP009,,AVLP
720575941477278257,False,lobula_intrinsic,Li16,,LO
720575941474394673,False,,IN03B069,,HTCT
720575941489992245,False,,CB2086,,AVLP
720575941589017143,False,ascending_neuron,AN19B059,,HTCT
720575941661467192,False,,IN00A066,,T3_METANM
720575941507031612,False,leg_motor_neuron,sternotrochanter,left_ventral_prothoracic_nerve,T1_PRONM
720575941550219837,False,,AVLP033,,AVLP
720575941469839936,False,single_leg_neuromere,IN19A013,,T1_PRONM
720575941468955200,False,,IN23B065,,T2_MESONM
720575941589148228,False,,CB0202,,GNG
720575941453587015,True,chordotonal_organ_neuron,JO-B,right_antennal_nerve,AMMC
720575941512798796,False,,IN03B069,,HTCT
720575941450506830,False,descending_neuron,DNp18,,SPS
720575941658321488,True,chordotonal_organ_neuron,JO-A,right_antennal_nerve,AMMC
720575941657502288,False,ventral_nerve_cord_centripetal,IN23B023,,T1_PRONM
720575941438841435,False,,IN14B002,,T1_PRONM
720575941441856091,False,,CB0287,,GNG
720575941431075425,False,sequential_leg_neuromeres,IN03A001,,T3_METANM
720575941562442338,False,single_leg_neuromere,IN13B058,,T2_MESONM
720575941642429029,False,single_leg_neuromere,IN20A.22A039,,T2_MESONM
720575941612053094,False,ventral_nerve_cord_dorsal,IN18B020,,HTCT
720575941593801323,False,,AVLP297,,AVLP
720575941607236205,False,,CB3245,,SAD
720575941405745776,False,descending_neuron,DNg106,,GNG
720575941561229939,False,,CB1783,,AVLP
720575941549367924,False,lobula_columnar,LC17,,LO
720575941496349310,False,,AVLP079,,AVLP
720575941619556991,False,,CB3905,,GNG
720575941492286078,False,,IN21A085,,T2_MESONM
720575941477900930,False,single_leg_neuromere,IN09A026,,T3_METANM
720575941488157325,False,lobula_lobula_plate_tangential,LLPt,,LO
720575941517910675,False,,INXXX053,,T3_METANM
720575941553332890,False,,IN08A046,,T1_PRONM
720575941576434333,False,,,,ME
720575941633417888,False,,CB3923,,GNG
720575941481833123,False,,AVLP475a,,AVLP
720575941506310821,False,descending_neuron,DNge016,,GNG
720575941412528811,False,lateral_horn_output_neuron,LHAV2b1,,LH
720575941670249137,False,transverse_neuron,T3,,LO
720575941604385465,True,chordotonal_organ_neuron,JO-B,left_antennal_nerve,AMMC
720575941605106361,True,chordotonal_organ_neuron,JO-B,left_antennal_nerve,AMMC
720575941547041468,False,bristle_neuron,BM_Ant,left_antennal_nerve,GNG
720575941597766336,False,,CB0979,,GNG
720575941504443074,False,ascending_neuron,AN05B094,,AMNP
720575941482324675,False,,IB047,,IB
720575941483111107,False,,CB1934,,AVLP
720575941644362440,False,,CB3245,,AVLP
720575941643248328,False,leg_motor_neuron,accessory_tibia_flexor,left_metathoracic_leg_nerve,T3_METANM
720575941489763017,False,single_leg_neuromere,IN04B031,,T3_METANM
720575941530165963,False,single_leg_neuromere,IN04B097,,T2_MESONM
720575941618934485,False,,PS126,,SPS
720575941700494042,False,,IN07B092,,HTCT
720575941614904028,False,single_leg_neuromere,INXXX321,,T2_MESONM
720575941556478692,False,,CB3983,,AVLP
720575941684863727,False,,IN19A085,,T2_MESONM
720575941457683184,False,,IN03A093,,T2_MESONM
720575941668315891,False,,INXXX467,,T2_MESONM
720575941516305145,False,,PS050,,SPS
720575941544715013,False,,IN06A066,,ABDNM
720575941575811849,True,chordotonal_organ_neuron,JO-B,left_antennal_nerve,AMMC
720575941573878537,False,abdomen_motor_neuron,EFFabg19,abdominal_nerve_trunk,ABDNM
720575941560935183,False,,CB0287,,GNG
720575941614543635,False,,PVLP141,,AVLP
720575941611660051,False,single_leg_neuromere,IN16B074,,T2_MESONM
720575941415707420,False,descending_neuron,DNg24,,AMMC
720575941544485661,False,,IN03B021,,T1_PRONM
720575941476426526,False,,CB1826,,GNG
720575941556839204,False,ascending_neuron,AN08B079,,INTTCT
720575941596881703,False,descending_neuron,DNg06,,GNG
720575941594293032,False,ascending_neuron,AN09B029,,AMNP
720575941439628076,False,,PS194,,IPS
720575941487829813,False,single_leg_neuromere,IN12B025,,T3_METANM
720575941566309174,False,descending_neuron,DNp26,,PLP
720575941720679226,False,,IN21A030,,LTCT
720575941506442044,False,,AVLP009,,AVLP
720575941439562559,False,,CB0530,,IPS
720575941474952001,False,ventral_nerve_cord_centripetal,IN23B023,,T2_MESONM
720575941487993666,False,,SAD064,,AMMC
720575941476557633,False,,IN02A031,,HTCT
720575941452997447,False,wedge_projection_neuron,WED26b,,PLP
720575941451785031,False,single_leg_neuromere,IN08A007,,T3_METANM
720575941524955981,False,lobula_intrinsic,Li15,,LO
720575941656978256,False,single_leg_neuromere,IN20A.22A036,,T1_PRONM
720575941578957649,False,,CB3899,,GNG
720575941642527570,False,,CB2364,,AVLP
720575941555462995,False,single_leg_neuromere,IN19A015,,T2_MESONM
720575941642593106,False,,CB0237,,GNG
720575941556314963,False,,IN19A054,,T2_MESONM
720575941513356122,False,ventral_nerve_cord_centrifugal,GFC4,,INTTCT
720575941543469916,False,,ATL002,,ATL
720575941542421340,False,ascending_neuron,AN07B013,,T1_PRONM
720575941451227997,False,,PLP015,,PLP
720575941515944803,False,descending_neuron,DNge048,,GNG
720575941612348262,False,,AVLP473,,AVLP
720575941609235302,False,descending_neuron,DNge090,,AMMC
720575941605598061,False,,IN03B070,,HTCT
720575941595964273,False,,IN07B020,,T1_PRONM
720575941567062898,False,,IN08B091,,HTCT
720575941570372466,False,,CB0654,,PLP
720575941507228545,False,,IN16B068,,WTCT
720575941527544708,False,ascending_neuron,ANXXX027,,AMNP
720575941553726343,False,,CB3425,,AVLP
720575941625881482,False,single_leg_neuromere,IN12B041,,T3_METANM
720575941574534031,False,single_leg_neuromere,IN19A106,,T1_PRONM
720575941564900242,False,,CB1231,,AMMC
720575941561394066,False,,IN04B094,,T1_PRONM
720575941411840916,False,,IN20A.22A059,,T3_METANM
720575941538325397,False,,CB1459,,AVLP
720575941393490838,False,,IN06B027,,T3_METANM
720575941564736407,False,single_leg_neuromere,IN01B010,,T3_METANM
720575941614707609,False,,WED061,,AVLP
720575941554512794,False,single_leg_neuromere,IN12B027,,T2_MESONM
720575941569586078,False,ventral_nerve_cord_dorsal,IN02A023,,INTTCT
720575941644362657,False,,CB2187,,AVLP
720575941545042868,False,,WED163b,,IPS
720575941450965941,False,,AVLP098,,AVLP
720575941483537338,False,,IN11A008,,T1_PRONM
720575941631845307,False,,CB1678,,AVLP
720575941682504637,False,,,,ME
720575941533148097,False,single_leg_neuromere,IN13B074,,T2_MESONM
720575941492253644,False,,PLP222,,SPS
720575941514372049,False,ascending_neuron,AN09B020,,GNG
720575941655503828,False,single_leg_neuromere,IN14A002,,T2_MESONM
720575941429535703,False,single_leg_neuromere,IN20A.22A055,,T3_METANM
720575941692400603,False,wing_motor_neuron,DLM5,left_posterior_dorsal_mesothoracic_nerve,WTCT
720575941498971105,False,ventral_nerve_cord_dorsal,IN17B004,,HTCT
720575941630239714,False,,CB1145,,IPS
720575941501002731,False,single_leg_neuromere,IN21A022,,T2_MESONM
720575941501559787,False,single_leg_neuromere,IN20A.22A024,,T3_METANM
720575941456897005,False,descending_neuron,DNa02,,LAL
720575941455160301,False,,LAL146,,IB
720575941500904427,False,,IN12B053,,T2_MESONM
720575941653734385,False,single_leg_neuromere,IN01A036,,T3_METANM
720575941539210226,False,,AVLP099,,AVLP
720575941539996658,False,,CB1688,,AVLP
720575941580628981,True,chordotonal_organ_neuron,JO-B,left_antennal_nerve,AMMC
720575941579514869,False,lobula_tangential,LT51,,LO
720575941431469048,False,,AVLP590,,AVLP
720575941513257977,False,,IN20A.22A059,,T2_MESONM
720575941571519483,False,single_leg_neuromere,INXXX464,,T1_PRONM
720575941563720704,False,,CB3381,,IPS
720575941564539904,False,,CB1886,,AVLP
720575941545042949,False,,CL248,,AVLP
720575941486552070,False,,IN03A037,,T3_METANM
720575941535048714,False,,IN14A108,,T3_METANM
720575941462828045,True,chordotonal_organ_neuron,JO-B,left_antennal_nerve,NO_CONS
720575941460993037,False,single_leg_neuromere,IN13A055,,T2_MESONM
720575941431993358,False,single_leg_neuromere,IN01B012,,T1_PRONM
720575941445166100,False,ascending_neuron,AN08B049,,INTTCT
720575941527020569,False,,INXXX813_f,,ABDNM
720575941535409178,False,haltere_motor_neuron,MNhm42,left_first_abdominal_nerve,HTCT
720575941554316315,False,,CB3316,,VES
720575941436679200,False,,IN11A034,,INTTCT
720575941550810145,False,,IN01A008,,T2_MESONM
720575941595243557,False,,,,LO
720575941629912102,False,,AVLP465a,,AVLP
720575941629944870,False,ascending_neuron,AN08B018,,T2_MVAC
720575941474722858,False,,CB3382,,AVLP
720575941729985579,False,single_leg_neuromere,IN13A042,,T2_MESONM
720575941452604467,False,,IN04B089,,T2_MESONM
720575941454210099,False,,,,AVLP
720575941490091061,False,,INXXX266,,ABDNM
720575941627094073,False,,,,HTCT
720575941549794365,False,,CB2186,,AVLP
720575941471839296,False,leg_motor_neuron,tibia_extensor,left_metathoracic_leg_nerve,T3_METANM
720575941590099012,True,chordotonal_organ_neuron,JO-B,right_antennal_nerve,AMMC
720575941499167817,False,,CB3598,,AVLP
720575941608350794,False,,IN17A032,,INTTCT
720575941523842123,False,,CB2171,,AVLP
720575941499200585,False,descending_neuron,DNg95,,SPS
720575941478523983,False,ventral_nerve_cord_dorsal,IN11A021,,INTTCT
720575941659993168,False,lobula_columnar,LC11,,LO
720575941656224848,False,,IN07B044,,T2_MESONM
720575941533475928,False,,,,ME
720575941515912282,False,single_leg_neuromere,IN14A015,,T3_METANM
720575941516207194,False,,CB3630,,AVLP
720575941442511963,False,,WED096a,,LAL
720575941506507870,False,,CB1774,,AVLP
720575941575517288,False,single_leg_neuromere,IN19A059,,T3_METANM
720575941595047025,False,,AVLP546,,AVLP
720575941557560435,False,single_leg_neuromere,IN08A005,,T1_PRONM
720575941550023796,False,,,,WED
720575941551072372,False,,CB2187,,AVLP
720575941561853043,False,,CB3680,,GNG
720575941642396792,False,,IN04B107,,T3_METANM
720575941583152249,False,,,,ME
720575941496874107,False,,CB1463,,AVLP
720575941619229823,False,,CB1142,,WED
720575941497660544,False,,CB1143,,AVLP
720575941498152064,False,serpentine_medulla,Sm12,,ME
720575941508506753,False,,INXXX048,,T3_METANM
720575941480490114,False,ventral_nerve_cord_centripetal,IN23B081,,T1_PRONM
720575941430781065,False,optic_lobe_intrinsic_centrifugal,C3,,ME
720575941627520138,False,,CB3329,,AVLP
720575941623850122,False,,CB2225,,SPS
720575941487043725,True,chordotonal_organ_neuron,JO-B,right_antennal_nerve,AMMC
720575941413446801,False,,CB1231,,AMMC
720575941536228501,False,single_leg_neuromere,IN13B090,,T2_MESONM
720575941536326805,False,descending_neuron,DNnt008,,GNG
720575941572797597,False,,IN04B085,,T1_PRONM
720575941631157408,False,,IN09A023,,LTCT
720575941499888802,False,,CB0454,,GNG
720575941546321076,False,,IN06A079,,HTCT
720575941522564279,True,chordotonal_organ_neuron,JO-A,left_antennal_nerve,AVLP
720575941633713339,False,,CB0591,,GNG
720575941602321598,False,single_leg_neuromere,IN20A.22A061,,T2_MESONM
720575941441234111,False,ascending_neuron,AN19B009,,T3_METANM
720575941458961604,False,wing_motor_neuron,iii3,right_mesothoracic_accessory_nerve,HTCT
720575941642429640,False,sequential_leg_neuromeres,IN03B015,,INTTCT
720575941490812105,False,,CB1818,,PLP
720575941530166475,False,,IN20A.22A056,,T1_PRONM
720575941488780492,False,,IN14A081,,T1_PRONM
720575941486978256,False,ascending_neuron,AN19B100,,HTCT
720575941458666707,False,,IN20A.22A045,,T2_MESONM
720575941655504084,False,ascending_neuron,AN19B014,,T2_MESONM
720575941655569625,False,,IN19A017,,T1_PRONM
720575941470004445,False,descending_neuron,DNge027,,GNG
720575941496186081,False,single_leg_neuromere,IN20A.22A039,,T2_MESONM
720575941611791590,False,descending_neuron,DNp06,,AVLP
720575941611824358,False,ascending_neuron,AN04A001,,T2_MESONM
720575941537703144,False,descending_neuron,DNg04,,IPS
720575941493138663,False,single_leg_neuromere,IN09A033,,T3_METANM
720575941630928108,False,,CB0988,,GNG
720575941453980909,False,single_leg_neuromere,IN21A008,,T2_MESONM
720575941455684845,False,,IN08B064,,T2_MESONM
720575941568570618,False,,CB2001,,AVLP
720575941574173947,True,chordotonal_organ_neuron,JO-B,right_antennal_nerve,WED
720575941573616891,False,descending_neuron,DNp59,,ICL
720575941568308474,False,,IN13B100,,T3_METANM
720575941526955266,False,descending_neuron,DNge006,,GNG
720575941514208515,False,medulla_intrinsic,Mi1,,ME
720575941543437573,False,,CB1614,,AVLP
720575941484061958,False,,IN16B091,,T1_PRONM
720575941565097223,False,,IN03A060,,T2_MESONM
720575941574862089,False,,CB0033,right_antennal_nerve,IPS
720575941574698249,False,single_leg_neuromere,IN17A044,,T3_METANM
720575941559166223,False,,WED146a,,IPS
720575941510604048,False,,CB0238,,GNG
720575941446968596,False,single_leg_neuromere,IN09A031,,T2_MESONM
720575941467776278,False,antennal_lobe_output_neuron,AL-AST1,,AL
720575941464925462,False,leg_motor_neuron,long_tendon_muscle,left_prothoracic_leg_nerve,T1_PRONM
720575941637874975,False,single_leg_neuromere,IN21A017,,T2_MESONM
720575941641610527,False,,CB1502,,AVLP
720575941509457186,False,,PVLP114,,AVLP
720575941401814307,False,descending_neuron,DNxl049,,GNG
720575941732541739,False,ascending_neuron,AN10B034,,T2_MVAC
720575941588919607,False,single_leg_neuromere,IN12B034,,T1_PRONM
720575941475378491,False,single_leg_neuromere,IN21A016,,T2_MESONM
720575941440578879,False,,AVLP491,,AVLP
720575941472134464,False,,AVLP120,,AVLP
720575941478819137,False,,CB2278,,AVLP
720575941479015745,False,,IN00A002,,T2_MESONM
720575941512930636,False,,CB2034,,AMMC
720575941555725651,False,,CB1274,,AVLP
720575941464073558,False,,IN06A019,,HTCT
720575941464139094,False,single_leg_neuromere,IN03A007,,T2_MESONM
720575941533541720,False,ascending_neuron,AN06B026,,INTTCT
720575941577221465,False,single_leg_neuromere,IN13A001,,T3_METANM
720575941516830042,False,centrifugal_lobula_plate,cLP05,,SPS
720575941509129566,False,,PS076,,SPS
720575941475312992,False,,WED119,,WED
720575941474985312,False,,,,AVLP
720575941430650209,False,,IN04B019,,T1_PRONM
720575941625652588,False,,SAD005,,GNG
720575941520926062,False,,CB2494,,PLP
720575941412103535,False,ascending_neuron,AN12B089,,INTTCT
720575941404271984,False,,CB2415,,IPS
720575941568832882,False,,LAL028,,AVLP
720575941547763060,False,descending_neuron,DNfl037,,T1_PRONM
720575941636531573,False,ascending_neuron,AN08B071,,INTTCT
720575941638956405,False,,CB2195,,GNG
720575941580957049,False,,CB0164,,IPS
720575941663663484,False,,CL253,,PLP
720575941507065217,False,,CB1463,,AVLP
720575941509916033,False,,CB2510,,AVLP
720575941596095877,False,leg_motor_neuron,accessory_tibia_flexor,left_mesothoracic_leg_nerve,T2_MESONM
720575941586920838,False,,CB1384,,AVLP
720575941545764232,False,proboscis_motor_neuron,MN2V,right_maxillary-labial_nerve,GNG
720575941623457162,False,single_leg_neuromere,IN03B035,,T1_PRONM
720575941575419279,False,,IN03B028,,T2_MESONM
720575941463745936,False,ascending_neuron,AN09B012,,AMNP
720575941613888921,False,,CB3716,,SPS
720575941571487134,False,single_leg_neuromere,IN21A007,,T2_MESONM
720575941631976864,False,ascending_neuron,AN08B018,,T2_MESONM
720575941506311589,False,single_leg_neuromere,IN01B008,,T2_MESONM
720575941445035434,False,,AVLP306,,AVLP
720575941407614382,False,,CB3628,,AVLP
720575941408499118,False,,AVLP299_b,,AVLP
720575941494973872,False,serpentine_medulla,Sm41,,ME
720575941669856689,False,single_leg_neuromere,IN01A025,,T3_METANM
720575941481276858,False,,CB2872,,IPS
720575941483505082,False,single_leg_neuromere,IN21A018,,T3_METANM
720575941460927940,False,,PLP160,,PLP
720575941493106119,False,ascending_neuron,AN07B046,,INTTCT
720575941642692040,False,single_leg_neuromere,IN04B037,,T3_METANM
720575941489698249,False,,IN21A032,,T2_MESONM
720575941530166731,False,single_leg_neuromere,INXXX321,,T2_MESONM
720575941489993164,False,,,,LO
720575941528528331,False,single_leg_neuromere,IN09A012,,T2_MESONM
720575941537703373,False,single_leg_neuromere,IN17A028,,T1_PRONM
720575941531280843,False,single_leg_neuromere,IN17A058,,T2_MESONM
720575941508343250,False,,IN03B092,,INTTCT
720575941617755605,False,,PS049,,SPS
720575941433861591,False,,AVLP342,,AVLP
720575941703181786,False,single_leg_neuromere,INXXX464,,T3_METANM
720575941469677021,False,single_leg_neuromere,IN04B037,,T3_METANM
720575941481244128,False,ascending_neuron,AN01B002,,ABDNM
720575941500249569,False,lobula_plate_tangential_cell,LPT58,,IPS
720575941611529705,False,,AVLP033,,AVLP
720575941532427754,False,leg_motor_neuron,trochanter_flexor,left_prothoracic_accessory_nerve,T1_PRONM
720575941457290733,False,ventral_nerve_cord_neurosecretory_cell,EN00B008,left_prothoracic_accessory_nerve+left_prothoracic_leg_nerve+left_ventral_prothoracic_nerve+right_prothoracic_leg_nerve+right_prothoracic_accessory_nerve+right_ventral_prothoracic_nerve+right_prosternal_nerve,INTTCT
720575941649966577,False,single_leg_neuromere,IN12B024,,T3_METANM
720575941569750516,False,centrifugal_medulla,cM01c,,SPS
720575941624178172,False,,IN01B048,,T2_MESONM
720575941528495618,False,,AVLP040,,AVLP
720575941545502213,True,chordotonal_organ_neuron,JO-B,left_antennal_nerve,AMMC
720575941564212743,False,single_leg_neuromere,IN16B032,,T3_METANM
720575941574731272,False,descending_neuron,DNp46,,ICL
720575941575648777,False,,AVLP420_a,,AVLP
720575941535213066,False,,CB1274,,AVLP
720575941472462347,False,,AVLP084,,AVLP
720575941473019403,False,,CB0517,,GNG
720575941510800912,False,,CB2114,,AVLP
720575941653472785,False,,IN02A018,,HTCT
720575941437466130,False,single_leg_neuromere,IN19A024,,T1_PRONM
720575941510145552,False,,CL118,,GNG
720575941551302171,False,single_leg_neuromere,IN20A.22A006,,T1_PRONM
720575941476394526,False,,CB2191,,GNG
720575941476001310,False,single_leg_neuromere,IN12B037,,T3_METANM
720575941478589982,False,single_leg_neuromere,IN00A049,,T3_METANM
720575941435237920,False,,CB1233,,IPS
720575941508277794,False,sequential_leg_neuromeres,IN01A011,,T1_PRONM
720575941592458789,False,single_leg_neuromere,IN21A015,,T2_MESONM
720575941626897958,False,,IN04B102,,T2_MESONM
720575941595506213,False,,AVLP323,,AVLP
720575941472101930,False,,IN01B048,,T2_MESONM
720575941733197355,False,leg_motor_neuron,trochanter_flexor,right_mesothoracic_leg_nerve,T2_MESONM
720575941454898739,False,,INXXX153,,T3_METANM
720575941662516792,False,,CB1221,,AVLP
720575941629322809,False,campaniform_sensillum_neuron,SNpp30,left_anterior_dorsal_mesothoracic_nerve,AMNP
720575941473543744,False,proximal_medulla,Pm04,,ME
720575941505558085,False,ascending_neuron,AN05B044,,T1_PRONM
720575941459224134,True,chordotonal_organ_neuron,JO-B,right_antennal_nerve,AMMC
720575941453030983,False,descending_neuron,DNb07,,SPS
720575941500544585,False,optic_anterior,OA-AL2i3,,ME
720575941524366923,False,,CB0955,,AVLP
720575941447722574,False,sequential_leg_neuromeres,IN19A009,,T1_PRONM
720575941439563349,False,,CB0986,,IPS
720575941578499673,False,descending_neuron,DNge118,,GNG
720575941577811545,False,,CL187,,ICL
720575941542454876,False,leg_motor_neuron,tibia_flexor,left_prothoracic_leg_nerve,T1_PRONM
720575941449983581,False,descending_neuron,DNg15,,GNG
720575941509326430,False,single_leg_neuromere,IN08A006,,T2_MESONM
720575941509097054,False,,AVLP520,,AVLP
720575941562443362,False,ascending_neuron,AN10B020,,T3_METANM
720575941611988582,False,central_complex_output_neuron,GFC2,,T2_MESONM
720575941564573287,False,,IN08B076,,HTCT
720575941543601769,False,,IN11A030,,LTCT
720575941604943469,False,single_leg_neuromere,IN09A018,,T2_MESONM
720575941519451758,False,,IN20A.22A076,,T1_PRONM
720575941413185135,False,single_leg_neuromere,IN09A076,,T2_MESONM
720575941468268151,False,,IN06A057,,INTTCT
720575941583283833,False,centrifugal_medulla,cM01a,,SPS
720575941582268025,False,,CL257,,ICL
720575941499692667,False,,ATL042,,IB
720575941495793280,False,bristle_neuron,BM_Ant,right_antennal_nerve,GNG
720575941480556162,False,ascending_neuron,AN06A017,,NTCT
720575941593802373,False,leg_motor_neuron,tergotrochanter,right_ventral_prothoracic_nerve,T1_PRONM
720575941432747657,False,,,,ME
720575941625226890,False,,CB2186,,AVLP
720575941434975886,False,lateral_horn_output_neuron,LHPV3a2,,LH
720575941574698639,False,,CB1112,,AVLP
720575941462501008,False,,IN03A031,,T3_METANM
720575941626144411,False,,CB3200b,,GNG
720575941571716766,False,,AVLP149,,AVLP
720575941642528417,False,,IN01A075,,INTTCT
720575941505230501,False,ventral_nerve_cord_centripetal,IN23B018,,T1_PRONM
720575941528692390,False,,AVLP219,,AVLP
720575941670676135,False,,IN11A001,,INTTCT
720575941445133994,False,,LAL010,,LAL
720575941410334379,False,,AVLP550b,,AVLP
720575941669856945,False,ascending_neuron,AN03B009,,T2_MESONM
720575941575681718,False,,IN19B008,,WTCT
720575941530101432,False,,CB3275,,GNG
720575941633844923,False,,CB2745,,IB
720575941597505216,False,single_leg_neuromere,IN09A018,,T3_METANM
720575941501920962,False,single_leg_neuromere,IN12B025,,T1_PRONM
720575941461812932,False,,CB2847,,AVLP
720575941461092036,False,ascending_neuron,AN05B097,,AMNP
720575941480457926,False,single_leg_neuromere,IN09A017,,T2_MVAC
720575941497005767,False,lateral_horn_output_neuron,LHAD2c3c,,SCL
720575941645444808,False,descending_neuron,DNp22,,IPS
720575941487732432,False,leg_motor_neuron,accessory_tibia_flexor,left_metathoracic_leg_nerve,T3_METANM
720575941461518035,False,ascending_neuron,AN09B027,,AMNP
720575941458437843,False,,IN20A.22A046,,T2_MESONM
720575941618509525,False,distal_medulla,Dm13,,ME
720575941704722138,True,chordotonal_organ_neuron,JO-B,left_antennal_nerve,AMMC
720575941704492762,False,single_leg_neuromere,IN20A.22A005,,T2_MESONM
720575941583644382,False,wing_motor_neuron,DLM1-4,right_posterior_dorsal_mesothoracic_nerve,WTCT
720575941481834208,False,lobula_medulla_amacrine,CT1,,LO
720575941628471010,False,ventral_nerve_cord_dorsal,IN02A023,,INTTCT
720575941632304866,False,,IN08B006,,AMNP
720575941629421292,False,single_leg_neuromere,IN12B033,,T1_PRONM
720575941687944943,False,,CB3031,,AVLP
720575941688141551,False,,AVLP099,,AVLP
720575941649901297,False,ascending_neuron,AN12B019,,T2_MESONM
720575941537933042,False,,IN16B062,,WTCT
720575941666678515,False,,CB0432,,GNG
720575941570799348,False,single_leg_neuromere,IN13B004,,T2_MESONM
720575941569685242,False,,CB2086,,AVLP
720575941569357562,False,single_leg_neuromere,IN09A014,,T2_MESONM
720575941562115840,False,,IN19A117,,T3_METANM
720575941515421443,False,single_leg_neuromere,IN19A007,,T3_METANM
720575941390280452,False,,IN03A056,,T2_MESONM
720575941566506759,False,single_leg_neuromere,IN17A041,,T1_PRONM
720575941469546251,False,,CB0758,,AMMC
720575941466498838,False,single_leg_neuromere,IN09A013,,T1_PRONM
720575941504247575,False,single_leg_neuromere,IN17A001,,T1_PRONM
720575941527742233,False,,PLP217,,PLP
720575941508146978,False,antenna_motor_neuron,CB0750,right_antennal_nerve,GNG
720575941629781798,False,,AVLP566,,AVLP
720575941629716262,False,,AVLP299_c,,AVLP
720575941558675245,False,,IN16B094,,T1_PRONM
720575941477181233,False,,CB0125,,AVLP
720575941723432762,False,,CB0529,,GNG
720575941476919099,False,ascending_neuron,AN09B027,,AVLP
720575941551204157,False,,,,ME
720575941439563583,False,descending_neuron,DNge053,,VES
720575941476755265,False,,CB0090,,AMMC
720575941524465483,False,,CB0955,,AVLP
720575941576828753,False,single_leg_neuromere,IN12B023,,T3_METANM
720575941556971347,False,single_leg_neuromere,IN13A054,,T2_MESONM
720575941440677717,False,,CB1268,,IPS
720575941503985495,False,,INXXX063,,T3_METANM
720575941579548505,False,,CB2395b,,AVLP
720575941516175194,False,lateral_horn_output_neuron,LHPV2e1_a,,PLP
720575941440251739,False,,CB3245,,WED
720575941517092707,False,,CB3416,,AVLP
720575941543372649,False,leg_motor_neuron,trochanter_extensor,right_metathoracic_leg_nerve,T3_METANM
720575941546583913,False,,SMP546,,SMP
720575941623392108,False,ventral_nerve_cord_serially_convergent,IN18B005,,T2_MESONM
720575941604976493,False,single_leg_neuromere,IN17A022,,T2_MESONM
720575941604943725,False,,IN03A005,,T2_MESONM
720575941571127154,False,proximal_medulla,Pm09,,ME
720575941559691123,False,,SAD005,,GNG
720575941550286708,False,,AVLP369,,AVLP
720575941496088446,False,single_leg_neuromere,IN26X002,,T1_PRONM
720575941480490882,False,descending_neuron,DNfl035,,GNG
720575941535115139,False,,,,ME
720575941549598600,False,,Tm34,,ME
720575941591082892,True,chordotonal_organ_neuron,JO-B,right_antennal_nerve,AMMC
720575941393721238,False,,CB0649,,AVLP
720575941691254680,False,ascending_neuron,ANXXX130,,INTTCT
720575941626931099,False,,AVLP420_a,,AVLP
720575941573846941,False,descending_neuron,DNge094,,WED
720575941569652638,False,ventral_nerve_cord_dorsal,IN11A021,,INTTCT
720575941646165921,False,,,,LO
720575941645281185,False,,CB3200b,,GNG
720575941556381604,False,sequential_leg_neuromeres,IN01A010,,T1_PRONM
720575941672642471,False,proximal_distal_medulla_tangential,PDt,,ME
720575941564606376,False,lobula_columnar,LC11,,LO
720575941442381738,False,leg_motor_neuron,sternotrochanter,left_mesothoracic_leg_nerve,T2_MESONM
720575941431306159,False,,CB2801,,PLP
720575941669726129,False,descending_neuron,DNg85,,GNG
720575941448411061,False,,CB3631,,AMMC
720575941521385399,False,,AVLP532,,AVLP
720575941481179066,False,leg_motor_neuron,tibia_flexor,left_prothoracic_leg_nerve,T1_PRONM
720575941603764158,False,,CB0958,,AMMC
720575941504444354,False,single_leg_neuromere,IN03A010,,T2_MESONM
720575941462828996,False,ascending_neuron,AN07B046,,HTCT
720575941646526408,False,,PVLP100,,ICL
720575941623097290,False,single_leg_neuromere,IN12B039,,T3_METANM
720575941515061201,False,lateral_horn_local_neuron,LHPV4a1,,LH
720575941654816724,False,,CB2660,,AVLP
720575941430880215,False,lamina_wide_field,Lawf2,,ME
720575941516503000,False,,IN09A070,,T2_MVAC
720575941520271320,False,,AVLP548_d,,AVLP
720575941468235741,False,single_leg_neuromere,IN09A030,,T3_METANM
720575941587773406,False,,IN19A042,,T2_MESONM
720575941440645087,False,,PLP103c,,PLP
720575941538523107,False,lobula_columnar,LC17,,LO
720575941531805669,False,,CB0979,,GNG
720575941532985317,False,,IN04B107,,T3_METANM
720575941612480489,False,ascending_neuron,AN10B015,,T3_METANM
720575941533738986,False,,IN06B047,,WTCT
720575941623218172,False,leg_motor_neuron,tibia_flexor,right_prothoracic_leg_nerve,T1_PRONM
720575941539997682,False,,AVLP149,,AVLP
720575941576992757,False,single_leg_neuromere,IN21A047,,T2_MESONM
720575941431404536,False,,PPM1201,,VES
720575941513160697,False,,IN06B077,,INTTCT
720575941574469627,False,,CB0530,,IPS
720575941623130108,False,leg_motor_neuron,trochanter_flexor,left_mesothoracic_leg_nerve,T2_MESONM
720575941551073279,False,,,,PLP
720575941543962629,False,descending_neuron,DNg05,,GNG
720575941471676427,False,,LAL045,,VES
720575941472135179,False,,IN11B011,,INTTCT
720575941651507217,False,single_leg_neuromere,IN03A039,,T2_MESONM
720575941652850709,False,ascending_neuron,AN09B024,,AMNP
720575941525841945,False,lobula_columnar,LC17,,LO
720575941415020572,False,leg_motor_neuron,long_tendon_muscle,left_metathoracic_leg_nerve,T3_METANM
720575941543045149,False,descending_neuron,DNa09,,SPS
720575941544355869,False,,AVLP282,,AVLP
720575941640333343,True,chordotonal_organ_neuron,JO-B,right_antennal_nerve,AMMC
720575941594294312,False,,IN09B014,,T2_MESONM
720575941476067370,False,single_leg_neuromere,IN21A016,,T3_METANM
720575941561428013,False,single_leg_neuromere,IN13A010,,T2_MESONM
720575941478819889,False,,5-HTPMPV03,,SPS
720575941455063091,False,,CB2700,,GNG
720575941477935156,True,chordotonal_organ_neuron,JO-A,left_antennal_nerve,AMMC
720575941473642555,False,,PVLP140,,AVLP
720575941473151035,False,,CB0553,,GNG
720575941547337789,False,single_leg_neuromere,IN13A038,,T1_PRONM
720575941485635650,False,,CB1038,,AMMC
720575941514111043,False,,IN09A023,,LTCT
720575941460994118,False,,CB1557,,WED
720575941457127494,False,,IN13A027,,T1_PRONM
720575941573355592,False,neck_motor_neuron,ADNM2,right_cervical_nerve,NTCT
720575941513160780,False,,CB0595,,VES
720575941526693965,False,single_leg_neuromere,IN03B032,,T1_PRONM
720575941449984078,False,,AVLP421,,AVLP
720575941660289104,False,ascending_neuron,AN05B099,,ABDNM
720575941641971794,False,,IN21A058,,T2_MESONM
720575941556152403,False,single_leg_neuromere,IN16B039,,T2_MESONM
720575941440350293,False,descending_neuron,DNp71,,ICL
720575941576140889,False,,IN02A052,,HTCT
720575941441235035,False,,IN21A092,,T3_METANM
720575941474101344,False,ascending_neuron,AN02A002,,INTTCT
720575941433436257,False,,,,WED
720575941564835938,False,,IN03A046,,T1_PRONM
720575941545863273,False,bristle_neuron,SNta11,right_anterior_dorsal_mesothoracic_nerve,AMNP
720575941548255337,False,,,,ME
720575941479442538,False,,IN17A011,,HTCT
720575941590820971,False,,IN14A107,,T2_MESONM
720575941518436462,False,,IN21A027,,T2_MESONM
720575941592983665,False,ascending_neuron,ANXXX098,,LTCT
720575941570439282,False,,CB3415,,AVLP
720575941547337844,False,single_leg_neuromere,IN20A.22A039,,T2_MESONM
720575941548288116,False,,CB1805,,SPS
720575941472659575,False,,CB1538,,AMMC
720575941541996669,False,bristle_neuron,BM_Vib,right_eye_nerve,GNG
720575941619755135,False,,CB2155,,AVLP
720575941529282692,False,,CB2556,,AMMC
720575941595441285,False,sequential_leg_neuromeres,IN11A003,,T2_MESONM
720575941501921419,False,leg_motor_neuron,tibia_flexor,left_mesothoracic_leg_nerve,T2_MESONM
720575941413677204,False,,IN04B063,,T3_METANM
720575941573585054,True,chordotonal_organ_neuron,JO-B,right_antennal_nerve,NO_CONS
720575941645936801,False,,AVLP083,,AVLP
720575941499725986,False,,IN12A053,,INTTCT
720575941528463526,False,ascending_neuron,AN09A007,,T1_PRONM
720575941527840934,False,,IN06A099,,HTCT
720575941525219494,False,,IN11B022,,HTCT
720575941562771624,False,descending_neuron,DNnt012,,IPS
720575941611301037,False,,CB2865,,WED
720575941573290166,False,,IN13A041,,T1_PRONM
720575941530495160,True,chordotonal_organ_neuron,JO-A,left_antennal_nerve,AMMC
720575941482588346,False,,IN14A033,,T1_PRONM
720575941635516603,False,medulla_tangential,MTe29,,ME
720575941480917187,False,descending_neuron,DNge069,,GNG
720575941633124549,False,descending_neuron,DNxn157,,GNG
720575941634402501,False,lobula_intrinsic,Li17,,LO
720575941623130314,False,,IN14B004,,T1_PRONM
720575941514668241,False,single_leg_neuromere,IN13B004,,T2_MESONM
720575941462272211,False,sequential_leg_neuromeres,IN13A004,,T2_MESONM
720575941704853722,False,medulla_intrinsic,Mi1,,ME
720575941470628061,False,,AVLP547b,,AVLP
720575941537605859,False,single_leg_neuromere,IN09B005,,T3_METANM
720575941532854501,False,ascending_neuron,AN09B021,,AMNP
720575941613660390,False,medulla_lobula_lobula_plate_amacrine,Am1,,LOP
720575941612153065,False,,CB2287,,AVLP
720575941454080237,False,leg_motor_neuron,long_tendon_muscle,right_mesothoracic_leg_nerve,T2_MESONM
720575941653899505,False,,IN04B001,,T3_METANM
720575941605599478,False,distal_medulla,Dm13,,ME
720575941566802170,False,,IN12A036,,INTTCT
720575941591050494,False,descending_neuron,DNg32,,WED
720575941546191109,True,chordotonal_organ_neuron,JO-A,left_antennal_nerve,AMMC
720575941576173832,False,ascending_neuron,ANXXX250,,AVLP
720575941571520776,False,,IN21A075,,T2_MESONM
720575941687585036,False,ascending_neuron,ANXXX027,,AMNP
720575941464369421,False,ascending_neuron,ANXXX174,,T2_MESONM
720575941430389006,False,ventral_nerve_cord_dorsal,IN06A020,,HTCT
720575941511555344,False,descending_neuron,DNxl113,,VES
720575941652162833,False,,IN04B105,,T3_METANM
720575941615200531,False,,AVLP018,,AVLP
720575941447067924,True,chordotonal_organ_neuron,JO-B,right_antennal_nerve,AMMC
720575941466433814,False,,IN12A043,,NTCT
720575941655800088,False,single_leg_neuromere,IN13B037,,T2_MESONM
720575941437696288,False,lobula_medulla_amacrine,LMa4,,ME
720575941434943776,False,single_leg_neuromere,IN19A008,,T3_METANM
720575941509851426,False,proximal_medulla,Pm12,,ME
720575941508540706,False,,AVLP303,,AVLP
720575941592557861,False,single_leg_neuromere,IN20A.22A016,,T2_MESONM
720575941597899049,False,,IN08A036,,T1_PRONM
720575941476198698,False,lamina_wide_field,Lawf2,,ME
720575941733034283,False,descending_neuron,DNp19,,SPS
720575941351909680,False,single_leg_neuromere,IN13B037,,T2_MESONM
720575941501921586,False,,IN14A066,,T1_PRONM
720575941452704051,False,,CB1078,,AMMC
720575941588920631,False,abdomen_motor_neuron,EFFabg14,abdominal_nerve_trunk,ABDNM
720575941627095353,False,single_leg_neuromere,IN21A014,,T1_PRONM
720575941507328316,True,chordotonal_organ_neuron,JO-B,left_antennal_nerve,AMMC
720575941440809279,False,lobula_columnar,LC17,,LO
720575941484063042,False,,CB0989,,GNG
720575941515422019,False,,CB0860,,GNG
720575941588265284,False,,CB1781,,PLP
720575941611006282,False,single_leg_neuromere,IN16B045,,T2_MESONM
720575941643053394,False,single_leg_neuromere,IN01A025,,T1_PRONM
720575941501135191,False,,IN14B004,,T1_PRONM
720575941543995740,False,,CB0955,,AVLP
720575941643446629,False,,IN06A014,,HTCT
720575941520435566,False,,CL095,,ICL
720575941410007407,False,,IN08A023,,T2_MESONM
720575941593737585,False,,IN21A081,,T1_PRONM
720575941687355766,False,,IN20A.22A019,,T3_METANM
720575941471086967,False,,IN14A035,,T1_PRONM
720575941663467900,False,single_leg_neuromere,IN14A007,,T3_METANM
720575941537573245,False,single_leg_neuromere,IN23B032,,T1_PRONM
720575941663697276,False,,CB1182,,LH
720575941494155648,False,single_leg_neuromere,IN16B030,,T1_PRONM
720575941509818753,False,lobula_columnar,LC11,,LO
720575941481867650,True,chordotonal_organ_neuron,JO-B,right_antennal_nerve,AMMC
720575941481507202,False,,CB0788,,GNG
720575941480786306,False,,CB0057,,GNG
720575941527939460,False,ventral_nerve_cord_centripetal,IN23B023,,T2_MESONM
720575941586594182,False,,CB2664,,AMMC
720575941586233734,False,,WED109,,WED
720575941508639105,False,,CB0258,,VES
720575941485701517,False,,CB1903,,AVLP
720575941488126349,False,lobula_tangential,LT34,,ICL
720575941459650960,False,,IN13A030,,T3_METANM
720575941514406291,False,,CB1948,,AMMC
720575941414168980,False,,mALB2,,VES
720575941413448084,False,single_leg_neuromere,IN13A045,,T2_MESONM
720575941562804631,False,single_leg_neuromere,IN16B075,,T2_MESONM
720575941690108312,False,,CB3435,,AVLP
720575941612611993,False,,IN03B086,,INTTCT
720575941595802012,False,,IN12B063,,INTTCT
720575941673068967,False,medulla_medulla,MeMe_e13,,ME
720575941452179881,False,,IN19A114,,INTTCT
720575941454244265,False,,PS124,,IPS
720575941443922346,False,,PS084,,SPS
720575941609335213,False,,IN19A109,,T2_MESONM
720575941667236273,False,single_leg_neuromere,IN19A088,,T3_METANM
720575941535967666,False,,,,ME
720575941547239860,False,,AVLP075,,AVLP
720575941449329077,False,,CB3877,,AMMC
720575941527644600,False,descending_neuron,DNg57,,GNG
720575941633911227,False,descending_neuron,DNpe004,,SPS
720575941678541245,False,,IN01A063,,T1_PRONM
720575941442415039,False,,PVLP022,,AVLP
720575941536197057,False,,CB0010,,GNG
720575941630175685,False,,IN13A040,,T3_METANM
720575941627128266,False,,CB3877,,AMMC
720575941441432015,False,,CB1463,,AVLP
720575941508344274,False,single_leg_neuromere,IN20A.22A041,,T2_MESONM
720575941616937429,False,,AVLP579,,AVLP
720575941610482140,False,,IN13A044,,T2_MESONM
720575941468760541,False,,CB0677,,LAL
720575941583514078,False,single_leg_neuromere,IN13B090,,T2_MESONM
720575941436844511,False,,IN18B038,,T3_METANM
720575941631977954,False,lateral_horn_output_neuron,LHAD1g1,,AVLP
720575941631683042,False,single_leg_neuromere,IN21A011,,T3_METANM
720575941553859044,False,wedge_projection_neuron,WED056,,IPS
720575941631158754,False,,CB0689,,LAL
720575941667400179,False,ascending_neuron,AN08B071,,INTTCT
720575941522434551,False,,CB2370,,AVLP
720575941625457148,False,ascending_neuron,AN05B049,,LTCT
720575941588068862,False,single_leg_neuromere,IN23B087,,T3_METANM
720575941550909951,False,ascending_neuron,ANXXX072,,T2_MESONM
720575941551991295,False,descending_neuron,DNg16,,GNG
720575941394278916,False,descending_neuron,DNb07,,SPS
720575941575977480,False,,IN09B014,,T2_MESONM
720575941460896269,False,,IN13A050,,T3_METANM
720575941462960653,False,,CB3901,,GNG
720575941558839823,False,ventral_nerve_cord_centripetal,IN23B020,,T2_MESONM
720575941448182292,False,,PVLP138,,AVLP
720575941649246741,False,single_leg_neuromere,IN19A007,,T2_MESONM
720575941537278490,False,,IN01A063,,T1_PRONM
720575941435959840,True,chordotonal_organ_neuron,JO-B,right_antennal_nerve,NO_CONS
720575941508147746,False,neck_motor_neuron,CvN5,right_cervical_nerve,GNG
720575941561395757,False,,INXXX045,,T1_PRONM
720575941405878831,False,,IN19A070,,T3_METANM
720575941478492721,False,lobula_columnar,LC11,,LO
720575941477050929,False,,CB0204,,VES
720575941563329078,False,single_leg_neuromere,IN13A045,,T3_METANM
720575941505264188,False,single_leg_neuromere,IN14A025,,T2_MESONM
720575941548845629,False,central_complex_output_neuron,GFC2,,T2_MESONM
720575941513980483,False,,LAL028,,AVLP
720575941589117508,False,,CB3861,,AVLP
720575941574666824,False,,CB0381,,AVLP
720575941481146959,False,,CB3512,,AVLP
720575941482916431,False,,AVLP465a,,AVLP
720575941579221585,False,lamina_wide_field,Lawf2,,ME
720575941534853720,False,single_leg_neuromere,IN12B034,,T2_MESONM
720575941514930778,False,,IN21A026,,T2_MESONM
720575941544127068,True,chordotonal_organ_neuron,JO-A,left_antennal_nerve,SAD
720575941564279399,False,single_leg_neuromere,IN17A061,,T1_PRONM
720575941479639658,False,ascending_neuron,ANXXX093,,AMNP
720575941626374764,False,,CB1385,,AVLP
720575941596916337,False,,CB1934,,AVLP
720575941568146034,False,,CB1417,,AVLP
720575941640497781,False,,,,T2_MESONM
720575941452606074,True,chordotonal_organ_neuron,JO-B,left_antennal_nerve,AMMC
720575941663500924,False,single_leg_neuromere,IN26X001,,T1_PRONM
720575941495925374,False,,AVLP143b,,AVLP
720575941494975102,False,ascending_neuron,AN17B008,,T2_MESONM
720575941583186566,False,,IN21A045,,INTTCT
720575941503101579,False,,AVLP432,,AVLP
720575941414333073,False,single_leg_neuromere,IN09A021,,T2_MESONM
720575941392149142,False,wedge_projection_neuron,CB2778,,WED
720575941390740118,False,,IN13A045,,T3_METANM
720575941691026072,False,ventral_nerve_cord_centrifugal,IN18B011,,LTCT
720575941564705431,False,ascending_neuron,AN10B047,,T2_MESONM
720575941393722006,False,ascending_neuron,AN08B081,,AMNP
720575941572471454,False,descending_neuron,DNg108,,GNG
720575941459028639,False,single_leg_neuromere,IN01A038,,T1_PRONM
720575941456308895,False,single_leg_neuromere,IN20A.22A016,,T2_MESONM
720575941646264993,False,ascending_neuron,AN02A001,,INTTCT
720575941645347489,False,,AVLP299_b,,AVLP
720575941558479524,False,,ATL038,,CRE
720575941517814444,False,single_leg_neuromere,IN13B009,,T2_MESONM
720575941492320944,False,bristle_neuron,SNta42,right_ventral_prothoracic_nerve,T1_PRONM
720575941521779379,False,,,,ME
720575941576043190,False,,IN06B016,,AMNP
720575941603764921,False,,IN19B015,,T3_METANM
720575941681949373,False,,AVLP222,,AVLP
720575941483145923,False,,PS118,,IPS
720575941632895685,False,single_leg_neuromere,IN20A.22A002,,T2_MESONM
720575941480852166,False,,CB1078,,AMMC
720575941632862917,False,,IN19A081,,T1_PRONM
720575941484096198,False,lobula_intrinsic,Li10,,LO
720575941491272393,False,leg_motor_neuron,trochanter_flexor,left_metathoracic_leg_nerve,T3_METANM
720575941540391629,False,lateral_horn_output_neuron,LHPV2i2a,,PLP
720575941492320974,False,,AVLP500,,AVLP
720575941513325265,False,,AVLP451c,,AVLP
720575941461224147,False,ventral_nerve_cord_serially_convergent,IN06B015,,T3_METANM
720575941612251868,False,single_leg_neuromere,IN21A012,,T1_PRONM
720575941469842141,False,wedge_projection_neuron,WED015,,AVLP
720575941481245408,False,distal_medulla,Dm20,,ME
720575941537344227,False,single_leg_neuromere,IN12B003,,T3_METANM
720575941553564388,False,single_leg_neuromere,IN14A110,,T2_MESONM
720575941610351337,False,,IN19A118,,T1_PRONM
720575941535148778,False,ascending_neuron,AN19B028,,INTTCT
720575941505100523,True,chordotonal_organ_neuron,JO-A,right_antennal_nerve,AMMC
720575941631945452,False,ascending_neuron,dMS9,,INTTCT
720575941560085230,False,,IN23B036,,T3_METANM
720575941459454704,False,neck_motor_neuron,CvN7,left_cervical_nerve,GNG
720575941520337655,False,,IN08B037,,T1_PRONM
720575941515815673,False,,CB0307,,AMMC
720575941624900348,False,,AVLP535,,AVLP
720575941549009663,False,leg_motor_neuron,sternal_posterior_rotator,left_prothoracic_accessory_nerve,T1_PRONM
720575941394148100,False,lobula_medulla_amacrine,LMa4,,ME
720575941688830732,False,,SAD084,,VES
720575941653474069,False,proximal_medulla,Pm10,,ME
720575941467777814,False,,CB3887,,GNG
720575941543013149,False,,AVLP312b,,AVLP
720575941642103583,False,,CB1717,,AVLP
720575941399292707,False,single_leg_neuromere,IN13B025,,T3_METANM
720575941594721063,False,wedge_projection_neuron,WED015,,WED
720575941595310887,False,,IN01A003,,T1_PRONM
720575941601930025,False,,CB3302,,AVLP
720575941601667881,False,,PVLP140,,AVLP
720575941567195950,False,single_leg_neuromere,IN13A018,,T3_METANM
720575941567818542,False,,CB1053,,SPS
720575941628242745,False,,PVLP080b,,AVLP
720575941472561979,False,,IN11B023,,HTCT
720575941549927229,False,ascending_neuron,ANXXX043,,ABDNM
720575941588200260,False,,CB1280,,AMMC
720575941460994886,False,,5-HTPLP01,,AVLP
720575941610122058,False,single_leg_neuromere,IN16B042,,T3_METANM
720575941525252939,False,wedge_projection_neuron,SAD030,,SAD
720575941513096012,False,descending_neuron,DNnt015,,IPS
720575941517323098,False,,CB3701,,AVLP
720575941514963811,False,neck_motor_neuron,VCvN3,left_ventral_cervical_nerve,GNG
720575941611367270,False,,CB2893,,GNG
720575941566180199,False,descending_neuron,DNg89,,GNG
720575941575682920,False,single_leg_neuromere,IN21A087,,T2_MESONM
720575941545438057,False,,IN17A065,,T1_PRONM
720575941475773290,False,,IN07B094,,HTCT
720575941625228140,False,,CB1498,,AVLP
720575941607795565,False,,PS276,,SPS
720575941519453038,False,,IN06B054,,INTTCT
720575941518601070,False,,CL112,,VES
720575941605600109,False,single_leg_neuromere,IN16B029,,T1_PRONM
720575941595966321,False,ventral_nerve_cord_serially_convergent,IN07B012,,T2_MESONM
720575941558807411,False,descending_neuron,DNfl015,,T1_PRONM
720575941548878708,False,,IN20A.22A070,,T2_MESONM
720575941547404148,False,,IN03A031,,T3_METANM
720575941471808375,False,descending_neuron,DNxn125,,IPS
720575941472693111,False,centrifugal_lobula,cL20,,SPS
720575941451787130,False,,,,LO
720575941664418684,False,ventral_nerve_cord_centripetal,IN23B007,,T1_PRONM
720575941492452222,False,neck_motor_neuron,DProN4,left_dorsal_prothoracic_nerve,NTCT
720575941495663488,False,single_leg_neuromere,IN19A016,,T3_METANM
720575941510310785,False,lobula_medulla_amacrine,LMa4,,ME
720575941481147266,True,chordotonal_organ_neuron,JO-B,left_antennal_nerve,AMMC
720575941597866885,False,,AVLP087,,AVLP
720575941431077769,False,,IN03A026,,T3_METANM
720575941432683401,False,serpentine_medulla,Sm37,,ME
720575941415611281,True,chordotonal_organ_neuron,JO-B,right_antennal_nerve,AMMC
720575941538524053,False,,CB1422,,AVLP
720575941616642969,False,,CB1780,,AVLP
720575941615299481,False,,IN13A028,,T3_METANM
720575941482556323,False,,PS184,,PLP
720575941559102372,False,,,,ME
720575941528169382,False,,CL001,,ICL
720575941406763950,False,,CB1143,,AVLP
720575941490813872,False,,IN11A028,,HTCT
720575941669792689,False,single_leg_neuromere,IN14A011,,T2_MESONM
720575941681032125,False,descending_neuron,DNg02,,SPS
720575941442251711,False,,,,AVLP
720575941533182913,False,single_leg_neuromere,IN01B006,,T2_MESONM
720575941458373587,False,,IN06A024,,INTTCT
720575941612284892,False,single_leg_neuromere,IN23B044,,T2_MESONM
720575941469678557,False,descending_neuron,DNg09,,AMMC
720575941615332316,False,centrifugal_lobula,cL16,,SPS
720575941500677089,False,proximal_medulla,Pm10,,ME
720575941628636130,False,campaniform_sensillum_neuron,SApp17,right_dorsal_metathoracic_nerve,HTCT
720575941534067685,False,descending_neuron,DNxl118,,T1_PRONM
720575941491895271,False,,PLP163,,PLP
720575941533543402,False,ascending_neuron,AN10B022,,T2_MVAC
720575941503790059,False,,CB0630,,SPS
720575941632338924,False,,CB0509,,SPS
720575941539048434,False,single_leg_neuromere,IN09A016,,T3_METANM
720575941482884093,False,,CB0979,,AMMC
720575941552024575,False,ascending_neuron,AN07B005,,T2_MESONM
720575941527743490,False,,PVLP123c,,AVLP
720575941565393927,False,ascending_neuron,AN18B053,,INTTCT
720575941574568968,False,,IN09A029,,T2_MVAC
720575941511883792,False,,PS108,,SPS
720575941614906387,False,descending_neuron,MDN,,LAL
720575941613661203,False,,CB1222,,IPS
720575941655866392,False,,IN06B021,,INTTCT
720575941543046173,False,,WED166_d,,WED
720575941544127517,False,,WED104,,AVLP
720575941640465439,False,wing_motor_neuron,DLM1-4,left_posterior_dorsal_mesothoracic_nerve,WTCT
720575941596523557,True,chordotonal_organ_neuron,JO-B,right_antennal_nerve,AMMC
720575941595376677,False,descending_neuron,DNxn143,,VES
720575941595311143,False,single_leg_neuromere,IN13A003,,T1_PRONM
720575941626801190,False,,IN08A030,,T1_PRONM
720575941592919080,False,sequential_leg_neuromeres,IN17A007,,T1_PRONM
720575941593279528,False,,AVLP251,,AVLP
720575941734116395,True,chordotonal_organ_neuron,JO-B,right_antennal_nerve,AMMC
720575941730020395,False,haltere_motor_neuron,MNhm43,right_first_abdominal_nerve,HTCT
720575941569096750,False,,AVLP100,,AVLP
720575941628636217,False,ascending_neuron,ANXXX027,,T2_MESONM
720575941722221626,False,campaniform_sensillum_neuron,SNpp30,left_anterior_dorsal_mesothoracic_nerve,AMNP
720575941505657916,False,,CB3177,,IPS
720575941487373378,False,,CB1205,,AVLP
720575941512342595,False,,IN16B038,,T1_PRONM
720575941588003908,False,ventral_nerve_cord_dorsal,IN02A020,,INTTCT
720575941508279365,False,,CB0997,,LH
720575941573487688,False,,CB1205,,AVLP
720575941475314784,False,,SAD014,,GNG
720575941430357089,False,,CL104,,ICL
720575941640957029,False,,IN08B087,,INTTCT
720575941640891493,False,,IN13A032,,T2_MESONM
720575941607468141,True,chordotonal_organ_neuron,JO-A,right_antennal_nerve,NO_CONS
720575941608778861,True,chordotonal_organ_neuron,JO-B,right_antennal_nerve,AMMC
720575941413776495,False,,CB1078,,AMMC
720575941518437486,False,single_leg_neuromere,IN09A026,,T2_MESONM
720575941561363571,False,,,,ME
720575941688896630,False,,PS156,,SPS
720575941472070775,False,ascending_neuron,AN02A016,,INTTCT
720575941685980278,False,,IN08B083,,LTCT
720575941644889208,False,,IN01A062,,INTTCT
720575941539638397,False,,CL252,,AVLP
720575941496646784,False,ventral_nerve_cord_dorsal,IN05B032,,T3_METANM
720575941505887361,False,,IN03B086,,INTTCT
720575941456342175,False,,IN01A050,,INTTCT
720575941456506015,False,descending_neuron,DNg23,,GNG
720575941644332193,False,,CB1202,,IPS
720575941564607656,False,,CB0619,,GNG
720575941562051752,False,,IN04B055,,T2_MESONM
720575941517814956,False,single_leg_neuromere,IN23B024,,T2_MESONM
720575941670382769,False,lateral_horn_output_neuron,LHPV2g1,,LH
720575941535280306,False,,AVLP572,,AVLP
720575941633846459,False,,AVLP316,,AVLP
720575941605174462,False,ascending_neuron,AN05B007,,T1_PRONM
720575941481934022,False,single_leg_neuromere,IN14A076,,T1_PRONM
720575941489274057,False,descending_neuron,DNge046,,GNG
720575941491829966,False,,CB0414,,AVLP
720575941512637650,True,chordotonal_organ_neuron,JO-B,left_antennal_nerve,AMMC
720575941612317916,False,single_leg_neuromere,IN23B037,,T2_MESONM
720575941471546589,False,lobula_medulla_amacrine,LMa1,,LO
720575941538655459,False,,CB1717,,AVLP
720575941539376355,False,,CB0195,,IPS
720575941611138278,False,,CB0986,,IPS
720575941610056934,False,,IN07B068,,HTCT
720575941503528171,False,descending_neuron,DNg02,,SPS
720575941632371948,False,ascending_neuron,AN09B004,,T1_PRONM
720575941560970478,False,,IB010,,IB
720575941460471024,True,chordotonal_organ_neuron,JO-B,left_antennal_nerve,SAD
720575941649738993,False,,IN01A050,,INTTCT
720575941669104883,False,,IN07B014,,T1_PRONM
720575941601209590,False,ventral_nerve_cord_dorsal,IN11A018,,INTTCT
720575941624212732,False,ascending_neuron,ANXXX075,,T1_PRONM
720575941484981501,False,,AVLP429,,AVLP
720575941391756548,False,descending_neuron,DNfl028,,GNG
720575941687586060,False,ascending_neuron,ANXXX041,,T1_PRONM
720575941438483730,False,,IN07B006,,INTTCT
720575941615332627,False,,,,ME
720575941465484566,False,,w-cHIN,,HTCT
720575941655866648,False,,IN21A063,,INTTCT
720575941526269209,False,,CB3615,,GNG
720575941403225379,False,single_leg_neuromere,IN00A009,,AMNP
720575941558381860,False,descending_neuron,DNxn183,,AVLP
720575941600259369,False,sequential_leg_neuromeres,IN12A001,,T2_MESONM
720575941733657899,False,,CB1029,,IPS
720575941561396525,False,sequential_leg_neuromeres,IN01A011,,T3_METANM
720575941561658669,False,,ATL025,,CRE
720575941562510637,False,,SAD070,,PLP
720575941505559858,False,,CB0341,,GNG
720575941454998835,False,,CB1549,,AVLP
720575941567589686,False,ascending_neuron,AN17B005,,WTCT
720575941487406402,False,,,,AVLP
720575941514046787,False,,INXXX363,,ABDNM
720575941459127622,False,,WEDPN1B,,AMMC
720575941570833736,False,leg_motor_neuron,accessory_tibia_flexor,left_prothoracic_leg_nerve,T1_PRONM
720575941449887054,False,serpentine_medulla,Sm07,,ME
720575941644070226,False,single_leg_neuromere,IN20A.22A002,,T1_PRONM
720575941554253139,False,,SAD077,,AMMC
720575941467352406,False,,INXXX467,,T2_MESONM
720575941579550041,False,,CB0440,,AVLP
720575941585415519,False,,CB3560,,IPS
720575941514046819,False,single_leg_neuromere,IN13B035,,T3_METANM
720575941527842148,False,ascending_neuron,AN09B021,,AMNP
720575941566475623,False,ascending_neuron,AN09B020,,T1_PRONM
720575941573913960,False,single_leg_neuromere,IN13A014,,T2_MESONM
720575941547732329,False,,AVLP154,,AVLP
720575941623557484,False,single_leg_neuromere,IN21A023,,T2_MESONM
720575941519453550,False,descending_neuron,DNxn168,,AVLP
720575941409975663,False,,IN13A025,,T2_MESONM
720575941413514607,False,descending_neuron,DNxn154,,VES
720575941597212017,False,,CB0345,,WED
720575941569817970,False,,CB2501,,IPS
720575941568998770,False,lamina_wide_field,Lawf2,,ME
720575941580762489,False,single_leg_neuromere,IN17A028,,T2_MESONM
720575941498482043,False,,IN19A017,,INTTCT
720575941496253819,False,single_leg_neuromere,IN01A030,,T1_PRONM
720575941663174012,False,,CB2278,,AVLP
720575941508541825,False,,AVLP299_b,,AVLP
720575941593836933,False,,IN06B047,,INTTCT
720575941550878087,False,,w-cHIN,,HTCT
720575941549206920,False,,AVLP544,,AVLP
720575941626211722,False,,,,ME
720575941501332875,False,,CB0956,,AMMC
720575941503888779,False,,,,LOP
720575941515980179,False,,CB1145,,IPS
720575941393657238,False,,CB2115,,GNG
720575941566672279,False,,CB3000,,AVLP
720575941615267225,False,single_leg_neuromere,IN13B011,,T2_MESONM
720575941459422623,False,leg_motor_neuron,tibia_flexor,left_mesothoracic_leg_nerve,T2_MESONM
720575941646790049,False,,LT1,,LO
720575941498908066,False,,IN23B005,,AMNP
720575941671497127,False,,CB3745,,IPS
720575941560675752,False,,IN13A030,,T3_METANM
720575941454245289,False,,PLP017,,PLP
720575941446282666,False,single_leg_neuromere,IN13A005,,T1_PRONM
720575941519191468,False,,AVLP520,,AVLP
720575941520043443,False,,IN20A.22A072,,T2_MESONM
720575941520797107,False,,CB2006,,AVLP
720575941604421049,False,,CB1678,,AVLP
720575941602323897,False,descending_neuron,DNa04,,SPS
720575941679001021,False,leg_motor_neuron,sternal_posterior_rotator,left_metathoracic_leg_nerve,T3_METANM
720575941438713279,False,ventral_nerve_cord_dorsal,IN00A050,,INTTCT
720575941632896453,False,ventral_nerve_cord_dorsal,IN07B033,,HTCT
720575941483998662,False,,AVLP465b,,AVLP
720575941531315659,True,chordotonal_organ_neuron,JO-B,right_antennal_nerve,AMMC
720575941488553422,False,single_leg_neuromere,IN16B020,,T1_PRONM
720575941486980560,False,ascending_neuron,AN12B006,,T3_METANM
720575941487865296,False,single_leg_neuromere,IN26X002,,T2_MESONM
720575941429439959,False,,IN06B019,,INTTCT
720575941517716952,False,single_leg_neuromere,IN01A032,,T1_PRONM
720575941535149539,False,,IN07B065,,LTCT
720575941553466852,False,,IN20A.22A058,,T2_MESONM
720575941536656867,False,,IN06A035,,HTCT
720575941538033123,False,transverse_neuron,T3,,LO
720575941612940774,False,single_leg_neuromere,IN09A006,,T1_PRONM
720575941534789096,False,single_leg_neuromere,IN12B026,,T3_METANM
720575941613137385,False,medulla_intrinsic,Mi4,,ME
720575941534068197,False,single_leg_neuromere,IN01B021,,T2_MESONM
720575941632044524,False,single_leg_neuromere,IN19A030,,T1_PRONM
720575941456801261,False,,CB3692,,AMMC
720575941560184302,False,,AVLP475b,,AVLP
720575941569523188,False,lamina_wide_field,Lawf2,,ME
720575941580074485,False,ascending_neuron,AN07B037,,NTCT
720575941525351938,False,single_leg_neuromere,IN01B010,,T2_MESONM
720575941487734278,False,,CB2432,,AVLP
720575941687455244,False,single_leg_neuromere,INXXX321,,T2_MESONM
720575941465157133,False,,CB1231,,GNG
720575941438942738,False,ascending_neuron,ANXXX024,,T2_MESONM
720575941445299732,False,,IN04B093,,T1_PRONM
720575941467516438,False,,SAD013,left_antennal_nerve,WED
720575941507231255,False,,LAL013,,LAL
720575941538360858,False,,,,LO
720575941555465755,False,,AVLP396,,AVLP
720575941401030179,False,,CB3416,,AVLP
720575941402045987,False,,WED100,,IPS
720575941626932774,False,,IN01B067,,T2_MESONM
720575941597703721,False,single_leg_neuromere,IN13B082,,T2_MESONM
720575941478788657,False,lobula_tangential,LT53,,LO
720575941456178739,False,serpentine_medulla,Sm07,,ME
720575941478100532,True,chordotonal_organ_neuron,JO-B,right_antennal_nerve,AMMC
720575941452213811,False,single_leg_neuromere,IN21A044,,T2_MESONM
720575941627260473,False,,CB1427,,AMMC
720575941440220735,False,,CB2510,,AVLP
720575941479149121,True,chordotonal_organ_neuron,JO-B,right_antennal_nerve,AMMC
720575941454376519,False,descending_neuron,DNxl127,,GNG
720575941511491148,False,single_leg_neuromere,IN13A009,,T2_MESONM
720575941658848848,False,,CB2225,,SPS
720575941464075862,False,single_leg_neuromere,IN12B023,,T2_MESONM
720575941534887512,False,ascending_neuron,AN07B052,,INTTCT
720575941440417371,False,medulla_intrinsic,Mi1,,ME
720575941506772574,False,,IN00A020,,LTCT
720575941565099623,False,ascending_neuron,AN19B004,,T1_PRONM
720575941545471593,False,ventral_nerve_cord_dorsal,IN11A021,,INTTCT
720575941546454633,False,,IN05B012,,T3_METANM
720575941604912749,False,,INXXX027,,ABDNM
720575941516734062,False,,IN04B081,,T2_MESONM
720575941607730797,False,,WED057,,IPS
720575941609172589,False,,CB1964,,AVLP
720575941638467189,True,chordotonal_organ_neuron,JO-B,right_antennal_nerve,AMMC
720575941496614528,False,,IN14A054,,T2_MESONM
720575941507526273,False,single_leg_neuromere,IN01A015,,T1_PRONM
720575941527973508,False,ascending_neuron,AN12B055,,T1_PRONM
720575941596720773,False,,PVLP030,,AVLP
720575941627522698,False,,IN03A033,,T2_MESONM
720575941462503056,False,single_leg_neuromere,IN21A005,,T2_MESONM
720575941540195989,True,chordotonal_organ_neuron,JO-B,right_antennal_nerve,AMMC
720575941576240797,False,,PS220,,IPS
720575941570309790,False,,IN13A035,,T1_PRONM
720575941526892198,False,ascending_neuron,AN07B056,,HTCT
720575941562150568,False,leg_motor_neuron,sternal_posterior_rotator,right_metathoracic_leg_nerve,T3_METANM
720575941411876523,False,bristle_neuron,BM_Ant,left_antennal_nerve,GNG
720575941516111532,False,single_leg_neuromere,IN13A020,,T2_MESONM
720575941535018674,False,single_leg_neuromere,IN21A011,,T3_METANM
720575941633748667,False,,AVLP045,,AVLP
720575941536460481,False,lateral_horn_centrifugal_neuron,LHCENT11,,CRE
720575941536231105,False,descending_neuron,DNg08,,GNG
720575941632929477,False,,PS303,,IPS
720575941528530635,False,,IN00A058,,T3_METANM
720575941537705677,False,,IN20A.22A040,,T1_PRONM
720575941488029392,False,,WED109,,WED
720575941461356243,False,ascending_neuron,AN09B002,,T1_PRONM
720575941656751828,False,,CL313,,AVLP
720575941614874325,False,,IN17A029,,AMNP
720575941653507801,False,,IN06A094,,HTCT
720575941613694684,False,,CB0144,,GNG
720575941469089501,False,,SAD016,,AVLP
720575941588201182,False,,,,AVLP
720575941537214179,False,,CB0174,,GNG
720575941553598180,False,single_leg_neuromere,IN08A006,,T3_METANM
720575941561003758,False,,CB3067,,AVLP
720575941575388923,False,,AVLP577,,AVLP
720575941483835133,False,,PVLP080a,,AVLP
720575941556809473,False,,PVLP033,,AVLP
720575941515489027,True,chordotonal_organ_neuron,JO-B,right_antennal_nerve,AMMC
720575941543636741,False,,IN19A052,,T3_METANM
720575941534658314,False,single_leg_neuromere,IN14A010,,T1_PRONM
720575941470826251,False,,CB2205,,IPS
720575941689487116,False,,CB2178,,AVLP
720575941560610575,False,single_leg_neuromere,IN12B018,,INTTCT
720575941510475536,False,descending_neuron,DNa02,,LAL
720575941449330452,False,,CB2162,right_antennal_nerve,AMMC
720575941467647766,False,,CB1724,,AVLP
720575941507034903,True,chordotonal_organ_neuron,JO-B,right_antennal_nerve,AMMC
720575941464698646,False,,IN13A050,,T1_PRONM
720575941542424349,True,chordotonal_organ_neuron,JO-B,right_antennal_nerve,NO_CONS
720575941541703453,False,ascending_neuron,AN07B072,,HTCT
720575941592559397,False,,IN23B008,,LTCT
720575941592461093,False,,IN08A043,,T2_MESONM
720575941596426021,False,,PLP092,,SPS
720575941476134705,False,,IN04B063,,T3_METANM
720575941477969713,False,,CB1908,,AVLP
720575941628931897,False,,AVLP502,,AVLP
720575941724581690,False,descending_neuron,DNxn165,,T2_MESONM
720575941440188223,False,,CB3983,,AVLP
720575941469024064,False,single_leg_neuromere,INXXX466,,T1_PRONM
720575941477281601,False,,CB1638,,AMMC
720575941471055680,False,,CB1098,,GNG
720575941588004676,False,,IN08B037,,T1_PRONM
720575941586431812,False,ascending_neuron,AN18B023,,NTCT
720575941572734792,False,,CB2187,,AVLP
720575941609795402,False,,CB0129,,IPS
720575941428981588,True,chordotonal_organ_neuron,JO-B,left_antennal_nerve,AMMC
720575941426163540,False,,CB1012,,SPS
720575941468532566,False,centrifugal_lobula_plate,cLP03,,IPS
720575941501103959,False,,IN00A064,,INTTCT
720575941532495704,False,,IN04B015,,T1_PRONM
720575941505494871,False,descending_neuron,DNg104,,GNG
720575941534789464,False,,,,ME
720575941442482011,False,,IB092,,SPS
720575941584760671,False,,IB095,,IB
720575941642596197,True,chordotonal_organ_neuron,JO-B,right_antennal_nerve,AMMC
720575941613399910,False,ascending_neuron,AN05B049,,LTCT
720575941644693349,False,,CL272_a,,ICL
720575941575815016,False,,IN12B053,,T2_MESONM
720575941544914793,False,,IN17A020,,T1_PRONM
720575941570441074,False,,CB1074,,WED
720575941568245618,False,single_leg_neuromere,IN20A.22A024,,T3_METANM
720575941639384949,False,,AVLP140,,WED
720575941637812085,False,single_leg_neuromere,IN21A004,,T1_PRONM
720575941453098874,False,distal_medulla,Dm15,,ME
720575941534003075,False,ascending_neuron,AN08B018,,T2_MVAC
720575941595475845,False,single_leg_neuromere,IN13A001,,T2_MESONM
720575941554483079,False,,SAD023,,AMMC
720575941462470544,False,single_leg_neuromere,IN19A004,,T3_METANM
720575941537968021,False,,IN03A032,,T2_MESONM
720575941691092888,False,,AVLP295,,AVLP
720575941616611225,False,single_leg_neuromere,IN21A008,,T3_METANM
720575941597605788,False,,CB1542,,AMMC
720575941572669342,False,descending_neuron,DNb06,,IPS
720575941456310175,False,single_leg_neuromere,IN19A064,,T2_MESONM
720575941456146335,False,single_leg_neuromere,IN23B028,,T2_MESONM
720575941504282533,False,,CB1836,,SPS
720575941528694694,False,,CB1989,,AVLP
720575941412990891,False,lobula_tangential,LT53,,PLP
720575941518995372,False,,CB2108,,AVLP
720575941668941745,True,chordotonal_organ_neuron,JO-B,right_antennal_nerve,NO_CONS
720575941669105585,False,,CB2834,,WED
720575941536034738,False,,CB2930,,AVLP
720575941521190835,False,leg_motor_neuron,tibia_flexor,left_metathoracic_leg_nerve,T3_METANM
720575941536427954,False,,CB2103,,IPS
720575941449985973,False,,PVLP080b,,AVLP
720575941530464184,False,ascending_neuron,AN07B049,,NTCT
720575941482098618,False,,PS087,,SPS
720575941680312253,False,wedge_projection_neuron,WED015,,AVLP
720575941503659970,False,,IN19B105,,HTCT
720575941482229699,False,,AVLP253,,AVLP
720575941634600901,False,,,,LO
720575941537804237,False,,CB3207,,AMMC
720575941492912078,False,medulla_medulla,MeMe_e01,,ME
720575941441990607,False,single_leg_neuromere,IN21A003,,T3_METANM
720575941489733584,False,ventral_nerve_cord_serially_convergent,IN06B015,,T2_MESONM
720575941511393233,False,,IN06B013,,INTTCT
720575941690044379,False,,CB3435,,AVLP
720575941613367260,False,,IN06B047,,HTCT
720575941690109915,False,,CB1552,,AVLP
720575941532856293,False,,CB1620,,AVLP
720575941612777446,False,,,,AVLP
720575941532626917,False,,PS234,,IPS
720575941537738728,False,,CB3685,,AVLP
720575941456179181,False,,CB1074,,WED
720575941650034673,False,,CB0047,,GNG
720575941538951154,False,,IN19A052,,T3_METANM
720575941568835572,False,single_leg_neuromere,IN12B003,,T2_MESONM
720575941603635190,False,wing_motor_neuron,DVM1a-c,right_anterior_dorsal_mesothoracic_nerve,WTCT
720575941432324088,False,,,,T2_MESONM
720575941515554809,False,lamina_wide_field,Lawf2,,ME
720575941483671549,True,chordotonal_organ_neuron,JO-B,right_antennal_nerve,AMMC
720575941550911487,False,single_leg_neuromere,IN12B043,,T1_PRONM
720575941549240319,False,,IN19A033,,T3_METANM
720575941561888768,False,single_leg_neuromere,IN20A.22A023,,T3_METANM
720575941543669765,False,,IN06A065,,INTTCT
720575941546291205,False,,,,LO
720575941485309958,False,,CB0958,,AMMC
720575941472825355,False,single_leg_neuromere,IN20A.22A001,,T2_MESONM
720575941655736344,False,leg_motor_neuron,long_tendon_muscle,right_metathoracic_leg_nerve,T3_METANM
720575941658619928,False,sequential_leg_neuromeres,IN19A014,,T2_MESONM
720575941537607706,True,chordotonal_organ_neuron,JO-B,left_antennal_nerve,AMMC
720575941551829019,False,,SAD053,,AMMC
720575941527613465,False,lobula_tangential,LT51,,SPS
720575941437894688,False,ventral_nerve_cord_serially_convergent,IN01A001,,T1_PRONM
720575941353910320,True,chordotonal_organ_neuron,JO-B,left_antennal_nerve,AMMC
720575941504512050,False,,IN14A098,,T3_METANM
720575941662388280,False,,IN19B004,,T3_METANM
720575941663961144,False,,,,ME
720575941724713018,False,,AOTU033,,SPS
720575941475577915,False,,CL109,,ICL
720575941504413756,False,,CB3029,,AVLP
720575941478854721,False,single_leg_neuromere,IN01B033,,T1_PRONM
720575941514047555,False,single_leg_neuromere,IN20A.22A006,,T3_METANM
720575941500579913,False,leg_motor_neuron,TTMn,right_posterior_dorsal_mesothoracic_nerve,T2_MESONM
720575941524172875,False,leg_motor_neuron,accessory_tibia_flexor,left_metathoracic_leg_nerve,T3_METANM
720575941450674254,False,,CB1717,,AVLP
720575941451591758,False,,AVLP266,,AVLP
720575941555761235,False,antennal_lobe_centrifugal_neuron,ALIN5,,GNG
720575941467877462,False,,CB2491,,AVLP
720575941578600537,False,,AVLP348,,AVLP
720575941515915354,False,ventral_nerve_cord_centripetal,IN23B081,,T3_METANM
720575941586006111,False,descending_neuron,DNp103,,AVLP
720575941583384671,False,antenna_motor_neuron,CB0886,right_antennal_nerve,GNG
720575941640958053,False,leg_motor_neuron,long_tendon_muscle,right_prothoracic_leg_nerve,T1_PRONM
720575941609926758,False,,CB3245,,WED
720575941567361127,False,,CB0238,,IPS
720575941640892517,False,,IN21A063,,T2_MESONM
720575941596917873,False,,AVLP502,,AVLP
720575941561626739,False,,AVLP509,,AVLP
720575941547044980,False,ascending_neuron,AN07B052,,INTTCT
720575941561331827,False,wedge_projection_neuron,WED015,,AVLP
720575941551304820,False,,CB1978,,GNG
720575941449134202,False,,IN11A041,,LTCT
720575941493928064,False,descending_neuron,DNnt008,,GNG
720575941549535368,False,lobula_intrinsic,Li16,,LO
720575941487341709,True,chordotonal_organ_neuron,JO-B,right_antennal_nerve,AMMC
720575941435535502,False,,PS232,,LAL
720575941462798480,False,,CB2700,,GNG
720575941414465684,False,single_leg_neuromere,IN19A007,,T3_METANM
720575941554483354,False,leg_motor_neuron,trochanter_flexor,left_metathoracic_leg_nerve,T3_METANM
720575941599277212,False,descending_neuron,DNg87,,GNG
720575941574013085,False,leg_motor_neuron,trochanter_flexor,right_prothoracic_accessory_nerve,T1_PRONM
720575941573882014,True,chordotonal_organ_neuron,JO-B,right_antennal_nerve,AMMC
720575941460668575,True,chordotonal_organ_neuron,JO-B,right_antennal_nerve,NO_CONS
720575941408534699,False,,IN09A032,,T2_MESONM
720575941519028396,False,ascending_neuron,AN05B097,,T3_METANM
720575941611270317,False,lamina_wide_field,Lawf2,,ME
720575941428654255,False,leg_motor_neuron,tergopleural_promotor,right_dorsal_prothoracic_nerve,T1_PRONM
720575941546258612,False,,IN13B055,,T1_PRONM
720575941450674357,False,,CB1044,,WED
720575941449527477,False,descending_neuron,DNge131,,GNG
720575941531021496,True,chordotonal_organ_neuron,JO-B,left_antennal_nerve,AMMC
720575941601243321,False,,IN11B011,,INTTCT
720575941603897529,False,,CB1809,,AVLP
720575941545177276,False,,CB3245,,AVLP
720575941604585662,False,descending_neuron,DNg106,,GNG
720575941599768768,False,,CB1596,,AVLP
720575941632012485,False,single_leg_neuromere,IN12B036,,T2_MESONM
720575941630111941,False,,IN03B066,,INTTCT
720575941495271623,False,,CB0358,,GNG
720575941634207941,False,ascending_neuron,AN05B096,,AMNP
720575941644431560,False,chordotonal_organ_neuron,SNpp60,left_metathoracic_leg_nerve,T3_METANM
720575941626147018,False,,,,AVLP
720575941532627147,False,single_leg_neuromere,IN13B022,,T2_MESONM
720575941490356428,False,,IN14A095,,T3_METANM
720575941528334539,False,ascending_neuron,AN19B079,,HTCT
720575941541572813,False,medulla_medulla,MeMe_e02,,ME
720575941438943439,False,,IN09A077,,INTTCT
720575941623034058,False,,IN04B071,,T2_MESONM
720575941508542674,False,,IN03B066,,HTCT
720575941594853590,False,,IN00A010,,LTCT
720575941592166614,False,single_leg_neuromere,IN03A039,,T2_MESONM
720575941704593626,False,ascending_neuron,AN07B017,,T1_PRONM
720575941440942303,False,,,,ME
720575941498974433,False,single_leg_neuromere,IN13B012,,T2_MESONM
720575941493272807,False,lobula_intrinsic,Li16,,LO
720575941537542376,False,ascending_neuron,AN08B099,,INTTCT
720575941503529195,False,single_leg_neuromere,IN00A014,,T2_MESONM
720575941629358316,False,single_leg_neuromere,IN09A033,,T2_MESONM
720575941632241900,False,ascending_neuron,AN09B004,,T1_PRONM
720575941689356527,False,lobula_medulla_amacrine,LMa1,,LO
720575941652525297,False,,WED075,,IPS
720575941666255091,False,,CB0195,,GNG
720575941668385011,False,,CB0422,,GNG
720575941580632309,True,chordotonal_organ_neuron,JO-B,left_antennal_nerve,AMMC
720575941431668984,False,,PVLP010,,AVLP
720575941625458940,False,bristle_neuron,SNta14,left_anterior_dorsal_mesothoracic_nerve,AMNP
720575941515325699,False,single_leg_neuromere,IN13B025,,T1_PRONM
720575941575848200,False,,AVLP086,,AVLP
720575941433241870,False,,CB1886,,AVLP
720575941652001041,False,,CB2364,,AVLP
720575941435830546,False,leg_motor_neuron,long_tendon_muscle,left_prothoracic_leg_nerve,T1_PRONM
720575941445333268,False,,IN04B107,,T3_METANM
720575941508182295,False,,IN19B021,,T3_METANM
720575941537607962,True,chordotonal_organ_neuron,JO-B,left_antennal_nerve,AMMC
720575941533806874,False,,IN11A013,,AMNP
720575941477380382,False,ascending_neuron,AN18B025,,INTTCT
720575941476036894,False,,IN08B085,,AMNP
720575941640794399,False,,AVLP437,,AVLP
720575941436027168,False,ascending_neuron,AN19B060,,HTCT
720575941476495646,False,,CB1072,,GNG
720575941400736035,False,,IN01A052,,T1_PRONM
720575941637812511,False,single_leg_neuromere,IN13B044,,T1_PRONM
720575941592527143,False,,IN07B066,,INTTCT
720575941438615852,False,,IB026,,IB
720575941561757997,False,,PS183,,SPS
720575941569884462,False,,,,ME
720575941478658353,False,,CB0096,,AVLP
720575941454868787,False,single_leg_neuromere,IN17A019,,T3_METANM
720575941455950131,False,,PVLP033,,AVLP
720575941563363638,False,,IN04B093,,T1_PRONM
720575941549732158,False,,IN06B018,,LTCT
720575941506085189,False,,IN13A034,,T2_MESONM
720575941512606028,False,,CB0598,,GNG
720575941524238669,False,single_leg_neuromere,IN21A047,,T2_MESONM
720575941451821390,True,chordotonal_organ_neuron,JO-B,right_antennal_nerve,AMMC
720575941481050447,False,,IN08A012,,T2_MESONM
720575941644333394,False,,AVLP213,,AVLP
720575941439205717,False,,IN12B053,,T2_MESONM
720575941503889751,False,,AVLP496b,,AVLP
720575941534986584,False,,AVLP312b,,AVLP
720575941578764633,True,chordotonal_organ_neuron,JO-A,left_antennal_nerve,AMMC
720575941541900636,False,,CL038,,ICL
720575941585744223,False,,CB1315,,AVLP
720575941515620707,False,single_leg_neuromere,IN00A031,,T1_PRONM
720575941515653475,False,,IN02A029,,NTCT
720575941565919591,False,,IN12B063,,INTTCT
720575941547733353,False,,CB0164,,IPS
720575941592428907,False,,IN19B105,,HTCT
720575941623329132,False,single_leg_neuromere,IN20A.22A007,,T2_MESONM
720575941518405998,False,single_leg_neuromere,IN13A019,,T1_PRONM
720575941568967026,False,,VES023,,AVLP
720575941495599483,False,,IN05B088,,LTCT
720575941495927166,False,,CB1569,,AVLP
720575941587317126,False,,,,ME
720575941553795463,False,wedge_projection_neuron,WED056,,AVLP
720575941586104710,False,,CB1159,,PLP
720575941592232332,False,,AVLP443,,AVLP
720575941575422351,False,single_leg_neuromere,IN01B008,,T2_MESONM
720575941462045072,False,lamina_wide_field,Lawf2,,ME
720575941565362578,False,,IN03B016,,T2_MESONM
720575941539770773,False,,PVLP014,,AVLP
720575941393625494,False,,CB2995,,AVLP
720575941562937751,False,,IN14A076,,T3_METANM
720575941394248086,False,,,,ME
720575941623361947,False,single_leg_neuromere,IN13A045,,T2_MESONM
720575941457981855,False,single_leg_neuromere,IN20A.22A005,,T3_METANM
720575941528662438,False,leg_motor_neuron,accessory_tibia_flexor,left_metathoracic_leg_nerve,T3_METANM
720575941528695206,False,,CB3503,,AVLP
720575941562053032,False,,IN06B056,,INTTCT
720575941450576297,False,,IN06A126,,HTCT
720575941443498410,False,ventral_nerve_cord_dorsal,IN02A020,,INTTCT
720575941576044982,False,single_leg_neuromere,IN19A024,,T2_MESONM
720575941522076087,False,ascending_neuron,AN08B028,,T3_METANM
720575941531611576,False,,CB4235,,GNG
720575941482557882,False,,,,INTTCT
720575941633520059,False,ventral_nerve_cord_neurosecretory_cell,EA06B010,right_posterior_dorsal_mesothoracic_nerve,INTTCT
720575941633159621,False,,CB2287,,AVLP
720575941631750597,False,single_leg_neuromere,IN19A096,,T3_METANM
720575941645283784,False,single_leg_neuromere,IN13A012,,T3_METANM
720575941441597903,False,,CB1439,,WED
720575941652885972,False,ventral_nerve_cord_centripetal,IN10B044,,T2_MVAC
720575941520273880,False,,CB1964,,AVLP
720575941613433308,False,single_leg_neuromere,IN13B044,,T3_METANM
720575941440975327,False,,CB1717,,AVLP
720575941500154337,False,,WED092e,,WED
720575941628867042,False,descending_neuron,DNg04,,IPS
720575941533610469,False,,AVLP370a,,AVLP
720575941532496357,False,single_leg_neuromere,IN09A003,,T1_PRONM
720575941533807082,False,descending_neuron,DNg11,,SPS
720575941684900335,False,single_leg_neuromere,IN12B023,,T2_MESONM
720575941652034033,False,,CB2789,,AMMC
720575941536395762,False,ventral_nerve_cord_centripetal,IN10B044,,T2_MVAC
720575941569360372,False,,CB1476,,AVLP
720575941579780597,False,ascending_neuron,AN18B001,,INTTCT
720575941605634550,False,,,,ME
720575941521977847,False,,IN03A047,,T2_MESONM
720575941428982264,False,,IN23B006,,AMNP
720575941552124415,False,,VES001,,VES
720575941528531458,False,,,,ME
720575941514637827,False,,IN12A046,,INTTCT
720575941393691140,False,,CB2674,,AVLP
720575941573751305,False,neck_motor_neuron,ADNM2,left_cervical_nerve,NTCT
720575941524369945,False,,IN07B086,,HTCT
720575941639451167,False,,IN06A090,,NTCT
720575941549601313,False,,CB2700,,GNG
720575941631193638,True,chordotonal_organ_neuron,JO-B,right_antennal_nerve,AMMC
720575941629915686,False,,CB2426,,AVLP
720575941592953384,False,,CB3983,,AVLP
720575941474595370,False,wing_motor_neuron,tpn,left_anterior_dorsal_mesothoracic_nerve,WTCT
720575941504610866,False,,AVLP509,,AVLP
720575941489308213,False,,IN13A051,,T1_PRONM
720575941587284535,False,,IN06A079,,HTCT
720575941724680762,False,,,,LOP
720575941476528699,False,single_leg_neuromere,IN20A.22A007,,T1_PRONM
720575941550158397,False,,LAL014,,LAL
720575941551239741,False,,AVLP465a,,AVLP
720575941523681867,False,,CB2510,,AVLP
720575941527941709,False,medulla_tangential,MTe15,,ME
720575941482132047,False,,PS300,,SPS
720575941428589140,True,chordotonal_organ_neuron,JO-B,right_antennal_nerve,AMMC
720575941427901012,False,descending_neuron,DNfl020,,GNG
720575941464142422,False,single_leg_neuromere,IN13B009,,T1_PRONM
720575941503103575,False,,PS087,,SPS
720575941465682518,False,,IN03A083,,T3_METANM
720575941443105371,False,,,,ME
720575941584466527,False,single_leg_neuromere,IN21A010,,T2_MESONM
720575941429342817,False,,IN04B098,,T1_PRONM
720575941575520872,False,single_leg_neuromere,IN01B010,,T3_METANM
720575941546553961,False,,PS242,,IPS
720575941403521648,False,,IN03A022,,T1_PRONM
720575941595902577,False,,IN11A008,,T1_PRONM
720575941570441842,False,,CB1119,,AVLP
720575941568148082,False,single_leg_neuromere,IN09A003,,T1_PRONM
720575941580731001,False,leg_motor_neuron,tibia_flexor,right_prothoracic_leg_nerve,T1_PRONM
720575941621363327,False,descending_neuron,DNp34,,AVLP
720575941505921665,False,,IN02A033,,INTTCT
720575941478888066,False,,CB3115,,IB
720575941432488585,False,lobula_columnar,LC17,,LO
720575941461815952,False,,CB0009,,GNG
720575941412532881,False,,CB3245,,WED
720575941459522192,False,,IN06A054,,HTCT
720575941459554960,False,,IN11A037,,HTCT
720575941413745297,False,,PLP059b,,PLP
720575941690143384,False,,CB3640,,GNG
720575941569589918,False,ventral_nerve_cord_serially_convergent,IN07B007,,T2_MESONM
720575941478888099,False,single_leg_neuromere,IN12B030,,T2_MESONM
720575941525353126,False,,WED103,,GNG
720575941452313257,False,single_leg_neuromere,IN16B030,,T3_METANM
720575941443236522,False,,CB0574,,GNG
720575941668844209,False,ascending_neuron,AN07B013,,T2_MESONM
720575941529711288,False,descending_neuron,DNge004,,GNG
720575941529023160,False,,AOTU032,,WED
720575941527220920,False,,IN18B034,,T3_METANM
720575941546652348,False,,PS233,,IPS
720575941605536446,True,chordotonal_organ_neuron,JO-B,right_antennal_nerve,AMMC
720575941604192958,False,,AVLP093,,ICL
720575941599048384,False,,CB1280,,AMMC
720575941442187967,False,descending_neuron,DNp23,,AVLP
720575941503824578,False,,CB2186,,AVLP
720575941536232129,False,,VES053,,VES
720575941484589766,False,,,,ME
720575941642597064,False,single_leg_neuromere,IN19A087,,T1_PRONM
720575941623067338,False,,IN11A030,,LTCT
720575941490717390,False,descending_neuron,DNa09,,SPS
720575941488751312,True,chordotonal_organ_neuron,JO-B,right_antennal_nerve,AMMC
720575941514998481,False,,,,ME
720575941613433564,False,,IN19A032,,T2_MESONM
720575941585908446,False,antenna_motor_neuron,CB0750,left_antennal_nerve,GNG
720575941439566559,False,ventral_nerve_cord_dorsal,IN17B004,,WTCT
720575941477577440,False,,IN00A036,,AMNP
720575941535150819,False,,INXXX064,,T3_METANM
720575941493043943,False,lobula_columnar,LCe06,,LO
720575941558973166,False,,IN04B105,,T3_METANM
720575941685752559,False,wedge_projection_neuron,WED026,,IPS
720575941687390959,False,,ATL038,,ATL
720575941652558577,False,ventral_nerve_cord_serially_convergent,IN09B043,,T3_METANM
720575941568738036,False,ascending_neuron,AN08B109,,INTTCT
720575941431210744,False,single_leg_neuromere,IN21A016,,T3_METANM
720575941575553787,False,,PS091,,SPS
720575941483344637,False,,CB2951,,AVLP
720575941481050877,False,ventral_nerve_cord_dorsal,IN11A021,,INTTCT
720575941515850499,False,,PS090b,,SPS
720575941392577284,False,,CB0607,,GNG
720575941575652105,False,descending_neuron,DNxn133,,ICL
720575941536985866,False,single_leg_neuromere,IN03B032,,T1_PRONM
720575941468697355,False,single_leg_neuromere,IN16B030,,T1_PRONM
720575941561135887,False,single_leg_neuromere,IN19A003,,T3_METANM
720575941509427984,False,single_leg_neuromere,IN01A032,,T3_METANM
720575941544522525,False,ascending_neuron,ANXXX178,,AMNP
720575941637780255,False,,IN19A048,,T2_MESONM
720575941399163683,False,,IN20A.22A045,,T2_MESONM
720575941596689191,False,single_leg_neuromere,IN13B005,,T1_PRONM
720575941474923306,False,,CB0508,,GNG
720575941437338412,False,single_leg_neuromere,INXXX466,,T3_METANM
720575941569098542,False,,CB0522,,GNG
720575941591511863,False,medulla_medulla,MeMe_e07,,ME
720575941474530107,False,,CB2415,,IPS
720575941547307837,False,ventral_nerve_cord_centripetal,IN23B067,,T3_METANM
720575941553533758,False,,VES059,,VES
720575941470040896,False,,PVLP097,,PVLP
720575941511197516,False,leg_motor_neuron,long_tendon_muscle,right_prothoracic_leg_nerve,T1_PRONM
720575941527647053,False,,CB1780,,AVLP
720575941480395599,False,,CB3320,,AMMC
720575941581189969,False,,,,ME
720575941641548626,False,ventral_nerve_cord_serially_convergent,IN08B056,,T2_MESONM
720575941517357914,False,single_leg_neuromere,IN01A015,,T2_MESONM
720575941441631067,False,,IN06B072,,INTTCT
720575941451494237,False,,CB0610,,GNG
720575941514638179,False,ventral_nerve_cord_centrifugal,IN06B028,,LTCT
720575941512967011,False,,IN00A011,,T2_MESONM
720575941611434854,False,,PS235,,IPS
720575941567394663,False,,CL319,,AVLP
720575941594854251,False,single_leg_neuromere,IN19A003,,T2_MESONM
720575941590889323,False,,IN13A022,,T2_MESONM
720575941412828015,False,,CB2108,,AVLP
720575941569786738,False,,CB1678,,AVLP
720575941636993909,False,,LAL127,,LAL
720575941687653238,False,leg_motor_neuron,trochanter_extensor,left_mesothoracic_leg_nerve,T2_MESONM
720575941642367864,False,,IN16B095,,T2_MESONM
720575941581648761,False,descending_neuron,DNg54,,GNG
720575941540230013,False,single_leg_neuromere,IN21A008,,T1_PRONM
720575941620740991,False,ascending_neuron,AN12B001,,T2_MESONM
720575941620315007,False,,AVLP347,,AVLP
720575941551010695,False,leg_motor_neuron,tibia_flexor,right_prothoracic_leg_nerve,T1_PRONM
720575941549273992,False,descending_neuron,DNp47,,SPS
720575941553566599,False,single_leg_neuromere,IN01A036,,T1_PRONM
720575941625328522,False,single_leg_neuromere,IN14A011,,T3_METANM
720575941565854610,False,centrifugal_medulla,cM12,,SPS
720575941616284569,False,,CB3295,,IPS
720575941595804572,False,,IN09A065,,T2_MESONM
720575941599277980,False,,CB0678,,GNG
720575941574079389,False,,CL118,,SPS
720575941457687455,False,lamina_wide_field,Lawf2,,ME
720575941497009058,False,ventral_nerve_cord_centrifugal,IN06B008,,INTTCT
720575941558350756,False,,CB1447,,AVLP
720575941507494821,False,,CB2494,,PLP
720575941560480680,False,single_leg_neuromere,IN12B025,,T1_PRONM
720575941454279593,False,descending_neuron,DNae003,,IPS
720575941453001641,False,,CL253,,WED
720575941410337707,False,,CB2824,,WED
720575941408338862,False,leg_motor_neuron,tergotrochanter,left_ventral_prothoracic_nerve,T1_PRONM
720575941576045494,False,,IN03A031,,T3_METANM
720575941573391286,False,,IN19A100,,T3_METANM
720575941529154488,False,,CB3377,,AVLP
720575941530694584,False,,,,ME
720575941527843768,False,,dMS2,,WTCT
720575941442188223,False,,WED092c,,AVLP
720575941535970241,False,,IN10B004,,T1_PRONM
720575941633618885,False,,IN03B021,,T2_MESONM
720575941654623188,False,,CB2664,,AMMC
720575941520667608,False,bristle_neuron,SNta11,left_anterior_dorsal_mesothoracic_nerve,AMNP
720575941438845919,False,abdomen_motor_neuron,MNad40,right_second_abdominal_nerve,ABDNM
720575941481772000,False,,CB0072,,GNG
720575941613138918,False,,CB0738,,AVLP
720575941537838056,False,,CB0626,,GNG
720575941458473965,False,descending_neuron,DNp41,,SPS
720575941557793774,True,chordotonal_organ_neuron,JO-B,right_antennal_nerve,AMMC
720575941688112111,False,,CB0121,,IPS
720575941524304887,False,,IN20A.22A070,,T2_MESONM
720575941428229112,False,,IN06A088,,INTTCT
720575941576209416,False,,CB0443,,GNG
720575941574833160,False,,PS156,,SPS
720575941687751692,False,,CB1475,,GNG
720575941504381975,False,central_complex_output_neuron,GFC2,,T2_MESONM
720575941507265559,False,,CB3514,,AVLP
720575941533742106,False,ventral_nerve_cord_centripetal,IN23B081,,T2_MESONM
720575941416629276,False,single_leg_neuromere,IN14A010,,T3_METANM
720575941540197405,False,single_leg_neuromere,IN21A087,,T1_PRONM
720575941630080038,False,ascending_neuron,AN05B046,,AMNP
720575941629916198,False,,CL267,,ICL
720575941593052200,False,,LAL012,,LAL
720575941597672489,False,,IN06A082,,INTTCT
720575941734118443,False,medulla_medulla,MeMe_e01,,ME
720575941561365549,False,single_leg_neuromere,IN16B077,,T1_PRONM
720575941567591470,False,,,,AVLP
720575941476987953,False,,IN03A041,,T3_METANM
720575941452313651,False,abdomen_motor_neuron,EFFabg12,abdominal_nerve_trunk,ABDNM
720575941447267380,True,chordotonal_organ_neuron,JO-B,right_antennal_nerve,NO_CONS
720575941589054519,True,chordotonal_organ_neuron,JO-B,right_antennal_nerve,AMMC
720575941659735096,False,,IN14A034,,T2_MESONM
720575941475578939,False,,mALD3,,VES
720575941459424326,False,,CB1932,,AVLP
720575941461685318,False,optic_anterior,OA-AL2i3,,ME
720575941449725006,False,,CB3740,,IPS
720575941643580498,False,,CB0605,,GNG
720575941555762259,False,,PS221,,IPS
720575941645743186,False,,,,ME
720575941542458460,False,single_leg_neuromere,IN00A031,,T2_MESONM
720575941573981288,False,single_leg_neuromere,IN16B029,,T1_PRONM
720575941477446762,False,,IN12A035,,HTCT
720575941519389806,False,ascending_neuron,AN06B014,,HTCT
720575941412697199,False,,CB1758,,AVLP
720575941413614703,False,,LC14,,LO
720575941547340916,False,single_leg_neuromere,IN20A.22A006,,T2_MESONM
720575941547177076,False,,IN06A022,,HTCT
720575941498844283,False,,CB3544,,AVLP
720575941495665787,False,single_leg_neuromere,IN14A013,,T2_MESONM
720575941495174270,False,,AVLP543,,AVLP
720575941621265535,False,ascending_neuron,AN05B049,,LTCT
720575941626508426,False,,AVLP160,,AVLP
720575941503464587,False,single_leg_neuromere,IN09A002,,T3_METANM
720575941462701200,False,centrifugal_lobula,cL01,,GNG
720575941415711892,False,single_leg_neuromere,IN16B018,,T1_PRONM
720575941392807062,False,,CB2415,,GNG
720575941616841881,False,,AVLP451b,,AVLP
720575941625164955,False,ascending_neuron,AN06B005,,T3_METANM
720575941575980189,False,single_leg_neuromere,IN19A002,,T3_METANM
720575941479380131,False,medulla_intrinsic,Mi1,,ME
720575941411222699,False,,IN07B034,,T3_METANM
720575941520635052,False,centrifugal_medulla_lobula_lobula_plate,cMLLP02,,IPS
720575941407978670,False,,CB1569,,AVLP
720575941667501233,True,chordotonal_organ_neuron,JO-B,right_antennal_nerve,AMMC
720575941533250738,False,ascending_neuron,AN14A003,,T2_MESONM
720575941547472052,False,,CL268,,AVLP
720575941451068597,False,descending_neuron,DNp01,,AMMC
720575941447103669,False,leg_motor_neuron,long_tendon_muscle,right_metathoracic_leg_nerve,T3_METANM
720575941601211577,False,single_leg_neuromere,IN09A030,,T2_MESONM
720575941485114554,False,centrifugal_medulla,cM01c,,SPS
720575941546620092,False,,AVLP006b,,AVLP
720575941602260158,False,,IN08A029,,T2_MESONM
720575941441172671,False,wedge_projection_neuron,WEDPN10B,,PLP
720575941599769792,False,,AMMC035,,AMMC
720575941537739969,False,medulla_intrinsic,Mi1,,ME
720575941483017411,False,lamina_wide_field,Lawf2,,ME
720575941491012809,False,descending_neuron,MDN,,LAL
720575941539574989,False,bristle_neuron,BM_Vib,right_eye_nerve,GNG
720575941440812239,False,,CB1779,,GNG
720575941652493524,False,descending_neuron,DNfl028,,GNG
720575941429441751,False,,IN13B020,,T3_METANM
720575941516768472,False,,IN12A057,,INTTCT
720575941700629722,False,,IN06A071,,HTCT
720575941690766555,False,descending_neuron,DNxl084,,GNG
720575941610583260,False,,IN07B086,,HTCT
720575941586760926,False,,PVLP084,,AVLP
720575941480232160,False,single_leg_neuromere,IN13A010,,T1_PRONM
720575941496222945,False,,IN11B017,,HTCT
720575941499335905,False,proximal_medulla,Pm10,,ME
720575941630735586,False,,CB2034,,AMMC
720575941611369705,False,leg_motor_neuron,accessory_tibia_flexor,left_mesothoracic_leg_nerve,T2_MESONM
720575941535151338,False,,IN20A.22A010,,T3_METANM
720575941455787245,False,leg_motor_neuron,sternal_anterior_rotator,left_ventral_prothoracic_nerve,T1_PRONM
720575941459752176,False,descending_neuron,DNg37,,IPS
720575941666387187,False,,PS083a,,SPS
720575941567001844,False,ventral_nerve_cord_serially_convergent,IN03B020,,T2_MESONM
720575941668451571,False,,PLP247,,PLP
720575941623231740,False,,IN10B050,,T2_MESONM
720575941393691908,False,,WED113,,AVLP
720575941393986820,False,,PS046,,SPS
720575941487801606,False,transverse_neuron,T3,,ME
720575941574538504,False,neck_motor_neuron,DProN9,right_dorsal_prothoracic_nerve,NTCT
720575941511689488,False,,AVLP084,,AVLP
720575941650789649,False,ascending_neuron,AN19B009,,T3_METANM
720575941653607697,False,,CB2801,,ICL
720575941650560277,False,,CB2370,,AVLP
720575941655868696,False,,IN12B053,,T2_MESONM
720575941535511834,False,single_leg_neuromere,IN12B012,,T2_MESONM
720575941639451935,False,single_leg_neuromere,IN21A056,,T3_METANM
720575941435766060,False,abdomen_motor_neuron,MNad33,right_second_abdominal_nerve,ABDNM
720575941559104813,False,descending_neuron,DNg02,,IPS
720575941562840365,False,ascending_neuron,AN27X008,,NTCT
720575941351912752,False,,IN16B080,,T1_PRONM
720575941350274352,False,,GFC1,,T1_PRONM
720575941591545143,False,,,,ME
720575941589153079,False,,AVLP182,,AVLP
720575941627983161,False,single_leg_neuromere,IN16B042,,T3_METANM
720575941512475971,False,ventral_nerve_cord_serially_convergent,IN07B009,,T1_PRONM
720575941586335044,False,,IN07B055,,T2_MESONM
720575941450085703,False,single_leg_neuromere,IN13B006,,T2_MESONM
720575941514048844,True,chordotonal_organ_neuron,JO-A,right_antennal_nerve,NO_CONS
720575941525779789,False,single_leg_neuromere,IN20A.22A055,,T2_MESONM
720575941645350226,False,ventral_nerve_cord_dorsal,IN05B032,,LTCT
720575941536200024,False,,PVLP130,,AVLP
720575941517620570,False,,,,ME
720575941439436123,False,,CB3064,,WED
720575941581682015,False,single_leg_neuromere,IN13B056,,T2_MESONM
720575941475579232,False,lobula_plate_lobula_columnar,LPLC1,,LOP
720575941429343585,False,,IN00A029,,LTCT
720575941431932257,False,single_leg_neuromere,IN21A020,,T3_METANM
720575941524010340,False,single_leg_neuromere,IN21A087,,T1_PRONM
720575941642237285,False,,CB2213,,IPS
720575941609928038,False,,IN21A050,,T2_MESONM
720575941613008230,False,,CB3466,,AVLP
720575941606126957,False,,PS084,,SPS
720575941412795759,False,ascending_neuron,AN08B048,,INTTCT
720575941413877103,False,medulla_tangential,MTe13,,ME
720575941570442610,False,,CB3289,,AVLP
720575941561955699,False,descending_neuron,DNde006,,GNG
720575941499696507,False,,CB3661,,AVLP
720575941540590973,False,ascending_neuron,ANXXX250,,AVLP
720575941619856767,False,ascending_neuron,AN06B045,,HTCT
720575941480494466,False,,INXXX089,,T1_PRONM
720575941583254918,False,,IN11A037,,INTTCT
720575941516834195,False,lateral_horn_output_neuron,LHPV2e1_a,,PLP
720575941536396693,False,single_leg_neuromere,IN01B033,,T2_MESONM
720575941595805084,False,single_leg_neuromere,IN13B078,,T2_MESONM
720575941573784990,False,leg_motor_neuron,sternotrochanter,right_metathoracic_leg_nerve,T3_METANM
720575941644727713,False,ascending_neuron,ANXXX006,,T1_PRONM
720575941500843426,False,descending_neuron,DNxl095,,VES
720575941525288358,False,single_leg_neuromere,IN03A088,,T1_PRONM
720575941671138727,False,ventral_nerve_cord_dorsal,IN13A013,,INTTCT
720575941516146092,False,,IN06A091,,HTCT
720575941409519022,False,descending_neuron,DNp02,,AMMC
720575941409486254,False,wedge_projection_neuron,WED182,,PLP
720575941409584558,False,,,,ME
720575941669828017,False,sequential_leg_neuromeres,IN09B022,,T2_MESONM
720575941522568627,False,descending_neuron,DNp64,,AVLP
720575941547177396,False,ventral_nerve_cord_centripetal,IN23B017,,T1_PRONM
720575941450020277,False,,PVLP082b,,AVLP
720575941602293177,False,leg_motor_neuron,accessory_tibia_flexor,right_metathoracic_leg_nerve,T3_METANM
720575941634143675,False,,,,IPS
720575941545080252,False,single_leg_neuromere,IN19A016,,T1_PRONM
720575941599049152,False,descending_neuron,DNut042,,SPS
720575941630145989,False,leg_motor_neuron,accessory_tibia_flexor,right_metathoracic_leg_nerve,T3_METANM
720575941646923208,False,ascending_neuron,AN01A014,,T1_PRONM
720575941490914761,False,ascending_neuron,AN19A018,,T1_PRONM
720575941626148298,False,,CL248,,AVLP
720575941531416011,False,,SAD077,,AMMC
720575941616874965,False,,CB1458,,SPS
720575941701088730,False,wedge_projection_neuron,WED026,,IPS
720575941613696476,False,,PVLP097,,PVLP
720575941628442082,False,single_leg_neuromere,IN13B018,,T2_MESONM
720575941536789987,True,chordotonal_organ_neuron,JO-B,right_antennal_nerve,AMMC
720575941630997986,False,ascending_neuron,ANXXX037,,T3_METANM
720575941555467748,False,,CB2440,,AMMC
720575941529875941,False,single_leg_neuromere,IN13B076,,T2_MESONM
720575941529744869,False,descending_neuron,DNg106,,AMMC
720575941492946407,False,,CB1904,,AVLP
720575941491799527,False,,CL118,,GNG
720575941489014247,False,,IN11A032,,AMNP
720575941629425132,False,,IN04B111,,T1_PRONM
720575941456279021,False,abdomen_motor_neuron,MNad41,left_second_abdominal_nerve,ABDNM
720575941561333230,False,antennal_lobe_projection_neuron,VP1d+VP4_l2PN2,,AL
720575941687916015,False,,IN00A035,,LTCT
720575941669107187,False,,LBL40,,T3_METANM
720575941668287987,False,,IN18B006,,T3_METANM
720575941552977407,False,,CB2684,,AVLP
720575941555369473,False,,AVLP548_f,,AVLP
720575941555467777,False,,AVLP265,,AVLP
720575941513164291,False,,IN19A086,,T2_MESONM
720575941573752328,False,,CB3544,,AVLP
720575941571589640,False,,IN19A094,,T2_MESONM
720575941536953866,False,,CB1678,,AVLP
720575941470533131,False,descending_neuron,DNg96,,GNG
720575941463127565,False,wedge_projection_neuron,WED056,,WED
720575941559694863,False,single_leg_neuromere,IN16B077,,T1_PRONM
720575941653739025,False,,AVLP252,,AVLP
720575941528335897,False,lamina_wide_field,Lawf2,,ME
720575941542098461,False,,AVLP346,,AVLP
720575941436978720,False,,PVLP151,,AVLP
720575941505496610,False,leg_motor_neuron,accessory_tibia_flexor,left_mesothoracic_leg_nerve,T2_MESONM
720575941399164451,False,,IN20A.22A045,,T2_MESONM
720575941560645165,False,,PVLP141,,AVLP
720575941569099310,False,,CB2866,,AVLP
720575941408699951,False,,CB1678,,AVLP
720575941566182966,False,ascending_neuron,AN04A001,,T3_METANM
720575941587318327,False,single_leg_neuromere,IN21A028,,T2_MESONM
720575941662357048,False,ventral_nerve_cord_centrifugal,IN10B007,,T2_MESONM
720575941722224186,False,ascending_neuron,AN08B041,,INTTCT
720575941473547840,False,lobula_intrinsic,Li21,,LO
720575941610976842,False,,WEDPN1A,,WED
720575941525878347,False,,CB0980,,AMMC
720575941609567818,False,single_leg_neuromere,IN14A010,,T1_PRONM
720575941427967572,False,,CB1094,,GNG
720575941440353877,False,sequential_leg_neuromeres,IN02A003,,T2_MESONM
720575941425018452,False,single_leg_neuromere,IN09A024,,T1_PRONM
720575941536626264,False,,AVLP016,,AVLP
720575941579945561,False,,IN06B059,,INTTCT
720575941515097690,False,,CB2067,,AMMC
720575941509592670,False,serpentine_medulla,Sm19,,ME
720575941585745503,False,,PVLP011,,PVLP
720575941566248546,False,,IB117,,IB
720575941514802787,False,,CB1638,,AVLP
720575941526238820,False,,CB0958,,AMMC
720575941567100519,True,chordotonal_organ_neuron,JO-B,left_antennal_nerve,AMMC
720575941574047336,False,single_leg_neuromere,IN04B100,,T3_METANM
720575941519652462,False,,CB2187,,AVLP
720575941413746287,True,chordotonal_organ_neuron,JO-B,left_antennal_nerve,GNG
720575941596231281,False,,CB2114,,AVLP
720575941597050481,False,lobula_columnar,LC17,,LO
720575941549962868,False,single_leg_neuromere,IN17A025,,T1_PRONM
720575941688276598,False,,AVLP411,,AVLP
720575941660817020,False,,IN19A072,,T2_MESONM
720575941508609665,False,ascending_neuron,AN19B001,,INTTCT
720575941530629764,False,,SAD021_a,,WED
720575941585188486,False,,CB2039,,GNG
720575941593052812,False,centrifugal_lobula,cL06,,LAL
720575941435340430,False,ascending_neuron,AN08B025,,T2_MVAC
720575941576636047,False,single_leg_neuromere,IN21A001,,T1_PRONM
720575941518014099,False,,CB0143,,PLP
720575941413746324,False,,CB1383,,WED
720575941538690709,False,single_leg_neuromere,IN03A020,,T1_PRONM
720575941390677654,False,,IN07B008,,T2_MESONM
720575941688243864,False,,IN02A032,,HTCT
720575941627459227,False,,IN07B001,,T1_PRONM
720575941572441757,False,,CB2103,,IPS
720575941496977058,False,,IN20A.22A009,,T2_MESONM
720575941562021544,False,,IN05B088,,LTCT
720575941452379817,True,chordotonal_organ_neuron,JO-B,right_antennal_nerve,NO_CONS
720575941442254506,False,,IN13B034,,T3_METANM
720575941518702252,False,transverse_neuron,T2,,ME
720575941669828273,False,,IN13A026,,T3_METANM
720575941548586676,False,,CB2202,,AVLP
720575941438748351,False,,IN17A027,,WTCT
720575941595084502,False,,CB0690,,IPS
720575941429475031,False,,IN13A033,,T2_MESONM
720575941519783640,False,wing_motor_neuron,DLM1-4,left_posterior_dorsal_mesothoracic_nerve,WTCT
720575941518800600,False,ventral_nerve_cord_centripetal,IN23B023,,T3_METANM
720575941519259352,False,sequential_leg_neuromeres,IN01A009,,T2_MESONM
720575941612582620,False,,SAD064,,AMMC
720575941613532892,False,descending_neuron,DNxn178,,GNG
720575941480920800,False,,,,LO
720575941632112354,False,descending_neuron,DNg91,,SPS
720575941536626408,False,,,,T2_MESONM
720575941535282922,False,,AVLP574,,AVLP
720575941633062636,False,,AVLP478,,AVLP
720575941540034290,False,,PS233,,IPS
720575941667370739,False,leg_motor_neuron,tibia_flexor,left_prothoracic_leg_nerve,T1_PRONM
720575941429638904,False,medulla_intrinsic,Mi1,,ME
720575941573261051,False,,IN06B064,,HTCT
720575941624575740,False,,AOTU032,,PLP
720575941564643072,False,,CB2475,,AMMC
720575941555500801,False,,AVLP194,,AVLP
720575941545047813,False,,CB2202,,AVLP
720575941566084871,False,ascending_neuron,AN07B004,,T1_PRONM
720575941573687049,False,leg_motor_neuron,tibia_flexor,right_mesothoracic_leg_nerve,T2_MESONM
720575941533316874,False,,IN07B064,,HTCT
720575941574965001,False,,CB2334,,AVLP
720575941576275721,False,,PLP159,,PLP
720575941463914253,False,,CB3714,,GNG
720575941433046798,False,single_leg_neuromere,IN03A013,,T1_PRONM
720575941560088335,False,,CB1678,,AVLP
720575941464897302,False,,IN01A069,,INTTCT
720575941658392344,False,leg_motor_neuron,tibia_flexor,left_mesothoracic_leg_nerve,T2_MESONM
720575941401753379,False,ventral_nerve_cord_serially_convergent,IN07B002,,T1_PRONM
720575941598492457,False,descending_neuron,DNg05,,GNG
720575941452281651,False,,IN21A058,,T2_MESONM
720575941552584510,False,descending_neuron,DNxn144,,IPS
720575941440812863,False,,,,ME
720575941470861120,False,ascending_neuron,AN12B008,,T2_MESONM
720575941553567550,False,,CB1613,,AVLP
720575941526959949,False,,WED092d,,WED
720575941451069262,False,optic_lobe_intrinsic_centrifugal,C3,,ME
720575941535086424,False,descending_neuron,DNg13,,VES
720575941517096794,False,,WED096b,,IPS
720575941449201501,False,,CB3486,,AMMC
720575941474563936,False,single_leg_neuromere,IN13B037,,T1_PRONM
720575941432162145,False,ascending_neuron,ANXXX154,,T1_PRONM
720575941565953890,False,,CB1231,,GNG
720575941566543714,False,descending_neuron,DNa16,,IPS
720575941574375272,False,descending_neuron,DNg07,,AMMC
720575941478725482,False,,PS235,,IPS
720575941607569261,False,,IN00A053,,INTTCT
720575941516834670,False,,IN04B110,,T3_METANM
720575941411944303,False,,CB1340,,PVLP
720575941595969393,False,,IN01A008,,T2_MESONM
720575941559596915,True,chordotonal_organ_neuron,JO-B,right_antennal_nerve,AMMC
720575941560383347,False,wing_motor_neuron,DVM1a-c,left_anterior_dorsal_mesothoracic_nerve,WTCT
720575941549373300,False,,CB1268,,WED
720575941559433075,False,,IN07B068,,HTCT
720575941685950326,False,,IN06B087,,INTTCT
720575941450872698,False,,IN19A124,,T1_PRONM
720575941660948348,False,descending_neuron,DNg40,,AVLP
720575941505660801,False,leg_motor_neuron,long_tendon_muscle,left_prothoracic_leg_nerve,T1_PRONM
720575941507037057,False,ascending_neuron,AN06A010,,HTCT
720575941533316995,False,ascending_neuron,AN18B032,,LTCT
720575941530171268,False,ascending_neuron,AN07B063,,INTTCT
720575941547505544,False,sequential_leg_neuromeres,IN19A010,,T2_MESONM
720575941589972876,False,single_leg_neuromere,IN20A.22A001,,T3_METANM
720575941463717776,False,,IN05B010,,T2_MESONM
720575941415417745,False,,AMMC-A1,,AMMC
720575941564348306,False,lateral_horn_output_neuron,PLP096,,PLP
720575941513820051,False,,IN06A059,,INTTCT
720575941415745425,False,,AVLP194_a,,AVLP
720575941562972055,False,,IN13A063,,T1_PRONM
720575941616482201,False,chordotonal_organ_neuron,JO-EVL,left_antennal_nerve,AMMC
720575941597345692,False,descending_neuron,DNfl017,,GNG
720575941571426206,False,single_leg_neuromere,IN09A016,,T3_METANM
720575941632145312,False,sequential_leg_neuromeres,IN19A014,,T3_METANM
720575941644138401,False,ventral_nerve_cord_centrifugal,IN06B035,,AMNP
720575941634766752,False,centrifugal_medulla,cM14,,IB
720575941526402982,False,,CB1625,,AVLP
720575941670647719,False,sequential_leg_neuromeres,IN17A007,,T3_METANM
720575941672613799,False,descending_neuron,DNp45,,AVLP
720575941442385834,False,,IN10B052,,T2_MVAC
720575941611960237,False,single_leg_neuromere,IN17A022,,T1_PRONM
720575941611829165,False,,CB3122,,AVLP
720575941431211951,False,descending_neuron,DNg29,,SAD
720575941408307118,False,,CB0469,,GNG
720575941450643381,False,,CB0519,,GNG
720575941518407607,False,,IN03B061,,HTCT
720575941531514808,False,descending_neuron,DNg37,,GNG
720575941520046007,False,single_leg_neuromere,IN21A017,,T3_METANM
720575941603735481,False,,IN13B028,,T1_PRONM
720575941679003581,False,,IN06A059,,INTTCT
720575941438748607,False,single_leg_neuromere,IN12B003,,T1_PRONM
720575941441206207,False,,IN02A036,,INTTCT
720575941644892104,False,,PS084,,SPS
720575941623920586,False,leg_motor_neuron,sternotrochanter,right_metathoracic_leg_nerve,T3_METANM
720575941442418639,False,descending_neuron,DNxn142,,SPS
720575941652789204,False,,IN00A025,,LTCT
720575941436848095,False,,IN06B022,,T1_PRONM
720575941534857192,False,single_leg_neuromere,IN12B026,,T3_METANM
720575941534136298,False,,INXXX284,,HTCT
720575941689063407,False,,CB2498,,AVLP
720575941649938417,False,,IN07B087,,HTCT
720575941601114102,False,ascending_neuron,AN17A013,,T1_PRONM
720575941515884537,False,,LAL018,,LAL
720575941591939070,False,,CB1893,,SPS
720575941556615169,False,,CB0956,,AMMC
720575941525977090,False,,CB0131,,GNG
720575941536954378,False,,CB2287,,AVLP
720575941460703245,False,leg_motor_neuron,femur_reductor,left_prothoracic_leg_nerve,T1_PRONM
720575941432522766,False,,CB1605,,AVLP
720575941510346768,False,,LAL203,,LAL
720575941613369363,False,,IN09A071,,T1_PRONM
720575941467453462,False,descending_neuron,DNfl038,,GNG
720575941504382999,False,single_leg_neuromere,IN08A006,,T2_MESONM
720575941527484441,False,ascending_neuron,ANXXX109,,T1_PRONM
720575941418104860,True,chordotonal_organ_neuron,JO-A,right_antennal_nerve,SAD
720575941401098275,True,chordotonal_organ_neuron,JO-B,right_antennal_nerve,NO_CONS
720575941401786403,False,descending_neuron,DNut042,,SPS
720575941399099427,False,descending_neuron,DNfl033,,GNG
720575941401753635,False,descending_neuron,DNg06,,GNG
720575941627557926,False,,LAL121,,LAL
720575941591808040,False,single_leg_neuromere,IN23B044,,T1_PRONM
720575941474596906,False,,AVLP201,,AVLP
720575941439338540,False,,CB3882,,WED
720575941439600684,False,ascending_neuron,AN10B020,,T2_MVAC
720575941560743981,False,,CB0595,,VES
720575941438421036,False,single_leg_neuromere,IN17A061,,T3_METANM
720575941352470576,False,,PVLP024,,PLP
720575941504579634,False,,CB1675,,PLP
720575941454870579,False,,IN03A085,,T1_PRONM
720575941456050227,False,,IN06B027,,T3_METANM
720575941591283767,True,chordotonal_organ_neuron,JO-B,left_antennal_nerve,AMMC
720575941664127032,False,,CB0982,,AMMC
720575941588531255,False,,CB0357,,GNG
720575941474334779,False,,IN07B019,,HTCT
720575941549701182,False,,IN12A060,,HTCT
720575941440714815,True,chordotonal_organ_neuron,JO-B,right_antennal_nerve,AMMC
720575941514377283,False,,AVLP541a,,AVLP
720575941588170820,True,chordotonal_organ_neuron,JO-B,left_antennal_nerve,AMMC
720575941524207691,False,single_leg_neuromere,IN14A005,,T1_PRONM
720575941514967116,False,single_leg_neuromere,IN13A009,,T3_METANM
720575941525682253,False,neck_motor_neuron,DProN3b,left_dorsal_prothoracic_nerve,NTCT
720575941478529103,False,,IN01A062,,INTTCT
720575941659146320,False,,CB1903,,AVLP
720575941644269650,False,,CB2676,,AVLP
720575941556189267,False,,,,ME
720575941426231380,False,,IN10B052,,T3_METANM
720575941505366103,False,,,,T2_MESONM
720575941505300567,False,lobula_plate_lobula_columnar,LPLC1,,LO
720575941579552857,False,,CB0956,,AMMC
720575941440747611,False,,CB3682,,IPS
720575941509331038,False,,IN23B005,,AMNP
720575941433210977,False,ascending_neuron,ANXXX027,,T2_MESONM
720575941613008998,False,,PVLP121,,AVLP
720575941546424425,False,ascending_neuron,AN08B071,,HTCT
720575941607733357,False,,AVLP039,,AVLP
720575941518866542,False,,IN11A028,,INTTCT
720575941638404213,False,,WED031,,IPS
720575941581027449,False,,CB1760,,WED
720575941583583353,False,proximal_medulla,Pm09,,ME
720575941665208444,False,distal_medulla,Dm13,,ME
720575941586073734,False,,IN03B012,,WTCT
720575941431277705,False,wedge_projection_neuron,WED182,,PLP
720575941574408335,False,distal_medulla,Dm13,,ME
720575941461227664,False,,IN00A022,,HTCT
720575941536233621,False,single_leg_neuromere,IN20A.22A016,,T2_MESONM
720575941391857814,False,,SAD077,,AMMC
720575941554550938,False,single_leg_neuromere,IN20A.22A024,,T2_MESONM
720575941573982365,False,bristle_neuron,BM_Ant,right_antennal_nerve,GNG
720575941501335714,False,centrifugal_lobula_plate,cLP03,,IPS
720575941480954019,False,descending_neuron,DNxn187,,AVLP
720575941478103203,False,,IN13A035,,T1_PRONM
720575941492324528,False,single_leg_neuromere,IN13A017,,T2_MESONM
720575941450643637,False,,AVLP082,,AVLP
720575941480396998,False,,IN16B014,,T1_PRONM
720575941497796807,False,centrifugal_medulla,cM02b,,SPS
720575941490882761,True,chordotonal_organ_neuron,JO-B,right_antennal_nerve,AMMC
720575941491570889,False,,AVLP454_a,,AVLP
720575941532367051,False,ventral_nerve_cord_centrifugal,IN06B035,,AMNP
720575941531252939,False,ascending_neuron,AN07B017,,T1_PRONM
720575941442877647,False,,LAL119,,GNG
720575941511264466,False,single_leg_neuromere,IN13A001,,T3_METANM
720575941512313042,False,,CB3545,,AVLP
720575941617891541,False,,PLP131,,IB
720575941628377314,False,,IN03B086,,INTTCT
720575941532203237,False,optic_lobe_intrinsic_centrifugal,C3,,ME
720575941611895014,False,,CB0415,,IPS
720575941538724072,False,,CB1839,,AVLP
720575941501827307,False,single_leg_neuromere,IN09A026,,T3_METANM
720575941560088814,False,sequential_leg_neuromeres,IN17A007,,T1_PRONM
720575941569951988,False,,CB2639,,AVLP
720575941521684727,False,,CB2203,,WED
720575941571361019,False,,IN21A058,,T2_MESONM
720575941564578048,False,,CB2801,,PLP
720575941555501313,False,,CB3703,,GNG
720575941516638467,False,,PLP208,,PLP
720575941391235332,False,,CB2034,,AMMC
720575941515622659,False,,IN19A074,,T3_METANM
720575941485705478,False,ascending_neuron,AN17A013,,T2_MESONM
720575941472794891,False,,,,LO
720575941468862742,False,,,,AVLP
720575941535840538,False,,AVLP096,,AVLP
720575941542885661,False,descending_neuron,DNg84,,GNG
720575941540100381,False,,IN00A046,,INTTCT
720575941436684576,False,ascending_neuron,AN12B006,,T3_METANM
720575941590759720,False,,PS091,,IPS
720575941438421292,False,single_leg_neuromere,IN20A.22A007,,T2_MESONM
720575941568903470,False,,IN13B052,,T1_PRONM
720575941476071729,False,,IN04B103,,T2_MESONM
720575941473974587,False,,CB1094,,GNG
720575941549963581,False,sequential_leg_neuromeres,IN17A007,,T3_METANM
720575941473253696,True,chordotonal_organ_neuron,JO-B,right_antennal_nerve,AMMC
720575941483870530,False,,IN16B119,,T3_METANM
720575941587482948,False,,CB2263,,SPS
720575941459917126,False,single_leg_neuromere,IN21A023,,T3_METANM
720575941574342984,False,,CB0392,,GNG
720575941500778825,False,,,,LO
720575941514541388,False,sequential_leg_neuromeres,IN09B022,,T2_MESONM
720575941580831057,False,single_leg_neuromere,IN13A008,,T2_MESONM
720575941508512094,False,,,,ME
720575941584468319,False,ventral_nerve_cord_centrifugal,IN12B002,,INTTCT
720575941474924896,False,,CB1948,,WED
720575941517490531,False,lobula_intrinsic,Li21,,LO
720575941512935779,False,leg_motor_neuron,long_tendon_muscle,left_mesothoracic_leg_nerve,T2_MESONM
720575941515917667,False,descending_neuron,DNg07,,GNG
720575941612058982,False,descending_neuron,DNxn179,,GNG
720575941590464875,False,,PS041,,IPS
720575941518866798,False,single_leg_neuromere,IN21A008,,T2_MESONM
720575941516835182,False,single_leg_neuromere,IN01A080,,INTTCT
720575941413189999,False,descending_neuron,DNp38,,GNG
720575941520439662,False,centrifugal_lobula_plate,cLP03,,IPS
720575941472663927,True,chordotonal_organ_neuron,JO-B,right_antennal_nerve,AMMC
720575941471451511,False,,PLP034,,SPS
720575941468338551,False,single_leg_neuromere,IN13A018,,T2_MESONM
720575941663471996,False,single_leg_neuromere,IN09A047,,T3_METANM
720575941539248509,False,,IN19A081,,T1_PRONM
720575941596723589,False,,CB0561,,GNG
720575941486459277,False,single_leg_neuromere,IN14A006,,T1_PRONM
720575941576538511,False,,,,ME
720575941459622288,False,,IN12A043,,NTCT
720575941413255569,False,,IN08B088,,HTCT
720575941539248533,False,,PS280,,SPS
720575941691652504,True,chordotonal_organ_neuron,JO-A,right_antennal_nerve,AVLP
720575941553338778,False,,IN12A012,,INTTCT
720575941570050462,False,,CB3200b,,GNG
720575941631719840,False,,SAD064,,AMMC
720575941500090786,False,,CB1498,,AVLP
720575941558647204,False,,AVLP016,,AVLP
720575941507987877,False,neck_motor_neuron,CvN1,right_cervical_nerve,GNG
720575941453298089,False,,IN09A066,,T2_MESONM
720575941445859754,False,descending_neuron,DNg13,,VES
720575941412927915,False,lobula_columnar,LC11,,LO
720575941609437613,False,neck_motor_neuron,CvN6,left_cervical_nerve,GNG
720575941521488307,False,,CB1301,,AVLP
720575941531187640,False,,AVLP555,,AVLP
720575941535971777,False,ventral_nerve_cord_serially_convergent,IN07B002,,T3_METANM
720575941482363331,False,,AVLP290b,,AVLP
720575941633030597,False,,CB2350,,AVLP
720575941484263878,False,descending_neuron,DNxn007,,IPS
720575941642303944,False,leg_motor_neuron,tergotrochanter,left_ventral_prothoracic_nerve,T1_PRONM
720575941627460042,False,lobula_tangential,LT82,,LO
720575941623101898,False,single_leg_neuromere,IN21A044,,T2_MESONM
720575941489801676,False,ventral_nerve_cord_centrifugal,GFC3,,INTTCT
720575941539477965,True,chordotonal_organ_neuron,JO-B,right_antennal_nerve,AMMC
720575941490883020,False,,CB1783,,AVLP
720575941537675725,False,single_leg_neuromere,IN17A061,,T2_MESONM
720575941514607057,False,,,,IPS
720575941512640978,False,single_leg_neuromere,IN13B006,,T3_METANM
720575941702564314,False,ascending_neuron,AN09B003,,T2_MESONM
720575941703350746,False,ascending_neuron,AN17B005,,WTCT
720575941630376418,False,,CB1682,,AVLP
720575941457951213,False,,5-HTPLP01,,AVLP
720575941557434862,False,,IN04B102,,T2_MESONM
720575941579323893,False,,SMP546,,SMP
720575941431966200,False,single_leg_neuromere,IN16B032,,T1_PRONM
720575941572671995,False,descending_neuron,DNp59,,ICL
720575941621725692,False,,IN14A026,,T1_PRONM
720575941625330172,False,,SLP031,,AVLP
720575941551995391,False,single_leg_neuromere,IN21A006,,T1_PRONM
720575941472729611,False,,SAD052,,AMMC
720575941434161678,True,chordotonal_organ_neuron,JO-B,left_antennal_nerve,AL
720575941510642192,False,descending_neuron,DNa10,,SPS
720575941509003792,False,leg_motor_neuron,accessory_trochanter_flexor,left_metathoracic_leg_nerve,T3_METANM
720575941467879958,False,,CB0154,,PLP
720575941474531870,False,,IN04B044,,T3_METANM
720575941509265954,False,,,,ME
720575941600688681,False,,CB1543,,AVLP
720575941600786985,False,wedge_projection_neuron,WED094a,,IPS
720575941567199790,False,descending_neuron,DNg64,,GNG
720575941477186097,False,,AVLP506,,AVLP
720575941454969395,False,descending_neuron,DNg56,,GNG
720575941489375797,False,ascending_neuron,AN06A092,,INTTCT
720575941506644540,False,,IN07B026,,INTTCT
720575941479119425,True,chordotonal_organ_neuron,JO-B,right_antennal_nerve,AMMC
720575941608389194,False,,IN01A026,,T3_METANM
720575941450873422,False,,CB1908,,WED
720575941612321382,False,descending_neuron,DNa07,,SPS
720575941575522920,False,,WED162,,IPS
720575941545638505,False,single_leg_neuromere,INXXX466,,T2_MESONM
720575941479905898,False,ascending_neuron,AN09B004,,T2_MESONM
720575941546556009,False,,AVLP519b,,AVLP
720575941575588456,False,,IN10B055,,T2_MESONM
720575941607799405,False,,PLP109,,PLP
720575941518867054,False,single_leg_neuromere,IN20A.22A055,,T2_MESONM
720575941520636526,False,medulla_tangential,MTe13,,ME
720575941516835438,False,,IN01A083,,T1_PRONM
720575941551602292,False,,CB3673,,AMMC
720575941637683829,False,ascending_neuron,ANXXX098,,LTCT
720575941689293430,False,ascending_neuron,AN09A007,,T1_PRONM
720575941642369656,False,,IN04B109,,T2_MESONM
720575941498583675,False,ascending_neuron,AN09B016,,LTCT
720575941541837437,False,,,,LO
720575941496420990,True,chordotonal_organ_neuron,JO-B,right_antennal_nerve,AMMC
720575941482199682,False,serpentine_medulla,Sm19,,ME
720575941595544197,False,,IN21A083,,T1_PRONM
720575941572737679,False,sequential_leg_neuromeres,IN19A010,,T1_PRONM
720575941690538648,False,,CB0540,,IPS
720575941599345308,False,,AVLP268,,AVLP
720575941555731108,False,single_leg_neuromere,IN19A022,,T3_METANM
720575941518047916,False,,CL252,,AVLP
720575941610683053,False,ventral_nerve_cord_centrifugal,IN11A010,,INTTCT
720575941493308080,False,,IN08B064,,T2_MESONM
720575941547735732,False,,CB1205,,AVLP
720575941438651071,False,,IN06A059,,INTTCT
720575941600262848,False,descending_neuron,DNg12,,GNG
720575941537544897,False,,,,LO
720575941442190015,False,,CB2672,,AVLP
720575941483182790,False,,AVLP420_b,,AVLP
720575941489638094,False,ascending_neuron,AN17B012,,AMNP
720575941440256719,False,,CB1613,,AVLP
720575941488753360,True,chordotonal_organ_neuron,JO-B,right_antennal_nerve,AMMC
720575941654362836,False,ventral_nerve_cord_centrifugal,IN06B028,,LTCT
720575941614877397,False,,IN06A127,,INTTCT
720575941592267478,False,,IN20A.22A038,,T1_PRONM
720575941431835351,False,,CB1439,,IPS
720575941704432346,False,,CB2426,,AVLP
720575941500320481,False,single_leg_neuromere,IN01B003,,T1_PRONM
720575941628607202,False,,IN12A046,,INTTCT
720575941556189924,False,ventral_nerve_cord_neurosecretory_cell,EA06B010,,INTTCT
720575941531482853,False,,IN08B054,,T2_MESONM
720575941612780262,False,,AVLP343,,AVLP
720575941537053416,False,,AVLP194_a,,AVLP
720575941612485353,False,transverse_neuron,T2,,ME
720575941687524079,False,,IN09A063,,T1_PRONM
720575941574245115,False,single_leg_neuromere,IN26X001,,T1_PRONM
720575941484624637,False,,mALD2,,VES
720575941588630270,False,ventral_nerve_cord_centripetal,IN23B030,,T3_METANM
720575941552487169,False,,IN20A.22A009,,T2_MESONM
720575941652626193,False,single_leg_neuromere,IN08A002,,T3_METANM
720575941439437586,False,descending_neuron,DNb05,,AL
720575941447170836,False,,CB3746,,GNG
720575941448186644,False,,CB1932,,AVLP
720575941542918941,False,ascending_neuron,AN10B008,,HTCT
720575941540690717,False,,dMS2,,WTCT
720575941629983526,False,,CB0148,,AVLP
720575941474630442,False,,IN01A026,,T3_METANM
720575941561531181,False,haltere_motor_neuron,hi1,right_first_abdominal_nerve,HTCT
720575941474499377,False,leg_motor_neuron,tibia_flexor,right_mesothoracic_leg_nerve,T2_MESONM
720575941452315443,False,,IN07B086,,HTCT
720575941478955828,False,serpentine_medulla,Sm38,,ME
720575941489933109,True,chordotonal_organ_neuron,JO-A,right_antennal_nerve,AMMC
720575941491145525,False,,IN02A029,,NTCT
720575941477579572,False,,CB2334,,AVLP
720575941629393721,False,ascending_neuron,AN09B014,,T1_PRONM
720575941590399812,False,,IN23B056,,T1_PRONM
720575941453790023,False,,CB1760,,WED
720575941498485577,False,,CB1094,,GNG
720575941611961162,False,single_leg_neuromere,IN19A021,,T1_PRONM
720575941513362252,False,leg_motor_neuron,femur_reductor,right_mesothoracic_leg_nerve,T2_MESONM
720575941660261200,True,chordotonal_organ_neuron,JO-B,right_antennal_nerve,AMMC
720575941555469139,False,single_leg_neuromere,IN03A006,,T2_MESONM
720575941428624212,False,,CB3011,,AVLP
720575941441239893,False,,IN04B081,,T2_MESONM
720575941440355157,False,ascending_neuron,AN06B007,,T2_MESONM
720575941536201560,False,lobula_plate_intrinsic,LPi06,,LOP
720575941577489241,False,,CB2591,,PLP
720575941578439513,False,leg_motor_neuron,trochanter_flexor,right_metathoracic_leg_nerve,T3_METANM
720575941583879007,False,ascending_neuron,AN12B089,,T1_PRONM
720575941514804067,False,,CB1459,,AVLP
720575941609503590,False,ventral_nerve_cord_centripetal,IN23B063,,T2_MESONM
720575941576571752,False,ventral_nerve_cord_centrifugal,IN10B007,,T2_MESONM
720575941411552111,False,single_leg_neuromere,IN08A007,,T3_METANM
720575941595118449,False,,WED080,,WED
720575941594626929,False,sequential_leg_neuromeres,IN09A004,,T3_METANM
720575941559892851,False,,CB2855,,IPS
720575941547899764,False,single_leg_neuromere,IN16B041,,T1_PRONM
720575941549964148,False,single_leg_neuromere,IN10B012,,T3_METANM
720575941551307636,False,,AVLP222,,AVLP
720575941471648631,False,ascending_neuron,AN05B040,,AMNP
720575941645220728,False,,AVLP282,,AVLP
720575941580471161,False,lobula_columnar,LC11,,LO
720575941664357244,False,,CB3560,,IPS
720575941540592509,False,ascending_neuron,AN09B019,,T1_PRONM
720575941541804925,False,single_leg_neuromere,IN13B021,,T2_MESONM
720575941495634816,False,ventral_nerve_cord_centrifugal,GFC4,,INTTCT
720575941507431297,False,,IN08A026,,T2_MESONM
720575941481675650,False,lamina_wide_field,Lawf2,,ME
720575941595151237,False,leg_motor_neuron,sternotrochanter,left_mesothoracic_leg_nerve,T2_MESONM
720575941549144968,False,descending_neuron,DNp69,,ICL
720575941592071052,False,,CB1765,,AVLP
720575941572770703,False,single_leg_neuromere,IN16B018,,T2_MESONM
720575941564152722,False,ascending_neuron,AN07B045,,INTTCT
720575941517065107,False,,PLP245,,PLP
720575941539249045,False,,CL095,,ICL
720575941690964888,False,descending_neuron,DNxn119,,SPS
720575941571918749,False,single_leg_neuromere,IN23B018,,T3_METANM
720575941633129376,False,,PPM1204,,SPS
720575941506448293,False,,CB2085,,GNG
720575941525912486,False,,IN20A.22A054,,T3_METANM
720575941671500711,False,,PLP017,,PLP
720575941563333544,False,,CB0503,,GNG
720575941454773161,False,,CB3531,,AVLP
720575941444221866,False,,,,AVLP
720575941493537712,False,,CB0955,,AVLP
720575941534202802,False,,WED162,,IPS
720575941576014774,False,,IN06A047,,NTCT
720575941528992696,True,chordotonal_organ_neuron,JO-B,right_antennal_nerve,AMMC
720575941635390395,True,chordotonal_organ_neuron,JO-B,left_antennal_nerve,AMMC
720575941633850299,False,,PS230,,IPS
720575941630933947,False,,IN11A035,,INTTCT
720575941598460864,False,,CB0528,,GNG
720575941497568199,False,leg_motor_neuron,tibia_flexor,left_prothoracic_leg_nerve,T1_PRONM
720575941442943951,False,,SAD014,,WED
720575941487016912,True,chordotonal_organ_neuron,JO-B,right_antennal_nerve,AMMC
720575941510937554,False,,CB3322,,AVLP
720575941461457875,False,,AVLP300_b,,AVLP
720575941655772116,False,,CB1459,,AVLP
720575941655444436,False,,CB3019,,AVLP
720575941656886228,False,proximal_medulla,Pm01,,ME
720575941634309081,True,chordotonal_organ_neuron,JO-B,right_antennal_nerve,AMMC
720575941687917531,False,single_leg_neuromere,IN12B043,,T3_METANM
720575941613435868,False,single_leg_neuromere,IN03B032,,T2_MESONM
720575941585484766,False,leg_motor_neuron,femur_reductor,right_mesothoracic_leg_nerve,T2_MESONM
720575941529746405,False,,IN06A061,,HTCT
720575941529877477,False,,IN19A100,,T3_METANM
720575941492325351,False,,CB0235,,GNG
720575941630213100,False,,CB1886,,AVLP
720575941456837613,False,,CB1816,,WED
720575941652823025,False,,CB3898,,GNG
720575941538233330,False,,CB2633,,AVLP
720575941578832885,False,single_leg_neuromere,IN02A012,,T2_MESONM
720575941516704761,False,ascending_neuron,ANXXX023,,INTTCT
720575941573786619,True,chordotonal_organ_neuron,JO-B,right_antennal_nerve,NO_CONS
720575941571427323,False,,IN11B013,,WTCT
720575941553011713,False,haltere_motor_neuron,MNhl59,right_metathoracic_leg_nerve,ABDNM
720575941514148867,False,ascending_neuron,AN06B014,,HTCT
720575941471550475,False,ascending_neuron,AN09B002,,T1_PRONM
720575941689490444,False,,CB3298,,AVLP
720575941650824209,False,,IN13A050,,T1_PRONM
720575941435669522,False,single_leg_neuromere,IN20A.22A016,,T2_MESONM
720575941448154132,False,,AVLP449,,AVLP
720575941477743646,False,ascending_neuron,AN04B023,,T3_METANM
720575941595446309,False,,CB1542,,AMMC
720575941596134437,False,,CB0956,left_antennal_nerve,AMMC
720575941439896620,False,,AVLP079,,AVLP
720575941438389292,False,ventral_nerve_cord_serially_convergent,IN18B005,,T2_MESONM
720575941438454828,False,single_leg_neuromere,IN14A002,,T1_PRONM
720575941477973041,False,,AVLP009,,AVLP
720575941505367090,False,,,,ME
720575941476990001,False,,IN01A003,,T1_PRONM
720575941477350452,False,single_leg_neuromere,IN21A001,,T2_MESONM
720575941589974071,True,chordotonal_organ_neuron,JO-B,right_antennal_nerve,AMMC
720575941629000761,False,transmedullary_y,TmY15,,ME
720575941475482683,False,,AVLP093,,ICL
720575941440224319,False,,VES005,,VES
720575941516016707,False,ascending_neuron,AN05B052,,INTTCT
720575941612158026,False,leg_motor_neuron,accessory_tibia_flexor,left_metathoracic_leg_nerve,T3_METANM
720575941524339787,False,,AVLP140,,WED
720575941450579022,False,,IN05B010,,T2_MESONM
720575941450546254,False,single_leg_neuromere,INXXX464,,T3_METANM
720575941451594830,False,,CB0894,,GNG
720575941576932433,False,,IN00A034,,AMNP
720575941468437590,False,,CB0655,,GNG
720575941505891422,False,leg_motor_neuron,accessory_tibia_flexor,right_mesothoracic_leg_nerve,T2_MESONM
720575941566020706,False,single_leg_neuromere,IN12B012,,T3_METANM
720575941479087210,True,chordotonal_organ_neuron,JO-B,left_antennal_nerve,AMMC
720575941627559020,True,chordotonal_organ_neuron,JO-A,right_antennal_nerve,AMMC
720575941518867566,False,single_leg_neuromere,IN19A008,,T2_MESONM
720575941570444402,False,,CL109,,IB
720575941558254707,False,ventral_nerve_cord_centripetal,IN19A067,,T2_MESONM
720575941550455924,False,,CB1695,,WED
720575941621824639,False,,,,ME
720575941477874818,False,,IN11A032,,AMNP
720575941532531843,False,single_leg_neuromere,IN01B021,,T1_PRONM
720575941546065032,False,,IN07B086,,HTCT
720575941432491145,False,wing_motor_neuron,DLM1-4,left_posterior_dorsal_mesothoracic_nerve,WTCT
720575941626346634,False,,CB3491,,WED
720575941499370635,False,single_leg_neuromere,IN01A067,,T2_MESONM
720575941590727820,False,,CB2364,,AVLP
720575941485804685,False,,CB1476,,AVLP
720575941414403217,False,,CB1110,,WED
720575941415025812,False,,CB0603,,GNG
720575941394119830,False,descending_neuron,DNp42,,ICL
720575941572050077,False,leg_motor_neuron,trochanter_flexor,right_metathoracic_leg_nerve,T3_METANM
720575941573459102,False,,WED007,,IPS
720575941634669728,False,,,,ME
720575941521095863,False,single_leg_neuromere,IN02A015,,T1_PRONM
720575941548195004,False,lobula_medulla_amacrine,LMa1,,LO
720575941681953981,False,descending_neuron,pIP9,,AVLP
720575941481643206,False,optic_lobe_intrinsic_centrifugal,C3,,ME
720575941490031817,False,bristle_neuron,BM_Vib,right_eye_nerve,GNG
720575941492358350,False,ascending_neuron,AN05B040,,AMNP
720575941442944207,False,,PLP163,,PLP
720575941655117012,False,descending_neuron,DNg11,,SPS
720575941431311575,False,,IN06B013,,WTCT
720575941520375000,False,,,,ME
720575941703187674,False,descending_neuron,DNg87,,GNG
720575941612256476,False,leg_motor_neuron,accessory_tibia_flexor,left_metathoracic_leg_nerve,T3_METANM
720575941440814303,False,,,,ME
720575941439569119,False,ascending_neuron,ANXXX027,,T2_MESONM
720575941537250531,False,,CB3275,,AMMC
720575941537971427,False,,CB1964,,AVLP
720575941553503460,False,leg_motor_neuron,pleural_remotor_abductor,left_mesothoracic_leg_nerve,T2_MESONM
720575941537905891,False,,CB0630,,SPS
720575941684706543,False,,IN06A116,,INTTCT
720575941458803952,False,ascending_neuron,AN05B006,,INTTCT
720575941653019889,False,wedge_projection_neuron,WED072,,WED
720575941540855026,False,lobula_intrinsic,Li21,,LO
720575941669928179,True,chordotonal_organ_neuron,JO-A,right_antennal_nerve,AMMC
720575941568118004,False,ascending_neuron,AN07B072,,HTCT
720575941520342263,False,single_leg_neuromere,IN03A020,,T2_MESONM
720575941566774522,False,single_leg_neuromere,IN20A.22A036,,T2_MESONM
720575941571394811,False,ascending_neuron,AN03B039,,INTTCT
720575941573590267,False,,IN03A023,,T1_PRONM
720575941563530496,False,,IN10B054,,T2_MESONM
720575941575687433,False,,CB3006,,AVLP
720575941535907082,False,,IN03B011,,T1_PRONM
720575941572082953,False,,IN05B088,,INTTCT
720575941557959951,False,distal_medulla,Dm13,,ME
720575941615369491,False,,SAD034,,AMMC
720575941445270804,False,ventral_nerve_cord_serially_convergent,IN00A012,,LTCT
720575941555600667,False,centrifugal_medulla,cM16,,SPS
720575941416828188,False,,AVLP308,,AVLP
720575941629721894,False,single_leg_neuromere,IN13A012,,T3_METANM
720575941629426982,False,,WED124,,ICL
720575941591776552,False,single_leg_neuromere,IN13B023,,T1_PRONM
720575941436095788,False,descending_neuron,DNut058,,GNG
720575941565168942,False,ventral_nerve_cord_dorsal,IN06A003,,WTCT
720575941476990257,False,single_leg_neuromere,IN17A016,,T1_PRONM
720575941501926706,False,leg_motor_neuron,long_tendon_muscle,right_prothoracic_leg_nerve,T1_PRONM
720575941474565428,False,single_leg_neuromere,IN20A.22A055,,T3_METANM
720575941629394233,False,,IN00A025,,AMNP
720575941722783034,False,,CB1958,,PLP
720575941475417403,False,,CB1138,,IPS
720575941476891963,False,,AVLP220,,AVLP
720575941474893121,False,single_leg_neuromere,IN19A022,,T2_MESONM
720575941487377730,False,,CB1605,,AVLP
720575941586402628,False,,IN08B091,,HTCT
720575941497863497,False,leg_motor_neuron,tibia_extensor,left_mesothoracic_leg_nerve,T2_MESONM
720575941496126793,False,leg_motor_neuron,tarsus_depressor,right_prothoracic_leg_nerve,T1_PRONM
720575941527977293,False,,CB1762,,AVLP
720575941464112470,False,single_leg_neuromere,IN16B045,,T1_PRONM
720575941438913883,False,,IN20A.22A053,,T2_MESONM
720575941583945055,False,,CB1221,,AVLP
720575941525847396,False,sequential_leg_neuromeres,IN12B014,,T2_MESONM
720575941547474281,False,,CB1029,,IPS
720575941516770670,False,wing_motor_neuron,iii4,right_mesothoracic_accessory_nerve,WTCT
720575941520407918,False,,CB1543,,AVLP
720575941687786870,False,ascending_neuron,AN06B031,,INTTCT
720575941469846903,False,single_leg_neuromere,IN13A010,,T2_MESONM
720575941449235834,False,ventral_nerve_cord_centripetal,IN23B081,,T1_PRONM
720575941480529282,False,,IN20A.22A040,,T1_PRONM
720575941431639433,False,,PS138,,SPS
720575941428755849,False,,CB3197,,SPS
720575941576867215,True,chordotonal_organ_neuron,JO-B,right_antennal_nerve,NO_CONS
720575941564186007,False,descending_neuron,DNg52,,GNG
720575941616254361,False,,CB1205,,AVLP
720575941574049182,False,lobula_columnar,LC21,,LO
720575941517917612,True,chordotonal_organ_neuron,JO-B,right_antennal_nerve,NO_CONS
720575941609405869,False,,IN19A100,,T3_METANM
720575941431311791,False,,CB1205,,AVLP
720575941670550961,False,bristle_neuron,BM_Ant,left_antennal_nerve,GNG
720575941483707834,False,,CL136,,PLP
720575941543607740,False,,IN07B010,,T2_MESONM
720575941681003965,False,ventral_nerve_cord_centripetal,IN23B009,,T1_PRONM
720575941462375876,False,ascending_neuron,AN09B035,,T2_MESONM
720575941633064389,False,ascending_neuron,AN08B018,,T3_METANM
720575941531876811,True,chordotonal_organ_neuron,JO-A,left_antennal_nerve,AMMC
720575941616418261,False,single_leg_neuromere,IN13A020,,T2_MESONM
720575941429476823,False,,IN12B078,,T2_MESONM
720575941655543257,False,proximal_distal_medulla_tangential,PDt,,ME
720575941690998235,False,,WED010,,IPS
720575941471190493,False,,,,ME
720575941630049762,False,descending_neuron,DNut054,,GNG
720575941531450853,False,single_leg_neuromere,IN13B022,,T2_MESONM
720575941503499755,False,,IN11B017,,HTCT
720575941633162732,False,,CB2341,,PLP
720575941667667443,False,,CB3922,,AVLP
720575941580930549,False,,CB1908,,SAD
720575941605473782,True,chordotonal_organ_neuron,JO-A,right_antennal_nerve,AMMC
720575941515755001,False,,,,LO
720575941573590523,False,single_leg_neuromere,IN19A030,,T2_MESONM
720575941575982587,False,serpentine_medulla,Sm16,,ME
720575941591842302,False,,PS088,,GNG
720575941515951619,False,,AVLP039,,AVLP
720575941394218500,True,chordotonal_organ_neuron,JO-A,right_antennal_nerve,AVLP
720575941573492232,False,sequential_leg_neuromeres,IN11A003,,T2_MESONM
720575941573787144,False,,CB0336,,AVLP
720575941430689294,False,single_leg_neuromere,IN13A014,,T1_PRONM
720575941658066456,False,descending_neuron,DNge138,,SPS
720575941555240475,False,,CB0475,,AVLP
720575941641584159,False,,AOTU041,,AOTU
720575941399428643,False,,CB1978,,SPS
720575941555437092,False,single_leg_neuromere,IN20A.22A036,,T2_MESONM
720575941595348517,False,,CL248,,AVLP
720575941627756070,False,medulla_intrinsic,Mi1,,ME
720575941594496552,True,chordotonal_organ_neuron,JO-B,right_antennal_nerve,AMMC
720575941438455340,False,single_leg_neuromere,IN03B019,,T1_PRONM
720575941560221229,False,single_leg_neuromere,IN03A004,,T1_PRONM
720575941474467377,False,single_leg_neuromere,IN12B040,,T1_PRONM
720575941591121463,False,leg_motor_neuron,sternal_posterior_rotator,right_mesothoracic_leg_nerve,T2_MESONM
720575941628935737,False,,CB0627,,GNG
720575941723242042,False,ventral_nerve_cord_dorsal,IN14B007,,INTTCT
720575941507563068,False,,PLP246,,SMP
720575941471911488,False,,IN18B031,,T2_MESONM
720575941505596997,False,,IN20A.22A059,,T3_METANM
720575941495864905,False,neck_motor_neuron,CvN7,right_cervical_nerve,GNG
720575941498748489,False,leg_motor_neuron,sternal_posterior_rotator,right_metathoracic_leg_nerve,T3_METANM
720575941521555019,False,,IN13B024,,T2_MESONM
720575941451955790,False,,AVLP501,,AVLP
720575941451824718,False,lamina_wide_field,Lawf2,,ME
720575941659246160,False,lobula_columnar,LC31b,,LO
720575941441633883,False,descending_neuron,DNge049,,GNG
720575941443141211,False,,,,ME
720575941450284637,False,,CB0261,,AMMC
720575941640765029,False,,IN19A071,,T2_MESONM
720575941550849652,True,chordotonal_organ_neuron,JO-B,right_antennal_nerve,AMMC
720575941550194292,False,,PVLP112b,,AVLP
720575941688704630,False,,VES013,,VES
720575941471452791,False,,mALB2,,VES
720575941495635579,False,,IN06A056,,HTCT
720575941494161024,False,,IN20A.22A015,,T1_PRONM
720575941508054657,False,,CB1542,,WED
720575941590040204,False,single_leg_neuromere,IN20A.22A006,,T3_METANM
720575941591285388,False,,IN12A034,,HTCT
720575941435309710,False,ventral_nerve_cord_dorsal,IN02A023,,INTTCT
720575941590761100,False,,CB1023,,GNG
720575941461786256,False,wedge_projection_neuron,PLP073,,PLP
720575941561433746,False,leg_motor_neuron,tarsus_levator,right_prothoracic_leg_nerve,T1_PRONM
720575941516738195,False,single_leg_neuromere,IN12B027,,T3_METANM
720575941597314716,False,single_leg_neuromere,IN12B037,,T2_MESONM
720575941572050589,False,,IN09A019,,LTCT
720575941643320993,False,,CB1809,,AVLP
720575941481447075,False,,CB1038,,AMMC
720575941450546857,False,leg_motor_neuron,accessory_tibia_flexor,left_prothoracic_leg_nerve,T1_PRONM
720575941518835372,False,sequential_leg_neuromeres,IN19A012,,T2_MESONM
720575941573361334,False,,IN13A063,,T1_PRONM
720575941576343222,False,ascending_neuron,AN09B011,,T2_MESONM
720575941483642554,False,,CB2664,,AMMC
720575941546589884,False,,PVLP122b,,AVLP
720575941495537351,False,,CB2863,,AVLP
720575941624839882,False,,IN01A052,,T1_PRONM
720575941532237515,False,,AVLP420_a,,AVLP
720575941520309976,False,,PS058,,PLP
720575941468700381,False,,IN13A034,,T2_MESONM
720575941440683743,False,descending_neuron,DNp10,,ICL
720575941496356577,False,,IN16B071,,INTTCT
720575941653774065,False,lateral_horn_output_neuron,LHAV4c2,,AVLP
720575941539118834,False,ascending_neuron,AN09B023,,AMNP
720575941669338867,False,,IB018,,IB
720575941578735349,False,single_leg_neuromere,IN20A.22A041,,T3_METANM
720575941516639993,False,,CB3184,,AVLP
720575941570576122,False,,CB2264,,AVLP
720575941591777022,True,chordotonal_organ_neuron,JO-B,left_antennal_nerve,AMMC
720575941545312005,False,descending_neuron,DNp22,,IPS
720575941542330117,False,single_leg_neuromere,IN20A.22A016,,T1_PRONM
720575941486821126,False,,VESa2_H04,,GNG
720575941433310990,False,,CB2642,,AVLP
720575941560024847,False,ascending_neuron,AN05B006,,INTTCT
720575941439667986,False,leg_motor_neuron,long_tendon_muscle,right_prothoracic_leg_nerve,T1_PRONM
720575941476433694,False,,,,AVLP
720575941546491681,False,,IN06A019,,HTCT
720575941402804003,False,,CB2175,,AVLP
720575941596167973,False,lobula_columnar,LC18,,AVLP
720575941602230057,True,chordotonal_organ_neuron,JO-B,right_antennal_nerve,NO_CONS
720575941733662507,False,,CB1138,,IPS
720575941568708398,False,ascending_neuron,AN19B017,,INTTCT
720575941567102766,False,ventral_nerve_cord_serially_convergent,IN03B020,,T2_MESONM
720575941474467633,False,single_leg_neuromere,IN08A002,,T2_MESONM
720575941504876338,False,,CB2545,,WED
720575941491506997,False,,IN23B005,,AMNP
720575941590171447,False,,CB2289,,AVLP
720575941628280633,False,,AVLP531,,AVLP
720575941723832122,False,,,,ME
720575941628935993,False,,PVLP016,,SIP
720575941505105724,False,,IN08A047,,T3_METANM
720575941472436027,False,,IN04B062,,T2_MESONM
720575941612715850,False,,PS221,,IPS
720575941521588043,False,,IN21A102,,T3_METANM
720575941428559700,False,,CB2745,,ICL
720575941441306453,True,chordotonal_organ_neuron,JO-B,left_antennal_nerve,AL
720575941536628568,False,single_leg_neuromere,INXXX468,,T2_MESONM
720575941542461276,False,ascending_neuron,AN17A018,,T1_PRONM
720575941471813472,False,lobula_intrinsic,Li15,,LO
720575941564186466,False,single_leg_neuromere,IN23B054,,T2_MESONM
720575941515624291,False,,IN18B006,,T3_METANM
720575941516640099,False,,IN01B002,,T1_PRONM
720575941517066083,False,medulla_intrinsic,Mi1,,ME
720575941612519270,False,distal_medulla,Dm3p,,ME
720575941607604077,False,,IN05B012,,T3_METANM
720575941581291385,False,,PLP190,,PLP
720575941581684601,False,descending_neuron,DNa06,,IPS
720575941617237887,False,,IN13A040,,T3_METANM
720575941530697603,False,,IN06B078,,AMNP
720575941530926979,False,,WED070,,IPS
720575941596430213,False,ventral_nerve_cord_serially_convergent,IN18B016,,T2_MESONM
720575941550948231,False,,IN11A019,,INTTCT
720575941592629132,False,descending_neuron,DNfl036,,GNG
720575941435342734,False,,CB2905,,AVLP
720575941414305681,False,,IN04B085,,T1_PRONM
720575941561204626,False,leg_motor_neuron,femur_reductor,left_prothoracic_leg_nerve,T1_PRONM
720575941562875794,False,single_leg_neuromere,IN21A014,,T2_MESONM
720575941415747476,False,lobula_medulla_amacrine,LMa1,,LO
720575941554487194,False,,AVLP308,,AVLP
720575941555634074,False,,,,ME
720575941456314271,False,,IN08B068,,INTTCT
720575941498781602,False,bristle_neuron,SNta18,right_anterior_dorsal_mesothoracic_nerve,AMNP
720575941528108966,False,,CB1826,,GNG
720575941668683687,False,leg_motor_neuron,tergopleural_promotor,left_dorsal_prothoracic_nerve,T1_PRONM
720575941563498408,False,,AOTU032,,IPS
720575941453299625,False,single_leg_neuromere,IN00A031,,T2_MESONM
720575941452185513,False,,IN05B090,,T3_METANM
720575941613633453,True,chordotonal_organ_neuron,JO-B,left_antennal_nerve,AMMC
720575941667012529,False,,IN00A061,,T2_MVAC
720575941667143601,False,,IN11B016,,INTTCT
720575941670158257,False,,CB1818,,WED
720575941547179956,False,,IN05B043,,T3_METANM
720575941450678197,False,,AVLP294,,AVLP
720575941577064374,False,,CB2930,,AVLP
720575941522669491,False,,IN13A034,,T2_MESONM
720575941633589179,False,ascending_neuron,AN06B002,,T1_PRONM
720575941547245500,False,,,,ME
720575941602525118,False,,CB2149,,GNG
720575941530206155,False,leg_motor_neuron,tergotrochanter,right_first_abdominal_nerve,T3_METANM
720575941512314834,False,,,,AVLP
720575941508546514,False,,IN13B084,,T2_MESONM
720575941657346004,False,,,,LO
720575941433212887,False,,CB3322,,AVLP
720575941469716445,False,descending_neuron,DNg48,,GNG
720575941468700637,False,single_leg_neuromere,IN23B028,,T2_MESONM
720575941436850143,False,ascending_neuron,AN08B010,,INTTCT
720575941499764705,True,chordotonal_organ_neuron,JO-B,right_antennal_nerve,AMMC
720575941538529251,True,chordotonal_organ_neuron,JO-B,right_antennal_nerve,AMMC
720575941538955235,False,,,,T1_PRONM
720575941536923624,False,leg_motor_neuron,trochanter_flexor,left_prothoracic_accessory_nerve,T1_PRONM
720575941632049132,False,sequential_leg_neuromeres,IN08B001,,T1_PRONM
720575941652987889,False,,CL101,,PLP
720575941581684725,False,lobula_lobula_plate_tangential,LLPt,,LO
720575941432360952,False,,CB0738,,AVLP
720575941625102332,False,,IN08B054,,T2_MESONM
720575941482954749,False,,CB2238,,WED
720575941484855293,False,,AVLP203,,AVLP
720575941483675645,False,single_leg_neuromere,IN03A027,,T2_MESONM
720575941592137726,False,,IN04B042,,T3_METANM
720575941515493379,False,lamina_wide_field,Lawf2,,ME
720575941394022404,False,,CB2651,,AVLP
720575941542297605,False,,IN11B022,,HTCT
720575941390352388,False,neck_motor_neuron,DProN9,left_dorsal_prothoracic_nerve,NTCT
720575941470371851,False,leg_motor_neuron,femur_reductor,left_mesothoracic_leg_nerve,T2_MESONM
720575941559533583,True,chordotonal_organ_neuron,JO-B,right_antennal_nerve,AMMC
720575941560188943,False,,SMP037,,SMP
720575941651087381,False,,CB1206,,AVLP
720575941507989527,False,descending_neuron,DNge099,,GNG
720575941509005346,True,chordotonal_organ_neuron,JO-B,right_antennal_nerve,AMMC
720575941559205933,False,descending_neuron,DNg05,,GNG
720575941478400049,False,,,,T2_MESONM
720575941476991028,False,campaniform_sensillum_neuron,SApp06,left_dorsal_metathoracic_nerve,HTCT
720575941490720821,False,,IB049,,LAL
720575941662654520,False,,CB0039,,GNG
720575941628411961,False,,CB1207,,AVLP
720575941629362233,False,medulla_intrinsic,Mi1,,ME
720575941471977536,False,,AVLP394,,AVLP
720575941478858817,False,,CB1109,,AVLP
720575941515264067,False,,AVLP216,,AVLP
720575941508808773,False,lobula_columnar,LC11,,LO
720575941524176971,False,single_leg_neuromere,IN17A061,,T1_PRONM
720575941577752657,False,lamina_wide_field,Lawf2,,ME
720575941555503187,False,ascending_neuron,AN08B005,,AMNP
720575941556912211,False,ascending_neuron,AN08B009,,T3_METANM
720575941577162841,False,distal_medulla,Dm13,,ME
720575941514903642,False,,IN20A.22A018,,T1_PRONM
720575941440782427,False,,CB1094,,GNG
720575941541544028,False,single_leg_neuromere,IN19A003,,T1_PRONM
720575941539741788,False,,IN06B038,,WTCT
720575941441175643,False,lamina_wide_field,Lawf2,,ME
720575941431017569,False,single_leg_neuromere,IN13B078,,T3_METANM
720575941526437988,False,leg_motor_neuron,accessory_tibia_flexor,right_prothoracic_leg_nerve,T1_PRONM
720575941610618982,False,,IN06B066,,WTCT
720575941546492009,False,,CB1964,,AVLP
720575941475745898,False,wing_motor_neuron,i2,right_anterior_dorsal_mesothoracic_nerve,INTTCT
720575941625561196,False,ascending_neuron,AN05B099,,AMNP
720575941412601967,False,ventral_nerve_cord_centrifugal,IN12B002,,INTTCT
720575941594595441,False,optic_lobe_intrinsic_centrifugal,C3,,ME
720575941569822834,False,,CB3663,,AVLP
720575941549899892,False,leg_motor_neuron,tergotrochanter,left_first_abdominal_nerve,T3_METANM
720575941471420535,False,,VES001,,VES
720575941644959864,False,,CB2108,,AVLP
720575941644894328,False,single_leg_neuromere,IN21A018,,T3_METANM
720575941453365370,False,,,,LO
720575941469061239,False,ventral_nerve_cord_centripetal,IN19A093,,T2_MESONM
720575941661507708,False,,IN20A.22A048,,T3_METANM
720575941530861699,False,,IN03B086,,INTTCT
720575941595512965,False,,IN21A073,,INTTCT
720575941552783495,False,ascending_neuron,AN07B076,,HTCT
720575941549113480,True,chordotonal_organ_neuron,JO-B,left_antennal_nerve,AMMC
720575941625168010,False,ventral_nerve_cord_serially_convergent,IN07B012,,T2_MESONM
720575941591285900,False,sequential_leg_neuromeres,IN13A004,,T2_MESONM
720575941392810134,False,,CB3269,,AVLP
720575941691031704,False,descending_neuron,DNg48,,GNG
720575941595840668,False,,IN13B094,,T2_MESONM
720575941528305830,False,,AVLP420_b,,AVLP
720575941527388326,False,,CB1666,,IPS
720575941562056872,False,,IN04B081,,T1_PRONM
720575941562155176,False,,IN06B056,,INTTCT
720575941445107882,False,,CB0022,,GNG
720575941411356843,False,,CB2376,,AVLP
720575941519098028,False,,CB1221,,AVLP
720575941484691642,False,ascending_neuron,AN17A003,,T1_PRONM
720575941606654142,False,lobula_intrinsic,Li21,,LO
720575941503303874,False,,AVLP309,,AVLP
720575941459099844,False,ascending_neuron,AN07B085,,HTCT
720575941595775190,False,,PVLP100,,PVLP
720575941429543127,False,,IN06A116,,HTCT
720575941654986969,False,,IN07B022,,T3_METANM
720575941688508635,False,,IN20A.22A032,,T1_PRONM
720575941469716701,False,campaniform_sensillum_neuron,SNpp30,right_anterior_dorsal_mesothoracic_nerve,AMNP
720575941628707042,False,,IN19A081,,T1_PRONM
720575941630017762,False,single_leg_neuromere,IN14A015,,T1_PRONM
720575941553537252,False,single_leg_neuromere,INXXX468,,T3_METANM
720575941536301288,False,descending_neuron,DNb02,,IPS
720575941503369451,True,chordotonal_organ_neuron,JO-B,right_antennal_nerve,NO_CONS
720575941632344300,False,,CB2207,,AVLP
720575941560090862,False,,IN03B086,,WTCT
720575941688672495,True,chordotonal_organ_neuron,JO-B,left_antennal_nerve,NO_CONS
720575941571494139,False,,IN04B103,,T2_MESONM
720575941591187710,False,,WED113,,AVLP
720575941551997183,False,single_leg_neuromere,IN00A014,,T3_METANM
720575941588369662,False,descending_neuron,DNg01,,SPS
720575941543739653,False,single_leg_neuromere,IN09A064,,INTTCT
720575941575688457,False,descending_neuron,DNnt015,,IPS
720575941471781131,False,,CB1446,,AVLP
720575941461065997,False,single_leg_neuromere,IN16B077,,T2_MESONM
720575941432557838,False,,CB0534,,GNG
720575941449302292,True,chordotonal_organ_neuron,JO-B,left_antennal_nerve,AMMC
720575941653217557,False,,ATL014,,ATL
720575941464768790,False,,IN06A004,,INTTCT
720575941541740829,False,,IN06B084,,LTCT
720575941637914911,False,,IN06A059,,INTTCT
720575941629985062,False,,AVLP570,,AVLP
720575941595611431,False,,PLP015,,PLP
720575941472141610,False,single_leg_neuromere,IN01A038,,T1_PRONM
720575941565333806,False,single_leg_neuromere,IN12B030,,T2_MESONM
720575941504549170,False,,IN18B038,,T3_METANM
720575941503500594,False,single_leg_neuromere,IN01B010,,T2_MESONM
720575941452054835,False,ascending_neuron,AN07B072,,INTTCT
720575941492162869,False,,,,LO
720575941628084537,False,,CB2108,,AVLP
720575941505794364,False,,CL310,,VES
720575941507957052,False,lobula_plate_tangential_cell,LPT58,,SPS
720575941478957377,False,,CB1955,,AVLP
720575941453758791,False,,AVLP194,,AVLP
720575941608423754,False,,IN01A072,,T1_PRONM
720575941524078925,False,,IN11B022,,HTCT
720575941449761102,False,,CB1198,,GNG
720575941644009810,False,,CB0632,,VES
720575941425381716,False,descending_neuron,DNxn109,,GNG
720575941579555161,False,,PS276,,SPS
720575941442978139,False,,CB3416,,AVLP
720575941451301213,False,,CB2205,,IPS
720575941514608995,False,descending_neuron,DNg81,,GNG
720575941544264041,False,neck_motor_neuron,DProN3b,right_dorsal_prothoracic_nerve,NTCT
720575941623365996,False,,IN21A075,,T2_MESONM
720575941549506932,False,descending_neuron,DNb03,,IPS
720575941505991041,False,,IN06A079,,HTCT
720575941596561797,False,,CB0488,,IPS
720575941459526032,False,single_leg_neuromere,IN14A007,,T2_MESONM
720575941564875154,False,,CB1231,,GNG
720575941414404500,False,,CB2368,,IPS
720575941538431381,False,,IN04B102,,T1_PRONM
720575941390713238,False,,IN03A047,,T2_MESONM
720575941564678551,False,single_leg_neuromere,IN13A008,,T1_PRONM
720575941615501721,False,,CB1783,,AVLP
720575941626151323,False,wedge_projection_neuron,PLP073,,PLP
720575941457985951,False,,IN04B070,,T1_PRONM
720575941633130912,False,,PVLP100,,PVLP
720575941633458592,False,,,,ME
720575941500584354,True,chordotonal_organ_neuron,JO-B,left_antennal_nerve,AMMC
720575941528633766,False,,SMP292,,LAL
720575941452513705,False,,AVLP194_a,,AVLP
720575941452186025,False,ascending_neuron,AN08B098,,INTTCT
720575941411946923,True,chordotonal_organ_neuron,JO-B,right_antennal_nerve,AMMC
720575941609374125,False,single_leg_neuromere,IN04B031,,T3_METANM
720575941408997806,False,,PS041,,IPS
720575941432328623,True,chordotonal_organ_neuron,JO-A,left_antennal_nerve,AMMC
720575941612323245,False,,CB2283,,PLP
720575941671272881,False,ascending_neuron,AN08B016,,T3_METANM
720575941547311540,False,,CB2162,,AMMC
720575941548982708,False,lobula_intrinsic,Li17,,LO
720575941577359798,True,chordotonal_organ_neuron,JO-B,right_antennal_nerve,AMMC
720575941632311739,False,leg_motor_neuron,accessory_trochanter_flexor,left_metathoracic_leg_nerve,T3_METANM
720575941606523326,False,,,,ME
720575941494260167,True,chordotonal_organ_neuron,JO-B,right_antennal_nerve,AMMC
720575941442945487,False,,CB2049,,AVLP
720575941461459411,False,,CB2433,,AVLP
720575941655577044,False,,PVLP122b,,AVLP
720575941499077089,False,descending_neuron,DNpe027,,IB
720575941631721954,False,ascending_neuron,AN07B004,,INTTCT
720575941538005475,False,,CB0957,,GNG
720575941531517413,False,central_complex_output_neuron,GFC2,,T2_MESONM
720575941531582949,False,ventral_nerve_cord_centripetal,IN23B023,,T3_METANM
720575941458838000,False,,INXXX023,,INTTCT
720575941536268786,False,,IN19A048,,T2_MESONM
720575941431476728,False,,AVLP548_f,,AVLP
720575941570380282,False,,AVLP532,,AVLP
720575941553504769,False,,CB2108,,AVLP
720575941392876036,False,,CB2449,,WED
720575941390352900,False,,IN14B012,,T2_MESONM
720575941576147465,False,single_leg_neuromere,IN01A012,,T2_MESONM
720575941533221386,False,,IN00A049,,LTCT
720575941431935502,False,lobula_intrinsic,Li15,,LO
720575941510545936,True,chordotonal_organ_neuron,JO-A,left_antennal_nerve,AMMC
720575941507760656,False,single_leg_neuromere,IN13B098,,T2_MESONM
720575941439734290,False,single_leg_neuromere,IN10B012,,T1_PRONM
720575941445141012,False,ascending_neuron,ANXXX006,,T1_PRONM
720575941652595221,False,lateral_horn_output_neuron,LHAD2b1,,PLP
720575941464769046,False,single_leg_neuromere,IN13A015,,T1_PRONM
720575941508612631,False,lobula_plate_lobula_columnar,LPLC1,,LO
720575941553635867,False,,CB0091,,GNG
720575941540135453,False,,IN00A051,,AMNP
720575941434753568,False,leg_motor_neuron,tibia_flexor,right_mesothoracic_leg_nerve,T2_MESONM
720575941550752289,False,,IN05B005,,T3_METANM
720575941401231907,False,,CB2000,,GNG
720575941594464807,False,,AVLP182,,AVLP
720575941601215017,False,transverse_neuron,T3,,ME
720575941473714730,False,ascending_neuron,AN19B036,,T2_MVAC
720575941558256173,False,,IN06A057,,HTCT
720575941567365678,False,,CB0170,,GNG
720575941568414254,False,,CL361,,AVLP
720575941504221746,False,,CB0345,,WED
720575941478236724,False,,AVLP018,,AVLP
720575941589844535,False,,IN06B056,,INTTCT
720575941662392888,False,,IN10B014,,T2_MESONM
720575941628936761,False,,WED020_b,,PLP
720575941438358079,False,single_leg_neuromere,IN13B001,,T2_MESONM
720575941468897856,False,wing_motor_neuron,i1,right_anterior_dorsal_mesothoracic_nerve,INTTCT
720575941506220613,False,single_leg_neuromere,IN19A011,,T3_METANM
720575941504418373,False,single_leg_neuromere,IN13A021,,T1_PRONM
720575941458346566,False,,CB2917,,PVLP
720575941573362248,False,,IN03A070,,T3_METANM
720575941525586507,False,leg_motor_neuron,sternal_posterior_rotator,left_metathoracic_leg_nerve,T3_METANM
720575941511168588,False,,IN16B105,,T3_METANM
720575941660262992,False,,CB2144,,AVLP
720575941656068688,False,,IN16B125,,T2_MESONM
720575941534106200,True,chordotonal_organ_neuron,JO-B,right_antennal_nerve,AMMC
720575941577949800,False,,SAD015,,AMMC
720575941577589352,False,,PS086,,SPS
720575941479875178,False,,WED033,,IPS
720575941567496818,False,,CB1078,,AMMC
720575941547901556,False,single_leg_neuromere,IN17A061,,T2_MESONM
720575941452055162,False,,LAL158,,LAL
720575941537809021,False,,IN21A059,,T2_MESONM
720575941550883463,False,,IN06A059,,INTTCT
720575941625889418,False,,IN03A092,,T3_METANM
720575941501600395,False,,CB1417,,AVLP
720575941564121746,False,single_leg_neuromere,IN03A024,,T2_MESONM
720575941513953939,False,,IN08B085,,LTCT
720575941565366930,False,,PVLP049,,AVLP
720575941564875415,False,,CB2186,,AVLP
720575941692310168,False,lobula_tangential,LT82,,LO
720575941690737304,False,,AVLP310a,,AVLP
720575941562942103,False,,IN20A.22A039,,T1_PRONM
720575941572444830,False,single_leg_neuromere,IN20A.22A001,,T2_MESONM
720575941456315039,False,,IN04B027,,T2_MESONM
720575941645320865,False,,CL111,,ICL
720575941507269285,False,,CB2930,,AVLP
720575941507760805,False,lateral_horn_output_neuron,PLP096,,VES
720575941564154536,False,,CB1523,,AVLP
720575941443469994,False,,AVLP548_b,,AVLP
720575941412242091,True,chordotonal_organ_neuron,JO-B,left_antennal_nerve,AMMC
720575941412799147,False,,CB1231,,GNG
720575941611963053,False,ventral_nerve_cord_dorsal,IN02A020,,INTTCT
720575941446156970,False,,AVLP575,,AVLP
720575941451006645,False,ascending_neuron,AN08B012,,T1_PRONM
720575941577720502,False,,,,ME
720575941519786679,False,single_leg_neuromere,IN19A008,,T3_METANM
720575941528732344,False,single_leg_neuromere,IN09A013,,T2_MESONM
720575941603967673,False,,AVLP194_a,,AVLP
720575941527847608,False,leg_motor_neuron,sternal_adductor,left_prothoracic_leg_nerve,T1_PRONM
720575941543510716,False,,IN23B056,,T1_PRONM
720575941595873984,False,single_leg_neuromere,IN13A020,,T2_MESONM
720575941496095431,False,ascending_neuron,AN09B023,,ABDNM
720575941624840906,False,single_leg_neuromere,IN20A.22A055,,T1_PRONM
720575941491835598,False,,CB1395,,AVLP
720575941442192079,False,wedge_projection_neuron,WED006,,IPS
720575941513069265,False,,CB1076,,AMMC
720575941656691412,False,,IN18B014,,T1_PRONM
720575941618680533,False,ascending_neuron,AN05B009,,T2_MESONM
720575941594366678,False,,AVLP420_b,,AVLP
720575941433606871,True,chordotonal_organ_neuron,JO-B,left_antennal_nerve,AMMC
720575941704434394,False,descending_neuron,DNg62,,GNG
720575941691917019,False,,,,LO
720575941478269664,False,single_leg_neuromere,IN20A.22A017,,T2_MESONM
720575941630149346,False,single_leg_neuromere,IN16B033,,T2_MESONM
720575941537907427,False,,CB0523,,GNG
720575941530272485,False,,CB3111,,GNG
720575941491966695,False,,CL058,,ICL
720575941610455785,False,single_leg_neuromere,IN13B005,,T3_METANM
720575941460280048,False,lobula_columnar,LC11,,LO
720575941653906161,False,descending_neuron,DNge139,,GNG
720575941668422387,False,,LAL127,,LAL
720575941576934133,False,single_leg_neuromere,IN13A021,,T3_METANM
720575941521031927,False,ventral_nerve_cord_dorsal,IN11A021,,INTTCT
720575941515264761,False,,CB1760,,WED
720575941571330811,False,single_leg_neuromere,IN06B029,,T2_MESONM
720575941621629692,False,,IN11A032,,LTCT
720575941566677767,True,chordotonal_organ_neuron,JO-A,right_antennal_nerve,AMMC
720575941689492236,False,,AVLP451b,,AVLP
720575941463655181,False,single_leg_neuromere,IN01B008,,T3_METANM
720575941432361742,False,,CB1138,,IPS
720575941559075599,False,,CB0830,,GNG
720575941438456594,False,single_leg_neuromere,IN16B042,,T2_MESONM
720575941439439634,False,,CB2858,,AVLP
720575941438096146,False,lobula_plate_lobula_columnar,LPLC1,,LO
720575941614289683,False,wing_motor_neuron,DVM3a-b,left_posterior_dorsal_mesothoracic_nerve,WTCT
720575941656331032,False,,CB1038,,AMMC
720575941536695066,False,ascending_neuron,AN03B011,,T2_MESONM
720575941418140444,False,single_leg_neuromere,IN13A008,,T2_MESONM
720575941400707875,False,,IN08A034,,T1_PRONM
720575941352244016,False,,CB3615,,GNG
720575941476041521,False,ascending_neuron,AN08B109,,LTCT
720575941550687037,False,ascending_neuron,AN06B007,,T1_PRONM
720575941469029184,False,single_leg_neuromere,IN20A.22A024,,T2_MESONM
720575941458969414,False,ascending_neuron,AN07B085,,HTCT
720575941450056519,False,,IN00A029,,LTCT
720575941527814989,True,chordotonal_organ_neuron,JO-B,right_antennal_nerve,NO_CONS
720575941526831949,False,,CB1138,,WED
720575941657445200,False,,CB2380,,AMMC
720575941553996627,False,,IN04B104,,T1_PRONM
720575941427708756,False,,LAL160,,LAL
720575941501207383,False,single_leg_neuromere,IN12B037,,T1_PRONM
720575941517263706,False,,IN03A060,,T2_MESONM
720575941542462300,False,ascending_neuron,AN18B053,,INTTCT
720575941450253149,False,,VES013,,VES
720575941450220381,False,,CB3640,,GNG
720575941450089309,False,,CB2000,,GNG
720575941564580711,False,,IN01A073,,INTTCT
720575941607605101,False,,AN18B020,,INTTCT
720575941604950893,False,single_leg_neuromere,IN19A073,,T2_MESONM
720575941404083056,False,,CB0978,,GNG
720575941551014772,False,,AVLP536,,AVLP
720575941551375220,False,single_leg_neuromere,IN19A002,,T2_MESONM
720575941636735861,False,leg_motor_neuron,sternal_posterior_rotator,right_prothoracic_accessory_nerve,T1_PRONM
720575941580669817,False,wing_motor_neuron,hg1,right_anterior_dorsal_mesothoracic_nerve,HTCT
720575941453595514,False,lamina_wide_field,Lawf2,,ME
720575941499372411,True,chordotonal_organ_neuron,JO-B,right_antennal_nerve,AMMC
720575941619073919,False,,CB3320,,GNG
720575941597807493,False,,WED099,,AMMC
720575941461296016,False,single_leg_neuromere,IN19B038,,T2_MESONM
720575941564154770,False,,IN23B008,,LTCT
720575941517460371,True,chordotonal_organ_neuron,JO-B,left_antennal_nerve,NO_CONS
720575941516739475,False,single_leg_neuromere,IN04B008,,T3_METANM
720575941536301973,False,,IN16B014,,T1_PRONM
720575941536957333,False,,IN21A054,,T3_METANM
720575941626184603,False,,CB0204,,VES
720575941569659806,False,,IN03B061,,INTTCT
720575941570315166,False,single_leg_neuromere,IN12B026,,T1_PRONM
720575941497766818,False,,IB038,,SPS
720575941668553639,False,leg_motor_neuron,accessory_trochanter_flexor,left_mesothoracic_leg_nerve,T2_MESONM
720575941518082988,False,,AVLP034,,AVLP
720575941492196272,False,single_leg_neuromere,IN17A044,,T1_PRONM
720575941522604979,False,descending_neuron,DNge059,,GNG
720575941450679221,False,,CB2472,,WED
720575941522244535,False,,AVLP157,,AVLP
720575941599970240,False,,AVLP541a,,AVLP
720575941600396224,False,lobula_intrinsic,Li16,,LO
720575941504680898,False,,CB3324,,AVLP
720575941479220163,False,single_leg_neuromere,IN20A.22A039,,T2_MESONM
720575941533221825,False,,IN11B017,,HTCT
720575941480432582,False,,IN08A037,,T3_METANM
720575941497635783,False,,AVLP151,,AVLP
720575941642372040,False,,IN18B032,,AMNP
720575941618058197,False,ascending_neuron,AN05B006,,T2_MESONM
720575941688509403,False,abdomen_motor_neuron,MNad35,right_second_abdominal_nerve,ABDNM
720575941500322785,False,single_leg_neuromere,IN09B008,,T1_PRONM
720575941628642274,False,single_leg_neuromere,IN23B028,,T2_MESONM
720575941537219555,False,,CB0416,,GNG
720575941553669092,False,campaniform_sensillum_neuron,SApp06,left_dorsal_metathoracic_nerve,HTCT
720575941491934183,False,,CB0671,,GNG
720575941491639271,False,single_leg_neuromere,IN03A067,,T3_METANM
720575941493015527,False,,AVLP478,,AVLP
720575941532304362,False,single_leg_neuromere,IN01B020,,T2_MESONM
720575941557371886,False,sequential_leg_neuromeres,IN09B022,,T2_MESONM
720575941685691375,False,ascending_neuron,AN19B004,,T1_PRONM
720575941651874801,True,chordotonal_organ_neuron,JO-B,right_antennal_nerve,AMMC
720575941516215289,False,,CB2995,,AVLP
720575941570380794,False,,CB1908,,SAD
720575941572674555,False,,IN13B042,,T2_MESONM
720575941564417024,False,ventral_nerve_cord_dorsal,IN07B033,,HTCT
720575941523981314,False,single_leg_neuromere,IN12B024,,T2_MESONM
720575941392876548,False,,CB0527,,SPS
720575941573493768,False,single_leg_neuromere,IN04B108,,T2_MESONM
720575941463950349,False,,PS220,,IPS
720575941510841360,False,,WED092d,,WED
720575941653644305,False,,LAL120b,,LAL
720575941653840913,False,,PVLP062,,AVLP
720575941614257171,False,ventral_nerve_cord_serially_convergent,IN07B002,,T2_MESONM
720575941467587606,False,descending_neuron,DNxn175,,SPS
720575941477909534,True,chordotonal_organ_neuron,JO-B,left_antennal_nerve,AMMC
720575941638407199,False,descending_neuron,DNa15,,IPS
720575941508285474,False,single_leg_neuromere,IN01A034,,T1_PRONM
720575941559043108,False,,PVLP061,,AVLP
720575941594465320,False,,CB0496,,GNG
720575941732779051,False,,CB3425,,AVLP
720575941350409264,False,,IN08B073,,INTTCT
720575941503566898,False,,IN23B056,,T2_MESONM
720575941474763828,False,single_leg_neuromere,IN20A.22A002,,T2_MESONM
720575941489345589,False,,IN04B011,,T2_MESONM
720575941565105206,False,wing_motor_neuron,DVM1a-c,left_anterior_dorsal_mesothoracic_nerve,WTCT
720575941476434996,False,leg_motor_neuron,TTMn,left_posterior_dorsal_mesothoracic_nerve,T2_MESONM
720575941475484731,False,,CB0896,,GNG
720575941503468604,False,,IN13A062,,T2_MESONM
720575941547377725,False,single_leg_neuromere,IN13A045,,T3_METANM
720575941473223744,False,,IN06B003,,AMNP
720575941508842565,False,,CB1427,right_antennal_nerve,AMMC
720575941451924551,True,chordotonal_organ_neuron,JO-B,right_antennal_nerve,AMMC
720575941499995209,False,,CB1090,,AVLP
720575941611144266,False,single_leg_neuromere,IN23B014,,T2_MESONM
720575941657510992,False,,IN17A033,,WTCT
720575941645321298,False,,IB115,,IB
720575941428593748,False,,WEDPN1A,,WED
720575941507597406,False,,CB1948,,AMMC
720575941562287202,False,ascending_neuron,AN03A002,,NTCT
720575941524046948,False,ventral_nerve_cord_dorsal,IN05B072,,LTCT
720575941577917544,True,chordotonal_organ_neuron,JO-B,right_antennal_nerve,AMMC
720575941573952616,False,,IN10B054,,T2_MESONM
720575941519492206,False,,IN19B015,,T3_METANM
720575941559829619,False,,AVLP548_f,,AVLP
720575941581063289,False,,PLP222,,SPS
720575941665244284,False,optic_anterior,OA-AL2i2,,ME
720575941479548034,False,,IN07B087,,HTCT
720575941502715019,False,descending_neuron,DNg24,,AMMC
720575941572707471,False,,IN11A007,,T1_PRONM
720575941540201621,False,,AVLP149,,AVLP
720575941614290073,False,,IN06A046,,HTCT
720575941626086555,False,,,,AVLP
720575941668619431,False,ventral_nerve_cord_dorsal,IN00A048,,INTTCT
720575941563139240,False,,IN00A016,,LTCT
720575941407294638,False,single_leg_neuromere,IN19A021,,T3_METANM
720575941405787310,False,single_leg_neuromere,IN21A049,,T2_MESONM
720575941408670894,False,,PVLP097,,PVLP
720575941521196211,False,wing_motor_neuron,b1,left_anterior_dorsal_mesothoracic_nerve,WTCT
720575941520049331,False,,CB0072,,GNG
720575941529846968,False,,LAL104,,LAL
720575941604721849,False,,,,ME
720575941545804988,False,,CB1202,,IPS
720575941441471679,False,,SAD021_c,,WED
720575941595940032,False,ascending_neuron,AN07B056,,HTCT
720575941597545664,False,,IN07B020,,T1_PRONM
720575941481972931,False,single_leg_neuromere,IN20A.22A007,,T3_METANM
720575941644633288,False,,CB3491,,WED
720575941624841418,False,,IN08A027,,T2_MESONM
720575941531387083,False,,CL121_a,,ICL
720575941489673420,False,wing_motor_neuron,iii1,left_mesothoracic_accessory_nerve,WTCT
720575941489083596,False,descending_neuron,DNg02,,SPS
720575941491410124,False,,WED057,,IPS
720575941461525715,False,,AVLP039,,AVLP
720575941653415124,False,,CB1792,,IPS
720575941618681045,False,ventral_nerve_cord_centrifugal,IN06B028,,LTCT
720575941471487197,False,lobula_medulla_amacrine,LMa1,,LO
720575941496227041,False,,IN06B038,,WTCT
720575941557601508,False,ascending_neuron,AN05B010,,T1_PRONM
720575941609800934,False,,CB1458,,SPS
720575941489116391,False,,IN00A053,,INTTCT
720575941502158059,False,ascending_neuron,AN08B018,,T2_MESONM
720575941631001836,False,single_leg_neuromere,IN13B050,,T3_METANM
720575941570118900,False,,SMP493,,SMP
720575941580604661,False,,IN06B016,,AMNP
720575941516379385,False,,,,AVLP
720575941569365242,False,ascending_neuron,AN08B012,,AMNP
720575941622252796,False,leg_motor_neuron,tergotrochanter,left_first_abdominal_nerve,T3_METANM
720575941621761276,False,,IN20A.22A066,,T3_METANM
720575941514118403,False,,CB2187,,AVLP
720575941487707398,False,lobula_plate_lobula_columnar,LPLC1,,LO
720575941464999181,True,chordotonal_organ_neuron,JO-A,right_antennal_nerve,AMMC
720575941448779028,False,,AVLP290b,,AVLP
720575941449008404,False,,CB2972,,IPS
720575941507073303,False,descending_neuron,DNp02,,AMMC
720575941540726045,False,,IN13A051,,T1_PRONM
720575941541774621,False,,IN04B055,,T2_MESONM
720575941403198755,False,medulla_intrinsic,Mi15,,ME
720575941559665956,False,single_leg_neuromere,IN21A015,,T3_METANM
720575941628282150,False,ascending_neuron,AN06A018,,INTTCT
720575941592991016,False,,CB1681,,AVLP
720575941561632045,False,ascending_neuron,AN03B011,,T3_METANM
720575941408310575,False,lobula_lobula_plate_tangential,LLPt,,LO
720575941476173105,False,single_leg_neuromere,IN13B025,,T2_MESONM
720575941490558261,False,descending_neuron,DNit013,,LAL
720575941723178298,False,single_leg_neuromere,IN13B052,,T3_METANM
720575941487379778,False,,AVLP147,,AVLP
720575941457134918,False,,IN04B089,,T2_MESONM
720575941453038919,False,,AVLP215,,AVLP
720575941495899465,False,ascending_neuron,AN10B017,,INTTCT
720575941524309323,False,,CB2365,,AVLP
720575941579064657,False,,CB3327,,WED
720575941427938644,False,,AVLP547b,,AVLP
720575941433116001,False,,,,AME
720575941564122466,False,,IN19A042,,T2_MESONM
720575941593777515,False,,CB1138,,IPS
720575941623399788,False,,IN11A031,,INTTCT
720575941604984173,False,single_leg_neuromere,IN19A001,,T2_MESONM
720575941410047343,False,single_leg_neuromere,IN09A013,,T2_MESONM
720575941471159671,False,single_leg_neuromere,IN16B018,,T3_METANM
720575941646665080,False,lobula_lobula_plate_tangential,LLPt,,LO
720575941472503159,False,,,,ABDNM
720575941451728250,False,,WED166_d,,WED
720575941451564410,False,wedge_projection_neuron,WEDPN9,,IPS
720575941492360574,False,,IN19A105,,T2_MESONM
720575941534860675,False,,AVLP039,,AVLP
720575941596431749,False,descending_neuron,DNut042,,SPS
720575941589124492,False,,VES018,,VES
720575941413848468,True,chordotonal_organ_neuron,JO-A,right_antennal_nerve,AMMC
720575941413455252,False,ventral_nerve_cord_centripetal,IN23B007,,T1_PRONM
720575941565138327,False,,CB3696,,FLA
720575941456348575,False,ventral_nerve_cord_dorsal,IN18B020,,INTTCT
720575941506516389,False,,CB2863,,AVLP
720575941446780330,False,centrifugal_medulla,cM15,,IPS
720575941443863978,False,single_leg_neuromere,IN12B043,,T1_PRONM
720575941518509495,False,descending_neuron,DNxl131,,GNG
720575941547771324,False,single_leg_neuromere,IN14A024,,T2_MESONM
720575941493736903,False,,CB0792,,GNG
720575941646337480,False,single_leg_neuromere,IN13B004,,T3_METANM
720575941489378761,False,single_leg_neuromere,IN03A013,,T2_MESONM
720575941491475916,False,,CB3861,,AVLP
720575941540201933,False,sequential_leg_neuromeres,IN19A012,,T1_PRONM
720575941491082702,False,single_leg_neuromere,IN14A110,,T1_PRONM
720575941516674520,False,,IN21A084,,INTTCT
720575941519263192,False,single_leg_neuromere,IN00A031,,T2_MESONM
720575941702305242,False,,CB0830,,GNG
720575941688313307,False,antennal_lobe_local_neuron,v2LN33,,AL
720575941610587612,False,ventral_nerve_cord_dorsal,IN02A010,,HTCT
720575941440914911,False,,SAD021_a,,WED
720575941538530792,False,,CB1407,,WED
720575941503469035,False,,IN06A018,,HTCT
720575941568841204,False,sequential_leg_neuromeres,IN01A009,,T2_MESONM
720575941604197878,False,,CB3442,,AVLP
720575941623301628,False,ventral_nerve_cord_centripetal,IN23B013,,T1_PRONM
720575941624481276,False,,CB0148,,AVLP
720575941544953349,False,,CB3886,,GNG
720575941486560774,False,,IN17A020,,T2_MESONM
720575941433345550,False,,CB2373,,AVLP
720575941557208591,False,,IN09A044,,T2_MVAC
720575941615830547,False,,AVLP053,,AVLP
720575941526504985,False,lateral_horn_output_neuron,LHAV2b2a,,LH
720575941416797724,False,,CL310,,AVLP
720575941418305052,False,centrifugal_medulla,cM05,,GNG
720575941416732188,False,,CB0900,,GNG
720575941595940391,False,,PVLP122b,right_antennal_nerve,AVLP
720575941601642025,True,chordotonal_organ_neuron,JO-B,left_antennal_nerve,NO_CONS
720575941732484651,False,,PVLP019,,AVLP
720575941731763755,False,,,,WED
720575941405820463,False,,IN10B052,,T2_MESONM
720575941477942833,False,descending_neuron,DNa05,,SPS
720575941504452146,False,,IN18B040,,INTTCT
720575941476369972,False,,IN13A028,,T3_METANM
720575941659805240,False,single_leg_neuromere,IN14A056,,T3_METANM
720575941722457658,False,,CB1625,,AVLP
720575941476271675,False,,CB1464,,IPS
720575941550687805,False,descending_neuron,DNge050,,GNG
720575941552621118,False,single_leg_neuromere,IN06B029,,T1_PRONM
720575941438359103,False,single_leg_neuromere,IN14A006,,T1_PRONM
720575941473224256,False,,IN03A030,,T2_MESONM
720575941471356480,False,wedge_projection_neuron,WED026,,IPS
720575941452056135,False,,CB3287,,AVLP
720575941524211275,False,,INXXX003,,T1_PRONM
720575941510907468,False,single_leg_neuromere,INXXX996_f,,T1_PRONM
720575941659215440,False,,AVLP555,,AVLP
720575941555504723,False,,IN01A017,,AMNP
720575941429315156,False,medulla_intrinsic,Mi1,,ME
720575941466736214,False,single_leg_neuromere,IN19A008,,T1_PRONM
720575941506745950,False,,CB2538,,AVLP
720575941512906339,False,,IN21A059,,T2_MESONM
720575941516707427,False,,CL286,,AVLP
720575941643093605,False,,WED029,,WED
720575941567628903,True,chordotonal_organ_neuron,JO-B,left_antennal_nerve,AMMC
720575941577885288,False,ascending_neuron,AN05B007,,T1_PRONM
720575941547345513,False,,AVLP503,,AVLP
720575941480138346,False,,AVLP029,,AVLP
720575941593745003,True,chordotonal_organ_neuron,JO-B,right_antennal_nerve,AMMC
720575941475780202,False,,IN08B091,,HTCT
720575941592041067,False,,IN23B075,,T2_MESONM
720575941477746282,False,,CB1751,,IPS
720575941477385834,False,,IN20A.22A087,,T2_MESONM
720575941568546418,False,leg_motor_neuron,tergotrochanter,right_ventral_prothoracic_nerve,T1_PRONM
720575941569529458,False,wing_motor_neuron,PSn_u,left_mesothoracic_accessory_nerve,WTCT
720575941561042547,False,transverse_neuron,T3,,ME
720575941638178421,False,,IN04B094,,T1_PRONM
720575941472831095,True,chordotonal_organ_neuron,JO-B,left_antennal_nerve,AMMC
720575941582636665,False,,CB0955,,AVLP
720575941452187258,False,,PLP018,,PLP
720575941540726397,False,,AVLP116,,AVLP
720575941619435135,False,,CB0900,,GNG
720575941620221567,False,,VES059,,VES
720575941587388038,False,,,,ME
720575941585258118,False,,CB3363,,IPS
720575941546165896,False,single_leg_neuromere,IN09A022,,T2_MESONM
720575941627463306,False,,INXXX036,,T1_PRONM
720575941592434316,False,,CB2666,,SPS
720575941590763148,False,,CB0049,,GNG
720575941414536849,False,,AVLP136,,AVLP
720575941627332251,False,,IN00A007,,T3_METANM
720575941574641309,False,ventral_nerve_cord_dorsal,IN11A011,,LTCT
720575941574936221,False,,AVLP380b,,AVLP
720575941496915618,False,,IN11B017,,HTCT
720575941528667814,False,descending_neuron,DNp05,,SPS
720575941408507566,False,,CB1932,,AVLP
720575941667079857,False,single_leg_neuromere,IN17A061,,T2_MESONM
720575941669799601,False,single_leg_neuromere,IN20A.22A007,,T1_PRONM
720575941522048695,False,,WED018,,LAL
720575941603182265,False,,WED100,,IPS
720575941631919803,False,,AVLP517,,AVLP
720575941603182270,False,,CB2642,,AVLP
720575941537154753,False,,IN13B028,,T1_PRONM
720575941633885893,False,,CB1908,,AVLP
720575941497046727,False,,,,AVLP
720575941541283533,False,,AVLP494,,AVLP
720575941441963727,False,,CB1826,,GNG
720575941462607571,False,,CL066,,ICL
720575941585225438,False,,IN00A062,,INTTCT
720575941610063590,False,single_leg_neuromere,IN13B038,,T1_PRONM
720575941535811306,True,chordotonal_organ_neuron,JO-B,right_antennal_nerve,NO_CONS
720575941632673516,False,,IN11B013,,WTCT
720575941559011054,False,ventral_nerve_cord_centripetal,IN23B023,,T2_MESONM
720575941653874417,False,,CB2528,,WED
720575941652268785,False,lamina_wide_field,Lawf2,,ME
720575941523097335,False,,IN06A059,,INTTCT
720575941574248187,False,single_leg_neuromere,IN13A012,,T2_MESONM
720575941621630716,False,,IN03B069,,HTCT
720575941551048447,False,,IN09A037,,T3_METANM
720575941523851010,False,,IN00A030,,LTCT
720575941514708739,False,,IN21A053,,T3_METANM
720575941434623758,False,,,,ME
720575941439407890,False,,CB3425,,AVLP
720575941464901398,False,,IN06B042,,HTCT
720575941655873304,False,,IN13A060,,T1_PRONM
720575941437245216,False,,pC1e,,SMP
720575941546657569,False,single_leg_neuromere,IN13B060,,T2_MESONM
720575941592598309,False,,IN07B054,,INTTCT
720575941629953830,False,,AVLP306,,AVLP
720575941592925992,False,descending_neuron,DNg69,,GNG
720575941594564392,False,lobula_columnar,LC11,,LO
720575941568284462,False,,ATL003,,ATL
720575941568317230,False,ascending_neuron,AN12A017,,INTTCT
720575941352900400,False,,IN03A060,,T2_MESONM
720575941456381747,False,,,,ME
720575941591516983,False,,,,LO
720575941663147832,True,chordotonal_organ_neuron,JO-B,right_antennal_nerve,NO_CONS
720575941721638714,False,descending_neuron,DNb09,,SPS
720575941475583803,False,,CB1533,,IPS
720575941506451260,False,,CB0196,,PLP
720575941553932094,False,,CB1221,,AVLP
720575941440849727,False,,CB1231,,GNG
720575941474928449,False,,IN06B086,,HTCT
720575941479548751,False,,CB0224,,IPS
720575941578803025,False,descending_neuron,DNa13,,LAL
720575941644175186,False,,CB0021,,SPS
720575941438850907,False,single_leg_neuromere,IN13B033,,T2_MESONM
720575941539743580,False,,IN03A066,,T1_PRONM
720575941515495267,False,,CB1291,,GNG
720575941526013796,False,,CB1439,,WED
720575941612980070,False,descending_neuron,DNge004,,GNG
720575941479909226,False,lobula_intrinsic,Li17,,LO
720575941623400300,False,,IN11A020,,AMNP
720575941412734831,False,,PVLP028,,AVLP
720575941594630001,False,ascending_neuron,AN08B095,,AMNP
720575941582636921,False,,WED092c,,AVLP
720575941450876794,False,,IN02A026,,HTCT
720575941663672188,False,,CB1417,,AVLP
720575941621008255,False,,CB3425,,AVLP
720575941481973634,True,chordotonal_organ_neuron,JO-B,right_antennal_nerve,AMMC
720575941529978756,False,ascending_neuron,AN08B032,,LTCT
720575941530371972,False,ventral_nerve_cord_serially_convergent,INXXX007,,T3_METANM
720575941583128454,False,,w-cHIN,,HTCT
720575941593843589,False,leg_motor_neuron,sternotrochanter,right_ventral_prothoracic_nerve,T1_PRONM
720575941550950279,False,single_leg_neuromere,IN12B025,,T1_PRONM
720575941545314184,False,single_leg_neuromere,IN20A.22A061,,T2_MESONM
720575941428365193,False,descending_neuron,DNg12,,GNG
720575941431936905,False,,PS231,,SPS
720575941591287692,False,,IN06A037,,WTCT
720575941435377550,False,,CB2072,,AVLP
720575941563271058,False,leg_motor_neuron,trochanter_extensor,right_mesothoracic_leg_nerve,T2_MESONM
720575941540267925,False,lobula_lobula_plate_tangential,LLPt,,LO
720575941392418710,False,single_leg_neuromere,IN12B040,,T2_MESONM
720575941555439514,False,,AVLP544,,AVLP
720575941457430431,False,,IN04B074,,T3_METANM
720575941633099680,False,ascending_neuron,AN18B003,,T3_METANM
720575941499766690,False,single_leg_neuromere,IN17A058,,T2_MESONM
720575941477812131,False,descending_neuron,DNxl113,,VES
720575941563172776,False,single_leg_neuromere,IN19A005,,T1_PRONM
720575941564450728,False,transverse_neuron,T3,,ME
720575941444913066,False,,IN23B036,,T3_METANM
720575941412243371,True,chordotonal_organ_neuron,JO-B,left_antennal_nerve,AMMC
720575941410113451,False,ascending_neuron,AN19B015,,T1_PRONM
720575941520213932,False,,AVLP194_a,,AVLP
720575941445863338,False,,AVLP434_b,,AVLP
720575941431084975,False,single_leg_neuromere,IN21A047,,T1_PRONM
720575941535254450,False,,CB0089,,AVLP
720575941536237490,False,,PS106,,SPS
720575941632870331,False,,WED127,,WED
720575941680809917,False,single_leg_neuromere,IN13A006,,T3_METANM
720575941682513853,False,lobula_intrinsic,Li15,,LO
720575941535254465,False,single_leg_neuromere,IN16B029,,T2_MESONM
720575941505861570,False,,CL213,,ICL
720575941535844289,False,single_leg_neuromere,IN13B058,,T3_METANM
720575941531486155,False,,CB3437,,AMMC
720575941539448781,False,ascending_neuron,AN17B013,,WTCT
720575941514807249,False,,AVLP548_d,,AVLP
720575941512316882,False,,IN05B030,,T3_METANM
720575941508450258,False,,IN10B057,,LTCT
720575941429512151,False,,IN06B055,,INTTCT
720575941470373853,True,chordotonal_organ_neuron,JO-B,right_antennal_nerve,AMMC
720575941586700254,False,bristle_neuron,BM_Vib,right_eye_nerve,GNG
720575941480335328,False,,CB0237,,GNG
720575941610358761,False,leg_motor_neuron,accessory_trochanter_flexor,right_mesothoracic_leg_nerve,T2_MESONM
720575941535811562,False,descending_neuron,DNg12,,GNG
720575941540497394,False,,,,ME
720575941430396920,False,,CB3595,,AVLP
720575941575395323,False,,,,T1_PRONM
720575941623400444,False,,CB2006,,AVLP
720575941483153405,False,,CB3978,,GNG
720575941564712960,False,,vpoEN,,AVLP
720575941564155904,False,descending_neuron,DNnt012,,SPS
720575941523884034,False,single_leg_neuromere,IN20A.22A024,,T1_PRONM
720575941575002121,False,,CB1148,,PLP
720575941534435338,False,descending_neuron,DNp22,,IPS
720575941465131021,False,,CB0527,,SPS
720575941512415248,False,ascending_neuron,AN07B045,,INTTCT
720575941448779796,False,,PS234,,IPS
720575941652006933,False,,CB1675,,WED
720575941652138005,False,medulla_tangential,MTe13,,ME
720575941506287639,False,,AVLP550b,,AVLP
720575941448157204,False,,CB0894,,GNG
720575941526964249,False,single_leg_neuromere,IN17A025,,T1_PRONM
720575941507205143,False,descending_neuron,DNxn178,,GNG
720575941413914652,False,,IN17A099,,AMNP
720575941640505375,False,descending_neuron,DNge035,,GNG
720575941435639840,False,,SAD014,,GNG
720575941550360609,False,,CB2545,,WED
720575941436459040,False,,CB0039,,GNG
720575941549541409,False,,WED091,,IPS
720575941558323236,False,,IN19A006,,T3_METANM
720575941550393377,False,,AVLP152,,AVLP
720575941628872742,True,chordotonal_organ_neuron,JO-B,right_antennal_nerve,AMMC
720575941591746600,False,single_leg_neuromere,IN08A005,,T3_METANM
720575941734025259,False,,WED032,,WED
720575941438392364,False,single_leg_neuromere,IN21A004,,T2_MESONM
720575941563074605,False,,AVLP080,,AVLP
720575941565368366,False,,IN18B038,,T3_METANM
720575941734516779,False,medulla_medulla,MeMe_e02,,ME
720575941569398830,False,lobula_tangential,LT51,,LO
720575941455104051,False,,CB1543,,AVLP
720575941550196797,False,descending_neuron,DNxl082,,VES
720575941550098493,False,serpentine_medulla,Sm20,,ME
720575941589256260,False,ascending_neuron,AN02A017,,NTCT
720575941572446280,False,single_leg_neuromere,IN17A025,,T2_MESONM
720575941498292297,False,,CB2023,,WED
720575941612095562,False,ventral_nerve_cord_centripetal,IN23B023,,T3_METANM
720575941578639441,False,ventral_nerve_cord_centripetal,IN23B078,,T1_PRONM
720575941645256786,False,lamina_wide_field,Lawf2,,ME
720575941517068378,False,medulla_intrinsic,Mi1,,ME
720575941472929888,False,,SAD015,,AVLP
720575941566646375,False,ascending_neuron,AN09B015,,T2_MVAC
720575941411883119,False,,CB2213,,IPS
720575941688019062,False,,IN13B031,,T3_METANM
720575941471357047,False,,CB2132,,AVLP
720575941580671097,False,single_leg_neuromere,IN21A087,,T1_PRONM
720575941581228153,False,ventral_nerve_cord_serially_convergent,IN07B007,,T1_PRONM
720575941499865211,False,leg_motor_neuron,accessory_tibia_flexor,left_metathoracic_leg_nerve,T3_METANM
720575941541480573,False,ascending_neuron,AN01A014,,T1_PRONM
720575941495736448,False,ascending_neuron,AN17B013,,WTCT
720575941480564866,False,single_leg_neuromere,IN17A028,,T2_MESONM
720575941481351298,False,,CB1751,,IPS
720575941585258630,False,,PS184,,SPS
720575941624678538,False,,IN20A.22A070,,T3_METANM
720575941485414541,False,,INXXX238,,AMNP
720575941390682262,False,,IN11A030,,INTTCT
720575941565466775,False,,IN05B028,,AMNP
720575941614323865,False,,IN05B043,,T3_METANM
720575941616486553,False,,CB3919,,GNG
720575941553342618,False,single_leg_neuromere,IN04B104,,T2_MESONM
720575941645977761,False,,SAD014,,WED
720575941497211042,False,,IN21A098,,T3_METANM
720575941558519972,False,wedge_projection_neuron,WEDPN6A,,PLP
720575941561206952,False,,IN00A034,,LTCT
720575941409884331,False,,CB1205,,AVLP
720575941610817709,False,single_leg_neuromere,IN13A042,,T1_PRONM
720575941408442542,False,,IN03A031,,T3_METANM
720575941431183535,False,,AVLP116,,AVLP
720575941484890298,False,,PVLP094,,AVLP
720575941533190337,False,wing_motor_neuron,DLM1-4,right_posterior_dorsal_mesothoracic_nerve,WTCT
720575941535975617,False,ascending_neuron,ANXXX049,,T2_MESONM
720575941482268867,False,ascending_neuron,ANXXX145,,T2_MESONM
720575941493541063,False,single_leg_neuromere,IN21A014,,T3_METANM
720575941645322440,False,single_leg_neuromere,IN17A025,,T3_METANM
720575941495965895,False,ventral_nerve_cord_dorsal,IN07B033,,HTCT
720575941623662794,False,,CB1125,,AMMC
720575941432166615,False,medulla_intrinsic,Mi1,,ME
720575941702076634,False,,IN01A075,,INTTCT
720575941612554460,False,,AVLP149,,AVLP
720575941480138976,False,leg_motor_neuron,sternal_anterior_rotator,right_mesothoracic_leg_nerve,T2_MESONM
720575941632084194,False,,,,LOP
720575941610064102,False,leg_motor_neuron,tarsus_depressor,right_metathoracic_leg_nerve,T3_METANM
720575941608720617,False,single_leg_neuromere,IN20A.22A016,,T2_MESONM
720575941535385834,False,,WED128,,SPS
720575941454612717,False,,IN01A071,,T3_METANM
720575941689395439,False,,CB1078,,AMMC
720575941652728049,False,descending_neuron,DNg74,,GNG
720575941536368882,False,single_leg_neuromere,IN20A.22A055,,T2_MESONM
720575941669701875,False,,5-HTPLP01,,AVLP
720575941567039732,False,,IN03A030,,T2_MESONM
720575941601315062,False,,IN00A029,,LTCT
720575941430003960,False,ascending_neuron,AN10B020,,T3_METANM
720575941514447097,False,descending_neuron,DNnt018,,GNG
720575941556455681,False,,AVLP542,,AVLP
720575941555702017,False,medulla_lobula_tangential,MLt7,,ME
720575941526767874,False,,CB0005,,GNG
720575941563828487,False,,IN06B016,,AMNP
720575941433051406,False,ascending_neuron,AN07B015,,T1_PRONM
720575941557176591,False,single_leg_neuromere,IN03A007,,T1_PRONM
720575941511235856,False,,IN19A054,,T2_MESONM
720575941509040400,False,,IN04B042,,T3_METANM
720575941437376786,False,single_leg_neuromere,IN03A087,,T3_METANM
720575941524965657,False,,IN06B050,,HTCT
720575941639588127,False,descending_neuron,DNp33,,AMMC
720575941559011620,False,ascending_neuron,AN06B039,,T2_MESONM
720575941592467749,False,,IN01A053,,INTTCT
720575941596301607,False,ascending_neuron,AN10B005,,INTTCT
720575941475649834,False,orphan_neuron,antenna_orphan_neuron,right_antennal_nerve,AMMC
720575941438720300,False,,CB1783,,AVLP
720575941504551218,False,,IN19A086,,T2_MESONM
720575941567498550,False,,,,AVLP
720575941589944631,False,,IN21A089,,INTTCT
720575941590894903,False,,WED060,,AVLP
720575941724391738,False,ventral_nerve_cord_serially_convergent,IN12A003,,T2_MESONM
720575941552851262,False,,CB3865,,SPS
720575941508647237,True,chordotonal_organ_neuron,JO-B,left_antennal_nerve,AMMC
720575941508254021,False,,PVLP115,,AVLP
720575941572348232,False,single_leg_neuromere,INXXX962_f,,T1_PRONM
720575941499144521,False,,CB3368,,AVLP
720575941611080010,False,,IN06A002,,HTCT
720575941523360075,False,,IN13B028,,T1_PRONM
720575941496031561,False,,IN02A036,,INTTCT
720575941528471885,False,,,,ME
720575941450647886,False,,SAD021_a,,WED
720575941660363088,False,,SAD016,,AVLP
720575941466048854,False,,CB1425,,AMMC
720575941442292059,False,descending_neuron,DNxn118,,GNG
720575941542922588,False,,,,ME
720575941450975581,False,,,,ME
720575941472307552,False,,CB3186,,AVLP
720575941517363555,False,,,,ME
720575941566777703,False,,CB2100,,AVLP
720575941575526760,False,single_leg_neuromere,IN09A049,,T3_METANM
720575941604952429,False,,IN03A033,,T2_MESONM
720575941409982831,False,,IN00A034,,AMNP
720575941557635443,False,,IN09A071,,T1_PRONM
720575941639358837,False,,IN08B004,,T2_MESONM
720575941471291767,False,,CB0800,,AVLP
720575941472536951,False,,INXXX078,,AMNP
720575941579753849,False,leg_motor_neuron,trochanter_flexor,right_ventral_prothoracic_nerve,T1_PRONM
720575941452876154,False,lateral_horn_output_neuron,CRE011,,CRE
720575941495998843,False,descending_neuron,DNg41,,IPS
720575941581228409,False,lamina_wide_field,Lawf2,,ME
720575941549148552,False,single_leg_neuromere,IN03A006,,T2_MESONM
720575941430069641,False,descending_neuron,DNp17,,IPS
720575941591386508,False,,CB2057,,AVLP
720575941576739215,False,,IN13A022,,T2_MESONM
720575941555440026,False,,AVLP260,,AVLP
720575941572020637,False,single_leg_neuromere,IN13B014,,T3_METANM
720575941555767716,False,,CB2863,,AVLP
720575941671438759,False,,IN06A063,,ABDNM
720575941562059176,False,descending_neuron,DNg82,,SPS
720575941442357674,False,sequential_leg_neuromeres,IN03A001,,T2_MESONM
720575941446748586,False,optic_anterior,OA-AL2i1,,SPS
720575941411555755,False,,AVLP287,,AVLP
720575941412571563,False,,CB1973,,AVLP
720575941407721902,False,,CB1903,,AVLP
720575941493311920,False,ascending_neuron,AN12B008,,T1_PRONM
720575941529782712,False,,IN16B118,,T3_METANM
720575941480925626,False,lobula_plate_intrinsic,LPi06,,LOP
720575941633591739,False,ascending_neuron,AN19B046,,HTCT
720575941545937340,False,lateral_horn_output_neuron,LHPV3b1_b,,LH
720575941605018046,False,single_leg_neuromere,IN13A012,,T1_PRONM
720575941535975873,False,descending_neuron,DNg105,,GNG
720575941481515459,False,wedge_projection_neuron,WED056,,WED
720575941634247109,False,,,,T2_MESONM
720575941493508551,False,neck_motor_neuron,DProN8,left_dorsal_prothoracic_nerve,NTCT
720575941461232083,False,,IN03A026,,T3_METANM
720575941692082651,False,,PVLP082b,,AVLP
720575941609408998,False,,IN10B055,,T2_MVAC
720575941612161513,False,,LAL028,,AVLP
720575941459724784,False,,CB3425,,AVLP
720575941578541557,False,optic_lobe_intrinsic_centrifugal,C2,,ME
720575941484628477,False,,mALD2,,VES
720575941516151299,False,,PS221,,IPS
720575941392812548,False,descending_neuron,DNp26,,PLP
720575941546232325,False,,IN04B080,,T3_METANM
720575941576051208,True,chordotonal_organ_neuron,JO-B,right_antennal_nerve,NO_CONS
720575941463198221,False,,CB1964,,AVLP
720575941434690062,False,,,,LO
720575941432101390,False,single_leg_neuromere,IN19A059,,T1_PRONM
720575941511170576,False,bristle_neuron,BM_Ant,right_antennal_nerve,GNG
720575941446879764,False,,IN01A062,,INTTCT
720575941659839000,False,lobula_columnar,LC11,,LO
720575941542922781,False,,IN06B030,,T3_METANM
720575941477190174,False,,IN04B081,,T2_MESONM
720575941558290980,False,,IN11A009,,T1_PRONM
720575941595417125,False,,PVLP150,,AVLP
720575941593254440,False,,PVLP148,,AVLP
720575941472143914,False,,IN13A051,,T1_PRONM
720575941562714669,False,,CB2528,,AVLP
720575941408639535,False,descending_neuron,DNge148,,GNG
720575941351164464,False,,INXXX053,,T3_METANM
720575941474437681,False,ventral_nerve_cord_dorsal,IN07B031,,HTCT
720575941489183285,False,,PS194,,IPS
720575941590239799,False,,AVLP465b,,AVLP
720575941626645049,False,lamina_wide_field,Lawf2,,ME
720575941470734912,False,,IN01A022,,INTTCT
720575941477845569,False,,CB2108,,AVLP
720575941487184450,True,chordotonal_organ_neuron,JO-B,left_antennal_nerve,AMMC
720575941487413826,False,,SLP278,,AVLP
720575941590633028,False,distal_medulla,Dm13,,ME
720575941458774598,False,single_leg_neuromere,IN03A062,,T1_PRONM
720575941498915401,False,haltere_motor_neuron,MNhm43,left_first_abdominal_nerve,HTCT
720575941555505747,False,ascending_neuron,AN08B016,,T3_METANM
720575941426235988,False,optic_lobe_intrinsic_centrifugal,C3,,ME
720575941439834709,False,,AVLP105,,AVLP
720575941516282458,False,,CL256,,ICL
720575941545642601,False,,PLP229,,ICL
720575941543840361,False,,CB1394_d,,AMMC
720575941593516651,False,,INXXX294,,T3_METANM
720575941604952685,False,single_leg_neuromere,IN04B037,,T1_PRONM
720575941402511984,False,,CB1078,,AMMC
720575941402086000,False,single_leg_neuromere,IN12B037,,T2_MESONM
720575941541939837,False,lobula_columnar,LC11,,LO
720575941496130174,False,,,,ME
720575941617470079,False,,IN21A045,,INTTCT
720575941553670791,False,descending_neuron,DNa13,,LAL
720575941552589447,False,single_leg_neuromere,IN13B090,,T2_MESONM
720575941627562634,False,ascending_neuron,AN19B010,,T3_METANM
720575941435476622,False,,CB3200,,AMMC
720575941564353170,False,,PS199,,ICL
720575941412604564,False,,,,ME
720575941414800020,False,,VES025,,GNG
720575941612489369,False,single_leg_neuromere,IN13A042,,T1_PRONM
720575941553310362,False,single_leg_neuromere,IN20A.22A007,,T3_METANM
720575941625957019,False,,IN04B081,,T1_PRONM
720575941633034912,False,,IN09A053,,T3_METANM
720575941446159018,False,single_leg_neuromere,IN21A005,,T1_PRONM
720575941408508587,False,,IN13A023,,T2_MESONM
720575941520247468,False,,IN08A026,,T1_PRONM
720575941429545647,False,,IN19B073,,HTCT
720575941534632626,False,lobula_columnar,LC11,,LO
720575941573266102,False,single_leg_neuromere,IN13B098,,T1_PRONM
720575941527653048,False,,SAD064,,AVLP
720575941543512764,False,single_leg_neuromere,IN09A047,,T2_MESONM
720575941679008445,False,single_leg_neuromere,IN06B029,,T2_MESONM
720575941441243839,False,descending_neuron,DNxn179,,GNG
720575941479189187,False,single_leg_neuromere,IN13A014,,T1_PRONM
720575941480925891,False,single_leg_neuromere,IN20A.22A007,,T1_PRONM
720575941483285190,False,,,,AVLP
720575941497670343,False,lobula_intrinsic,Li14,,ME
720575941493410503,False,single_leg_neuromere,IN13B050,,T2_MESONM
720575941441178319,False,,CB0859,,GNG
720575941655743188,False,,CB2458,,AVLP
720575941613374172,False,leg_motor_neuron,trochanter_flexor,left_mesothoracic_leg_nerve,T2_MESONM
720575941586471646,False,ventral_nerve_cord_serially_convergent,IN12A003,,T1_PRONM
720575941438786271,False,,SAD021_a,,AVLP
720575941537254120,False,,CB2225,,SPS
720575941536402154,True,chordotonal_organ_neuron,JO-B,left_antennal_nerve,AMMC
720575941503765227,False,,WED096b,,IPS
720575941630970604,False,leg_motor_neuron,accessory_tibia_flexor,right_prothoracic_leg_nerve,T1_PRONM
720575941654203121,False,,,,LO
720575941653580529,False,,CB0929,,AVLP
720575941536303858,False,,IN11A032,,LTCT
720575941581490933,False,,AVLP280,,AVLP
720575941604887286,False,,CB3184,,AVLP
720575941604985590,False,,AVLP411,,AVLP
720575941573266171,False,descending_neuron,DNge054,,GNG
720575941551475455,False,,CB3122,,AVLP
720575941552163583,False,descending_neuron,DNpe022,,SPS
720575941516217091,False,ascending_neuron,AN08B097,,INTTCT
720575941566483207,False,proximal_medulla,Pm10,,ME
720575941575396105,False,single_leg_neuromere,IN17A017,,T2_MESONM
720575941430332174,False,ventral_nerve_cord_centripetal,IN23B013,,T2_MESONM
720575941559929615,False,single_leg_neuromere,IN20A.22A003,,T2_MESONM
720575941507894032,False,abdomen_motor_neuron,MNad36,right_second_abdominal_nerve,ABDNM
720575941651811093,False,,INXXX089,,T1_PRONM
720575941468834582,False,,CB2545,,AVLP
720575941415914268,False,,AVLP541a,,AVLP
720575941540727581,False,,IN06B061,,INTTCT
720575941639588639,False,bristle_neuron,BM_Vt_PoOc,left_occipital_nerve,GNG
720575941508287266,False,single_leg_neuromere,IN14A014,,T1_PRONM
720575941556718372,False,,CB2050,,IPS
720575941631101734,False,,CB1605,,AVLP
720575941600824105,False,,WED033,,IPS
720575941732977451,False,,PS059,,IPS
720575941561797421,False,,CB0030,,GNG
720575941352934192,False,single_leg_neuromere,IN21A013,,T3_METANM
720575941489314613,False,single_leg_neuromere,IN21A035,,T2_MESONM
720575941628152633,False,,CB2348,,IPS
720575941507599164,False,,IN03A085,,T1_PRONM
720575941574019912,False,single_leg_neuromere,IN12B024,,T2_MESONM
720575941496294217,False,,IN08A026,,T2_MESONM
720575941521525579,False,,IN00A025,,AMNP
720575941527620429,False,,CB1886,,AVLP
720575941441211221,False,,CB3746,,GNG
720575941532896088,False,,CB1427,,AMMC
720575941584079711,False,,CB3382,,AVLP
720575941584112479,False,distal_medulla,Dm13,,ME
720575941429283681,False,single_leg_neuromere,IN16B018,,T2_MESONM
720575941472734048,False,wing_motor_neuron,DVM1a-c,right_anterior_dorsal_mesothoracic_nerve,WTCT
720575941524114276,False,,IN06B013,,INTTCT
720575941644503909,False,,PVLP015,,AVLP
720575941526047588,False,,CB3371,,IPS
720575941526735716,False,,IN01A070,,T2_MESONM
720575941609540454,False,single_leg_neuromere,IN20A.22A016,,T1_PRONM
720575941593615211,False,ventral_nerve_cord_dorsal,IN14B007,,INTTCT
720575941605018477,False,,IN03A030,,T2_MESONM
720575941520247662,False,,IN16B080,,T1_PRONM
720575941607672685,False,ascending_neuron,AN17A024,,T1_PRONM
720575941640342389,False,campaniform_sensillum_neuron,SNpp38,right_anterior_dorsal_mesothoracic_nerve,WTCT
720575941471456119,False,,CB3516,,AVLP
720575941644897144,False,single_leg_neuromere,IN21A020,,T3_METANM
720575941579099001,False,single_leg_neuromere,IN13B035,,T3_METANM
720575941451926394,False,,INXXX270,,T3_METANM
720575941540596605,False,,CB1274,,AVLP
720575941620222847,False,,AVLP259,,AVLP
720575941496654720,False,single_leg_neuromere,IN09A076,,INTTCT
720575941587028870,False,,,,AVLP
720575941592599436,False,single_leg_neuromere,IN09A020,,T3_METANM
720575941459823519,False,descending_neuron,DNge104,,T2_MESONM
720575941558520740,False,,IN06B043,,HTCT
720575941503601573,False,single_leg_neuromere,IN17A022,,T3_METANM
720575941668490151,False,,IN09A020,,T3_METANM
720575941669866417,False,single_leg_neuromere,IN16B032,,T3_METANM
720575941544692660,False,ventral_nerve_cord_dorsal,IN00A050,,INTTCT
720575941601315769,False,single_leg_neuromere,IN20A.22A061,,T3_METANM
720575941442194367,False,,CB2432,,AVLP
720575941595712448,False,leg_motor_neuron,sternal_posterior_rotator,right_prothoracic_accessory_nerve,T1_PRONM
720575941491477452,False,,CB1417,,AVLP
720575941537582029,False,single_leg_neuromere,IN09A048,,T2_MESONM
720575941489937358,False,single_leg_neuromere,IN13B044,,T3_METANM
720575941492460494,False,,,,ME
720575941520935896,False,lobula_intrinsic,Li16,,LO
720575941519592408,False,,PLP142,,PLP
720575941479189472,False,,IN07B087,,HTCT
720575941499964385,False,descending_neuron,DNp30,,AVLP
720575941538630627,False,descending_neuron,DNxn151,,GNG
720575941536205802,False,,CB2940,,AMMC
720575941535222762,False,,IB038,,SPS
720575941485120509,False,,,,ME
720575941591845886,False,transverse_neuron,T4b,,ME
720575941525720066,False,,IN13A035,,T1_PRONM
720575941542235141,False,,IN07B055,,T2_MESONM
720575941688806412,False,descending_neuron,DNxn145,,GNG
720575941434166286,False,,,,LO
720575941447863316,False,descending_neuron,DNb05,,AL
720575941469096982,False,,CB3594,,AVLP
720575941507992599,False,,PVLP101a,,AVLP
720575941537942554,False,single_leg_neuromere,IN13A010,,T3_METANM
720575941417683996,True,chordotonal_organ_neuron,JO-B,right_antennal_nerve,AMMC
720575941548493857,False,neck_motor_neuron,CvN1,left_cervical_nerve,GNG
720575941630676006,False,lateral_horn_centrifugal_neuron,LHCENT11,,CRE
720575941596695591,False,ascending_neuron,AN04B001,,T1_PRONM
720575941601610793,False,,SMP493,,SMP
720575941436591148,False,lamina_wide_field,Lawf2,,ME
720575941477551156,False,,CB2081,,IPS
720575941567499318,False,,AVLP490,,AVLP
720575941629430841,True,chordotonal_organ_neuron,JO-A,right_antennal_nerve,AMMC
720575941628218425,False,,AVLP567,,AVLP
720575941438327871,False,single_leg_neuromere,IN12B030,,T2_MESONM
720575941468998720,False,single_leg_neuromere,IN13B074,,T3_METANM
720575941486464066,False,haltere_motor_neuron,MNhm03,left_first_abdominal_nerve,HTCT
720575941457562694,False,neck_motor_neuron,CvN3,right_cervical_nerve,GNG
720575941498358857,False,,CB1885,,AVLP
720575941497441353,False,,IN08A031,,T2_MESONM
720575941552819283,False,,IN23B056,,T1_PRONM
720575941555637331,False,descending_neuron,DNxn131,,ICL
720575941536140376,True,chordotonal_organ_neuron,JO-B,right_antennal_nerve,NO_CONS
720575941578509401,False,ascending_neuron,AN01B002,,ABDNM
720575941543808092,True,chordotonal_organ_neuron,JO-B,right_antennal_nerve,AMMC
720575941509074014,False,,CB1948,,WED
720575941582638175,False,,CB3655,,WED
720575941471325280,False,,IN06A014,,HTCT
720575941507894366,False,descending_neuron,DNg69,,GNG
720575941524114532,False,,IN06A085,,INTTCT
720575941590862955,False,,IN07B055,,T2_MESONM
720575941597088881,False,,CB1207,,AVLP
720575941560421491,False,single_leg_neuromere,IN12B025,,T3_METANM
720575941637721205,False,,IN16B061,,T1_PRONM
720575941494983806,False,ventral_nerve_cord_centrifugal,IN06B008,,ABDNM
720575941534010499,False,,CB2000,,GNG
720575941528308868,False,,CB3289,,AVLP
720575941530242180,False,ascending_neuron,ANXXX043,,ABDNM
720575941499964555,False,leg_motor_neuron,sternal_adductor,right_prothoracic_accessory_nerve,T1_PRONM
720575941572840591,False,campaniform_sensillum_neuron,SApp03,right_dorsal_metathoracic_nerve,HTCT
720575941565369490,False,,IN04B072,,T1_PRONM
720575941393566870,False,,LAL160,,LAL
720575941691165848,False,ascending_neuron,AN01A055,,WED
720575941623303323,False,,IN10B055,,T2_MESONM
720575941558783140,True,chordotonal_organ_neuron,JO-B,left_antennal_nerve,AMMC
720575941411196075,False,single_leg_neuromere,IN21A009,,T2_MESONM
720575941610917037,False,descending_neuron,DNxl113,,VES
720575941431348399,False,,CB0574,,GNG
720575941431184559,False,descending_neuron,DNxn179,,GNG
720575941669833905,False,single_leg_neuromere,IN17A001,,T3_METANM
720575941523033267,False,,,,ME
720575941577067702,False,,CB1932,,AVLP
720575941521067191,False,ascending_neuron,AN08B071,,HTCT
720575941546593468,False,ascending_neuron,AN17A008,,T2_MESONM
720575941496687815,False,,IN13A025,,T2_MESONM
720575941646798024,False,transmedullary,Tm4,,ME
720575941489741001,False,bristle_neuron,SNta18,right_anterior_dorsal_mesothoracic_nerve,AMNP
720575941532830923,True,chordotonal_organ_neuron,JO-A,left_antennal_nerve,SAD
720575941537647821,False,,IN19A080,,T1_PRONM
720575941485186256,False,,IN03B036,,T2_MESONM
720575941458447571,False,,IN13A049,,T1_PRONM
720575941704109274,False,,AVLP109,,AVLP
720575941704600794,False,,IN06B006,,T1_PRONM
720575941436787935,False,single_leg_neuromere,IN12B074,,T2_MESONM
720575941538991331,False,,CB1125,,AMMC
720575941557603556,False,ascending_neuron,ANXXX013,,T1_PRONM
720575941532798181,False,,CB1394_a,,GNG
720575941535386858,False,,CB0679,,IPS
720575941560978670,False,ascending_neuron,AN08B099,,INTTCT
720575941653581041,False,,CB2370,,AVLP
720575941581262069,True,chordotonal_organ_neuron,JO-B,left_antennal_nerve,AMMC
720575941605412086,True,chordotonal_organ_neuron,JO-A,right_antennal_nerve,AMMC
720575941552164095,False,,LAL073,,LAL
720575941551967487,False,abdomen_motor_neuron,MNad06,abdominal_nerve_trunk,ABDNM
720575941526965506,False,,CB2365,,AVLP
720575941565205767,False,lateral_horn_output_neuron,LHAV4c2,,AVLP
720575941564288263,False,neck_motor_neuron,VCvN1,left_ventral_cervical_nerve,GNG
720575941575003401,False,antennal_lobe_centrifugal_neuron,ALIN2,,AL
720575941536173322,False,,AVLP044b,,PVLP
720575941463887117,False,,CB1498,,AVLP
720575941557341455,False,,IN13A030,,T3_METANM
720575941507829008,False,,IN03A022,,T1_PRONM
720575941528014105,False,ventral_nerve_cord_dorsal,IN02A019,,HTCT
720575941416439068,False,,CB2426,,AVLP
720575941478567198,False,,AVLP465a,,AVLP
720575941400710435,False,,IN06A097,,HTCT
720575941558422820,False,,CB2763,,AVLP
720575941626940710,False,,IN06A096,,INTTCT
720575941629955366,False,,PLP007,,SCL
720575941599874345,False,,CB3019,,AVLP
720575941597678889,False,,IN03A058,,T2_MESONM
720575941475978545,False,single_leg_neuromere,IN21A013,,T2_MESONM
720575941478403380,False,medulla_tangential,MTe01a,,ME
720575941491969333,False,lobula_columnar,LC11,,LO
720575941503503676,False,single_leg_neuromere,IN19A064,,T1_PRONM
720575941477125441,False,lateral_horn_output_neuron,CB2977,,SIP
720575941505568069,False,leg_motor_neuron,trochanter_flexor,right_prothoracic_accessory_nerve,T1_PRONM
720575941451369799,True,chordotonal_organ_neuron,JO-A,right_antennal_nerve,AMMC
720575941525261643,False,,AVLP258,,AVLP
720575941524016461,False,,IN01A050,,INTTCT
720575941656825168,False,astrocyte,,,AMMC
720575941556915539,False,,AVLP209,,AVLP
720575941577657689,False,,IN13A040,,T3_METANM
720575941440851291,False,,CB2287,,AVLP
720575941562486114,False,single_leg_neuromere,IN04B097,,T2_MESONM
720575941567597927,False,,,,AMNP
720575941593517419,False,,IN06A088,,HTCT
720575941569564018,False,single_leg_neuromere,IN19A008,,T3_METANM
720575941547347316,False,,IN12A063,,WTCT
720575941450976634,False,ascending_neuron,AN18B003,,T3_METANM
720575941542104445,False,centrifugal_lobula,cL04,,IB
720575941494164864,False,leg_motor_neuron,pleural_remotor_abductor,left_prothoracic_accessory_nerve,T1_PRONM
720575941528309124,False,,CB3245,,SAD
720575941586111878,False,,CB2432,,AVLP
720575941552229767,False,single_leg_neuromere,IN17A025,,T2_MESONM
720575941436657038,False,,IN01A018,,T1_PRONM
720575941464182160,False,lobula_medulla_amacrine,LMa1,,LO
720575941517790611,False,,AVLP015,,AVLP
720575941565533591,False,ascending_neuron,AN05B054,,T2_MESONM
720575941690150296,False,,CB3863,,AVLP
720575941569662366,False,single_leg_neuromere,IN13A038,,T1_PRONM
720575941526834598,False,single_leg_neuromere,IN01A038,,T2_MESONM
720575941564779944,False,,,,ME
720575941519560108,False,,CB0713,,GNG
720575941405855150,False,,IN04B107,,T3_METANM
720575941493018032,False,ascending_neuron,ANXXX106,,NTCT
720575941492198832,False,,IN12B069,,INTTCT
720575941544594868,False,single_leg_neuromere,IN12B073,,T2_MESONM
720575941463035332,False,,AVLP399,,AVLP
720575941634248133,False,single_leg_neuromere,IN19B012,,T2_MESONM
720575941644668360,False,,CB0485,,AVLP
720575941488102857,False,,IN13A034,,T2_MESONM
720575941624450506,False,single_leg_neuromere,IN16B016,,T1_PRONM
720575941643390408,False,single_leg_neuromere,IN13B044,,T3_METANM
720575941440818639,False,single_leg_neuromere,IN19B012,,T2_MESONM
720575941487873488,False,single_leg_neuromere,INXXX466,,T2_MESONM
720575941489708496,False,,,,ME
720575941509926354,False,single_leg_neuromere,IN21A007,,T3_METANM
720575941431086551,False,single_leg_neuromere,IN19A059,,T3_METANM
720575941471227357,False,lamina_wide_field,Lawf2,,ME
720575941583588830,False,,IN19B033,,INTTCT
720575941536927203,False,,CB1818,,WED
720575941553540580,False,,IN07B068,,HTCT
720575941534600680,False,,IN08B093,,HTCT
720575941535354346,False,,CB1818,,PLP
720575941523099127,False,descending_neuron,DNut053,,GNG
720575941432167928,False,,CB0659,,AVLP
720575941517397497,False,,IN19A045,,T3_METANM
720575941569367546,False,ascending_neuron,ANXXX023,,INTTCT
720575941624155644,False,wing_motor_neuron,b2,left_anterior_dorsal_mesothoracic_nerve,WTCT
720575941483515389,False,leg_motor_neuron,trochanter_extensor,left_prothoracic_leg_nerve,T1_PRONM
720575941487676934,False,,CB1110,,WED
720575941572251144,False,,w-cHIN,,HTCT
720575941572349449,False,,IN19A065,,T1_PRONM
720575941536960010,False,,CB3595,,AVLP
720575941537025546,False,,CB2792,,IPS
720575941509533200,False,,CB3245,,AVLP
720575941466607126,True,chordotonal_organ_neuron,JO-B,right_antennal_nerve,NO_CONS
720575941527195161,False,,CB2153,,AMMC
720575941553999387,False,ascending_neuron,ANXXX027,,ABDNM
720575941596139045,False,,CB1125,,AMMC
720575941626940966,False,,IN04B062,,T2_MESONM
720575941350444592,False,leg_motor_neuron,trochanter_flexor,right_mesothoracic_leg_nerve,T2_MESONM
720575941491379765,False,,WEDa1_23,,WED
720575941491838517,False,,,,ME
720575941566418486,False,,CB1193,,AVLP
720575941473291840,False,,,,ME
720575941588962884,False,olfactory_receptor_neuron,ORN_VL1,right_antennal_nerve,AMMC
720575941589290564,False,,CB1090,,AVLP
720575941461462598,False,,AMMC-A1,,AMMC
720575941453696583,False,,CB0442,,GNG
720575941500456521,False,wedge_projection_neuron,WEDPN11,,PLP
720575941513793100,False,,IN20A.22A066,,T3_METANM
720575941511106124,False,single_leg_neuromere,IN12B031,,T2_MESONM
720575941482335823,False,ventral_nerve_cord_serially_convergent,IN06B014,,HTCT
720575941659283024,False,,CB2501,,IPS
720575941580705361,False,,CB2528,,WED
720575941428563540,False,descending_neuron,DNxn159,,ICL
720575941505207895,False,,PS131,,ME
720575941534305880,False,single_leg_neuromere,IN14B010,,T3_METANM
720575941441900123,False,lateral_horn_output_neuron,CL359,,SCL
720575941429874273,False,,CB0055,,GNG
720575941477715562,False,,SMP570b,,AVLP
720575941597220465,False,,CB3425,,AVLP
720575941557538419,False,,IN04B074,,T2_MESONM
720575941644897912,False,,IN20A.22A070,,T3_METANM
720575941451566714,False,single_leg_neuromere,IN19B003,,T3_METANM
720575941664427644,False,,CB1995,,AVLP
720575941477879426,False,,IN06A057,,INTTCT
720575941527948932,False,leg_motor_neuron,trochanter_flexor,right_metathoracic_leg_nerve,T3_METANM
720575941584932486,False,leg_motor_neuron,accessory_tibia_flexor,right_metathoracic_leg_nerve,T3_METANM
720575941592600204,False,single_leg_neuromere,IN03A007,,T3_METANM
720575941459562128,False,,IN12A061,,HTCT
720575941415325329,False,,CB3411,,AVLP
720575941415194260,True,chordotonal_organ_neuron,JO-B,right_antennal_nerve,AMMC
720575941564386967,False,,CB1138,,IPS
720575941553311386,False,,IN13A050,,T1_PRONM
720575941644766881,False,,CB1762,,AVLP
720575941562846888,False,medulla_intrinsic,Mi1,,ME
720575941443636906,False,,IN19B021,,T3_METANM
720575941412310699,True,chordotonal_organ_neuron,JO-B,right_antennal_nerve,AMMC
720575941411393195,False,,CB0685,,IPS
720575941612195501,False,descending_neuron,DNg17,,GNG
720575941409525422,False,,WED054,,AVLP
720575941406936750,False,,CB2187,,AVLP
720575941604658873,False,,WED075,,IPS
720575941598138048,False,,CB2132,,AVLP
720575941632216773,False,,CB3245,,WED
720575941484465862,False,ascending_neuron,AN09B003,,T2_MESONM
720575941644570312,False,,CB2238,,WED
720575941532831435,False,,SAD014,,AMMC
720575941540466381,False,descending_neuron,DNp08,,VES
720575941652795092,False,,IN20A.22A053,,T2_MESONM
720575941520707288,False,,IN01A020,,INTTCT
720575941704109786,False,descending_neuron,DNge090,,GNG
720575941689855707,False,single_leg_neuromere,IN00A031,,T3_METANM
720575941615079132,False,lamina_wide_field,Lawf2,,ME
720575941630545634,False,,CB3668,,AVLP
720575941555244772,False,ascending_neuron,AN09B030,,T1_PRONM
720575941633330924,True,chordotonal_organ_neuron,JO-B,right_antennal_nerve,AMMC
720575941633363692,False,,IN19A006,,T2_MESONM
720575941560684270,False,,AVLP538,,AVLP
720575941523099383,False,,IN19B005,,T1_PRONM
720575941515235065,False,,CB0956,left_antennal_nerve,AMMC
720575941570514682,True,chordotonal_organ_neuron,JO-B,right_antennal_nerve,AMMC
720575941517496057,False,single_leg_neuromere,INXXX468,,T2_MESONM
720575941485416189,False,,,,ME
720575941588045566,False,,IN01A071,,T3_METANM
720575941556653825,True,chordotonal_organ_neuron,JO-B,left_antennal_nerve,AMMC
720575941513203459,False,abdomen_motor_neuron,EFFabg19,abdominal_nerve_trunk,ABDNM
720575941564059399,False,,IN11A019,,INTTCT
720575941688217356,False,ascending_neuron,AN19B100,,HTCT
720575941438721810,False,,CB2625,,AVLP
720575941611966227,False,,CB0605,,GNG
720575941506715415,False,,PVLP115,,AVLP
720575941658693400,False,,CB0651,,SPS
720575941476011806,False,,IN08A027,,T2_MESONM
720575941508550434,False,,CB0629,,VES
720575941595189029,False,descending_neuron,DNp18,,SPS
720575941631102758,False,single_leg_neuromere,IN03B042,,T2_MESONM
720575941630611238,False,,CL022,,ICL
720575941590830888,False,,IN20A.22A056,,T1_PRONM
720575941592895272,False,ventral_nerve_cord_centripetal,IN23B007,,T3_METANM
720575941595549479,False,,PLP178,,IPS
720575941477191473,False,,,,AVLP
720575941490691893,False,,IB025,,IB
720575941663936312,True,chordotonal_organ_neuron,JO-B,right_antennal_nerve,AMMC
720575941507567420,False,bristle_neuron,SNta14,left_anterior_dorsal_mesothoracic_nerve,AMNP
720575941473128256,False,,LC14,,LO
720575941476470593,False,,CB3177,,IPS
720575941573267272,False,,CB3714,,GNG
720575941525360459,False,,,,ME
720575941524115277,False,,IN06A085,,HTCT
720575941579460433,False,single_leg_neuromere,IN13B018,,T1_PRONM
720575941641621330,False,leg_motor_neuron,accessory_tibia_flexor,right_mesothoracic_leg_nerve,T2_MESONM
720575941644799826,False,ascending_neuron,AN07B037,,INTTCT
720575941466345302,False,wedge_projection_neuron,CB2924,,PLP
720575941441867611,False,,CB1463,,AVLP
720575941505830750,False,single_leg_neuromere,IN14A006,,T2_MESONM
720575941515956067,False,,CB1774,,AVLP
720575941640900453,False,,IN06B019,,INTTCT
720575941609410406,False,,IN00A048,,AMNP
720575941547675497,False,ascending_neuron,ANXXX170,,T1_PRONM
720575941546430313,False,,IN01A058,,T2_MESONM
720575941626056556,False,descending_neuron,DNge122,,AMNP
720575941626351468,False,,VES025,,GNG
720575941413556079,False,,CB1839,,AVLP
720575941569597298,False,single_leg_neuromere,IN21A019,,T2_MESONM
720575941547315060,False,wing_motor_neuron,i1,left_anterior_dorsal_mesothoracic_nerve,INTTCT
720575941639884661,True,chordotonal_organ_neuron,JO-B,left_antennal_nerve,AMMC
720575941646339960,False,,IN00A024,,T3_METANM
720575941509730177,False,ascending_neuron,ANXXX093,,T1_PRONM
720575941428400009,False,,IN06B067,,AMNP
720575941623369610,False,single_leg_neuromere,IN12B037,,T2_MESONM
720575941464182672,False,optic_anterior,OA-AL2b2,,IPS
720575941413654417,False,,CB1270,,IPS
720575941414342548,True,chordotonal_organ_neuron,JO-B,right_antennal_nerve,AMMC
720575941538992021,False,leg_motor_neuron,sternal_anterior_rotator,left_metathoracic_leg_nerve,T3_METANM
720575941394419606,False,,PVLP139,,PVLP
720575941598597020,False,,CB0144,,GNG
720575941631037344,False,,CB1760,,WED
720575941563338664,False,ascending_neuron,AN08B028,,LTCT
720575941408509867,False,,IN18B034,,INTTCT
720575941430661039,False,,WED098,,IPS
720575941669801905,False,descending_neuron,DNg54,,GNG
720575941520281523,True,chordotonal_organ_neuron,JO-B,right_antennal_nerve,AMMC
720575941519069107,False,,CB0415,,IPS
720575941519986615,False,,IN06B081,,INTTCT
720575941529063352,False,,CB2380,,AMMC
720575941484859322,False,,CB2789,,AMMC
720575941635100603,False,ascending_neuron,AN05B010,,T1_PRONM
720575941605806014,False,,VES073,,VES
720575941605019582,False,leg_motor_neuron,tibia_extensor,right_prothoracic_leg_nerve,T1_PRONM
720575941606199230,False,,CB3289,,AVLP
720575941536206785,False,,IN03B012,,WTCT
720575941624975306,False,single_leg_neuromere,IN14A005,,T3_METANM
720575941627465674,False,,,,ME
720575941513203665,False,descending_neuron,DNp41,,SPS
720575941458382803,False,central_complex_output_neuron,GFC2,,T2_MESONM
720575941616816085,False,,CB1383,,WED
720575941704306650,False,,pC1d,,SIP
720575941689495515,False,leg_motor_neuron,long_tendon_muscle,left_metathoracic_leg_nerve,T3_METANM
720575941469720541,False,single_leg_neuromere,IN26X001,,T2_MESONM
720575941496197089,False,,IN07B073,,T2_MESONM
720575941628645346,False,single_leg_neuromere,IN13B058,,T2_MESONM
720575941531586533,False,single_leg_neuromere,IN26X002,,T2_MESONM
720575941456678893,False,,IN19A142,,NTCT
720575941458022384,False,,CB3640,,GNG
720575941458808816,False,single_leg_neuromere,IN04B044,,T3_METANM
720575941605183478,True,chordotonal_organ_neuron,JO-B,right_antennal_nerve,AMMC
720575941573398523,False,,CB1274,,AVLP
720575941487480838,False,descending_neuron,DNxn118,,GNG
720575941433774094,False,lobula_columnar,LC11,,LO
720575941653942289,False,,CB3040,,LH
720575941438427154,False,single_leg_neuromere,IN19A001,,T3_METANM
720575941544431645,False,,AVLP121,,AVLP
720575941541318685,False,single_leg_neuromere,IN12B036,,T1_PRONM
720575941637787679,False,,CB0864,,GNG
720575941546627105,False,,IN00A030,,LTCT
720575941548494881,False,single_leg_neuromere,IN13A005,,T2_MESONM
720575941627301926,False,,LAL027,,AOTU
720575941593944104,False,,,,T3_METANM
720575941591748648,False,,IN12A060,,HTCT
720575941563142189,False,,AVLP222,,AVLP
720575941569794094,False,,CB2254,,AVLP
720575941354541104,False,,,,ME
720575941628153913,False,descending_neuron,DNge140,,IPS
720575941549936701,False,single_leg_neuromere,IN20A.22A016,,T2_MESONM
720575941473095744,False,,,,ME
720575941487415362,False,,CB1938,,AVLP
720575941515235395,False,,CB2700,,GNG
720575941507403845,False,,LAL026,,AVLP
720575941573660744,False,,CB1498,right_antennal_nerve,AVLP
720575941612687434,False,,PS157,,PLP
720575941555507283,False,ascending_neuron,AN10B045,,T2_MESONM
720575941556850771,False,leg_motor_neuron,accessory_tibia_flexor,right_mesothoracic_leg_nerve,T2_MESONM
720575941441409109,True,chordotonal_organ_neuron,JO-B,left_antennal_nerve,NO_CONS
720575941505077335,False,distal_medulla,Dm13,,ME
720575941580083289,False,,CB2829,,AVLP
720575941448945757,False,neck_motor_neuron,DProN3a,left_dorsal_prothoracic_nerve,NTCT
720575941506355294,False,ventral_nerve_cord_centripetal,IN19A067,,T1_PRONM
720575941581492319,False,ventral_nerve_cord_dorsal,IN02A020,,INTTCT
720575941516677219,False,,CB0098,,GNG
720575941565993063,False,,CL118,,GNG
720575941518446702,False,,IN11B022,,HTCT
720575941593944177,False,,CB0945,,PLP
720575941645029496,False,,CB0382,,IPS
720575941645979768,False,,CB0450,,AVLP
720575941540237437,False,,INXXX216,,AMNP
720575941621010559,False,,CB3655,,WED
720575941508518017,False,sequential_leg_neuromeres,IN19A019,,T2_MESONM
720575941533356163,False,single_leg_neuromere,IN09A010,,T2_MESONM
720575941551640711,False,ascending_neuron,ANXXX049,,T3_METANM
720575941549150344,False,,PVLP080a,,AVLP
720575941484236941,False,,CB1076,,AMMC
720575941413523604,False,ascending_neuron,AN02A046,,INTTCT
720575941692477592,False,descending_neuron,DNxl086,,GNG
720575941612982425,False,,WED057,,IPS
720575941553737882,False,,CB0749,,WED
720575941500293282,False,,CB2545,,WED
720575941498917026,False,bristle_neuron,BM_Vib,right_eye_nerve,GNG
720575941444194474,False,,CB2474,,IPS
720575941411229867,False,,IN06A066,,ABDNM
720575941517889708,False,leg_motor_neuron,accessory_tibia_flexor,right_metathoracic_leg_nerve,T3_METANM
720575941409198254,False,ventral_nerve_cord_centripetal,IN23B007,,T2_MESONM
720575941405855918,False,ascending_neuron,AN12B055,,T1_PRONM
720575941603807417,False,,CB3877,,AMMC
720575941533094081,False,,IN08B037,,NTCT
720575941506158786,True,chordotonal_organ_neuron,JO-B,left_antennal_nerve,AMMC
720575941501800642,False,single_leg_neuromere,IN03A039,,T2_MESONM
720575941501702338,False,single_leg_neuromere,IN20A.22A049,,T2_MESONM
720575941496426695,False,descending_neuron,DNg02,,SPS
720575941645357256,False,,CB2093,,IPS
720575941511401682,True,chordotonal_organ_neuron,JO-A,right_antennal_nerve,NO_CONS
720575941511270610,False,descending_neuron,DNg39,,GNG
720575941618847957,False,chordotonal_organ_neuron,JO-E,right_antennal_nerve,AMMC
720575941634183385,True,chordotonal_organ_neuron,JO-B,right_antennal_nerve,AMMC
720575941703160026,False,ascending_neuron,AN09B019,,T2_MESONM
720575941614489820,False,proximal_medulla,Pm01,,ME
720575941436526815,False,ascending_neuron,AN08B049,,AMNP
720575941477552352,False,single_leg_neuromere,IN20A.22A067,,T2_MESONM
720575941557506286,False,single_leg_neuromere,IN21A006,,T3_METANM
720575941578084597,False,,CB3915,,WED
720575941601153270,False,,IN06A044,,HTCT
720575941564420352,False,sequential_leg_neuromeres,IN07B023,,INTTCT
720575941516185859,False,ascending_neuron,AN09B040,,T1_PRONM
720575941484007686,False,,IN03A046,,T1_PRONM
720575941486203142,False,,AVLP548_f,,AVLP
720575941566648583,False,,PS194,,IPS
720575941463953677,False,,CB3042,,AVLP
720575941653778705,False,antennal_lobe_projection_neuron,M_l2PNl22,,AL
720575941612097811,False,single_leg_neuromere,IN19A011,,T3_METANM
720575941448093972,False,ascending_neuron,AN12A003,,T3_METANM
720575941465985302,False,,CB0049,,GNG
720575941535420698,False,single_leg_neuromere,IN01A034,,T2_MESONM
720575941551378715,False,,IN12B053,,T2_MESONM
720575941505536290,False,ventral_nerve_cord_dorsal,IN05B032,,T3_METANM
720575941400285475,False,descending_neuron,DNnt020,,GNG
720575941558554916,False,,PS100,,GNG
720575941557473572,False,descending_neuron,DNde006,,GNG
720575941594239272,False,,AVLP286,,AVLP
720575941474079018,False,,CB0013,,GNG
720575941561766189,False,,IB114,,IB
720575941354279216,False,centrifugal_lobula,cL15,,SPS
720575941723377978,False,ascending_neuron,AN04B001,,T1_PRONM
720575941476733243,False,ascending_neuron,AN19B019,,INTTCT
720575941549936957,False,ascending_neuron,AN06A017,,NTCT
720575941586374980,False,single_leg_neuromere,IN09A017,,T3_METANM
720575941590012228,False,,SLP031,,AVLP
720575941573267784,False,ascending_neuron,ANXXX191,,T1_PRONM
720575941498360137,False,,CB2556,,AMMC
720575941576315210,True,chordotonal_organ_neuron,JO-A,right_antennal_nerve,AMMC
720575941644144978,False,ascending_neuron,AN17B009,,T3_METANM
720575941556851027,False,descending_neuron,DNg93,,GNG
720575941556654419,False,descending_neuron,DNxn173,,LAL
720575941509140830,False,,CB3696,,FLA
720575941566189922,False,,CL339,,SPS
720575941526704484,False,ventral_nerve_cord_serially_convergent,IN07B009,,T1_PRONM
720575941565337959,True,chordotonal_organ_neuron,JO-A,left_antennal_nerve,AMMC
720575941577494888,False,sequential_leg_neuromeres,IN01A011,,T1_PRONM
720575941519528302,False,wedge_projection_neuron,PLP010,,WED
720575941516874094,False,leg_motor_neuron,sternotrochanter,left_ventral_prothoracic_nerve,T1_PRONM
720575941596205425,False,descending_neuron,DNg106,,GNG
720575941560062323,False,,CB2287,,AVLP
720575941470212471,False,leg_motor_neuron,tibia_extensor,right_metathoracic_leg_nerve,T3_METANM
720575941645259128,False,leg_motor_neuron,sternal_posterior_rotator,left_mesothoracic_leg_nerve,T2_MESONM
720575941643325816,False,proximal_medulla,Pm10,,ME
720575941665247612,False,distal_medulla,Dm13,,ME
720575941530145156,False,,IN06A059,,NTCT
720575941500850571,False,single_leg_neuromere,IN02A015,,T1_PRONM
720575941487317389,False,,CB2783,,IB
720575941576741263,False,,,,ME
720575941574414735,False,,CB0174,,GNG
720575941411656081,False,,IN11A019,,INTTCT
720575941565141394,False,,PVLP151,,AVLP
720575941598597532,False,,AVLP489,,AVLP
720575941574644125,False,ventral_nerve_cord_serially_convergent,IN09B043,,T1_PRONM
720575941408870827,False,,CB1772,,GNG
720575941518807468,False,single_leg_neuromere,IN16B016,,T3_METANM
720575941448323509,False,single_leg_neuromere,IN17A061,,T3_METANM
720575941633855931,False,antennal_lobe_local_neuron,lLN1_a,,AL
720575941642605000,False,single_leg_neuromere,IN09A026,,T2_MESONM
720575941627269578,False,,CB1856,,SPS
720575941540205005,False,single_leg_neuromere,IN08A019,,T3_METANM
720575941439017423,False,ventral_nerve_cord_dorsal,IN19A026,,HTCT
720575941489185232,False,,AVLP580,,AVLP
720575941511336402,False,descending_neuron,DNg04,,IPS
720575941461234131,False,ascending_neuron,AN08B022,,T3_METANM
720575941653320148,False,distal_medulla,Dm13,,ME
720575941614850517,False,ventral_nerve_cord_dorsal,IN19A026,,HTCT
720575941592699350,False,distal_medulla,Dm13,,ME
720575941458481619,False,single_leg_neuromere,IN21A012,,T3_METANM
720575941703324122,False,,CB2966,,AVLP
720575941436821983,False,single_leg_neuromere,IN21A056,,T2_MESONM
720575941534011877,False,single_leg_neuromere,IN00A009,,T1_PRONM
720575941611278825,False,ascending_neuron,AN08B018,,T2_MESONM
720575941612622313,False,ventral_nerve_cord_serially_convergent,INXXX007,,T3_METANM
720575941535322602,False,,CL216,,ICL
720575941455598061,False,single_leg_neuromere,IN01B042,,T3_METANM
720575941653156337,False,,CL263,,ICL
720575941540303346,False,,IN07B028,,T2_MESONM
720575941603906038,False,ventral_nerve_cord_serially_convergent,IN09B043,,T1_PRONM
720575941574185467,False,,IN16B055,,T1_PRONM
720575941527687682,False,,PS049,,SPS
720575941545087493,False,ascending_neuron,AN01A055,,AMMC
720575941465035277,False,single_leg_neuromere,IN21A012,,T1_PRONM
720575941614260755,False,single_leg_neuromere,IN19A030,,T3_METANM
720575941650403861,False,single_leg_neuromere,IN13B025,,T3_METANM
720575941467066902,False,,SAD021_c,,WED
720575941467034134,False,,CB1108,,AVLP
720575941416833564,False,,AVLP569,,AVLP
720575941596303909,False,single_leg_neuromere,IN08A007,,T2_MESONM
720575941595419173,False,,AVLP394,,AVLP
720575941595615783,False,descending_neuron,DNg106,,GNG
720575941593354791,False,single_leg_neuromere,IN13B022,,T3_METANM
720575941473686058,False,,IN20A.22A070,,T2_MESONM
720575941475848746,False,,CB1883,,AVLP
720575941440000556,False,lobula_intrinsic,Li15,,LO
720575941568287278,False,,AVLP194_a,,AVLP
720575941478011441,False,,CB2001,,AVLP
720575941477323316,False,single_leg_neuromere,IN03A007,,T1_PRONM
720575941475553851,False,,CB2287,,AVLP
720575941503504956,False,,IN13B039,,T2_MESONM
720575941553803838,False,,CB1827,,PLP
720575941472113216,False,,CB2521,,AMMC
720575941472178752,False,descending_neuron,DNp70,,ICL
720575941451665991,False,single_leg_neuromere,IN12B023,,T2_MESONM
720575941570777672,False,,IN20A.22A068,,T2_MESONM
720575941612622410,False,,,,LO
720575941482893903,False,lobula_tangential,LT42,,PLP
720575941580706385,False,,AVLP578,,AVLP
720575941644079698,False,sequential_leg_neuromeres,IN06A028,,T2_MESONM
720575941466509910,False,,CB1125,,AMMC
720575941502849623,False,leg_motor_neuron,trochanter_extensor,left_metathoracic_leg_nerve,T3_METANM
720575941532373592,False,,IN00A036,,AMNP
720575941441639003,False,,IN13A028,,T3_METANM
720575941543187036,True,chordotonal_organ_neuron,JO-B,right_antennal_nerve,NO_CONS
720575941438952027,False,single_leg_neuromere,IN04B037,,T1_PRONM
720575941430956641,False,,IN19A031,,T3_METANM
720575941566190178,False,,AVLP442,,AVLP
720575941543613033,False,,IN06B087,,INTTCT
720575941546725993,False,,,,ME
720575941546693225,False,ventral_nerve_cord_neurosecretory_cell,EA00B006,left_dorsal_metathoracic_nerve+right_dorsal_metathoracic_nerve,HTCT
720575941627302508,True,chordotonal_organ_neuron,JO-B,left_antennal_nerve,AMMC
720575941471130231,False,,IN07B010,,T2_MESONM
720575941537845885,False,,IN21A068,,T1_PRONM
720575941480534658,False,single_leg_neuromere,IN14A014,,T3_METANM
720575941534732931,False,proximal_distal_medulla_tangential,PDt,,ME
720575941548135048,False,chordotonal_organ_neuron,SNpp34,left_dorsal_metathoracic_nerve,WTCT
720575941624746634,False,,CB2666,,SPS
720575941573956239,False,,IN06A094,,HTCT
720575941411590804,False,campaniform_sensillum_neuron,SApp06,left_dorsal_metathoracic_nerve,HTCT
720575941539320469,False,,CB1205,,AVLP
720575941415785108,False,,CB2090,,AVLP
720575941536141973,False,,IN19A071,,T2_MESONM
720575941599842972,False,,CB2093,,IPS
720575941645095585,False,ventral_nerve_cord_centrifugal,IN06B035,,T3_METANM
720575941498819234,False,,IN06B030,,T3_METANM
720575941481845411,False,,CB2623,,AVLP
720575941525263014,False,campaniform_sensillum_neuron,SApp06,left_dorsal_metathoracic_nerve,HTCT
720575941528933030,False,ascending_neuron,AN10B022,,T2_MVAC
720575941609411245,False,,IN03A051,,T1_PRONM
720575941407101614,False,ventral_nerve_cord_dorsal,IN11B012,,HTCT
720575941548430004,False,lobula_columnar,LC31c,,LO
720575941548266164,False,,SAD035,,AVLP
720575941449011893,False,,CB3200,,AMMC
720575941600400064,False,lobula_medulla_amacrine,LMa4,,LO
720575941479224003,False,,IN06A009,,HTCT
720575941482762950,False,,IN11A022,,AMNP
720575941646668488,False,single_leg_neuromere,IN21A002,,T3_METANM
720575941489677001,False,,IN11B013,,WTCT
720575941623108298,False,ventral_nerve_cord_dorsal,IN13A013,,WTCT
720575941531390667,False,,SAD080,,AMMC
720575941645259464,False,single_leg_neuromere,IN14A023,,T2_MESONM
720575941541876429,False,,CB1622,,AMMC
720575941485286096,False,ventral_nerve_cord_centripetal,IN23B030,,T2_MESONM
720575941489185488,False,ascending_neuron,AN17A015,,T3_METANM
720575941512516306,True,chordotonal_organ_neuron,JO-B,left_antennal_nerve,AMMC
720575941510222546,False,,IN19A041,,T2_MESONM
720575941617668821,False,,CB3409,,AVLP
720575941587620574,True,chordotonal_organ_neuron,JO-B,right_antennal_nerve,AMMC
720575941493543655,False,lobula_intrinsic,Li21,,LO
720575941536076522,False,,,,ME
720575941631628012,True,chordotonal_organ_neuron,JO-B,right_antennal_nerve,AMMC
720575941686186735,False,,CB3858,,AVLP
720575941456024304,False,,IN08A036,,T1_PRONM
720575941649945329,False,leg_motor_neuron,tergotrochanter,right_first_abdominal_nerve,T3_METANM
720575941536371442,False,ventral_nerve_cord_dorsal,IN06A020,,HTCT
720575941576905461,False,single_leg_neuromere,IN03A062,,T1_PRONM
720575941605217014,True,chordotonal_organ_neuron,JO-B,left_antennal_nerve,NO_CONS
720575941481026301,False,,IN04B098,,T1_PRONM
720575941591716606,False,,AVLP081,,AVLP
720575941527458562,False,leg_motor_neuron,trochanter_flexor,left_prothoracic_accessory_nerve,T1_PRONM
720575941523755778,False,,IN02A033,,NTCT
720575941393928964,False,,,,ME
720575941486793478,False,,CB1205,,AVLP
720575941510877968,False,,WED128,,IPS
720575941506716439,False,,CB0265,,GNG
720575941508027159,False,,CB1730,,AVLP
720575941433381664,False,,IN18B038,,T3_METANM
720575941548593953,False,single_leg_neuromere,IN08A007,,T1_PRONM
720575941558326052,False,,IN04B062,,T3_METANM
720575941595517735,False,descending_neuron,DNg75,,GNG
720575941594469160,False,descending_neuron,DNp43,,AVLP
720575941594632999,False,,CB2370,,AVLP
720575941563339565,False,medulla_medulla,MeMe_e01,,ME
720575941353919280,False,,CB2287,,AVLP
720575941478011697,False,,SLP278,,AVLP
720575941478339377,False,ascending_neuron,AN09B004,,T2_MESONM
720575941456155443,False,ascending_neuron,AN12B004,,LTCT
720575941589029687,False,,IN05B041,,T3_METANM
720575941625369401,False,,IN19A108,,T3_METANM
720575941547184957,False,,IN06B056,,INTTCT
720575941470933824,False,descending_neuron,DNxn127,,GNG
720575941471916864,False,,IN06A073,,HTCT
720575941487416130,False,,CB1012,,SPS
720575941588177732,False,lamina_wide_field,Lawf2,,ME
720575941523100491,False,,IN08B051,,INTTCT
720575941513990988,False,neck_motor_neuron,CvN5,left_cervical_nerve,GNG
720575941464150870,False,,IN12B078,,T1_PRONM
720575941540729692,False,,CB1038,,AMMC
720575941509305182,False,descending_neuron,DNxl132,,T2_MESONM
720575941527884644,False,,AVLP219b,,AVLP
720575941612983142,False,,5-HTPLP01,,AVLP
720575941575725928,False,descending_neuron,DNxn129,,AMMC
720575941519463278,False,descending_neuron,DNg108,,GNG
720575941410018159,False,single_leg_neuromere,IN13A006,,T2_MESONM
720575941402088304,False,leg_motor_neuron,sternal_posterior_rotator,left_prothoracic_accessory_nerve,T1_PRONM
720575941593715569,False,leg_motor_neuron,pleural_remotor_abductor,right_prothoracic_accessory_nerve,T1_PRONM
720575941559309171,False,,IN07B076,,HTCT
720575941636281205,False,,IN08B051,,INTTCT
720575941644899192,False,single_leg_neuromere,IN13A018,,T3_METANM
720575941548921736,False,,AVLP263,,AVLP
720575941589095308,False,,CB1078,,AMMC
720575941574644623,False,,CB2556,,AMMC
720575941460775824,False,,CB2342,,AVLP
720575941414474641,False,,CB3683,,AVLP
720575941564126098,False,ventral_nerve_cord_centripetal,IN23B023,,T2_MESONM
720575941538993045,False,,PS138,,SPS
720575941691167640,False,,AVLP476,,AVLP
720575941627728795,False,centrifugal_lobula,cL22c,,SPS
720575941569500062,False,,IN07B087,,HTCT
720575941634118560,True,chordotonal_organ_neuron,JO-B,right_antennal_nerve,AMMC
720575941630514080,False,,IN21A031,,T2_MESONM
720575941450519465,False,,IN12B053,,T2_MESONM
720575941446718378,False,lobula_tangential,LT40,,VES
720575941408445358,False,ventral_nerve_cord_serially_convergent,IN09B043,,T3_METANM
720575941491446704,False,,PS052,,SPS
720575941667214257,False,,IN10B050,,T3_METANM
720575941535323058,False,single_leg_neuromere,IN20A.22A036,,T1_PRONM
720575941575463862,False,,CB1384,,AVLP
720575941518316471,False,,IN04B046,,T2_MESONM
720575941601088441,False,,IN06A019,,HTCT
720575941547643836,False,,IN19A033,,T3_METANM
720575941546660796,False,,AVLP465a,,AVLP
720575941479257027,False,,IN09A029,,T2_MESONM
720575941633921989,True,chordotonal_organ_neuron,JO-B,left_antennal_nerve,AMMC
720575941488989129,False,haltere_motor_neuron,hi1,left_first_abdominal_nerve,HTCT
720575941537715149,False,,IN06A063,,ABDNM
720575941439050703,False,,IN06A096,,INTTCT
720575941487875024,False,single_leg_neuromere,IN09B008,,T2_MESONM
720575941487285200,False,,IN20A.22A033,,T2_MESONM
720575941617734613,False,,CB2287,,AVLP
720575941595255766,False,,,,IPS
720575941690020827,False,,,,AVLP
720575941440787423,False,,AVLP464,,PLP
720575941631005666,False,single_leg_neuromere,IN00A031,,T1_PRONM
720575941491610599,False,,IN20A.22A056,,T1_PRONM
720575941534045162,False,,IN08A047,,T3_METANM
720575941631562732,False,,WED008,,IPS
720575941689562095,False,,,,ME
720575941654008817,False,,,,LO
720575941665281011,False,leg_motor_neuron,accessory_trochanter_flexor,right_metathoracic_leg_nerve,T3_METANM
720575941604070390,False,,CB1549,,AVLP
720575941516153849,False,,CB0141,,IPS
720575941621634044,False,,IN19A084,,T1_PRONM
720575941591028734,False,,CB0556,,GNG
720575941549151231,False,single_leg_neuromere,IN12B037,,T2_MESONM
720575941553476609,False,,CB1315,,AVLP
720575941394420740,False,lobula_columnar,LC11,,LO
720575941574153224,False,,CB0632,,VES
720575941467362326,False,,IN13B049,,T2_MESONM
720575941413917724,False,single_leg_neuromere,IN20A.22A001,,T1_PRONM
720575941416637468,False,single_leg_neuromere,IN19A015,,T3_METANM
720575941540729885,False,,IN19A068,,T2_MESONM
720575941637952543,False,single_leg_neuromere,IN20A.22A055,,T2_MESONM
720575941549478945,False,ventral_nerve_cord_dorsal,IN08B035,,WTCT
720575941508453410,False,,CB2364,,AVLP
720575941627499558,False,distal_medulla,Dm13,,ME
720575941595419687,False,,CB0543,,GNG
720575941599351849,False,ventral_nerve_cord_centripetal,IN23B023,,T3_METANM
720575941472113706,False,,IN13A051,,T1_PRONM
720575941733241899,True,chordotonal_organ_neuron,JO-B,left_antennal_nerve,AMMC
720575941730980907,False,lobula_plate_intrinsic,LPi06,,LOP
720575941732586539,False,descending_neuron,DNg05,,GNG
720575941716825131,False,bristle_neuron,BM_Vib,right_eye_nerve,GNG
720575941569401902,False,,AVLP229,,AVLP
720575941475357738,False,ascending_neuron,AN06B031,,INTTCT
720575941455041587,False,,CB1780,,AVLP
720575941589980215,False,single_leg_neuromere,IN01A012,,T2_MESONM
720575941590209591,False,,PLP109,,VES
720575941474604091,False,,CB1948,,AMMC
720575941505209404,False,,IN04B044,,T3_METANM
720575941504390213,False,,IN08B085,,LTCT
720575941508682821,False,,LT1,,LO
720575941458908230,False,single_leg_neuromere,IN21A016,,T1_PRONM
720575941609673802,False,single_leg_neuromere,IN01A015,,T1_PRONM
720575941525230667,False,single_leg_neuromere,IN13B038,,T3_METANM
720575941451535438,False,bristle_neuron,SNta14,left_anterior_dorsal_mesothoracic_nerve,AMNP
720575941437543509,False,single_leg_neuromere,IN12B031,,T1_PRONM
720575941464413270,False,,CB1622,,AMMC
720575941575791705,False,single_leg_neuromere,IN13A054,,T2_MESONM
720575941578708057,False,,CB0608,,GNG
720575941541123164,False,,IN09B038,,T1_PRONM
720575941612065894,False,,IN03A049,,T1_PRONM
720575941577725032,False,single_leg_neuromere,IN21A017,,T2_MESONM
720575941575595112,False,,IN07B058,,INTTCT
720575941592962155,False,,CB1044,,WED
720575941593683051,False,descending_neuron,DNp10,,ICL
720575941519594606,False,,LAL159,,LAL
720575941468312695,False,,IN00A040,,HTCT
720575941498459259,False,single_leg_neuromere,IN14A010,,T2_MESONM
720575941662889084,False,,AVLP194_c,,AVLP
720575941496919168,False,descending_neuron,DNp57,,SPS
720575941530539140,False,,,,ME
720575941548921992,False,,CB1044,,WED
720575941592241292,True,chordotonal_organ_neuron,JO-B,right_antennal_nerve,AMMC
720575941590504588,False,,CB1780,,AVLP
720575941486466189,False,single_leg_neuromere,IN03B021,,T3_METANM
720575941413262481,False,,IN01A053,,INTTCT
720575941394781334,False,,CB3663,,AVLP
720575941598434460,False,,CB2660,,AVLP
720575941575562397,False,,SAD052,,AMMC
720575941645063329,False,single_leg_neuromere,IN26X001,,T2_MESONM
720575941500851362,False,descending_neuron,DNg100,,GNG
720575941501211810,False,lobula_plate_intrinsic,LPi06,,LOP
720575941556327588,False,single_leg_neuromere,IN21A020,,T1_PRONM
720575941557376164,False,sequential_leg_neuromeres,IN03A009,,T2_MESONM
720575941450552489,False,,IN10B054,,T2_MVAC
720575941442360490,False,single_leg_neuromere,IN01A035,,T1_PRONM
720575941517661356,False,leg_motor_neuron,long_tendon_muscle,left_mesothoracic_leg_nerve,T2_MESONM
720575941518120108,False,,CB2728,,GNG
720575941519201452,False,,LAL142,,LAL
720575941576250550,False,,AVLP461,,ICL
720575941480961210,False,,IN13A057,,T2_MESONM
720575941543449788,False,sequential_leg_neuromeres,IN01A009,,T1_PRONM
720575941441901759,False,ascending_neuron,ANXXX075,,T2_MESONM
720575941438723263,False,,IN11B017,,HTCT
720575941534340289,False,single_leg_neuromere,IN19A004,,T3_METANM
720575941533291713,False,,IN19A112,,T1_PRONM
720575941481583814,False,leg_motor_neuron,accessory_trochanter_flexor,left_mesothoracic_leg_nerve,T2_MESONM
720575941642573000,False,ventral_nerve_cord_serially_convergent,IN09B047,,T1_PRONM
720575941511599314,False,ascending_neuron,AN19B017,,INTTCT
720575941462512851,False,descending_neuron,DNg02,,SPS
720575941432890583,False,single_leg_neuromere,IN21A010,,T3_METANM
720575941517726936,False,leg_motor_neuron,sternal_posterior_rotator,left_metathoracic_leg_nerve,T3_METANM
720575941703292122,False,,CB3269,,AVLP
720575941613540572,False,ascending_neuron,AN19B036,,LTCT
720575941439804639,False,,,,AVLP
720575941478143200,False,,SAD005,,GNG
720575941481518304,False,medulla_intrinsic,Mi4,,ME
720575941632349410,False,single_leg_neuromere,IN09B008,,T3_METANM
720575941612393705,True,chordotonal_organ_neuron,JO-B,right_antennal_nerve,AMMC
720575941610591465,False,,CB1724,,AVLP
720575941652567281,False,single_leg_neuromere,IN20A.22A004,,T3_METANM
720575941603480822,False,,PVLP123a,,AVLP
720575941605676278,False,lobula_medulla_amacrine,LMa4,,ME
720575941572941051,False,descending_neuron,DNge094,,IPS
720575941624059132,True,chordotonal_organ_neuron,JO-B,left_antennal_nerve,NO_CONS
720575941485024509,False,,IN04B001,,T3_METANM
720575941461071117,False,,IN01A063,,T1_PRONM
720575941652927765,False,,CB1143,,AVLP
720575941507077399,False,ascending_neuron,AN07B015,,T1_PRONM
720575941658006808,False,,CB2595,,AVLP
720575941537551642,False,,CB1196,,AVLP
720575941436724512,True,chordotonal_organ_neuron,JO-B,left_antennal_nerve,AMMC
720575941506094370,False,,CB3673,,AMMC
720575941595288871,False,,IN12B053,,T2_MESONM
720575941594207528,False,,AVLP441,,AVLP
720575941454878003,False,,INXXX469,,T2_MESONM
720575941456024883,False,ascending_neuron,AN07B005,,T1_PRONM
720575941478372660,False,,CB0738,,PVLP
720575941588964663,False,,PS083b,,SPS
720575941628253497,False,,VES057,,LAL
720575941440001343,False,ascending_neuron,AN06B002,,T3_METANM
720575941457073478,False,,IN12A050,,INTTCT
720575941573334344,False,,IN03A068,,T3_METANM
720575941512779084,False,single_leg_neuromere,IN19A016,,T1_PRONM
720575941450716494,False,,IB047,,IB
720575941516252506,True,chordotonal_organ_neuron,JO-B,right_antennal_nerve,AMMC
720575941442458971,False,lobula_columnar,LC11,,LO
720575941473850720,False,,IN11B002,,INTTCT
720575941593027947,False,,CL118,,GNG
720575941626811756,False,,AVLP025,,AVLP
720575941568845170,False,,CB2796,,PLP
720575941470082423,False,leg_motor_neuron,sternotrochanter,right_mesothoracic_leg_nerve,T2_MESONM
720575941539353981,False,single_leg_neuromere,IN01B006,,T3_METANM
720575941508453761,False,leg_motor_neuron,trochanter_extensor,right_prothoracic_leg_nerve,T1_PRONM
720575941503178123,False,,CB2339,,AVLP
720575941436495246,False,,PS221,,IPS
720575941461235088,False,,IN08B068,,INTTCT
720575941517268371,False,,AVLP277,,AVLP
720575941412443540,False,,IN11A028,,INTTCT
720575941411853716,False,,IN09A058,,T3_METANM
720575941415785876,False,,CB1903,,AVLP
720575941566911895,True,chordotonal_organ_neuron,JO-B,right_antennal_nerve,AMMC
720575941571728798,False,,CB3518,,AVLP
720575941459334559,False,,AVLP096,,AVLP
720575941460284831,False,,CB3359,,LH
720575941645227425,False,,CB1582,,GNG
720575941482304931,False,lobula_tangential,LT61b,,LO
720575941507208613,False,ascending_neuron,AN07B060,,INTTCT
720575941562029480,False,,IN23B006,,AMNP
720575941409035691,False,leg_motor_neuron,accessory_tibia_flexor,left_metathoracic_leg_nerve,T3_METANM
720575941517694380,False,,IN09A037,,T3_METANM
720575941670032817,False,,AVLP085,,AVLP
720575941523101107,False,,,,ME
720575941447013813,False,,IN07B019,,HTCT
720575941577364918,False,serpentine_medulla,Sm33,,ME
720575941630809531,False,,IN20A.22A053,,T2_MESONM
720575941597517248,False,,IN13A062,,T2_MESONM
720575941595878848,False,,IN06B043,,HTCT
720575941488203209,False,leg_motor_neuron,long_tendon_muscle,right_prothoracic_leg_nerve,T1_PRONM
720575941491480012,False,,WED007,,IPS
720575941439083983,False,,IN11B022,,HTCT
720575941488072144,False,,PS051,,SPS
720575941514024401,False,,CB1809,,AVLP
720575941653976532,False,,PVLP019,,AVLP
720575941429515735,False,,IN20A.22A015,,T1_PRONM
720575941653452249,False,abdomen_motor_neuron,MNad42,right_second_abdominal_nerve,ABDNM
720575941703161306,False,ascending_neuron,AN18B002,,T3_METANM
720575941630940642,False,wing_motor_neuron,hg4,left_mesothoracic_accessory_nerve,WTCT
720575941538207203,False,bristle_neuron,BM_Vib,left_antennal_nerve,GNG
720575941609346534,False,single_leg_neuromere,IN20A.22A039,,T1_PRONM
720575941534733800,False,single_leg_neuromere,IN13A001,,T1_PRONM
720575941505144299,False,lobula_intrinsic,Li16,,LO
720575941652764145,False,chordotonal_organ_neuron,JO-mz,left_antennal_nerve,AMMC
720575941665510899,False,single_leg_neuromere,IN03A062,,T2_MESONM
720575941569402356,False,,AVLP109,,AVLP
720575941432858104,False,,,,ME
720575941570057722,True,chordotonal_organ_neuron,JO-A,left_antennal_nerve,AMMC
720575941551969791,False,single_leg_neuromere,IN23B044,,T1_PRONM
720575941462808077,False,proboscis_motor_neuron,MN2Db,right_maxillary-labial_nerve,GNG
720575941559932431,False,single_leg_neuromere,IN21A005,,T1_PRONM
720575941438690834,False,descending_neuron,DNp51,,IPS
720575941614589459,False,,CB0695,,IPS
720575941524280857,False,,IN06B055,,INTTCT
720575941536634394,False,,CB2820,,GNG
720575941435184672,False,,SAD023,,AMMC
720575941505439266,False,ventral_nerve_cord_centripetal,IN23B063,,T3_METANM
720575941626975782,False,,IN06A022,,HTCT
720575941591750184,False,,IN19A114,,T1_PRONM
720575941474113066,False,,vpoEN,,AVLP
720575941566551598,False,,WED080,,LAL
720575941354411568,True,chordotonal_organ_neuron,JO-B,left_antennal_nerve,AMMC
720575941354214960,False,,CB0475,,AVLP
720575941478307380,False,leg_motor_neuron,femur_reductor,right_mesothoracic_leg_nerve,T2_MESONM
720575941659678264,False,,IN06B056,,INTTCT
720575941515531843,False,,CB1076,,WED
720575941459138118,False,,CB1038,,AMMC
720575941454059079,False,,AVLP454_a,,AVLP
720575941574317640,False,,CB3322,,AVLP
720575941497673289,False,,CB1730,,AVLP
720575941612394058,False,ascending_neuron,AN23B001,,AMNP
720575941611050570,False,,CB3745,,IPS
720575941513795148,False,single_leg_neuromere,IN01A034,,T1_PRONM
720575941578085977,False,,CB1717,,AVLP
720575941438723675,False,,IN00A053,,INTTCT
720575941527557732,False,,CB3287,,AVLP
720575941477488234,False,,IN21A043,,HTCT
720575941479814762,False,ascending_neuron,AN08B094,,INTTCT
720575941625566828,True,chordotonal_organ_neuron,JO-B,right_antennal_nerve,AMMC
720575941590734443,False,central_complex_output_neuron,GFC2,,T2_MESONM
720575941519464046,False,descending_neuron,DNg97,,GNG
720575941605021293,False,,IN06A070,,HTCT
720575941468345975,False,sequential_leg_neuromeres,IN19A014,,T2_MESONM
720575941508257409,False,serpentine_medulla,Sm07,,ME
720575941428762249,False,neck_motor_neuron,CvN4,right_cervical_nerve,GNG
720575941626254986,False,,IN20A.22A010,,T3_METANM
720575941503178379,False,,CB1904,,AVLP
720575941574383247,False,leg_motor_neuron,accessory_tibia_flexor,left_mesothoracic_leg_nerve,T2_MESONM
720575941461333648,False,leg_motor_neuron,tergotrochanter,left_ventral_prothoracic_nerve,T1_PRONM
720575941561308818,False,,IN19B043,,WTCT
720575941598598812,False,,CB1078,,AMMC
720575941574612637,False,single_leg_neuromere,IN19A096,,T3_METANM
720575941499770530,False,single_leg_neuromere,IN12B003,,T1_PRONM
720575941505242789,False,descending_neuron,DNg52,,GNG
720575941528082086,False,,CB3685,,AVLP
720575941670491815,False,single_leg_neuromere,IN16B042,,T1_PRONM
720575941528573606,False,transmedullary,Tm3,,ME
720575941506553509,False,,LAL113,,LAL
720575941412148907,False,,VESa2_H02,,PLP
720575941535028914,False,sequential_leg_neuromeres,IN03B015,,INTTCT
720575941544695476,False,single_leg_neuromere,IN13B058,,T2_MESONM
720575941447112373,False,,IN06A079,,HTCT
720575941521069751,False,,IN04B006,,INTTCT
720575941603710649,False,single_leg_neuromere,IN21A005,,T2_MESONM
720575941484369594,False,lobula_columnar,LC17,,LO
720575941635462843,False,lobula_tangential,LT42,,SPS
720575941501802178,False,single_leg_neuromere,IN20A.22A039,,T2_MESONM
720575941482927814,False,,IN13A050,,T3_METANM
720575941647062728,False,lamina_wide_field,Lawf2,,ME
720575941513926353,False,,CB1078,,AMMC
720575941520250584,False,ascending_neuron,AN17A009,,T2_MESONM
720575941615081180,True,chordotonal_organ_neuron,JO-B,right_antennal_nerve,SAD
720575941479519968,False,,IN19A084,,T3_METANM
720575941632317154,False,bristle_neuron,SNta09,left_posterior_dorsal_mesothoracic_nerve,AMNP
720575941490726631,False,single_leg_neuromere,IN03A075,,T3_METANM
720575941611542249,False,,PVLP021,,AVLP
720575941536405226,False,,CB1138,,IPS
720575941535127274,False,single_leg_neuromere,IN01A015,,T3_METANM
720575941504521963,False,,CB3685,,AVLP
720575941539026674,False,campaniform_sensillum_neuron,SNpp30,right_anterior_dorsal_mesothoracic_nerve,AMNP
720575941536110322,False,,IN13B089,,T3_METANM
720575941524084471,False,single_leg_neuromere,IN01B031,,T3_METANM
720575941573334779,False,,CB1779,,GNG
720575941481682685,False,,CB3381,,WED
720575941589194494,False,ascending_neuron,AN08B034,,T2_MVAC
720575941589587710,False,leg_motor_neuron,accessory_tibia_flexor,right_mesothoracic_leg_nerve,T2_MESONM
720575941483681533,False,single_leg_neuromere,IN21A010,,T2_MESONM
720575941484893949,False,ascending_neuron,AN09B007,,T2_MESONM
720575941556819713,False,single_leg_neuromere,IN21A015,,T3_METANM
720575941688841996,False,,IN13A062,,T2_MESONM
720575941440198418,False,lobula_medulla_amacrine,LMa1,,ME
720575941615015699,True,chordotonal_organ_neuron,JO-B,right_antennal_nerve,AMMC
720575941447866132,False,,IN03B021,,T1_PRONM
720575941466543894,False,single_leg_neuromere,IN23B057,,T1_PRONM
720575941527000857,False,single_leg_neuromere,IN13B027,,T2_MESONM
720575941641623327,False,leg_motor_neuron,accessory_tibia_flexor,right_mesothoracic_leg_nerve,T2_MESONM
720575941433448224,False,,IN12A036,,INTTCT
720575941433546528,False,,IN07B087,,HTCT
720575941508257570,False,single_leg_neuromere,IN20A.22A006,,T1_PRONM
720575941508290338,False,single_leg_neuromere,IN14B005,,T3_METANM
720575941596141349,False,,PLP103a,,PLP
720575941600532265,False,,IN23B060,,T1_PRONM
720575941472147242,False,,IN03A094,,T1_PRONM
720575941472114474,False,single_leg_neuromere,IN19A096,,T1_PRONM
720575941563864886,False,ventral_nerve_cord_serially_convergent,IN07B007,,T3_METANM
720575941661742904,False,,CB1268,,IPS
720575941724886842,False,,,,LO
720575941724165946,False,lobula_columnar,LC11,,LO
720575941516449603,True,chordotonal_organ_neuron,JO-B,left_antennal_nerve,NO_CONS
720575941507209029,False,leg_motor_neuron,long_tendon_muscle,right_metathoracic_leg_nerve,T3_METANM
720575941610231626,True,chordotonal_organ_neuron,JO-A,right_antennal_nerve,AMMC
720575941608331082,False,single_leg_neuromere,IN14A015,,T2_MESONM
720575941449144142,False,,IN16B123,,T1_PRONM
720575941656270672,False,,IN08A038,,T2_MESONM
720575941577004881,False,leg_motor_neuron,tarsus_levator,left_mesothoracic_leg_nerve,T2_MESONM
720575941535651672,True,chordotonal_organ_neuron,JO-B,left_antennal_nerve,AMMC
720575941515925338,False,,IN08A046,,T1_PRONM
720575941516023642,False,,AVLP394,,AVLP
720575941516875619,False,,,,ME
720575941528049508,False,lobula_lobula_plate_tangential,LLPt,,LO
720575941548267369,False,,AVLP035,,AVLP
720575941638346613,False,single_leg_neuromere,IN03A039,,T3_METANM
720575941493970814,False,,IN03A085,,T1_PRONM
720575941533849475,False,transverse_neuron,T3,,ME
720575941530179460,False,,CB1193,,AVLP
720575941529753476,False,,IN17A030,,INTTCT
720575941487122317,False,,,,ME
720575941462611856,False,,CB3348,,AVLP
720575941414082452,False,wedge_projection_neuron,WEDPN10A,,PLP
720575941536208789,False,,IN06B058,,INTTCT
720575941645096865,False,,IN10B003,,T2_MESONM
720575941561079720,False,,SAD021_c,,WED
720575941490661296,False,,IN06A059,,INTTCT
720575941490759600,False,,IN12B058,,T1_PRONM
720575941547055028,False,,,,ME
720575941449799605,False,single_leg_neuromere,IN17A016,,T3_METANM
720575941483550650,False,single_leg_neuromere,IN09B005,,T3_METANM
720575941501802434,False,,IN08B083,,INTTCT
720575941479094211,False,single_leg_neuromere,IN04B031,,T1_PRONM
720575941644474312,False,leg_motor_neuron,sternal_adductor,right_mesothoracic_leg_nerve,T2_MESONM
720575941645326280,False,,IN00A001,,T2_MESONM
720575941532309451,True,chordotonal_organ_neuron,JO-B,left_antennal_nerve,NO_CONS
720575941532964811,False,proximal_medulla,Pm09,,ME
720575941492889550,False,,,,ME
720575941440755663,False,,IN04B052,,T3_METANM
720575941487843280,False,single_leg_neuromere,IN13A009,,T1_PRONM
720575941512353745,False,,CB1394_d,,AMMC
720575941512976338,False,lobula_tangential,LTe20,,LO
720575941655451604,False,,PS230,,IPS
720575941593847766,False,ventral_nerve_cord_dorsal,IN02A020,,HTCT
720575941431154647,False,leg_motor_neuron,accessory_tibia_flexor,right_metathoracic_leg_nerve,T3_METANM
720575941583263710,False,ascending_neuron,AN06A026,,HTCT
720575941557573604,False,lobula_medulla_amacrine,LMa1,,LO
720575941537486824,False,single_leg_neuromere,IN14A005,,T1_PRONM
720575941610625001,False,,CB1417,,AVLP
720575941631629292,False,ascending_neuron,AN08B010,,HTCT
720575941457500141,False,,IN16B094,,T1_PRONM
720575941458810864,False,single_leg_neuromere,IN19A011,,T2_MESONM
720575941652633585,False,descending_neuron,DNae002,,SPS
720575941580871669,False,,mALB1,,VES
720575941430630392,False,descending_neuron,DNxn117,,AMMC
720575941485025277,False,,IN11A042,,AMNP
720575941556623361,False,,CB3437,,AMMC
720575941515663363,False,,INXXX230,,ABDNM
720575941464676365,False,,CB1205,,AVLP
720575941469296662,False,,CB4238,,AMMC
720575941524969497,False,,IN06B021,,INTTCT
720575941554198555,False,ascending_neuron,AN01A049,,INTTCT
720575941593749541,False,ascending_neuron,AN19B036,,T3_METANM
720575941629925414,True,chordotonal_organ_neuron,JO-B,left_antennal_nerve,AMMC
720575941599647785,False,,CB0228,,IPS
720575941562914861,False,lamina_wide_field,Lawf2,,ME
720575941409888303,False,ascending_neuron,AN05B102,,T2_MESONM
720575941489678389,False,lobula_columnar,LC4,,LO
720575941590014007,False,leg_motor_neuron,accessory_tibia_flexor,right_prothoracic_leg_nerve,T1_PRONM
720575941475981371,False,,CB3184,,AVLP
720575941507668028,True,chordotonal_organ_neuron,JO-B,right_antennal_nerve,AMMC
720575941550561341,False,descending_neuron,DNxn189,,AVLP
720575941549643838,False,single_leg_neuromere,IN14A076,,T2_MESONM
720575941586409540,False,single_leg_neuromere,IN03A010,,T3_METANM
720575941611018314,False,ascending_neuron,ANXXX037,,T3_METANM
720575941451601998,False,,IB048,,LAL
720575941642377298,False,,CB2697,,IPS
720575941440657493,False,lobula_plate_tangential_cell,LPT51,,PLP
720575941542664284,False,descending_neuron,DNxn176,,SPS
720575941539715164,False,,IN04B098,,T1_PRONM
720575941642704997,False,,WED033,,IPS
720575941627074668,False,,VES002,,VES
720575941500196987,False,proximal_medulla,Pm09,,ME
720575941663414396,False,,AVLP346,,AVLP
720575941621799039,False,transmedullary,Tm3,,ME
720575941415360657,False,,AVLP451b,,AVLP
720575941414246545,False,single_leg_neuromere,IN14A011,,T2_MESONM
720575941691005080,False,ascending_neuron,AN07B003,,INTTCT
720575941596534940,False,,,,ME
720575941501704354,False,centrifugal_lobula,cL05,,PLP
720575941450520745,False,,IN18B038,,T3_METANM
720575941412051115,True,chordotonal_organ_neuron,JO-B,left_antennal_nerve,AMMC
720575941412739243,False,,,,LO
720575941428369583,False,,IN04B109,,T2_MESONM
720575941670099121,False,,AVLP420_a,,AVLP
720575941450881205,False,medulla_medulla,MeMe_e01,,ME
720575941633562811,False,,IN00A004,,LTCT
720575941504424130,False,ventral_nerve_cord_dorsal,IN05B072,,INTTCT
720575941632186565,False,antennal_lobe_centrifugal_neuron,ALIN7,,AL
720575941642639560,False,,IN06A046,,HTCT
720575941531195595,False,leg_motor_neuron,trochanter_flexor,left_metathoracic_leg_nerve,T3_METANM
720575941485254864,False,,IN21A027,,T2_MESONM
720575941488236752,False,,CL053,,PLP
720575941488203984,False,wedge_projection_neuron,WEDPN6A,,PLP
720575941461301459,False,,PLP108,,PLP
720575941655648473,True,chordotonal_organ_neuron,JO-B,right_antennal_nerve,AMMC
720575941468805341,False,ascending_neuron,AN19A018,,ABDNM
720575941468215517,False,ascending_neuron,AN19B009,,T1_PRONM
720575941538633955,False,,CB0025,,GNG
720575941553576164,False,single_leg_neuromere,IN03A017,,T1_PRONM
720575941534374117,False,centrifugal_medulla,cM02a,,SPS
720575941491972327,False,descending_neuron,DNge084,,GNG
720575941534767336,False,single_leg_neuromere,IN14A015,,T3_METANM
720575941611477225,False,,CB3746,,GNG
720575941610658025,False,,CB3924,,AVLP
720575941559245038,False,ascending_neuron,ANXXX157,,T2_MVAC
720575941557573870,False,single_leg_neuromere,IN21A035,,T2_MESONM
720575941574252795,False,ascending_neuron,AN07B013,,T2_MESONM
720575941556984065,True,chordotonal_organ_neuron,JO-B,right_antennal_nerve,AMMC
720575941390358788,False,,IN01A016,,T3_METANM
720575941546039557,True,chordotonal_organ_neuron,JO-B,left_antennal_nerve,AMMC
720575941573728520,False,,WED049,,WED
720575941433317646,False,,PLP142,,PLP
720575941525297423,True,chordotonal_organ_neuron,JO-A,left_antennal_nerve,AMMC
720575941439379730,False,lobula_columnar,LC11,,LO
720575941615933715,False,,CL316,,ICL
720575941526640921,False,single_leg_neuromere,IN21A019,,T3_METANM
720575941534275866,False,,CB0806,,GNG
720575941437577504,False,,CB3409,,AVLP
720575941546727713,False,,IN17A039,,WTCT
720575941399501091,False,,PS089,,GNG
720575941630941478,False,,CB2370,,AVLP
720575941474179370,True,chordotonal_organ_neuron,JO-A,right_antennal_nerve,AMMC
720575941733669163,False,,CB1098,,GNG
720575941501802802,False,,IN20A.22A059,,T2_MESONM
720575941474769204,False,leg_motor_neuron,tergotrochanter,left_posterior_dorsal_mesothoracic_nerve,T2_MESONM
720575941663512888,False,,CB2558,,AVLP
720575941483845954,False,wing_motor_neuron,hg3,left_anterior_dorsal_mesothoracic_nerve,WTCT
720575941586901316,False,descending_neuron,DNge089,,GNG
720575941507209541,False,ventral_nerve_cord_serially_convergent,INXXX840_f,,ABDNM
720575941507242309,False,ascending_neuron,AN05B097,,T3_METANM
720575941611149642,False,,CB1557,,AVLP
720575941608659274,False,,CB0958,,AMMC
720575941641492818,False,,IN20A.22A087,,T2_MESONM
720575941645457746,False,ventral_nerve_cord_serially_convergent,IN23B040,,T1_PRONM
720575941440067925,False,,CB1428,,AVLP
720575941472508256,False,ascending_neuron,AN19B032,,AMNP
720575941515630947,False,descending_neuron,DNp12,,AVLP
720575941593160043,False,,IN16B087,,HTCT
720575941627074924,False,ascending_neuron,AN09B019,,T1_PRONM
720575941609183597,False,lobula_medulla_amacrine,LMa4,,ME
720575941608102253,False,,PS041,,IPS
720575941414115695,False,,PVLP137,,AVLP
720575941410019695,False,,IN11B022,,HTCT
720575941411887471,False,,CB1783,,AVLP
720575941596240241,False,ascending_neuron,AN18B019,,T2_MESONM
720575941471164791,False,single_leg_neuromere,IN04B031,,T1_PRONM
720575941583264121,False,descending_neuron,DNp04,,AVLP
720575941539551613,False,,CB2207,,AVLP
720575941508618625,False,,CB3176,,AVLP
720575941505866113,False,single_leg_neuromere,IN12B084,,T1_PRONM
720575941431318921,False,,CB1474,,IPS
720575941627566474,False,leg_motor_neuron,tibia_flexor,right_metathoracic_leg_nerve,T3_METANM
720575941487319437,False,descending_neuron,DNp57,,SPS
720575941462645136,False,,CL211,,AVLP
720575941517040019,False,,WED108,,WED
720575941414508948,False,sequential_leg_neuromeres,IN12A001,,INTTCT
720575941414803860,False,,AVLP411,,AVLP
720575941481781667,False,,IN10B050,,T3_METANM
720575941562849704,False,,WEDPN1A,,WED
720575941517924780,False,,SAD052,,AMMC
720575941516122540,False,ascending_neuron,AN08B099,,LTCT
720575941450422709,True,chordotonal_organ_neuron,JO-B,left_antennal_nerve,NO_CONS
720575941481060794,False,single_leg_neuromere,IN03A067,,T3_METANM
720575941634316731,False,ascending_neuron,AN10B029,,T2_MVAC
720575941484698042,False,antennal_lobe_projection_neuron,M_l2PN10t19b,,AL
720575941441247679,False,,IN23B072,,T1_PRONM
720575941595814336,False,,IN04B043,,T3_METANM
720575941483125187,False,,CB2193,,AVLP
720575941634546117,False,,,,LO
720575941484894662,False,,PVLP018,,AVLP
720575941480438214,False,single_leg_neuromere,IN03A067,,T2_MESONM
720575941491579337,False,lateral_horn_local_neuron,LHPV2a1_d,,LH
720575941492070860,True,chordotonal_organ_neuron,JO-B,right_antennal_nerve,NO_CONS
720575941487876560,False,ascending_neuron,AN00A006,,T3_METANM
720575941514648017,False,,PVLP150,,AVLP
720575941461498323,False,,CB3409,,AVLP
720575941432269271,False,descending_neuron,DNg10,,GNG
720575941689891291,False,,CB3875,,AMMC
720575941691890139,False,,CB1464,,IPS
720575941499607521,False,,IN03A038,,T2_MESONM
720575941489056231,False,single_leg_neuromere,IN19A106,,T2_MESONM
720575941453830637,False,descending_neuron,DNfl012,,GNG
720575941560162798,False,descending_neuron,DNp35,,AVLP
720575941557541358,False,,IN10B050,,T2_MVAC
720575941578709493,False,,IN03B012,,WTCT
720575941581593077,False,medulla_intrinsic,Mi1,,ME
720575941428238840,False,,IN03B074,,HTCT
720575941484960253,False,ascending_neuron,AN27X015,,INTTCT
720575941549283839,False,,IN07B086,,HTCT
720575941551151615,False,,CB1265,,IPS
720575941393242628,False,descending_neuron,DNp30,,AVLP
720575941564357127,True,chordotonal_organ_neuron,JO-B,right_antennal_nerve,AMMC
720575941575236105,False,,CB2108,,AVLP
720575941654534673,False,,AVLP077,,AVLP
720575941438462482,False,ascending_neuron,AN08B025,,T2_MVAC
720575941614524947,False,,WEDPN1A,,WED
720575941507275287,False,,CB1053,,SPS
720575941542894109,False,single_leg_neuromere,IN16B077,,T1_PRONM
720575941559704100,False,single_leg_neuromere,IN09B008,,T3_METANM
720575941595290151,False,ascending_neuron,AN14A003,,T3_METANM
720575941476244010,False,,,,ME
720575941563177517,True,chordotonal_organ_neuron,JO-A,left_antennal_nerve,NO_CONS
720575941455534643,False,,CB0481,,GNG
720575941490498101,False,,CB0010,,GNG
720575941590768183,False,,AVLP160,,AVLP
720575941589981751,False,,IN04B107,,T3_METANM
720575941628058169,False,,CL067,,AVLP
720575941663513144,False,,CB3011,,AVLP
720575941438855743,False,,AVLP195,,AVLP
720575941478472257,False,,CB0058,,SPS
720575941512518211,False,single_leg_neuromere,IN04B092,,T1_PRONM
720575941589293636,False,,CB1078,,AMMC
720575941451143751,False,medulla_intrinsic,Mi1,,ME
720575941573499464,False,ascending_neuron,AN08B049,,INTTCT
720575941525264971,False,,CB0073,,PLP
720575941527099981,False,,IN06B013,,WTCT
720575941447834190,False,,IN06A088,,INTTCT
720575941448915534,False,lamina_wide_field,Lawf2,,ME
720575941656205904,False,,IN06B056,,INTTCT
720575941481847375,False,,,,LO
720575941643065938,False,bristle_neuron,BM_Vt_PoOc,right_occipital_nerve,GNG
720575941643557458,False,ascending_neuron,AN19B101,,HTCT
720575941644540498,False,,PLP071,,PLP
720575941450717774,False,,PS041,,IPS
720575941543483996,False,,SAD011,,WED
720575941450127965,False,,CB1053,,SPS
720575941473852000,False,single_leg_neuromere,IN12B024,,T3_METANM
720575941471853152,False,medulla_intrinsic,Mi1,,ME
720575941526870628,False,ascending_neuron,AN08B009,,AMNP
720575941575596648,False,abdomen_motor_neuron,EFFabg28,right_second_abdominal_nerve,ABDNM
720575941592472171,False,single_leg_neuromere,IN12B040,,T3_METANM
720575941595224683,False,,,,ME
720575941516712558,False,,IN13A040,,T3_METANM
720575941410740847,False,serpentine_medulla,Sm27,,ME
720575941581658745,False,,PS084,,SPS
720575941496232571,False,,,,AVLP
720575941663119996,False,,IN03A068,,T3_METANM
720575941664692860,False,antennal_lobe_projection_neuron,VL2p_adPN,,AL
720575941496691326,False,,,,LO
720575941618260607,False,leg_motor_neuron,sternal_posterior_rotator,left_metathoracic_leg_nerve,T3_METANM
720575941590964876,False,,CB1638,,AMMC
720575941688253080,False,,IN03B076,,NTCT
720575941615409817,False,ascending_neuron,AN17A015,,T3_METANM
720575941554952858,False,descending_neuron,DNge053,,GNG
720575941572418206,False,,IN04B108,,T2_MESONM
720575941646572193,False,lobula_tangential,LTe20,,LO
720575941500852898,False,,CB2847,,AVLP
720575941481880227,False,,,,ME
720575941521267379,False,,CB1078,left_antennal_nerve,AMMC
720575941603744441,False,,IN20A.22A047,,T3_METANM
720575941485386426,False,centrifugal_medulla,cM13,,SPS
720575941678521021,False,,IN06A086,,HTCT
720575941595749056,False,,IN20A.22A070,,T2_MESONM
720575941537028801,False,,CB1552,,AVLP
720575941483616963,False,ascending_neuron,AN05B009,,T2_MESONM
720575941627501258,False,lobula_plate_tangential_cell,LPT54,,ME
720575941490465484,False,,IN21A102,,T3_METANM
720575941458418387,False,,IN13A040,,T3_METANM
720575941592242902,False,single_leg_neuromere,IN13B044,,T2_MESONM
720575941519235800,False,,IN20A.22A086,,T3_METANM
720575941692414683,True,chordotonal_organ_neuron,JO-B,left_antennal_nerve,AMMC
720575941469756125,False,,CB1023,,IPS
720575941436791519,False,single_leg_neuromere,IN23B063,,T2_MESONM
720575941479488224,False,,AVLP300_a,,AVLP
720575941497412321,False,,CB1205,,AVLP
720575941553707748,False,,CB2263,,SPS
720575941533620965,True,chordotonal_organ_neuron,JO-B,left_antennal_nerve,AMMC
720575941493152487,False,single_leg_neuromere,IN09A022,,T2_MESONM
720575941539093224,False,,CB1231,,AMMC
720575941612559081,True,chordotonal_organ_neuron,JO-B,right_antennal_nerve,AMMC
720575941579791093,False,,IN20A.22A058,,T2_MESONM
720575941523135223,False,leg_motor_neuron,accessory_tibia_flexor,left_mesothoracic_leg_nerve,T2_MESONM
720575941517794041,False,amacrine_medulla,aMe17c,,PLP
720575941568355066,False,leg_motor_neuron,sternal_anterior_rotator,right_mesothoracic_leg_nerve,T2_MESONM
720575941574155003,False,,IN06A013,,HTCT
720575941574548219,False,,,,T3_METANM
720575941528509186,False,,,,ME
720575941513173763,False,wing_motor_neuron,hg4,right_mesothoracic_accessory_nerve,HTCT
720575941523692290,False,,IN06A044,,HTCT
720575941575596808,True,chordotonal_organ_neuron,JO-B,left_antennal_nerve,AMMC
720575941576219400,False,,,,ME
720575941470739211,False,,CB1110,,WED
720575941510847248,False,,PLP023,,PLP
720575941508061975,False,descending_neuron,DNp34,,AVLP
720575941594209061,False,,IN09A085,,T1_PRONM
720575941595388711,False,,CB0441,,GNG
720575941590342440,False,single_leg_neuromere,IN21A087,,INTTCT
720575941733702443,False,,SAD052,,GNG
720575941567339310,False,,CB2014,,GNG
720575941565405998,False,single_leg_neuromere,IN03B035,,T1_PRONM
720575941452782387,False,,IN01A062,,INTTCT
720575941490465589,False,,ATL038,,CRE
720575941567208246,False,,PLP017,,PLP
720575941629631289,False,ascending_neuron,ANXXX092,,T2_MESONM
720575941723020090,True,chordotonal_organ_neuron,JO-B,right_antennal_nerve,AMMC
720575941551774526,False,descending_neuron,DNit013,,LAL
720575941474802497,False,,IN20A.22A009,,T1_PRONM
720575941486369602,False,,CB3646,,AMMC
720575941477587777,False,single_leg_neuromere,IN12B024,,T1_PRONM
720575941516057411,False,,CB2001,,AVLP
720575941516385091,False,,AVLP323,,AVLP
720575941610593098,False,,CB2205,,IPS
720575941521595211,False,,IN04B105,,T3_METANM
720575941513894732,False,,CB0073,,IPS
720575941644835666,True,chordotonal_organ_neuron,JO-B,left_antennal_nerve,AMMC
720575941426600788,False,,IN13A030,,T3_METANM
720575941501934423,False,leg_motor_neuron,femur_reductor,right_metathoracic_leg_nerve,T3_METANM
720575941500951383,False,,GFC1,,INTTCT
720575941542435676,False,single_leg_neuromere,IN03A045,,T1_PRONM
720575941544303452,False,,AVLP531,,AVLP
720575941566225250,False,,CB2545,,AVLP
720575941566651234,False,,CB1189,,AVLP
720575941528443748,False,amacrine_medulla,aMe17a1,,PLP
720575941528247140,False,descending_neuron,DNpe005,,SPS
720575941566847847,False,wing_motor_neuron,DVM1a-c,left_anterior_dorsal_mesothoracic_nerve,WTCT
720575941576547176,False,ventral_nerve_cord_serially_convergent,IN12B005,,T1_PRONM
720575941475720042,False,single_leg_neuromere,IN09A024,,T3_METANM
720575941627698028,True,chordotonal_organ_neuron,JO-A,left_antennal_nerve,AMMC
720575941518121838,False,,,,ME
720575941471132535,False,,IN03A038,,T2_MESONM
720575941541354365,False,,CB2202,,AVLP
720575941539355517,False,ventral_nerve_cord_centrifugal,IN06B028,,LTCT
720575941492431742,False,,IN01B044,,T1_PRONM
720575941480766338,False,wedge_projection_neuron,PLP123,,PLP
720575941530606467,False,descending_neuron,DNg06,,GNG
720575941554461575,False,,AVLP009,,AVLP
720575941547187080,False,single_leg_neuromere,IN17A017,,T1_PRONM
720575941548333960,False,,CB1978,,SPS
720575941626256266,False,descending_neuron,DNxl115,,GNG
720575941503179659,False,,CB4244,,AVLP
720575941435317134,False,ascending_neuron,AN05B054,,LTCT
720575941572811663,False,ventral_nerve_cord_serially_convergent,IN06B015,,T2_MESONM
720575941573368719,False,wing_motor_neuron,DVM2a-b,left_mesothoracic_accessory_nerve,WTCT
720575941540010901,False,,LAL074,,LAL
720575941392817046,False,,CB2415,,IPS
720575941691857816,False,,,,ME
720575941612592025,False,,IN09B038,,T2_MESONM
720575941553314714,False,ascending_neuron,AN06B023,,INTTCT
720575941573794717,False,,AVLP102,,AVLP
720575941634612128,False,,CB3245,,AVLP
720575941555837860,False,single_leg_neuromere,IN23B057,,T3_METANM
720575941669313447,False,antenna_motor_neuron,CB0873,right_antennal_nerve,GNG
720575941443541930,False,,CB0095,,GNG
720575941613083565,False,,CB1839,,AVLP
720575941547383732,False,,CB3516,,AVLP
720575941522512823,True,chordotonal_organ_neuron,JO-B,right_antennal_nerve,AMMC
720575941547383740,False,,CL339,,SPS
720575941460188100,False,,CB0958,,AMMC
720575941630254021,False,single_leg_neuromere,IN09A030,,T2_MESONM
720575941487942608,False,,IN01A024,,T1_PRONM
720575941511863250,False,ascending_neuron,AN10B020,,T2_MVAC
720575941431155671,False,single_leg_neuromere,IN20A.22A036,,T1_PRONM
720575941468707805,False,single_leg_neuromere,IN03A006,,T3_METANM
720575941587753950,False,,WED163c,,WED
720575941439740895,False,descending_neuron,DNg11,,SPS
720575941536635875,False,single_leg_neuromere,IN01B007,,T2_MESONM
720575941629172716,False,wing_motor_neuron,iii1,right_mesothoracic_accessory_nerve,WTCT
720575941569895412,False,single_leg_neuromere,IN21A007,,T3_METANM
720575941579070453,False,,CB0096,,AVLP
720575941569338362,False,single_leg_neuromere,IN13A003,,T2_MESONM
720575941624257532,False,descending_neuron,DNp41,,SPS
720575941565766656,False,,,,ME
720575941566061575,False,ascending_neuron,AN17A076,,GNG
720575941572516873,False,,PS080,,IPS
720575941433351182,False,,CB1622,,AMMC
720575941561342991,False,,PVLP017,,AVLP
720575941557345295,False,single_leg_neuromere,IN21A013,,T3_METANM
720575941432138766,False,bristle_neuron,BM_Vib,right_eye_nerve,GNG
720575941466545174,False,,IN11A008,,T1_PRONM
720575941660597272,False,proximal_medulla,Pm12,,ME
720575941658008600,False,,AVLP465b,,AVLP
720575941415853084,False,,CB2415,,IPS
720575941544598557,False,,CB2556,,AMMC
720575941413952540,False,,IN01A076,,T2_MESONM
720575941637954591,False,single_leg_neuromere,IN04B037,,T2_MESONM
720575941401795619,False,,IN17A020,,T1_PRONM
720575941559868452,False,,CB4235,,GNG
720575941592931368,False,,IN03B011,,T1_PRONM
720575941473328170,False,lobula_columnar,LC4,,LO
720575941409594415,False,,,,AVLP
720575941474409521,False,,IN19A098,,T1_PRONM
720575941503769650,False,descending_neuron,DNg52,,GNG
720575941503638578,False,,IN08B078,,INTTCT
720575941476998193,False,single_leg_neuromere,IN06B029,,T3_METANM
720575941628615737,True,chordotonal_organ_neuron,JO-B,left_antennal_nerve,AMMC
720575941476310075,False,,,,LO
720575941548923965,False,single_leg_neuromere,IN17A052,,T1_PRONM
720575941500460105,False,,CB1730,,AVLP
720575941525920845,False,,IN00A020,,T3_METANM
720575941644344402,False,,AVLP541b,,AVLP
720575941534899288,False,ventral_nerve_cord_serially_convergent,IN01A023,,T3_METANM
720575941580348505,False,,,,LO
720575941533949016,False,,INXXX363,,ABDNM
720575941505834078,False,,IN13A062,,T2_MESONM
720575941566815330,False,lobula_medulla_amacrine,LMa1,,LO
720575941514222691,False,,CB1893,,SPS
720575941526772836,False,descending_neuron,DNg37,,GNG
720575941566618722,False,ascending_neuron,AN06B039,,T3_METANM
720575941513305187,False,,CB2872,,IPS
720575941610069094,False,,IN05B077,,LTCT
720575941546564713,False,,LAL158,,LAL
720575941409987695,False,,IN13A034,,T2_MESONM
720575941411789935,False,,PS143,,SPS
720575941470870647,True,chordotonal_organ_neuron,JO-B,right_antennal_nerve,AMMC
720575941449276538,False,single_leg_neuromere,IN13A042,,T2_MESONM
720575941663579260,False,,PS002,,SPS
720575941507046529,False,,CB1094,,IPS
720575941548072072,False,ventral_nerve_cord_centripetal,IN23B013,,T3_METANM
720575941430664329,False,wedge_projection_neuron,WED094c,,PLP
720575941540273301,False,,AVLP536,,AVLP
720575941538995349,False,,CB2618,,AVLP
720575941691235480,False,,AVLP339,,AVLP
720575941691104408,False,,CB0091,,GNG
720575941625896091,False,single_leg_neuromere,IN19A001,,T1_PRONM
720575941624650907,False,,,,T2_MESONM
720575941642542241,False,,GFC2,,T2_MESONM
720575941480799395,False,descending_neuron,DNg105,,GNG
720575941507636389,False,medulla_intrinsic,Mi1,,ME
720575941527231654,False,medulla_intrinsic,Mi1,,ME
720575941671443623,False,ventral_nerve_cord_serially_convergent,IN07B002,,T2_MESONM
720575941430631599,False,,AVLP041,,PLP
720575941485157562,False,ascending_neuron,AN00A002,,INTTCT
720575941480832186,False,,IN09A077,,INTTCT
720575941680979133,False,leg_motor_neuron,long_tendon_muscle,left_mesothoracic_leg_nerve,T2_MESONM
720575941439741119,False,neck_motor_neuron,DProN1,right_dorsal_prothoracic_nerve,NTCT
720575941461957828,False,,CB1614,,AVLP
720575941633137861,False,,AVLP433_a,,AVLP
720575941646867656,False,,CB0819,,GNG
720575941486828752,False,,IN19A116,,T2_MESONM
720575941513010385,False,,PVLP111,,AVLP
720575941458353363,False,,IN11B014,,HTCT
720575941531720933,False,,CB3024,,WED
720575941539192040,False,proximal_medulla,Pm09,,ME
720575941453962477,False,,IN09A020,,LTCT
720575941686910191,False,single_leg_neuromere,IN14A004,,T2_MESONM
720575941431352568,False,,CB0344,,AMMC
720575941569436922,False,,CB1678,,AVLP
720575941527231746,False,ascending_neuron,AN09B016,,LTCT
720575941514747139,False,,CB3275,right_antennal_nerve,AMMC
720575941546401029,True,chordotonal_organ_neuron,JO-B,right_antennal_nerve,AMMC
720575941542796549,False,single_leg_neuromere,IN19A005,,T1_PRONM
720575941487779078,False,,,,AVLP
720575941575531784,False,,AVLP475a,,AVLP
720575941571435784,False,single_leg_neuromere,IN13A019,,T2_MESONM
720575941464677645,False,,CB1762,,AVLP
720575941560458511,False,lobula_intrinsic,Li17,,LO
720575941510651152,False,descending_neuron,DNge138,,SPS
720575941613739283,False,,CB4045,,AVLP
720575941615410451,False,lobula_tangential,LT61b,,LO
720575941447900436,False,,INXXX036,,T1_PRONM
720575941466447126,False,,IN04B102,,T1_PRONM
720575941504425239,False,single_leg_neuromere,IN19A020,,T3_METANM
720575941658926360,False,,CB1758,,AVLP
720575941649882389,False,,IN20A.22A070,,T2_MESONM
720575941414935836,False,lobula_lobula_plate_tangential,LLPt,,LO
720575941436726560,True,chordotonal_organ_neuron,JO-B,left_antennal_nerve,AMMC
720575941436071200,False,,CB0956,,AMMC
720575941508390178,False,,AVLP205a,,AVLP
720575941730557227,False,,IN05B091,,T3_METANM
720575941438463276,False,ascending_neuron,AN09B009,,T2_MESONM
720575941559115053,False,,CB1826,,GNG
720575941561343277,False,single_leg_neuromere,IN09A010,,T2_MESONM
720575941560261933,False,single_leg_neuromere,IN09A064,,T2_MESONM
720575941567110446,False,,IN20A.22A045,,T2_MESONM
720575941503606066,False,,IN08B060,,T2_MESONM
720575941476080948,False,wing_motor_neuron,tp2,left_anterior_dorsal_mesothoracic_nerve,WTCT
720575941566389558,False,,AVLP544,,AVLP
720575941662530872,False,,CB1748,,AVLP
720575941468970304,False,,IN06B084,,T3_METANM
720575941507243333,False,descending_neuron,DNge061,,T1_PRONM
720575941459926342,False,ascending_neuron,AN07B056,,HTCT
720575941525495115,False,lateral_horn_output_neuron,LHAD1g1,,AVLP
720575941513960780,False,,PPM1201,,VES
720575941525495117,False,single_leg_neuromere,IN09A001,,T2_MESONM
720575941482437967,False,ascending_neuron,AN09B013,,AMNP
720575941658893648,False,ascending_neuron,AN06A026,,HTCT
720575941656304976,False,,IN21A081,,T1_PRONM
720575941449309533,False,wedge_projection_neuron,WED125,,IPS
720575941515795811,False,,PS230,,PLP
720575941527952740,False,,CB0475,,AVLP
720575941609479526,False,,IN06B047,,INTTCT
720575941646015864,False,,WED053,,AVLP
720575941449112954,False,ascending_neuron,AN06A095,,INTTCT
720575941664398716,False,single_leg_neuromere,IN12B066,,T3_METANM
720575941593980293,False,single_leg_neuromere,IN20A.22A017,,T3_METANM
720575941597683077,False,,AVLP069,,AVLP
720575941485452685,False,,IN19A048,,T2_MESONM
720575941393735062,False,,PLP103c,,PLP
720575941572713886,False,descending_neuron,DNg97,,GNG
720575941507603877,False,,CB3006,,AVLP
720575941408480683,False,single_leg_neuromere,IN04B031,,T2_MESONM
720575941518187948,False,,CB1055,,PLP
720575941516156332,False,single_leg_neuromere,IN09A024,,T3_METANM
720575941509897655,True,chordotonal_organ_neuron,JO-B,right_antennal_nerve,AMMC
720575941521071543,False,central_complex_output_neuron,GFC2,,T2_MESONM
720575941682453949,False,ascending_neuron,AN12B004,,LTCT
720575941681274301,False,,CB0865,,GNG
720575941461401028,False,lobula_intrinsic,Li15,,LO
720575941625175498,False,,CB3150,,SPS
720575941541322189,True,chordotonal_organ_neuron,JO-B,left_antennal_nerve,AMMC
720575941539552717,False,descending_neuron,DNxn115,,IPS
720575941489417680,False,,CB2433,,AVLP
720575941654961625,True,chordotonal_organ_neuron,JO-B,right_antennal_nerve,AMMC
720575941613575644,False,,WED095,,LAL
720575941469724125,False,sequential_leg_neuromeres,IN12A001,,INTTCT
720575941583658462,False,,IN03A023,,T1_PRONM
720575941504196075,False,,CB2475,,AMMC
720575941457698285,False,,CB3904,,GNG
720575941652569585,False,,IN16B113,,T2_MESONM
720575941540339186,False,,IN06B054,,INTTCT
720575941576941045,False,,IN11A035,,INTTCT
720575941430107640,False,single_leg_neuromere,IN00A019,,T2_MESONM
720575941589589502,False,,IN19A059,,T1_PRONM
720575941564423680,False,,IN07B001,,T2_MESONM
720575941528116738,False,,PVLP151,,PLP
720575941574549000,False,single_leg_neuromere,IN09A016,,T2_MVAC
720575941576285704,False,,,,ME
720575941472738827,False,distal_medulla,Dm15,,ME
720575941468610059,False,,IN08A030,,T1_PRONM
720575941447867924,False,single_leg_neuromere,IN14A005,,T2_MESONM
720575941448818196,False,,AVLP205a,,AVLP
720575941466906134,False,,CB2449,,AVLP
720575941469363734,False,lobula_intrinsic,Li21,,LO
720575941507210775,False,,CB2512,,AVLP
720575941527002649,False,single_leg_neuromere,IN17A001,,T2_MESONM
720575941437349408,False,,CB1205,,AVLP
720575941433384480,False,,IN09A077,,INTTCT
720575941507341858,False,single_leg_neuromere,IN19A022,,T2_MESONM
720575941556821540,False,medulla_intrinsic,Mi1,,ME
720575941629959718,False,wedge_projection_neuron,WEDPN9,,PLP
720575941597814313,False,single_leg_neuromere,IN13A045,,T2_MESONM
720575941597912617,False,single_leg_neuromere,IN13B044,,T1_PRONM
720575941732785707,False,,AVLP444,,AVLP
720575941438463532,False,sequential_leg_neuromeres,IN17A007,,T2_MESONM
720575941559311917,False,ventral_nerve_cord_dorsal,IN05B065,,LTCT
720575941478014513,False,,CB1139,,AVLP
720575941563473462,False,,WED099,,IPS
720575941625404985,False,single_leg_neuromere,IN09A024,,T1_PRONM
720575941721644602,False,ascending_neuron,AN05B096,,AMNP
720575941506948668,True,chordotonal_organ_neuron,JO-B,right_antennal_nerve,AMMC
720575941485911618,False,lamina_wide_field,Lawf2,,ME
720575941515075139,False,,IN01A063,,T1_PRONM
720575941507243589,False,descending_neuron,DNbe002,,IB
720575941460024902,False,,CB1125,,AMMC
720575941457206854,False,ascending_neuron,AN08B095,,LTCT
720575941571010120,False,,CB1893,,SPS
720575941450620494,False,ascending_neuron,AN02A016,,INTTCT
720575941644836434,True,chordotonal_organ_neuron,JO-B,right_antennal_nerve,AMMC
720575941427650132,False,,IN19B011,,T2_MESONM
720575941542469212,False,,IN08B006,,INTTCT
720575941541682780,False,,CL038,,ICL
720575941447343709,False,,IN11A007,,T1_PRONM
720575941566652002,False,,AVLP371,,AVLP
720575941613674086,False,medulla_tangential,MTe29,,ME
720575941609348710,False,single_leg_neuromere,IN01A077,,T2_MESONM
720575941547941481,False,,,,LO
720575941479882346,False,ascending_neuron,AN23B003,,T3_METANM
720575941625175660,False,single_leg_neuromere,IN21A011,,T2_MESONM
720575941518483054,False,single_leg_neuromere,IN23B057,,T1_PRONM
720575941570387570,False,,CB1221,,AVLP
720575941551545972,False,,PS088,,GNG
720575941687565942,False,,IN00A062,,INTTCT
720575941665087100,False,,PLP246,,SMP
720575941596601989,False,,CB2220,,ICL
720575941591948940,False,,,,ME
720575941536210581,False,,IN03B001,,HTCT
720575941392424598,False,single_leg_neuromere,IN01B021,,T1_PRONM
720575941537816213,False,single_leg_neuromere,IN13A015,,T3_METANM
720575941690941080,False,single_leg_neuromere,IN03B035,,T3_METANM
720575941615312537,False,,CB1208,,AVLP
720575941627272859,False,sequential_leg_neuromeres,IN09A004,,T2_MESONM
720575941625962139,False,,IN04B084,,T2_MESONM
720575941627076251,False,,CB2710,,WED
720575941456322207,False,single_leg_neuromere,IN13B009,,T2_MESONM
720575941557280420,False,,IN19A104,,T3_METANM
720575941667086001,False,,IN06A065,,INTTCT
720575941544566452,False,single_leg_neuromere,IN13B010,,T2_MESONM
720575941602041529,False,,CB3425,,AVLP
720575941504687810,False,descending_neuron,DNxn113,,SPS
720575941461958340,False,ascending_neuron,AN19B025,,INTTCT
720575941626158794,False,,IN12B068,,T3_METANM
720575941492793036,False,ascending_neuron,AN06B023,,AMNP
720575941514616529,False,,AVLP434_b,,AVLP
720575941514026705,False,,IN23B072,,T1_PRONM
720575941616557781,False,,IN01A031,,AMNP
720575941433155287,False,,CB0441,,GNG
720575941615214300,False,medulla_lobula_plate,MeLp1,,ME
720575941471526621,False,,AVLP593,,AVLP
720575941613608668,False,,CB3115,,IB
720575941440462559,False,,CB2382,,PLP
720575941631270626,False,ascending_neuron,ANXXX098,,LTCT
720575941532868325,False,,AVLP201,,AVLP
720575941609479910,False,single_leg_neuromere,IN12B024,,T3_METANM
720575941608857321,False,single_leg_neuromere,IN19A064,,T2_MESONM
720575941559443182,False,,CB3234,,AVLP
720575941460156144,False,,CB3579,,AVLP
720575941539028722,False,descending_neuron,DNxl099,,GNG
720575941669871347,False,lobula_intrinsic,Li26,,LO
720575941571501812,False,lobula_plate_tangential_cell,VCH,,LOP
720575941667380979,False,leg_motor_neuron,sternotrochanter,right_ventral_prothoracic_nerve,T1_PRONM
720575941523332855,True,chordotonal_organ_neuron,JO-A,left_antennal_nerve,AMMC
720575941432172280,False,,CB2034,,AMMC
720575941571501819,False,single_leg_neuromere,IN13B052,,T2_MESONM
720575941574221563,False,single_leg_neuromere,IN06B029,,T3_METANM
720575941527363330,False,ascending_neuron,AN06B031,,WTCT
720575941525298946,False,lobula_plate_intrinsic,LPi06,,LOP
720575941564358407,True,chordotonal_organ_neuron,JO-B,right_antennal_nerve,NO_CONS
720575941575532296,False,,AVLP572,,AVLP
720575941574745865,False,single_leg_neuromere,IN08A005,,T2_MESONM
720575941534998282,False,ascending_neuron,AN06A010,,HTCT
720575941557247759,False,,IN13A044,,T2_MESONM
720575941611675411,False,,IN20A.22A009,,T2_MESONM
720575941448851220,True,chordotonal_organ_neuron,JO-B,left_antennal_nerve,AMMC
720575941613215507,False,single_leg_neuromere,IN21A047,,T3_METANM
720575941527002905,False,,IN19B004,,T3_METANM
720575941524348697,False,,IN11A032,,LTCT
720575941413920540,False,,IN11B017,,HTCT
720575941543812893,False,ascending_neuron,AN07B037,,INTTCT
720575941548498721,False,,IN09A041,,T2_MESONM
720575941550563105,False,,AVLP299_b,,AVLP
720575941559017252,False,ascending_neuron,AN17A012,,T2_MESONM
720575941600501545,False,,IN03A068,,T3_METANM
720575941473820458,True,chordotonal_organ_neuron,JO-B,left_antennal_nerve,NO_CONS
720575941732589355,False,,CB2287,,AVLP
720575941405859631,False,,IN20A.22A058,,T2_MESONM
720575941352972080,False,lobula_plate_lobula_columnar,LPLC1,,LO
720575941504753458,False,,CB1138,,IPS
720575941455535923,False,ascending_neuron,AN06B002,,T2_MESONM
720575941478539060,False,lobula_plate_tangential_cell,DCH,,LOP
720575941455732531,False,,AVLP017,,AVLP
720575941566357302,False,,PS078,,IPS
720575941474574132,False,wing_motor_neuron,b3,right_anterior_dorsal_mesothoracic_nerve,WTCT
720575941550202685,False,,CB2545,,WED
720575941552627518,False,single_leg_neuromere,IN21A016,,T2_MESONM
720575941436628799,False,,IN13B042,,T2_MESONM
720575941470936896,True,chordotonal_organ_neuron,JO-B,right_antennal_nerve,AMMC
720575941508620101,False,,CL112,,VES
720575941570781000,False,,IN06B032,,AMNP
720575941496266569,False,single_leg_neuromere,IN09A016,,T2_MESONM
720575941642837842,False,ascending_neuron,AN08B099,,INTTCT
720575941556789075,False,,AVLP295,,AVLP
720575941644083026,False,single_leg_neuromere,IN14A014,,T2_MESONM
720575941517434714,False,centrifugal_lobula,cL22c,,LAL
720575941613248358,False,,AVLP398,,AVLP
720575941479817066,False,single_leg_neuromere,IN13A021,,T1_PRONM
720575941410021231,False,,IN11B022,,HTCT
720575941402058608,False,,IN00A040,,HTCT
720575941685796726,False,single_leg_neuromere,IN13B076,,T2_MESONM
720575941471166327,False,,IN04B002,,AMNP
720575941471068023,False,,IN17B003,,AMNP
720575941497741184,True,chordotonal_organ_neuron,JO-B,left_antennal_nerve,AMMC
720575941526871940,False,distal_medulla,Dm13,,ME
720575941593948037,False,,IN21A026,,T2_MESONM
720575941503278987,True,chordotonal_organ_neuron,JO-B,right_antennal_nerve,AMMC
720575941591981964,False,bristle_neuron,BM_Ant,right_antennal_nerve,GNG
720575941435285390,False,,IN12B004,,T2_MESONM
720575941464121232,False,ascending_neuron,AN07B037,,INTTCT
720575941463793552,False,leg_motor_neuron,accessory_tibia_flexor,right_metathoracic_leg_nerve,T3_METANM
720575941515730835,False,,IN01B055,,T2_MESONM
720575941615509401,False,,PLP131,,IB
720575941553807258,False,,CB1066,,WED
720575941575630749,False,,AVLP155,,AVLP
720575941573664670,False,,CB3514,,AVLP
720575941554888612,False,abdomen_motor_neuron,MNad40,right_second_abdominal_nerve,ABDNM
720575941554790308,False,single_leg_neuromere,IN03B042,,T2_MESONM
720575941612593069,False,ascending_neuron,AN07B037,,NTCT
720575941611970477,False,,IN08B004,,T2_MESONM
720575941432860591,False,lobula_lobula_plate_tangential,LLPt,,LO
720575941546205108,False,,IN13B084,,T2_MESONM
720575941450424245,False,ascending_neuron,AN09B004,,T2_MESONM
720575941599715264,False,,CB2181,,AVLP
720575941495218119,False,,AVLP517,,AVLP
720575941488173001,False,,IN06A116,,INTTCT
720575941624455114,False,wedge_projection_neuron,LAL156a,,LAL
720575941530935243,False,lobula_intrinsic,Li15,,LO
720575941488205769,False,leg_motor_neuron,tibia_flexor,left_prothoracic_leg_nerve,T1_PRONM
720575941541257165,False,,CB0927,,AVLP
720575941656666068,False,,IN07B032,,HTCT
720575941654863828,False,,CB2695,,GNG
720575941520318424,False,,CB3122,,AVLP
720575941436694495,False,single_leg_neuromere,IN19A022,,T3_METANM
720575941436891103,False,leg_motor_neuron,tarsus_levator,right_mesothoracic_leg_nerve,T2_MESONM
720575941553577956,False,,IN23B034,,T1_PRONM
720575941554888676,False,descending_neuron,DNxn144,,AMMC
720575941490270183,False,,PS084,,SPS
720575941534113770,False,ventral_nerve_cord_centripetal,IN23B041,,T1_PRONM
720575941502558187,False,,SAD076,,AMMC
720575941503770603,False,lobula_columnar,LC18,,LO
720575941561376750,False,ascending_neuron,AN02A001,,INTTCT
720575941669019635,False,wing_motor_neuron,tp2,right_anterior_dorsal_mesothoracic_nerve,WTCT
720575941571043316,False,,IN08A034,,T1_PRONM
720575941579235317,True,chordotonal_organ_neuron,JO-A,right_antennal_nerve,AMMC
720575941432762360,False,wedge_projection_neuron,PLP073,,IPS
720575941568585722,False,,CB0528,,GNG
720575941589917694,True,chordotonal_organ_neuron,JO-B,right_antennal_nerve,AMMC
720575941550923775,False,,IN17A065,,T1_PRONM
720575941552496641,False,,IN06B043,,HTCT
720575941485813766,False,,CB1816,,AMMC
720575941562359815,False,single_leg_neuromere,IN03A081,,T2_MESONM
720575941574844425,False,ascending_neuron,AN23B004,,T2_MESONM
720575941470380043,False,,IN05B088,,LTCT
720575941509570576,False,,CL253,,WED
720575941652537361,False,single_leg_neuromere,IN03B035,,T2_MESONM
720575941511700496,False,,,,ME
720575941653553169,False,ascending_neuron,AN06B002,,T3_METANM
720575941466447894,False,,IN20A.22A015,,T1_PRONM
720575941524348953,False,,IN08A026,,T2_MESONM
720575941417525276,False,,CB1613,,AVLP
720575941478277150,False,,CB2858,,AVLP
720575941437808672,False,,WEDPN14,,IPS
720575941456355379,False,,,,LO
720575941476900923,False,lobula_tangential,LTe18,,LO
720575941477556289,False,single_leg_neuromere,IN17A028,,T1_PRONM
720575941486862402,False,,AVLP256,,AVLP
720575941659123792,False,,CL236,,ICL
720575941556363347,True,chordotonal_organ_neuron,JO-B,left_antennal_nerve,NO_CONS
720575941556297811,False,leg_motor_neuron,tergopleural_promotor,right_dorsal_prothoracic_nerve,T1_PRONM
720575941556854867,False,,INXXX363,,ABDNM
720575941466972246,False,,AVLP397,,AVLP
720575941575925849,False,single_leg_neuromere,IN14A004,,T1_PRONM
720575941542469724,False,ascending_neuron,AN01B002,,ABDNM
720575941583954015,False,,CB1654,,PLP
720575941593522283,False,ascending_neuron,AN18B001,,INTTCT
720575941606629485,False,descending_neuron,DNut054,,IPS
720575941608988781,False,,AVLP178,,AVLP
720575941594308721,False,,IN01A071,,T3_METANM
720575941569601650,False,single_leg_neuromere,IN19A007,,T1_PRONM
720575941551513716,False,ascending_neuron,AN19B009,,T1_PRONM
720575941548957812,False,,IN02A030,,ABDNM
720575941686091894,False,,IN03A068,,T3_METANM
720575941470347383,False,,CB1474,,IPS
720575941498429563,False,single_leg_neuromere,IN21A022,,T3_METANM
720575941534376067,False,,IB095,,IB
720575941554856071,False,,,,T1_PRONM
720575941591425164,False,,CB2347,,GNG
720575941415264401,False,,CB1717,,AVLP
720575941393309846,False,lobula_plate_intrinsic,LPi02,,LOP
720575941393735830,False,,CB3459,,AVLP
720575941630615712,False,single_leg_neuromere,IN09A017,,T3_METANM
720575941480865955,False,,CB1231,,GNG
720575941525266598,False,,IN14A064,,T1_PRONM
720575941412610219,False,single_leg_neuromere,IN09A003,,T3_METANM
720575941612757165,True,chordotonal_organ_neuron,JO-B,left_antennal_nerve,AMMC
720575941429125295,False,,CB0172,,GNG
720575941494497456,False,,IB008,,SPS
720575941671280817,False,single_leg_neuromere,IN16B020,,T3_METANM
720575941492039856,False,,CB1125,,AMMC
720575941522350259,False,,CB1378,,AMMC
720575941521072311,False,single_leg_neuromere,IN19A016,,T3_METANM
720575941526970552,False,,IN08B093,,HTCT
720575941604597945,False,,PLP229,,ICL
720575941632614587,False,,IN02A013,,INTTCT
720575941547385020,False,,WED095,,LAL
720575941537685697,False,centrifugal_lobula,cL22b,,LAL
720575941479162051,False,,IN10B057,,T2_MESONM
720575941483159747,False,,AVLP283,,AVLP
720575941646541000,True,chordotonal_organ_neuron,JO-B,left_antennal_nerve,AMMC
720575941540274381,False,,IN17A020,,T3_METANM
720575941595193558,False,descending_neuron,DNp35,,AVLP
720575941593817302,False,single_leg_neuromere,IN13A015,,T2_MESONM
720575941433155799,False,descending_neuron,DNp09,,AVLP
720575941610561756,False,,IN14A095,,T3_METANM
720575941586378974,False,single_leg_neuromere,IN20A.22A016,,T2_MESONM
720575941480308960,False,,SAD040,,VES
720575941535031523,False,ventral_nerve_cord_centripetal,IN23B081,,T2_MESONM
720575941611413737,False,bristle_neuron,SNta05,left_posterior_dorsal_mesothoracic_nerve,AMNP
720575941536178410,False,lateral_horn_output_neuron,LHPV6q1,,PLP
720575941457895664,False,,CB1914,,IPS
720575941457797360,False,ventral_nerve_cord_dorsal,IN11B012,,HTCT
720575941539291378,False,,PVLP093,,AVLP
720575941666660595,False,descending_neuron,DNpe014,,SPS
720575941482864893,True,chordotonal_organ_neuron,JO-B,right_antennal_nerve,AMMC
720575941561868544,False,ascending_neuron,AN10B027,,T2_MVAC
720575941552529665,False,single_leg_neuromere,IN04B092,,T1_PRONM
720575941526053122,False,,CB2891,,GNG
720575941525201154,False,single_leg_neuromere,IN19A073,,T2_MESONM
720575941574549768,False,ascending_neuron,AN03B011,,T3_METANM
720575941574746377,False,sequential_leg_neuromeres,IN07B023,,INTTCT
720575941468774667,False,leg_motor_neuron,trochanter_flexor,left_metathoracic_leg_nerve,T3_METANM
720575941652078869,False,descending_neuron,DNg44,,GNG
720575941533819162,False,,IN17A039,,INTTCT
720575941639627039,False,,AVLP380b,,AVLP
720575941436694816,True,chordotonal_organ_neuron,JO-B,left_antennal_nerve,AMMC
720575941639954719,False,transverse_neuron,T3,,ME
720575941626945830,False,,IN00A030,,LTCT
720575941600370985,False,,IN16B068,,WTCT
720575941501903154,False,,IN12A061,,HTCT
720575941503082802,False,,IN03B016,,T1_PRONM
720575941723218234,False,single_leg_neuromere,IN13B044,,T3_METANM
720575941507047740,False,distal_medulla,Dm13,,ME
720575941439807807,False,,CB2684,,AVLP
720575941474935105,False,,IN08B078,,INTTCT
720575941460975942,False,,CB2426,,AVLP
720575941448982862,False,antenna_motor_neuron,CB0723,right_antennal_nerve,GNG
720575941428568404,False,ascending_neuron,AN01A055,,GNG
720575941441642843,False,single_leg_neuromere,IN01A038,,T3_METANM
720575941542437212,False,single_leg_neuromere,IN21A004,,T1_PRONM
720575941539619164,False,,IN01A070,,INTTCT
720575941509570910,False,,AOTU046,,SPS
720575941515600227,False,single_leg_neuromere,IN14B005,,T3_METANM
720575941525922148,False,ascending_neuron,AN17A012,,T2_MESONM
720575941642412389,False,,IN13A057,,T2_MESONM
720575941568127335,False,lobula_lobula_plate_tangential,LLPt,,LO
720575941575500136,False,ventral_nerve_cord_centripetal,IN23B018,,T1_PRONM
720575941475623274,False,,IN08B088,,HTCT
720575941480014186,False,,CB1538,,WED
720575941608890733,False,,PS187,,SPS
720575941411594607,False,,IN03B090,,INTTCT
720575941405860208,False,,AVLP080,,AVLP
720575941596635505,True,chordotonal_organ_neuron,JO-B,left_antennal_nerve,AMMC
720575941568553330,False,leg_motor_neuron,sternotrochanter,left_mesothoracic_leg_nerve,T2_MESONM
720575941471297911,False,descending_neuron,DNxl109,,GNG
720575941642936696,False,,IN12A036,,INTTCT
720575941580644729,False,,IN19A100,,T3_METANM
720575941472543095,False,lobula_lobula_plate_tangential,LLPt,,LO
720575941540405629,False,,CB0109,,GNG
720575941552726407,False,descending_neuron,DNg99,,GNG
720575941545124232,False,single_leg_neuromere,IN20A.22A036,,T2_MESONM
720575941592506764,False,,CB2847,,AVLP
720575941574615439,False,wedge_projection_neuron,WEDPN6A,,PLP
720575941415657873,False,antennal_lobe_output_neuron,AL-AST1,,AL
720575941516878227,False,,AVLP523,,AVLP
720575941688648088,False,,IN20A.22A021,,T2_MESONM
720575941554528666,False,,IN06B016,,AMNP
720575941626978715,False,descending_neuron,DNg33,,GNG
720575941597421980,False,single_leg_neuromere,IN03A006,,T3_METANM
720575941595849116,False,,IN04B111,,T1_PRONM
720575941570584990,False,,CB3029,,AVLP
720575941507080613,False,lobula_plate_intrinsic,LPi06,,LOP
720575941668725169,False,,IN06B042,,HTCT
720575941532377522,False,,IN09A070,,T2_MVAC
720575941603713465,False,single_leg_neuromere,IN02A012,,T2_MESONM
720575941484765626,True,chordotonal_organ_neuron,JO-B,left_antennal_nerve,NO_CONS
720575941483848122,False,ascending_neuron,AN17A015,,T1_PRONM
720575941678358973,False,,w-cHIN,,HTCT
720575941603910078,False,,IN13A033,,T2_MESONM
720575941461795268,False,,CL266_a,,AVLP
720575941480374726,False,single_leg_neuromere,IN19A096,,T2_MESONM
720575941623407050,False,descending_neuron,DNg09,,AMMC
720575941528576459,False,,IN23B056,,T1_PRONM
720575941491089870,False,single_leg_neuromere,IN16B045,,T1_PRONM
720575941513798097,False,descending_neuron,DNg88,,GNG
720575941462417875,True,chordotonal_organ_neuron,JO-B,right_antennal_nerve,AMMC
720575941634286041,True,chordotonal_organ_neuron,JO-B,right_antennal_nerve,NO_CONS
720575941656142297,False,,PVLP120,,AVLP
720575941703131610,False,,IN19A006,,T1_PRONM
720575941439578591,False,,IN11A020,,LTCT
720575941481095648,False,,,,ME
720575941500264929,False,,CB0009,,GNG
720575941538701795,False,descending_neuron,DNg111,,VES
720575941554692580,False,ascending_neuron,AN08B018,,T2_MESONM
720575941455929837,False,descending_neuron,DNge089,,IPS
720575941652701681,False,,CB0533,,WED
720575941624521212,False,,CB1638,,AMMC
720575941625078268,False,,IN23B022,,T1_PRONM
720575941550957055,False,,IN00A067,,T3_METANM
720575941526643202,False,antenna_motor_neuron,CB0886,left_antennal_nerve,GNG
720575941512880643,False,neck_motor_neuron,DProN2,right_dorsal_prothoracic_nerve,NTCT
720575941394227716,True,chordotonal_organ_neuron,JO-B,right_antennal_nerve,AMMC
720575941564097031,False,,IN16B058,,T1_PRONM
720575941571600904,False,,IN08A026,,T1_PRONM
720575941687239180,False,,CB1407,,IPS
720575941461139981,False,abdomen_motor_neuron,EFFabg16,abdominal_nerve_trunk,ABDNM
720575941431747086,False,descending_neuron,DNg73,,GNG
720575941438235154,False,lobula_plate_lobula_columnar,LPLC1,,LO
720575941448131092,False,,AVLP107,,AVLP
720575941415821852,False,,CB0734,,PLP
720575941474476574,False,single_leg_neuromere,IN03A081,,T1_PRONM
720575941642248735,False,single_leg_neuromere,IN12B024,,T1_PRONM
720575941477392926,False,descending_neuron,DNxl073,,GNG
720575941549646369,False,,,,AVLP
720575941506261538,False,leg_motor_neuron,tergopleural_promotor,left_dorsal_prothoracic_nerve,T1_PRONM
720575941558493732,False,,SAD035,,AVLP
720575941631173158,False,lobula_columnar,LC11,,LO
720575941592408615,False,,IN08B068,,LTCT
720575941475852842,False,,CB0534,,GNG
720575941731770923,False,,IN04B027,,T2_MESONM
720575941474935338,False,,PVLP121,,AVLP
720575941458780742,False,ventral_nerve_cord_centripetal,IN19A093,,T1_PRONM
720575941452030535,False,,CB0612,,GNG
720575941570781768,False,single_leg_neuromere,IN13B044,,T2_MESONM
720575941451768391,False,,IN17A020,,T2_MESONM
720575941523825227,False,,CL266_b,,AVLP
720575941478539855,False,,IN04B034,,T1_PRONM
720575941659058768,False,,CB2365,,AVLP
720575941581070929,False,ventral_nerve_cord_centripetal,IN23B018,,T2_MESONM
720575941643100754,False,wing_motor_neuron,ps1,right_mesothoracic_accessory_nerve,WTCT
720575941556822611,False,,CB3877,,AMMC
720575941501182551,False,,IN13A063,,T1_PRONM
720575941500985943,False,,IN06A088,,INTTCT
720575941441643099,False,ascending_neuron,AN03B011,,T2_MESONM
720575941449638493,False,,IN06A079,,HTCT
720575941566620258,False,,WED024,,IPS
720575941516616291,False,lobula_columnar,LC11,,LO
720575941560296051,False,,,,ME
720575941472707191,False,,,,ME
720575941662302844,False,ascending_neuron,ANXXX108,,NTCT
720575941539816061,False,descending_neuron,DNxn153,,ICL
720575941497643648,False,,AVLP435b,,AVLP
720575941481783938,True,chordotonal_organ_neuron,JO-B,right_antennal_nerve,AMMC
720575941593948805,False,,IN06A116,,INTTCT
720575941585920646,False,ascending_neuron,AN19A018,,T2_MESONM
720575941554725511,False,medulla_medulla,MeMe_e02,,ME
720575941430108809,False,ascending_neuron,AN08B079,,HTCT
720575941625340554,False,,IN19A057,,WTCT
720575941564326546,False,,AVLP461,,AVLP
720575941414478484,False,leg_motor_neuron,pleural_remotor_abductor,left_metathoracic_leg_nerve,T3_METANM
720575941539488405,False,,AVLP132,,AVLP
720575941390623382,False,descending_neuron,DNp20,,IPS
720575941395178134,False,,,,ME
720575941537653397,False,single_leg_neuromere,IN13B045,,T1_PRONM
720575941482603171,False,medial_antennal_lobula,mALC4,,LO
720575941556134564,False,,PLP046b,,PLP
720575941453079209,False,single_leg_neuromere,IN20A.22A001,,T1_PRONM
720575941431026351,True,chordotonal_organ_neuron,JO-B,left_antennal_nerve,AMMC
720575941431091887,False,single_leg_neuromere,IN19A004,,T2_MESONM
720575941432500911,False,,PVLP093,,AVLP
720575941670068913,False,,CB1569,,AVLP
720575941547254452,False,,CB0368,,SPS
720575941678523069,False,,IN02A041,,INTTCT
720575941605515966,False,ascending_neuron,AN17A047,,T1_PRONM
720575941599060672,False,,CB0987,,IPS
720575941536277185,False,,SMP398,,SPS
720575941497021127,False,,WED032,,WED
720575941491974857,False,single_leg_neuromere,IN20A.22A005,,T2_MESONM
720575941488337614,False,single_leg_neuromere,IN12B024,,T1_PRONM
720575941487420112,False,,CB3029,,AVLP
720575941595095766,False,,PS232,,LAL
720575941429486295,False,single_leg_neuromere,IN21A087,,T1_PRONM
720575941654995673,False,ventral_nerve_cord_centripetal,IN23B009,,T3_METANM
720575941689107163,False,single_leg_neuromere,IN12B031,,T2_MESONM
720575941583659742,False,single_leg_neuromere,IN17A028,,T1_PRONM
720575941631697634,True,chordotonal_organ_neuron,JO-B,left_antennal_nerve,AMMC
720575941532246762,False,,IN11B002,,INTTCT
720575941535097578,False,descending_neuron,DNge012,,GNG
720575941629371116,False,,IN08B054,,T2_MESONM
720575941501051627,False,,IN20A.22A076,,T1_PRONM
720575941668463347,False,ascending_neuron,AN05B102,,T1_PRONM
720575941563638528,True,chordotonal_organ_neuron,JO-B,right_antennal_nerve,AMMC
720575941525725954,False,,IN06B040,,NTCT
720575941516944131,False,lobula_medulla_amacrine,LMa1,,LO
720575941393769220,False,medulla_intrinsic,Mi10,,ME
720575941564293895,False,,CB3917,,GNG
720575941574320905,False,ascending_neuron,AN07B036,,HTCT
720575941470970635,True,chordotonal_organ_neuron,JO-B,right_antennal_nerve,AMMC
720575941687468812,False,,IN19A058,,T1_PRONM
720575941431976718,False,leg_motor_neuron,femur_reductor,right_metathoracic_leg_nerve,T3_METANM
720575941507834640,False,,IN13A027,,T1_PRONM
720575941650932501,True,chordotonal_organ_neuron,JO-B,right_antennal_nerve,AMMC
720575941506196247,False,descending_neuron,DNp20,,IPS
720575941537162010,False,ascending_neuron,AN17A026,,T2_MESONM
720575941537194778,False,ascending_neuron,AN08B099,,GNG
720575941542830877,False,single_leg_neuromere,IN21A010,,T3_METANM
720575941474476830,False,,IN03A046,,T1_PRONM
720575941543093021,False,descending_neuron,DNxl073,,GNG
720575941508293410,False,,IN12B086,,INTTCT
720575941508227874,False,abdomen_motor_neuron,MNad08,abdominal_nerve_trunk,ABDNM
720575941595194149,False,,IN19A006,,T2_MESONM
720575941592638245,False,,INXXX363,,ABDNM
720575941596308263,False,,CB1078,,AMMC
720575941626946342,False,ventral_nerve_cord_centripetal,IN19A069,,T2_MESONM
720575941629207334,False,,CB1964,,AVLP
720575941475689258,True,chordotonal_organ_neuron,JO-B,left_antennal_nerve,AMMC
720575941473755946,False,single_leg_neuromere,IN19A008,,T1_PRONM
720575941410153263,False,single_leg_neuromere,IN14A004,,T3_METANM
720575941476148017,True,chordotonal_organ_neuron,JO-B,right_antennal_nerve,AMMC
720575941474870068,False,antennal_lobe_local_neuron,v2LN33,,AL
720575941565211446,True,chordotonal_organ_neuron,JO-B,right_antennal_nerve,NO_CONS
720575941587428151,False,leg_motor_neuron,accessory_tibia_flexor,right_mesothoracic_leg_nerve,T2_MESONM
720575941627372345,False,,CB0433,,VES
720575941507244860,False,,CB1498,,AVLP
720575941486437186,False,single_leg_neuromere,IN14A006,,T2_MESONM
720575941506261829,False,,CB1090,,AVLP
720575941507244869,False,,IN11A032,,AMNP
720575941460550470,False,,,,ME
720575941498037065,False,sequential_leg_neuromeres,IN13A004,,T3_METANM
720575941450556238,False,single_leg_neuromere,IN19A011,,T2_MESONM
720575941659976528,False,,SLP239,,GNG
720575941578679121,False,leg_motor_neuron,sternotrochanter,left_metathoracic_leg_nerve,T3_METANM
720575941581300561,False,,,,LO
720575941468152662,True,chordotonal_organ_neuron,JO-A,right_antennal_nerve,AMMC
720575941464187734,False,,IN13A037,,T1_PRONM
720575941504688983,False,,CB2633,,AVLP
720575941534081880,False,single_leg_neuromere,IN19A106,,T3_METANM
720575941450916701,False,lamina_wide_field,Lawf2,,ME
720575941508391774,False,,AVLP136,,AVLP
720575941475591008,False,lobula_columnar,LC11,,LO
720575941644313445,True,chordotonal_organ_neuron,JO-B,right_antennal_nerve,AMMC
720575941545911145,False,,CB2684,,AVLP
720575941402059632,False,,IN06A042,,INTTCT
720575941687599990,False,,IN06B086,,INTTCT
720575941583004537,True,chordotonal_organ_neuron,JO-B,right_antennal_nerve,NO_CONS
720575941580612473,False,,IN13A049,,T1_PRONM
720575941537719165,False,,IN03B086,,INTTCT
720575941477884802,False,ventral_nerve_cord_dorsal,IN18B020,,HTCT
720575941528675204,False,,CB2995,,AVLP
720575941595456389,False,single_leg_neuromere,IN03A062,,T3_METANM
720575941584708486,False,descending_neuron,DNnt011,,WED
720575941548073864,False,single_leg_neuromere,IN21A002,,T2_MESONM
720575941411791764,False,,IN06A008,,NTCT
720575941691007896,False,leg_motor_neuron,pleural_remotor_abductor,right_prothoracic_accessory_nerve,T1_PRONM
720575941552300954,False,,CB2664,,AMMC
720575941626782619,False,,AMMC028,,AMMC
720575941625963419,False,,IN04B006,,INTTCT
720575941569766302,False,leg_motor_neuron,trochanter_flexor,right_mesothoracic_leg_nerve,T2_MESONM
720575941481980835,False,,CB0414,,AVLP
720575941671642023,False,,CB3690,,AVLP
720575941613806509,False,proximal_distal_medulla_tangential,PDt1,,ME
720575941613314989,False,,WEDPN5,,PLP
720575941408613294,False,lamina_wide_field,Lawf2,,ME
720575941431223215,False,centrifugal_lobula,cL01,,GNG
720575941522711475,False,lobula_lobula_plate_tangential,LLPt,,LO
720575941545124788,False,,CB1948,,AMMC
720575941603976121,False,,CB0478,,GNG
720575941479195587,False,,IN09A065,,T2_MESONM
720575941482144707,False,,CB3655,,WED
720575941645263816,False,,IN04B103,,T2_MESONM
720575941529756619,False,,CB1439,,WED
720575941614756821,False,single_leg_neuromere,IN03A010,,T1_PRONM
720575941616329685,False,,IN02A033,,NTCT
720575941520319448,False,ventral_nerve_cord_serially_convergent,IN23B066,,T1_PRONM
720575941613642716,False,,CB0478,right_antennal_nerve,GNG
720575941470643165,False,,PVLP025,,PVLP
720575941480342496,False,lobula_columnar,LC18,,LO
720575941537129443,False,,AVLP548_b,,AVLP
720575941502821355,False,,WEDPN1A,,IPS
720575941503804395,False,,CB0647,,GNG
720575941455700973,False,ventral_nerve_cord_centripetal,IN23B030,,T1_PRONM
720575941557543918,False,leg_motor_neuron,tibia_flexor,right_prothoracic_leg_nerve,T1_PRONM
720575941505180651,False,,PVLP135,,AVLP
720575941501608939,False,descending_neuron,DNfl044,,GNG
720575941605090294,False,,CB2997,,VES
720575941604205558,False,,PLP029,,SPS
720575941569373178,False,ascending_neuron,ANXXX171,,HTCT
720575941590574078,True,chordotonal_organ_neuron,JO-B,right_antennal_nerve,AMMC
720575941562065920,False,leg_motor_neuron,pleural_remotor_abductor,right_metathoracic_leg_nerve,T3_METANM
720575941574779912,False,,CB0057,,GNG
720575941689631756,False,descending_neuron,DNxn113,,PLP
720575941690024972,False,,AVLP149,,AVLP
720575941433058318,False,single_leg_neuromere,IN01B007,,T2_MVAC
720575941653750801,False,,CB4236,,AVLP
720575941446820884,False,,IN16B059,,HTCT
720575941657879576,False,descending_neuron,DNp06,,AVLP
720575941527790617,True,chordotonal_organ_neuron,JO-B,right_antennal_nerve,AMMC
720575941537555482,False,,WED053,,AVLP
720575941538276378,False,,,,LO
720575941639693343,False,,CB2624,,AVLP
720575941402551331,False,descending_neuron,DNb03,,IPS
720575941559477284,False,,SAD094,,PLP
720575941630059558,False,wedge_projection_neuron,WEDPN6A,,PLP
720575941600535593,False,,IN04B004,,T2_MESONM
720575941505573938,False,,CB1730,,AVLP
720575941567210550,True,chordotonal_organ_neuron,JO-B,right_antennal_nerve,AMMC
720575941589197879,False,,CB3919,,GNG
720575941551514686,False,ascending_neuron,AN08B102,,INTTCT
720575941436761151,False,,IN13A030,,T3_METANM
720575941471921216,False,single_leg_neuromere,IN16B041,,T2_MESONM
720575941486437442,False,,IN00A010,,LTCT
720575941516059715,False,,CB1543,,AVLP
720575941586314308,False,,IN00A020,,T2_MVAC
720575941453833287,True,chordotonal_organ_neuron,JO-B,left_antennal_nerve,AMMC
720575941612659786,False,,CB0496,,GNG
720575941611054154,False,leg_motor_neuron,accessory_tibia_flexor,left_mesothoracic_leg_nerve,T2_MESONM
720575941481915471,False,,IN20A.22A053,,T1_PRONM
720575941656372304,False,leg_motor_neuron,trochanter_flexor,right_ventral_prothoracic_nerve,T1_PRONM
720575941580710993,False,,WED114,,WED
720575941657879632,False,,IN03A041,,T3_METANM
720575941660533840,False,descending_neuron,DNa16,,IPS
720575941656503376,False,,PS170,,IPS
720575941441381467,False,,,,ME
720575941542634588,False,,PLP071,,PLP
720575941526119524,True,chordotonal_organ_neuron,JO-B,right_antennal_nerve,NO_CONS
720575941607744621,False,,CB3916,,GNG
720575941595882609,False,ascending_neuron,ANXXX120,,T2_MESONM
720575941640152181,False,,WED092d,,WED
720575941639365749,False,,IN06B001,,T1_PRONM
720575941449245818,False,,IN06B084,,LTCT
720575941452063866,False,,CB0358,,GNG
720575941495841918,True,chordotonal_organ_neuron,JO-B,right_antennal_nerve,NO_CONS
720575941481981058,False,,CB1751,,IPS
720575941550957703,False,,IN08A023,,T2_MESONM
720575941549548680,False,,,,LO
720575941627733130,True,chordotonal_organ_neuron,JO-B,right_antennal_nerve,AMMC
720575941503640715,True,chordotonal_organ_neuron,JO-B,right_antennal_nerve,AMMC
720575941575566479,False,,CB1678,,AVLP
720575941574878351,False,descending_neuron,DNnt019,,GNG
720575941577172111,False,centrifugal_lobula,cL05,,LO
720575941517763731,False,,PLP159,,PLP
720575941562983575,False,single_leg_neuromere,IN16B075,,T1_PRONM
720575941690942616,False,single_leg_neuromere,IN14A011,,T3_METANM
720575941692744856,False,,PS265,,IPS
720575941553644698,False,,CL128a,,PLP
720575941597914268,False,,CB2225,,SPS
720575941571896477,False,,dMS2,,WTCT
720575941573829790,False,,CB0612,,GNG
720575941501346978,False,single_leg_neuromere,IN16B020,,T2_MESONM
720575941672002727,False,ascending_neuron,AN06B039,,T2_MESONM
720575941670593703,False,single_leg_neuromere,IN21A004,,T2_MESONM
720575941517403308,False,ascending_neuron,AN03B094,,T1_PRONM
720575941612266669,False,,CB1613,,AVLP
720575941535163570,False,,AVLP347,,AVLP
720575941520319667,False,,PVLP111,,PVLP
720575941548238004,False,descending_neuron,DNfl042,,GNG
720575941450458293,True,chordotonal_organ_neuron,JO-B,left_antennal_nerve,AMMC
720575941518419123,False,,IN03B076,,NTCT
720575941518386359,False,,IN00A037,,AMNP
720575941530805432,False,transverse_neuron,T2,,LO
720575941681013949,False,lamina_wide_field,Lawf2,,ME
720575941536048321,False,descending_neuron,DNg62,,GNG
720575941502559426,False,single_leg_neuromere,IN19A059,,T2_MESONM
720575941700609242,False,single_leg_neuromere,IN13A021,,T3_METANM
720575941469955293,False,,AVLP099,,AVLP
720575941468218589,False,ascending_neuron,AN10B020,,T2_MESONM
720575941496661217,False,,CB3064,,WED
720575941538637027,False,,CB3287,,AVLP
720575941493286119,True,chordotonal_organ_neuron,JO-B,right_antennal_nerve,AMMC
720575941532280042,False,single_leg_neuromere,IN09A049,,T1_PRONM
720575941629338860,False,,IN21A063,,T2_MESONM
720575941540046066,False,,CB3322,,AVLP
720575941539226866,False,descending_neuron,DNp63,,SPS
720575941564818688,False,leg_motor_neuron,accessory_trochanter_flexor,right_prothoracic_leg_nerve,T1_PRONM
720575941542241541,False,,IN03A033,,T2_MESONM
720575941565375751,False,,LAL074,,LAL
720575941461107981,False,ventral_nerve_cord_dorsal,IN00A063,,LTCT
720575941558953231,False,single_leg_neuromere,IN00A014,,T2_MVAC
720575941438465298,False,descending_neuron,DNb04,,SPS
720575941447935252,False,,PVLP097,,PVLP
720575941417493788,False,,AVLP594,,AVLP
720575941641200927,False,,CB0034,,GNG
720575941472838954,False,,CB1622,,AMMC
720575941567407406,False,,CB0964,,GNG
720575941409596719,False,lateral_horn_output_neuron,PLP209,,PLP
720575941408777519,False,,CB0850,,GNG
720575941352187184,False,medulla_tangential,MTe01a,,ME
720575941505836338,False,lobula_medulla_amacrine,LMa1,,LO
720575941409531183,False,,CB2660,,AVLP
720575941563311414,False,single_leg_neuromere,IN20A.22A067,,T2_MESONM
720575941473592635,False,,SAD011,,IPS
720575941438399807,False,single_leg_neuromere,IN08A006,,T3_METANM
720575941477524801,False,,CB3880,,WED
720575941516059971,False,,CB2618,,AVLP
720575941499708745,False,descending_neuron,MDN,,LAL
720575941523203403,False,ascending_neuron,AN03B039,,INTTCT
720575941481194831,False,,CB3682,,IPS
720575941577663825,False,neck_motor_neuron,DProN8,right_dorsal_prothoracic_nerve,NTCT
720575941555742035,False,descending_neuron,DNxn132,,ICL
720575941534672216,False,medulla_lobula_tangential,MLt7,,ME
720575941441643867,False,descending_neuron,DNg02,,SPS
720575941447279965,False,,IN12A063,,HTCT
720575941509145950,False,descending_neuron,DNp01,,AMMC
720575941581661535,False,,IN23B008,,LTCT
720575941474936160,False,,CB2847,,AVLP
720575941525792100,False,,IN20A.22A051,,T3_METANM
720575941612004710,False,,IN09B038,,T2_MESONM
720575941545616745,False,,WED033,,IPS
720575941475591530,False,single_leg_neuromere,IN12B037,,T3_METANM
720575941594801515,False,,PVLP108,,AVLP
720575941626029420,True,chordotonal_organ_neuron,JO-B,right_antennal_nerve,AMMC
720575941639529845,False,,PLP116,,PLP
720575941636973941,False,,PS193c,,IPS
720575941579072889,False,,IN06B087,,INTTCT
720575941620196735,False,,CB1569,,AVLP
720575941583758726,False,descending_neuron,DNg01,,SPS
720575941547320712,False,,CB0806,,GNG
720575941627733386,True,chordotonal_organ_neuron,JO-B,right_antennal_nerve,AMMC
720575941501511051,False,,CB0451,,GNG
720575941500888459,False,,CB1794,,ICL
720575941516748179,False,single_leg_neuromere,IN16B030,,T2_MESONM
720575941614265753,False,single_leg_neuromere,IN19A059,,T3_METANM
720575941460387231,False,,IN19B011,,T2_MESONM
720575941557413284,False,descending_neuron,DNut051,,IPS
720575941505181093,False,single_leg_neuromere,IN13B012,,T1_PRONM
720575941562295720,False,bristle_neuron,BM_Vib,right_antennal_nerve,GNG
720575941412251051,False,lobula_tangential,LT51,,SPS
720575941517796780,False,ventral_nerve_cord_dorsal,IN02A023,,HTCT
720575941669742001,False,,CB1964,,AVLP
720575941533623730,False,single_leg_neuromere,IN03A019,,T2_MESONM
720575941523105203,False,,,,ME
720575941576058294,False,single_leg_neuromere,IN21A019,,T1_PRONM
720575941521073591,False,single_leg_neuromere,IN19A002,,T2_MESONM
720575941633762747,False,,CB0034,,GNG
720575941438662079,False,single_leg_neuromere,IN12B043,,T3_METANM
720575941501707714,False,,IN03A038,,T2_MESONM
720575941632091589,False,,IN13A023,,T2_MESONM
720575941496628679,False,,IN01A073,,T2_MESONM
720575941642544584,False,,IN00A035,,LTCT
720575941490075081,False,single_leg_neuromere,IN21A010,,T1_PRONM
720575941624915402,False,single_leg_neuromere,IN21A013,,T1_PRONM
720575941532444107,False,medulla_medulla,MeMe_e01,,ME
720575941511407057,False,,IN04B081,,T1_PRONM
720575941511275986,False,,IN19B008,,WTCT
720575941595063766,False,,CB2170,,AVLP
720575941519664600,False,,CB3201,,WED
720575941519402456,False,,PVLP135,,AVLP
720575941703820762,False,sequential_leg_neuromeres,IN01A005,,T2_MESONM
720575941493155303,False,ascending_neuron,AN05B005,,T3_METANM
720575941611513321,False,,AVLP151,,AVLP
720575941539980786,False,,PVLP148,,AVLP
720575941604206070,False,,WED119,,WED
720575941524547063,False,,SAD053,,AMMC
720575941522089463,False,,IN08B051,,INTTCT
720575941431191032,False,,IN08B058,,T3_METANM
720575941590967806,False,,CB2282,,GNG
720575941527692802,False,wedge_projection_neuron,WED072,,WED
720575941526087170,False,,CB1446,,AVLP
720575941653816849,False,,CB2186,,AVLP
720575941658633752,False,,IN12B044,,T2_MESONM
720575941477164574,False,,IN03A033,,T2_MESONM
720575941546731041,False,,IN06A065,,INTTCT
720575941400290851,False,descending_neuron,DNg49,,GNG
720575941596341799,False,,AVLP322,,PVLP
720575941565376046,False,,IN00A040,,HTCT
720575941353301552,False,leg_motor_neuron,sternal_posterior_rotator,right_prothoracic_accessory_nerve,T1_PRONM
720575941455767091,False,,AVLP140,,WED
720575941477361204,False,chordotonal_organ_neuron,SNpp25,left_dorsal_metathoracic_nerve,HTCT
720575941476902452,False,,SAD094,,PLP
720575941663516216,False,,AVLP082,,AVLP
720575941627995705,False,single_leg_neuromere,IN01A038,,T2_MESONM
720575941486437954,False,descending_neuron,DNg108,,GNG
720575941515503171,False,,CB2108,,AVLP
720575941486700098,False,descending_neuron,DNa05,,SPS
720575941504558661,False,,IN04B101,,T1_PRONM
720575941496268361,False,single_leg_neuromere,IN19B003,,T2_MESONM
720575941534869080,False,,IN20A.22A053,,T1_PRONM
720575941578679897,False,descending_neuron,DNxn130,,AVLP
720575941509080670,False,,AVLP149,,AVLP
720575941547452009,False,,CB2278,,AVLP
720575941686060662,False,,IN09A080,,T1_PRONM
720575941645100664,False,,IN12A061,,HTCT
720575941645264504,False,,SMP397,,SPS
720575941451015802,False,ascending_neuron,AN04B001,,T2_MESONM
720575941496628864,False,,IN08A026,,T2_MESONM
720575941506229889,False,descending_neuron,DNge089,,IPS
720575941583169158,False,,IN03B066,,HTCT
720575941545322120,False,single_leg_neuromere,IN21A026,,T2_MESONM
720575941430765193,False,,CB3921,,GNG
720575941575632527,False,,AVLP251,,AVLP
720575941461239440,False,,IN21A075,,T2_MESONM
720575941412185745,False,,CB2023,,WED
720575941566686871,False,,CB1542,,AMMC
720575941565081239,False,,CB1620,,AVLP
720575941692352152,False,single_leg_neuromere,IN20A.22A005,,T1_PRONM
720575941554562714,False,single_leg_neuromere,IN09A006,,T2_MESONM
720575941570324126,False,,IN07B094,,HTCT
720575941558789796,False,,CB2108,,AVLP
720575941528151718,False,,CB1582,,GNG
720575941444822698,False,ventral_nerve_cord_dorsal,IN02A007,,HTCT
720575941611153069,False,,CB0289,,GNG
720575941431092911,False,,IN12A034,,HTCT
720575941483980474,False,lobula_columnar,LC17,,LO
720575941604501182,False,ascending_neuron,AN10B060,,T3_METANM
720575941626128074,False,,vpoEN,,AVLP
720575941623146186,False,single_leg_neuromere,IN09A002,,T1_PRONM
720575941531461323,False,lobula_columnar,LC11,,LO
720575941488994000,True,chordotonal_organ_neuron,JO-B,left_antennal_nerve,AMMC
720575941654374100,False,single_leg_neuromere,IN21A056,,T2_MESONM
720575941433419479,False,lobula_columnar,LC14a1,,LO
720575941519664856,False,leg_motor_neuron,sternal_anterior_rotator,left_mesothoracic_leg_nerve,T2_MESONM
720575941704476378,False,single_leg_neuromere,IN23B065,,T1_PRONM
720575941588018910,False,,CB0610,,GNG
720575941587723998,False,lateral_horn_output_neuron,LHPV6q1,,PLP
720575941531428581,False,single_leg_neuromere,IN20A.22A039,,T1_PRONM
720575941537130216,False,,CB3067,,AVLP
720575941633402604,False,ascending_neuron,AN17A015,,T2_MESONM
720575941458519789,False,,CL066,,ICL
720575941631436524,False,,IN19A142,,NTCT
720575941631338220,False,wedge_projection_neuron,WED056,,WED
720575941456455408,False,,CB1023,,GNG
720575941652735729,False,,PVLP080a,,AVLP
720575941652506353,False,,IN23B005,,AMNP
720575941603878646,False,,IN12B090,,T1_PRONM
720575941605254902,False,single_leg_neuromere,IN01B003,,T3_METANM
720575941571372795,False,single_leg_neuromere,IN19A106,,INTTCT
720575941485389565,False,,CL058,,ICL
720575941589329662,False,lamina_wide_field,Lawf2,,ME
720575941588018942,False,,IN11B017,,HTCT
720575941526054658,False,,ATL012,,ATL
720575941523957506,False,,IN02A051,,HTCT
720575941542733573,False,descending_neuron,DNfl021,,LAL
720575941573469960,False,,IN20A.22A015,,T1_PRONM
720575941434042126,False,single_leg_neuromere,IN13A054,,T2_MESONM
720575941434009358,False,,CB2518,,AVLP
720575941445281556,False,single_leg_neuromere,IN04B100,,T1_PRONM
720575941507082007,False,sequential_leg_neuromeres,IN19A012,,T2_MESONM
720575941554038555,False,single_leg_neuromere,IN17A001,,T1_PRONM
720575941641889567,True,chordotonal_organ_neuron,JO-A,right_antennal_nerve,AMMC
720575941637957407,False,,IN03A031,,T2_MESONM
720575941546829601,False,ascending_neuron,AN07B052,,INTTCT
720575941403371299,False,,AVLP429,right_antennal_nerve,AVLP
720575941591754536,False,,IN20A.22A087,,T2_MESONM
720575941601683241,True,chordotonal_organ_neuron,JO-B,left_antennal_nerve,NO_CONS
720575941473429290,False,,IN04B085,,T1_PRONM
720575941729937195,False,,IN19A041,,T2_MESONM
720575941478672177,False,,CB0430,,GNG
720575941475985201,False,,IN19A058,,T1_PRONM
720575941662369592,False,single_leg_neuromere,IN13B009,,T1_PRONM
720575941472839488,False,descending_neuron,DNit008,,GNG
720575941505804101,False,lobula_plate_intrinsic,LPi06,,LOP
720575941506983749,False,transverse_neuron,T3,,ME
720575941498267465,False,,CB3628,,AVLP
720575941525038925,False,,Tlp4,,LOP
720575941447837518,False,,IN03A047,,T2_MESONM
720575941482932047,False,lobula_tangential,LT1d,,LO
720575941658928976,False,,IN01A054,,T2_MESONM
720575941576517465,False,,IN21A046,,INTTCT
720575941515175770,False,ascending_neuron,AN23B002,,AMNP
720575941441742683,False,,WED096a,,LAL
720575941539620700,False,single_leg_neuromere,IN03A039,,T1_PRONM
720575941509801822,False,proximal_medulla,Pm10,,ME
720575941475297120,False,lobula_columnar,LC17,,LO
720575941433321313,False,,WED046,,AVLP
720575941563541351,False,ascending_neuron,AN10B019,,T3_METANM
720575941567768423,False,single_leg_neuromere,IN19A003,,T3_METANM
720575941518714734,False,,CB3245,,AVLP
720575941535164291,False,centrifugal_medulla,cM05,,GNG
720575941551875975,False,,CB1964,,AVLP
720575941627471754,False,,CB2049,,AVLP
720575941561411474,False,single_leg_neuromere,IN20A.22A002,,T1_PRONM
720575941517207443,False,medulla_intrinsic,Mi1,,ME
720575941414381460,False,,PLP159,,PLP
720575941540800405,False,descending_neuron,DNp12,,WED
720575941538277269,False,,CB1231,,GNG
720575941394687894,False,,,,ME
720575941626193819,False,,LAL040,,LAL
720575941598504860,False,,PVLP082b,,AVLP
720575941459273631,False,,CB0955,,AVLP
720575941557512100,False,,CB0258,,VES
720575941528872870,False,,PLP046b,,PLP
720575941668693927,False,,IN13B053,,T3_METANM
720575941446297514,False,ascending_neuron,AN01B002,,ABDNM
720575941515995052,False,,IN13A063,,T1_PRONM
720575941432076207,False,,WEDPN8B,,IPS
720575941494794160,False,descending_neuron,DNxl125,,GNG
720575941547157428,False,,IN23B008,,LTCT
720575941599029184,False,,AVLP557,,AVLP
720575941483096003,False,,PS046,,SPS
720575941460879300,False,,CB1717,,AVLP
720575941483161539,False,,CB3335,,AVLP
720575941491877833,False,descending_neuron,DNp13,,AVLP
720575941488404430,False,,IN03B077,,WTCT
720575941443315663,False,single_leg_neuromere,IN12B012,,T3_METANM
720575941443610575,False,,,,ME
720575941514979281,False,,CB2763,,AVLP
720575941618821077,False,,CB1078,,AMMC
720575941421131735,False,bristle_neuron,SNta29,left_mesothoracic_leg_nerve,T2_MESONM
720575941516584920,False,,IN13A034,,T2_MESONM
720575941471070173,False,ventral_nerve_cord_centripetal,IN23B009,,T1_PRONM
720575941583595486,False,,IN06B058,,INTTCT
720575941538703331,False,,CB3491,,WED
720575941536638947,False,,IN06A035,,HTCT
720575941532182501,False,transmedullary,Tm4,,ME
720575941489125351,False,neck_motor_neuron,DProN2,left_dorsal_prothoracic_nerve,NTCT
720575941631436780,False,,IN06B047,,WTCT
720575941456783341,False,,CB3708,,AVLP
720575941653882865,False,descending_neuron,DNxl114,,T1_PRONM
720575941432698872,False,,,,ME
720575941625079804,False,,CB3006,,AVLP
720575941484406781,False,,AVLP430,,AVLP
720575941481621501,False,leg_motor_neuron,sternal_posterior_rotator,right_metathoracic_leg_nerve,T3_METANM
720575941589657598,False,leg_motor_neuron,sternal_posterior_rotator,left_mesothoracic_leg_nerve,T2_MESONM
720575941565310976,False,,CB0738,,PVLP
720575941486241798,False,,PS087,,SPS
720575941566392327,False,lobula_medulla_amacrine,LMa4,,LO
720575941566490631,False,,IN05B010,,T2_MESONM
720575941574813705,False,,CB2371,,WED
720575941472446475,False,,LAL160,,LAL
720575941470644235,False,,PPM1204,,SPS
720575941464909837,False,,CB1459,,AVLP
720575941688059916,False,,CB0556,,GNG
720575941559281679,False,leg_motor_neuron,accessory_tibia_flexor,right_prothoracic_leg_nerve,T1_PRONM
720575941559248911,False,,PS248,,SPS
720575941436991506,False,single_leg_neuromere,IN21A035,,T3_METANM
720575941448001556,False,,CB0468,,GNG
720575941466318870,False,ascending_neuron,ANXXX098,,LTCT
720575941507999767,True,chordotonal_organ_neuron,JO-B,right_antennal_nerve,AMMC
720575941526382617,False,,CB2139,,AMMC
720575941537228826,False,,CL203,,ICL
720575941555415067,False,transverse_neuron,T2,,LO
720575941413890076,False,,IN19B080,,WTCT
720575941417920540,False,,CL268,,AVLP
720575941474412574,False,,IN00A042,,T2_MVAC
720575941476509726,False,,CB0369,,GNG
720575941592475685,False,,IN19A114,,T3_METANM
720575941594671143,False,,PS047a,,IPS
720575941598570537,False,,SAD021_c,,WED
720575941440366636,False,lamina_wide_field,Lawf2,,ME
720575941558691885,False,,IN13B034,,T3_METANM
720575941476214833,False,descending_neuron,DNge140,,IPS
720575941629274169,False,,,,ME
720575941552629822,False,single_leg_neuromere,IN01A038,,T1_PRONM
720575941471758400,False,,PVLP026,,AVLP
720575941477558337,False,single_leg_neuromere,IN12B074,,T2_MESONM
720575941590968388,False,serpentine_medulla,Sm38,,ME
720575941504493637,False,,IN08A026,,T1_PRONM
720575941574355016,False,leg_motor_neuron,sternal_anterior_rotator,right_metathoracic_leg_nerve,T3_METANM
720575941574879304,False,,CB1904,,AVLP
720575941611808842,False,,PVLP036,,PVLP
720575941610268746,False,,CB3024,,WED
720575941526939725,False,,PS280,,SPS
720575941645428818,False,single_leg_neuromere,IN03A020,,T2_MESONM
720575941555513427,False,single_leg_neuromere,IN02A015,,T2_MESONM
720575941440399445,False,ascending_neuron,AN05B099,,AMNP
720575941441906779,False,ascending_neuron,AN04A001,,T1_PRONM
720575941543684188,False,single_leg_neuromere,IN19A016,,T2_MESONM
720575941447379037,False,,IN00A028,,LTCT
720575941509572702,False,medulla_intrinsic,Mi1,,ME
720575941585856607,False,,IN00A004,,LTCT
720575941471266912,False,,IN00A051,,LTCT
720575941611153510,False,single_leg_neuromere,IN19A015,,T2_MESONM
720575941612988518,False,,CB1476,,AVLP
720575941593491563,False,,IN02A033,,NTCT
720575941626062956,False,single_leg_neuromere,IN23B049,,T2_MESONM
720575941519468654,False,single_leg_neuromere,INXXX466,,T1_PRONM
720575941557512307,False,descending_neuron,DNg12,,GNG
720575941551057012,False,,CB1074,,WED
720575941579761785,False,single_leg_neuromere,IN09A022,,T2_MVAC
720575941663484028,False,ascending_neuron,AN01B005,,T1_PRONM
720575941481425026,False,abdomen_motor_neuron,MNad16,abdominal_nerve_trunk,ABDNM
720575941533395075,False,,IB084,,IB
720575941477820546,False,single_leg_neuromere,IN14A013,,T2_MESONM
720575941461305488,False,single_leg_neuromere,IN14A023,,T2_MESONM
720575941412808849,False,,CB0368,,IPS
720575941692745880,False,,SAD070,,PLP
720575941575567517,False,,SLP036,,SLP
720575941573896350,False,single_leg_neuromere,IN20A.22A016,left_prothoracic_leg_nerve,T2_MESONM
720575941643200673,False,single_leg_neuromere,IN19A005,,T2_MESONM
720575941453310121,False,,IN10B004,,T1_PRONM
720575941609351341,False,,IN03A047,,T2_MESONM
720575941405862062,False,,IN04B094,,T1_PRONM
720575941428373679,False,,IN07B073,,T2_MESONM
720575941522352307,False,,CB1112,,AVLP
720575941630748859,False,,w-cHIN,,HTCT
720575941547649212,False,,PS268,,PLP
720575941602273470,False,ventral_nerve_cord_centripetal,IN23B030,,T2_MESONM
720575941440235711,False,campaniform_sensillum_neuron,SNpp28,right_anterior_dorsal_mesothoracic_nerve,WTCT
720575941597489344,False,wing_motor_neuron,DVM1a-c,right_anterior_dorsal_mesothoracic_nerve,WTCT
720575941501774018,False,,IN21A058,,T2_MESONM
720575941501806786,False,ascending_neuron,AN18B025,,INTTCT
720575941461633220,False,single_leg_neuromere,IN12B023,,T3_METANM
720575941634484421,False,lobula_plate_tangential_cell,LPT54,,ME
720575941482408134,False,lamina_wide_field,Lawf2,,ME
720575941489748169,False,ascending_neuron,AN10B020,,T2_MESONM
720575941462026451,False,,PVLP017,,AVLP
720575941433518295,False,,WED033,,IPS
720575941517764824,False,,IN06A019,,HTCT
720575941655423193,False,,CB2777,,AVLP
720575941518387416,False,,CB1145,,IPS
720575941584808158,False,,IN06A094,,HTCT
720575941480999136,False,,CB1384,,AVLP
720575941611514086,False,lamina_wide_field,Lawf2,,ME
720575941611940073,False,,AVLP091,,AVLP
720575941631437036,False,single_leg_neuromere,IN20A.22A041,,T2_MESONM
720575941560068334,False,ascending_neuron,AN08B099,,INTTCT
720575941460093168,True,chordotonal_organ_neuron,JO-B,left_antennal_nerve,AL
720575941653555441,False,,CB1138,,IPS
720575941540210930,False,,,,ME
720575941538212082,False,,CB3150,,SPS
720575941428209912,False,,IN06B052,,WTCT
720575941483391229,False,lamina_wide_field,Lawf2,,ME
720575941553154303,False,lobula_columnar,LC11,,LO
720575941543684357,False,descending_neuron,DNg94,,IPS
720575941470382347,False,single_leg_neuromere,IN04B095,,T1_PRONM
720575941688486156,False,single_leg_neuromere,IN09A003,,T2_MESONM
720575941463894285,False,,VES076,,VES
720575941528447257,False,,,,ME
720575941414381852,False,distal_medulla,Dm13,,ME
720575941542799645,False,,IN21A031,,T2_MESONM
720575941478508830,False,descending_neuron,DNg93,,GNG
720575941474347294,False,,IN06A070,,HTCT
720575941401962787,False,descending_neuron,DNg104,,AVLP
720575941438499116,False,medulla_medulla,MeMe_e02,,ME
720575941354252592,False,single_leg_neuromere,IN23B044,,T2_MESONM
720575941503117618,False,medulla_intrinsic,Mi1,,ME
720575941662107960,False,lamina_wide_field,Lawf2,,ME
720575941471955264,False,descending_neuron,DNut040,,SPS
720575941588281668,False,,WED163c,,WED
720575941507541317,False,,VES067,,VES
720575941504461125,False,,IN00A036,,AMNP
720575941452982599,False,,SMP501,,ICL
720575941496858953,False,,IN05B038,,T3_METANM
720575941608991050,False,,w-cHIN,,HTCT
720575941515372876,False,proximal_medulla,Pm10,,ME
720575941451639118,False,,CB2903,,AVLP
720575941581105489,False,,CB1038,,AMMC
720575941555743059,False,,AVLP370a,,AVLP
720575941536213336,False,,PVLP151,,AVLP
720575941449312605,False,,CB3366,,AVLP
720575941505739102,False,,IN16B092,,INTTCT
720575941584447839,False,single_leg_neuromere,IN13B012,,T3_METANM
720575941565245794,False,descending_neuron,DNxn151,,GNG
720575941515897187,False,,LT82b,,LO
720575941644314981,False,,CB0734,,PLP
720575941547649385,False,,PS181,,ICL
720575941623015788,False,ventral_nerve_cord_neurosecretory_cell,EA00B022,left_cervical_nerve+right_cervical_nerve,INTTCT
720575941404748144,False,descending_neuron,DNxl097,,GNG
720575941569571186,False,descending_neuron,DNp71,,AVLP
720575941540571517,False,,AVLP548_f,,AVLP
720575941620230527,False,ascending_neuron,AN17B016,,AVLP
720575941506034049,False,leg_motor_neuron,sternotrochanter,right_mesothoracic_leg_nerve,T2_MESONM
720575941509966209,False,,IN06B078,,AMNP
720575941530511747,False,neck_motor_neuron,DProN5,right_dorsal_prothoracic_nerve,NTCT
720575941499447691,False,,IN19B023,,WTCT
720575941588445580,False,,IN06B047,,WTCT
720575941589854604,False,,IN03B012,,WTCT
720575941415790996,False,distal_medulla,Dm13,,ME
720575941555186074,False,ventral_nerve_cord_dorsal,IN02A019,,NTCT
720575941598570908,False,,,,AVLP
720575941575567773,False,,AVLP442,,AVLP
720575941460060575,False,,AVLP541b,,AVLP
720575941645494689,False,,CB1384,,AVLP
720575941557316004,False,descending_neuron,DNg14,,GNG
720575941507312037,True,chordotonal_organ_neuron,JO-B,left_antennal_nerve,AMMC
720575941669120423,False,,CB1078,,AMMC
720575941670496679,False,single_leg_neuromere,IN01A056,,T2_MESONM
720575941535132082,False,,CB3425,,AVLP
720575941574027702,False,,IN18B014,,T1_PRONM
720575941533034945,False,,IN13A037,,T1_PRONM
720575941482015171,False,single_leg_neuromere,IN21A002,,T1_PRONM
720575941484341702,True,chordotonal_organ_neuron,JO-A,right_antennal_nerve,AMMC
720575941480376774,False,single_leg_neuromere,IN20A.22A039,,T2_MESONM
720575941646379464,False,transverse_neuron,T3,,ME
720575941654964692,False,,PVLP020,,AVLP
720575941432240599,False,,CB0172,,GNG
720575941704706522,False,,CB0096,,AVLP
720575941612595676,False,,CB0391,,AVLP
720575941468711389,False,single_leg_neuromere,IN23B043,,T1_PRONM
720575941440432607,False,,WEDPN8B,,WED
720575941479918048,False,,SAD077,,AMMC
720575941631207906,False,,CB0125,,AVLP
720575941555120612,False,wing_motor_neuron,PSn_u,right_mesothoracic_accessory_nerve,HTCT
720575941532477925,True,chordotonal_organ_neuron,JO-B,left_antennal_nerve,AMMC
720575941505378795,False,,,,LO
720575941631437292,False,leg_motor_neuron,trochanter_flexor,right_mesothoracic_leg_nerve,T2_MESONM
720575941560953326,False,,CB1885,,AVLP
720575941560330734,False,,AVLP340,,AVLP
720575941540506098,False,lobula_medulla_amacrine,LMa1,,ME
720575941572553211,False,,AVLP548_b,,AVLP
720575941625801212,False,lobula_intrinsic,Li15,,LO
720575941589592574,False,,IN13A040,,T3_METANM
720575941549386239,False,,IN11A037,,INTTCT
720575941546273285,False,,,,ME
720575941566294535,False,lobula_columnar,LC14a2,,LO
720575941572192777,False,,IN08B054,,T2_MESONM
720575941574683145,False,,IN19A037,,T3_METANM
720575941461076493,False,,IN03B058,,HTCT
720575941432109582,False,ascending_neuron,AN19B018,,T2_MESONM
720575941430438414,False,,IN06A079,,HTCT
720575941509704208,False,,CB2957,,IPS
720575941446298132,False,lobula_plate_lobula_columnar,LPLC1,,LOP
720575941465926166,False,,PLP029,,SPS
720575941507312151,False,,CB0813,,PVLP
720575941533723162,False,single_leg_neuromere,IN03A013,,T1_PRONM
720575941542898205,False,descending_neuron,DNd04,,GNG
720575941507377698,False,bristle_neuron,BM_Fr,left_antennal_nerve,GNG
720575941401766435,False,descending_neuron,DNbe007,,VES
720575941601585705,False,,AVLP396,,AVLP
720575941440399916,False,lobula_intrinsic,Li21,,LO
720575941407599151,False,,CB3805,,GNG
720575941504526898,False,single_leg_neuromere,IN19A001,,T1_PRONM
720575941477919284,True,chordotonal_organ_neuron,JO-B,left_antennal_nerve,NO_CONS
720575941476477492,False,descending_neuron,DNxn122,,SPS
720575941566687798,False,,SAD012,,AVLP
720575941478836801,False,single_leg_neuromere,IN19A020,,T3_METANM
720575941487749698,False,single_leg_neuromere,IN13B021,,T1_PRONM
720575941515307587,False,,CB2365,,AVLP
720575941524744781,False,,IN06B076,,INTTCT
720575941450852942,False,,AVLP156,,AVLP
720575941613644370,True,chordotonal_organ_neuron,JO-B,right_antennal_nerve,AMMC
720575941439842901,False,,CB1383,,WED
720575941438433877,False,,CB2187,,AVLP
720575941501807191,False,single_leg_neuromere,IN19A088,,T1_PRONM
720575941575797337,False,,IN20A.22A058,,T2_MESONM
720575941576583769,False,,CB2287,,AVLP
720575941441350235,False,ascending_neuron,AN08B034,,T3_METANM
720575941541423708,False,,IN06A085,,INTTCT
720575941473987168,False,ascending_neuron,AN08B048,,INTTCT
720575941471300192,False,,IN09B038,,T2_MESONM
720575941545126505,False,,INXXX830_f,,T3_METANM
720575941477395050,False,,IN20A.22A015,,T1_PRONM
720575941478705770,False,descending_neuron,DNxn168,,AVLP
720575941607582317,False,single_leg_neuromere,IN17A044,,T2_MESONM
720575941517240942,False,,CB2985,,IB
720575941402749552,False,antenna_motor_neuron,CB0873,left_antennal_nerve,GNG
720575941560429171,False,ventral_nerve_cord_centripetal,IN10B044,,T2_MVAC
720575941551123060,False,,,,ME
720575941687601782,False,,IN08B082,,HTCT
720575941541751421,False,,CB1464,,IPS
720575941595916933,False,,CB0956,,AMMC
720575941584448134,False,ascending_neuron,AN08B018,,T2_MVAC
720575941547289224,True,chordotonal_organ_neuron,JO-B,right_antennal_nerve,AMMC
720575941503904395,False,,,,ME
720575941590936204,False,lamina_wide_field,Lawf2,,ME
720575941572848271,False,single_leg_neuromere,IN12B026,,T2_MESONM
720575941459438224,False,leg_motor_neuron,accessory_trochanter_flexor,right_mesothoracic_leg_nerve,T2_MESONM
720575941564328594,False,,LAL053,,AVLP
720575941538114197,False,single_leg_neuromere,IN19A001,,T3_METANM
720575941540014741,False,,CB1911,,AVLP
720575941565475479,False,single_leg_neuromere,IN13B019,,T2_MESONM
720575941689928344,False,,IN06A116,,HTCT
720575941616626329,False,,CB3011,,AVLP
720575941692811928,False,medulla_lobula_lobula_plate_amacrine,Am1,,LOP
720575941689371288,False,ventral_nerve_cord_neurosecretory_cell,EN21X001,left_dorsal_prothoracic_nerve,NTCT
720575941626981019,False,,IN09B046,,T1_PRONM
720575941597981340,False,,CB3953,,IPS
720575941456292511,False,single_leg_neuromere,IN20A.22A049,,T2_MESONM
720575941633206944,False,descending_neuron,DNp103,,AVLP
720575941642545825,False,single_leg_neuromere,IN20A.22A039,,T2_MESONM
720575941496892066,False,,IN08A023,,T2_MESONM
720575941481818787,False,,AMMC-A1,,AMMC
720575941443480234,False,ascending_neuron,ANXXX131,,T1_PRONM
720575941408418475,False,,,,T2_MESONM
720575941670562481,False,,CB0249,,GNG
720575941520386739,False,,CB1760,,WED
720575941521271475,False,leg_motor_neuron,tibia_flexor,right_metathoracic_leg_nerve,T3_METANM
720575941547158196,False,,IN08A030,,T1_PRONM
720575941522582199,False,lobula_columnar,LC11,,LO
720575941484538554,False,,AVLP595,,AVLP
720575941635467963,False,,CB0626,,GNG
720575941682817725,False,lobula_intrinsic,Li26,,LO
720575941433649879,False,lobula_medulla_amacrine,LMa4,,LO
720575941499022049,False,ascending_neuron,AN17A002,,T2_MESONM
720575941532478181,True,chordotonal_organ_neuron,JO-B,left_antennal_nerve,AL
720575941538999016,False,,,,T1_PRONM
720575941631437548,False,leg_motor_neuron,long_tendon_muscle,left_mesothoracic_leg_nerve,T2_MESONM
720575941455669997,False,ventral_nerve_cord_dorsal,IN02A020,,HTCT
720575941569014516,False,,IN17A020,,T3_METANM
720575941432175352,False,,CB1268,,WED
720575941552106239,False,,AVLP038,,AVLP
720575941552433921,False,single_leg_neuromere,IN12B026,,T2_MESONM
720575941525957378,False,,WED163c,,IPS
720575941392001796,False,,CB1960,,IPS
720575941575404297,True,chordotonal_organ_neuron,JO-A,left_antennal_nerve,AMMC
720575941464681229,False,,CB2824,,WED
720575941652278033,False,descending_neuron,DNg10,,GNG
720575941448133396,False,,CB0676,,SPS
720575941551385371,False,single_leg_neuromere,IN19A008,,T2_MESONM
720575941478279966,False,,CB0122,,IPS
720575941550762785,False,,AVLP079,,AVLP
720575941630389030,True,chordotonal_organ_neuron,JO-A,left_antennal_nerve,AMMC
720575941600537385,False,ascending_neuron,AN17A024,,T3_METANM
720575941733215019,False,descending_neuron,DNpe013,,SPS
720575941436205868,False,single_leg_neuromere,IN13A021,,T2_MESONM
720575941569145646,False,,CB2510,,AVLP
720575941453671219,False,,CB3513b,,AVLP
720575941477100340,False,,IN09A041,,T2_MESONM
720575941489322805,False,,IN04B084,,T2_MESONM
720575941723122490,False,,LAL018,,LAL
720575941476281147,False,,CB1074,,WED
720575941516061507,False,,AVLP078,,AVLP
720575941586578244,False,,VES049,,VES
720575941588970308,False,,IN01A076,,T2_MESONM
720575941611219786,True,chordotonal_organ_neuron,JO-A,right_antennal_nerve,SAD
720575941523368779,False,leg_motor_neuron,tergotrochanter,right_ventral_prothoracic_nerve,T1_PRONM
720575941511473996,False,descending_neuron,DNut054,,GNG
720575941522123595,False,,IN04B043,,T3_METANM
720575941659192144,False,,CB2365,,AVLP
720575941465729878,False,ascending_neuron,AN06B026,,INTTCT
720575941501315927,False,,LAL028,,LAL
720575941580057433,True,chordotonal_organ_neuron,JO-B,right_antennal_nerve,AMMC
720575941578746713,False,ascending_neuron,AN09B009,,ABDNM
720575941515995994,False,,AVLP488,,AVLP
720575941541718876,False,,CB0128,,AVLP
720575941448919901,False,single_leg_neuromere,IN21A020,,T1_PRONM
720575941508426590,False,,CB1459,,AVLP
720575941471300448,False,leg_motor_neuron,femur_reductor,left_mesothoracic_leg_nerve,T2_MESONM
720575941642087269,False,,PS192,,SPS
720575941593688939,False,,SAD052,,AMMC
720575941595949937,False,ascending_neuron,AN06A026,,HTCT
720575941551025012,False,,WED162,,IPS
720575941639531381,False,,CB2181,,AVLP
720575941582711673,False,single_leg_neuromere,IN14A005,,T3_METANM
720575941451737978,False,leg_motor_neuron,accessory_tibia_flexor,left_metathoracic_leg_nerve,T3_METANM
720575941499579259,False,,PVLP020,,AVLP
720575941497121659,False,,,,AVLP
720575941494008702,False,single_leg_neuromere,IN23B037,,T1_PRONM
720575941621083007,True,chordotonal_organ_neuron,JO-B,left_antennal_nerve,AMMC
720575941619903359,False,single_leg_neuromere,IN23B014,,T2_MESONM
720575941510294401,False,lobula_intrinsic,Li17,,LO
720575941530676099,False,single_leg_neuromere,IN13A045,,T3_METANM
720575941534837635,False,,AVLP235,,AVLP
720575941584448390,False,ascending_neuron,AN08B007,,AMNP
720575941414644625,False,,IN20A.22A056,,T1_PRONM
720575941627243419,False,single_leg_neuromere,IN08A005,,T2_MESONM
720575941573766045,True,chordotonal_organ_neuron,JO-A,left_antennal_nerve,AMMC
720575941642906529,False,descending_neuron,DNxl021,,GNG
720575941556399012,False,single_leg_neuromere,IN04B008,,T3_METANM
720575941564558248,True,chordotonal_organ_neuron,JO-B,right_antennal_nerve,AMMC
720575941564525480,False,single_leg_neuromere,INXXX464,,T2_MESONM
720575941442431914,False,,IN19A117,,T3_METANM
720575941517831084,False,,IN04B110,,T3_METANM
720575941408320430,False,single_leg_neuromere,IN19B012,,T3_METANM
720575941492501424,False,,CB1680,,GNG
720575941670103985,False,,AVLP265b,,AVLP
720575941574716342,False,bristle_neuron,SNta18,right_anterior_dorsal_mesothoracic_nerve,AMNP
720575941522189239,False,proximal_medulla,Pm04,,ME
720575941680393149,False,,CB1094,,GNG
720575941442661311,True,chordotonal_organ_neuron,JO-A,right_antennal_nerve,AMMC
720575941482277827,False,,PVLP135,,AVLP
720575941491289033,False,,IN11A019,,INTTCT
720575941614889941,False,,IN11A028,,INTTCT
720575941594999766,False,wedge_projection_neuron,WED015,,AVLP
720575941429488599,False,single_leg_neuromere,IN19B012,,T2_MESONM
720575941538016227,False,,,,ME
720575941556431844,False,,PS233,,IPS
720575941612039142,False,descending_neuron,DNbe005,,IPS
720575941491649511,False,ascending_neuron,AN04B023,,T3_METANM
720575941632191468,False,,CB0955,,AVLP
720575941457341421,False,,CB1078,right_antennal_nerve,AMMC
720575941458815984,False,,IN08A032,,T2_MESONM
720575941460650992,False,lobula_medulla_amacrine,LMa1,,ME
720575941456063472,False,,IN13A050,,T3_METANM
720575941669514227,False,ventral_nerve_cord_centripetal,IN23B017,,T2_MESONM
720575941569866740,False,,CB1724,,AVLP
720575941524712439,False,medulla_intrinsic,Mi1,,ME
720575941557087233,False,lobula_intrinsic,Li21,,LO
720575941516487683,False,transverse_neuron,T3,,ME
720575941392919556,False,,VES012,,VES
720575941566065671,False,,AVLP121,,AVLP
720575941575699465,False,,,,AVLP
720575941470776331,False,wedge_projection_neuron,WEDPN6A,,PLP
720575941460913165,False,sequential_leg_neuromeres,IN01A011,,T2_MESONM
720575941434207246,False,,CB0255,,AVLP
720575941654572049,False,,CB0738,,PVLP
720575941447805972,False,ventral_nerve_cord_serially_convergent,IN04A002,,T3_METANM
720575941508000791,False,,PLP249,,PLP
720575941658602520,False,ventral_nerve_cord_dorsal,IN07B033,,INTTCT
720575941658700824,False,,LAL053,,AVLP
720575941554924571,False,,CL065,,ICL
720575941417561116,False,,CB2769,,AVLP
720575941543128093,False,,AVLP409,,AVLP
720575941436697632,False,optic_anterior,OA-AL2i3,,ME
720575941508394018,False,,CB0647,,GNG
720575941557808164,False,,CB0344,,AMMC
720575941592411173,False,single_leg_neuromere,IN19A088,,T3_METANM
720575941592869928,False,single_leg_neuromere,IN09A002,,T3_METANM
720575941600767017,False,,PLP022,,PLP
720575941408025647,True,chordotonal_organ_neuron,JO,left_antennal_nerve,NO_CONS
720575941506067506,True,chordotonal_organ_neuron,JO-B,right_antennal_nerve,AMMC
720575941589986359,False,descending_neuron,DNge128,,GNG
720575941723384890,False,,CB1706,,AVLP
720575941475593275,False,,,,AVLP
720575941552794686,False,,AVLP479,,AVLP
720575941551713342,False,single_leg_neuromere,IN20A.22A007,,T3_METANM
720575941472840768,False,wedge_projection_neuron,WED006,,IPS
720575941452655687,True,chordotonal_organ_neuron,JO-B,left_antennal_nerve,NO_CONS
720575941452753991,False,single_leg_neuromere,IN12B024,,T3_METANM
720575941524155467,False,abdomen_motor_neuron,EFFabg20,abdominal_nerve_trunk,ABDNM
720575941448395854,False,,PLP019,,SPS
720575941440597077,False,,CB3660,,AVLP
720575941508295774,False,single_leg_neuromere,IN16B022,,T1_PRONM
720575941474905184,False,,AVLP465b,,AVLP
720575941429357665,False,,IN13A023,,T2_MESONM
720575941429128289,False,single_leg_neuromere,IN03A088,,T3_METANM
720575941429324897,False,,IN06A077,,HTCT
720575941526711396,False,,IN27X005,,INTTCT
720575941611187302,False,single_leg_neuromere,IN17A016,,T2_MESONM
720575941476576362,False,,CB2187,,AVLP
720575941609057389,False,ascending_neuron,AN17A026,,T2_MESONM
720575941608664173,False,,,,AVLP
720575941608336493,False,,INXXX213,,T3_METANM
720575941472087159,False,,IN09A023,,LTCT
720575941539622013,False,,,,PVLP
720575941621017727,False,,SAD010,,GNG
720575941496630400,False,single_leg_neuromere,IN08A006,,T1_PRONM
720575941507443841,False,ascending_neuron,AN08B102,,INTTCT
720575941432077449,False,,AVLP024c,,AVLP
720575941503249547,False,,,,ME
720575941502266507,False,,LAL028,,AVLP
720575941573209231,False,,CB2664,,AMMC
720575941561412754,False,,IN13B099,,T3_METANM
720575941540015253,False,,CB0924,,AVLP
720575941390527638,False,,IN03B036,,T2_MESONM
720575941565508759,False,descending_neuron,DNxl128,,T2_MESONM
720575941597457564,False,neck_motor_neuron,CvN4,left_cervical_nerve,GNG
720575941644119201,False,,IN06A018,,HTCT
720575941445086378,False,,CB3914,,WED
720575941409860782,False,single_leg_neuromere,IN20A.22A001,,T2_MESONM
720575941432405167,False,descending_neuron,DNp10,,SPS
720575941432077487,False,,SAD047,,GNG
720575941546634428,False,descending_neuron,DNp23,,AVLP
720575941440498879,False,,CB3921,,GNG
720575941438729407,False,,IN20A.22A058,,T2_MESONM
720575941599063232,False,ascending_neuron,AN18B022,,INTTCT
720575941536279745,False,ascending_neuron,AN17A004,,AMNP
720575941481000134,False,,CB0503,,GNG
720575941492501710,False,single_leg_neuromere,IN21A012,,T2_MESONM
720575941655194841,False,,IB094,,IB
720575941704477914,False,ascending_neuron,AN09B003,,T2_MESONM
720575941557939428,False,centrifugal_lobula,cL21,,AVLP
720575941608926441,False,,IN23B068,,T3_METANM
720575941454032109,False,single_leg_neuromere,IN17A022,,T1_PRONM
720575941560265966,False,,AVLP156,,AVLP
720575941537524978,False,,CB2664,,AMMC
720575941666237683,False,single_leg_neuromere,IN23B014,,T3_METANM
720575941569375482,False,,INXXX042,,AMNP
720575941625801980,False,medulla_medulla,MeMe_e13,,ME
720575941482212605,False,ventral_nerve_cord_centrifugal,IN06B035,,T3_METANM
720575941556727041,False,descending_neuron,DNp66,,AVLP
720575941554924801,False,,CB2197,,GNG
720575941484047622,False,,IN00A025,,AMNP
720575941473103115,False,,CB2178,,AVLP
720575941689896204,False,single_leg_neuromere,IN08A005,,T1_PRONM
720575941433060622,False,,IN08B087,,INTTCT
720575941652147477,False,,AVLP537,,AVLP
720575941504396567,False,leg_motor_neuron,trochanter_flexor,right_ventral_prothoracic_nerve,T1_PRONM
720575941659946264,False,,CB1125,,AMMC
720575941433322784,False,,IN01A047,,T1_PRONM
720575941399309603,False,,IN03B066,,INTTCT
720575941558332708,False,single_leg_neuromere,IN21A024,,T2_MESONM
720575941402062115,False,,WED061,,AVLP
720575941595131175,False,ventral_nerve_cord_dorsal,IN02A007,,NTCT
720575941732789547,False,wing_motor_neuron,hg2,left_anterior_dorsal_mesothoracic_nerve,HTCT
720575941734493483,False,,,,ME
720575941560790317,False,,LAL113,,LAL
720575941558562093,False,leg_motor_neuron,accessory_tibia_flexor,right_mesothoracic_leg_nerve,T2_MESONM
720575941350354224,False,,IN06A085,,INTTCT
720575941354024240,False,,AVLP031,,AVLP
720575941474413873,False,,IN17A027,,WTCT
720575941490732341,False,,CB1702,,AMMC
720575941566393654,False,lateral_horn_output_neuron,LHPV2i1a,,PLP
720575941567212854,False,,AVLP180,,AVLP
720575941471104320,False,,CB2300,,ICL
720575941484965186,False,ascending_neuron,AN04B003,,T2_MESONM
720575941507476805,False,,CB1298,,PLP
720575941458783558,False,single_leg_neuromere,IN23B054,,T3_METANM
720575941461568838,False,transverse_neuron,T2a,,ME
720575941570817352,False,,IN12A050,,INTTCT
720575941498989897,False,,IN19A057,,T3_METANM
720575941523074379,False,ventral_nerve_cord_dorsal,IN11A021,,INTTCT
720575941527727437,False,,,,ME
720575941478608207,False,,IN09A037,,T3_METANM
720575941556628819,False,,CL266_a,,AVLP
720575941427621204,False,single_leg_neuromere,IN17A061,,T1_PRONM
720575941503282519,False,,CB1827,,PLP
720575941533986136,False,single_leg_neuromere,IN20A.22A007,,T2_MESONM
720575941441842523,False,,AVLP019,,AVLP
720575941471300960,False,leg_motor_neuron,trochanter_flexor,left_mesothoracic_leg_nerve,T2_MESONM
720575941472349536,False,single_leg_neuromere,IN21A020,,T2_MESONM
720575941594803563,False,,CB1678,,AVLP
720575941414186351,False,lobula_columnar,LC17,,LO
720575941569801586,False,descending_neuron,DNpe042,,IB
720575941640220021,False,,CB1139,,AVLP
720575941471858039,False,single_leg_neuromere,IN12B040,,T2_MESONM
720575941596736901,False,,CB3914,,WED
720575941503118731,False,,AVLP308,,AVLP
720575941588675980,False,,IN02A041,,INTTCT
720575941457112479,False,single_leg_neuromere,IN13A020,,T1_PRONM
720575941556628900,False,,CB3422,,AVLP
720575941527989670,False,,AVLP215,,AVLP
720575941446364586,False,descending_neuron,DNp53,,SPS
720575941428440495,False,single_leg_neuromere,IN09A018,,T2_MVAC
720575941671644593,False,,CB3919,,GNG
720575941449772469,False,ventral_nerve_cord_serially_convergent,IN12A011,,T2_MESONM
720575941543620028,False,ventral_nerve_cord_centripetal,IN19A069,,LTCT
720575941680033213,False,,IN11B017,,HTCT
720575941603323326,False,single_leg_neuromere,IN13B010,,T3_METANM
720575941440368063,False,,IN06A038,,HTCT
720575941504429506,False,,IN08B054,,T2_MESONM
720575941623147978,False,leg_motor_neuron,accessory_trochanter_flexor,right_prothoracic_leg_nerve,T1_PRONM
720575941532577227,False,lobula_tangential,LTe64,,SPS
720575941514194385,False,,CB1382,,AVLP
720575941513702865,False,ascending_neuron,AN23B004,,T2_MESONM
720575941618658773,False,,IN00A003,,T3_METANM
720575941617642965,False,ascending_neuron,AN18B023,,NTCT
720575941652311513,False,single_leg_neuromere,IN21A023,,T2_MESONM
720575941613448668,False,single_leg_neuromere,IN09A002,,T2_MESONM
720575941586775518,False,,AOTU042,,LAL
720575941480771040,False,,CB3870,,AMMC
720575941628587490,False,,IN07B080,,INTTCT
720575941534150117,False,single_leg_neuromere,IN03A004,,T3_METANM
720575941492764135,False,serpentine_medulla,Sm23,,ME
720575941611548137,False,,AVLP162,,AVLP
720575941455932912,False,,IN03B070,,HTCT
720575941539327474,False,ascending_neuron,AN06B009,,HTCT
720575941669711347,False,,AVLP031,,AVLP
720575941514456569,False,descending_neuron,DNfl032,,GNG
720575941566787066,False,,IN14A085,,T2_MESONM
720575941515668995,False,ascending_neuron,AN09B020,,T1_PRONM
720575941515800067,False,,CB1751,,IPS
720575941514620419,False,,IN13B028,,T1_PRONM
720575941572062729,False,single_leg_neuromere,IN19A003,,T2_MESONM
720575941687963148,False,,CB3269,,AVLP
720575941463764493,False,,PS303,,IPS
720575941654539793,False,,CB2449,,AVLP
720575941504593431,False,,IN21A059,,T2_MESONM
720575941534674458,False,medulla_intrinsic,Mi4,,ME
720575941416644124,False,ventral_nerve_cord_centrifugal,IN06B008,,INTTCT
720575941544439325,False,wing_motor_neuron,ps1,left_mesothoracic_accessory_nerve,WTCT
720575941477166622,False,,IN12A008,,INTTCT
720575941478215198,False,,mALB1,,VES
720575941602143785,True,chordotonal_organ_neuron,JO-B,left_antennal_nerve,AMMC
720575941559643693,False,single_leg_neuromere,IN12B040,,T3_METANM
720575941352943152,False,single_leg_neuromere,IN09A001,,T3_METANM
720575941477592628,False,,CB3425,,AVLP
720575941491519029,False,,,,ME
720575941477297716,False,,IN06B040,,NTCT
720575941474741819,False,,IN12B015,,INTTCT
720575941590576708,True,chordotonal_organ_neuron,JO-B,right_antennal_nerve,AMMC
720575941587594820,False,,CB1094,,GNG
720575941500005961,False,,AVLP194_a,,AVLP
720575941515046476,False,,,,LOP
720575941451902542,False,ascending_neuron,AN17A013,,T1_PRONM
720575941482573391,True,chordotonal_organ_neuron,JO-A,left_antennal_nerve,SAD
720575941481360975,False,,CB2287,,AVLP
720575941579042385,False,,AVLP069,,AVLP
720575941429161556,False,lobula_columnar,LC11,,LO
720575941441187413,False,,AVLP152,,AVLP
720575941440597589,False,,AVLP567,,AVLP
720575941515341402,False,single_leg_neuromere,IN13B018,,T1_PRONM
720575941509705310,False,,,,LO
720575941585464927,False,,CB3425,,AVLP
720575941584645727,False,,AVLP451c,,AVLP
720575941566525026,False,,CB3865,,AMMC
720575941528317540,True,chordotonal_organ_neuron,JO-A,right_antennal_nerve,AMMC
720575941643562597,False,lobula_columnar,LC11,,LO
720575941576126056,False,,CB2289,,ICL
720575941406060144,False,single_leg_neuromere,IN14A012,,T2_MESONM
720575941567114866,False,,INXXX996_f,,T1_PRONM
720575941640253045,False,lobula_columnar,LC11,,LO
720575941688651382,False,single_leg_neuromere,IN19A011,,T1_PRONM
720575941645266552,False,,CB0005,,GNG
720575941453213306,False,single_leg_neuromere,IN17A052,,T2_MESONM
720575941534543491,True,chordotonal_organ_neuron,JO-B,left_antennal_nerve,AMMC
720575941593984645,False,abdomen_motor_neuron,EFFabg12,abdominal_nerve_trunk,ABDNM
720575941432110729,True,chordotonal_organ_neuron,JO-B,left_antennal_nerve,AMMC
720575941502037643,False,single_leg_neuromere,IN21A018,,T2_MESONM
720575941577010831,False,,,,LO
720575941565476498,True,chordotonal_organ_neuron,JO-B,left_antennal_nerve,AMMC
720575941538082453,False,leg_motor_neuron,tibia_flexor,right_metathoracic_leg_nerve,T3_METANM
720575941690617496,False,,WED004,,WED
720575941633109664,False,ascending_neuron,AN07B045,,INTTCT
720575941410385579,False,,CB1023,,GNG
720575941612695213,False,ventral_nerve_cord_centripetal,IN23B013,,T2_MESONM
720575941409500846,False,,,,AVLP
720575941432045231,True,chordotonal_organ_neuron,JO-B,right_antennal_nerve,AMMC
720575941544636084,False,,IN19A120,,T1_PRONM
720575941633863355,False,ascending_neuron,AN08B018,,LTCT
720575941441318591,False,,IN02A013,,INTTCT
720575941537492673,False,lamina_wide_field,Lawf2,,ME
720575941504462530,False,single_leg_neuromere,IN14A012,,T2_MESONM
720575941479034563,False,wing_motor_neuron,DLM1-4,right_posterior_dorsal_mesothoracic_nerve,WTCT
720575941482213059,False,,CB1552,,AVLP
720575941480378054,False,single_leg_neuromere,IN20A.22A024,,T2_MESONM
720575941494992583,False,,IN00A053,,INTTCT
720575941645561544,False,,CB0284,,AVLP
720575941624983242,False,single_leg_neuromere,IN13B025,,T1_PRONM
720575941531266763,False,single_leg_neuromere,IN09A017,,LTCT
720575941432274647,False,ascending_neuron,AN17A015,,T2_MESONM
720575941471530717,False,lobula_intrinsic,Li26,,LO
720575941492960999,False,,CB2237,,IPS
720575941537492712,False,ascending_neuron,AN17A015,,T1_PRONM
720575941611319017,False,leg_motor_neuron,trochanter_flexor,left_metathoracic_leg_nerve,T3_METANM
720575941557579502,False,single_leg_neuromere,IN19A021,,T2_MESONM
720575941570031348,False,,CB1360,,AVLP
720575941577633525,False,,CB3200b,,GNG
720575941569375994,False,single_leg_neuromere,INXXX468,,T1_PRONM
720575941550894847,False,ventral_nerve_cord_centripetal,IN19A069,,T1_PRONM
720575941552008959,False,,IN16B114,,T1_PRONM
720575941513539331,False,,CB2556,,AMMC
720575941513146115,False,single_leg_neuromere,IN01A030,,T1_PRONM
720575941545815813,False,,AVLP257,,AVLP
720575941571637000,False,single_leg_neuromere,IN20A.22A055,,T2_MESONM
720575941469925131,False,,CB1206,,WED
720575941472841483,False,serpentine_medulla,Sm12,,ME
720575941468679947,False,,IN07B081,,WTCT
720575941430243086,False,single_leg_neuromere,IN13B019,,T1_PRONM
720575941435846418,False,,INXXX448,,ABDNM
720575941611712275,False,,IN00A065,,T2_MVAC
720575941527924505,False,,IN11A022,,AMNP
720575941554171675,False,,AVLP550b,,AVLP
720575941554237211,False,,LAL052,,LAL
720575941413990172,False,,IN07B086,,HTCT
720575941558333220,False,single_leg_neuromere,IN19B003,,T3_METANM
720575941599457065,False,ventral_nerve_cord_centripetal,IN23B023,,T1_PRONM
720575941437386540,False,single_leg_neuromere,IN01A032,,T2_MESONM
720575941487488821,False,ascending_neuron,AN10B019,,T2_MESONM
720575941720436538,False,,IN11A005,,T1_PRONM
720575941474742075,False,single_leg_neuromere,IN20A.22A005,,T3_METANM
720575941440630591,False,single_leg_neuromere,IN13B021,,T1_PRONM
720575941484965698,False,ascending_neuron,AN19B036,,T3_METANM
720575941514227523,True,chordotonal_organ_neuron,JO-B,right_antennal_nerve,AMMC
720575941571931976,False,bristle_neuron,BM_Taste,right_maxillary-labial_nerve,GNG
720575941612400458,False,single_leg_neuromere,IN13B035,,T1_PRONM
720575941513768780,False,descending_neuron,DNge037,,GNG
720575941451640654,False,,CB0925,,AVLP
720575941660962640,False,lamina_wide_field,Lawf2,,ME
720575941425229652,False,ventral_nerve_cord_centripetal,IN23B025,,T2_MESONM
720575941577437017,False,,IN09A075,,T2_MVAC
720575941526941540,False,,PLP034,,SPS
720575941612302182,False,,CB3567,,AVLP
720575941610073958,False,abdomen_motor_neuron,MNad02,right_second_abdominal_nerve,ABDNM
720575941547814761,False,,CB1101,,AVLP
720575941546602345,False,descending_neuron,DNpe031,,AVLP
720575941627244396,False,ascending_neuron,AN23B001,,AMNP
720575941560397683,False,,INXXX363,,ABDNM
720575941640941429,False,medulla_intrinsic,Mi1,,ME
720575941664829308,True,chordotonal_organ_neuron,JO-A,right_antennal_nerve,AMMC
720575941532675971,False,,IN19A041,,T2_MESONM
720575941593919365,False,,IN11A012,,LTCT
720575941583564678,False,,PLP025a,,IPS
720575941625638794,False,,CB3422,,AVLP
720575941415497617,False,ascending_neuron,AN11B008,,INTTCT
720575941514358675,False,descending_neuron,DNg51,,GNG
720575941518225299,False,ascending_neuron,AN13B002,,T1_PRONM
720575941516750739,False,single_leg_neuromere,IN21A035,,T3_METANM
720575941566132119,False,descending_neuron,DNg22,,GNG
720575941558366116,False,,CB1125,,AMMC
720575941504200613,False,neck_motor_neuron,DProN5,left_dorsal_prothoracic_nerve,NTCT
720575941563183016,False,descending_neuron,DNg74,,GNG
720575941411303339,False,,AVLP265,,AVLP
720575941412777899,False,optic_anterior,OA-AL2b1,,SPS
720575941410189230,False,lobula_intrinsic,Li17,,LO
720575941406912430,False,lobula_plate_lobula_columnar,LPLC1,,LO
720575941494271920,False,,AVLP538,,AVLP
720575941448986549,False,,CB1978,,GNG
720575941438631871,False,,IN04B081,,T2_MESONM
720575941598179264,False,,CB3858,,AVLP
720575941626032074,False,descending_neuron,DNg95,,SPS
720575941530152907,False,campaniform_sensillum_neuron,DNx01,left_antennal_nerve,LTCT
720575941537591245,False,,INXXX469,,T2_MESONM
720575941440925647,False,single_leg_neuromere,IN14A011,,T1_PRONM
720575941487783888,False,ascending_neuron,AN09B009,,T2_MESONM
720575941462618067,False,,CB2186,,AVLP
720575941430865879,False,,PS203b,,SPS
720575941519241176,False,descending_neuron,DNxl111,,GNG
720575941518127064,False,ventral_nerve_cord_centripetal,IN23B041,,T1_PRONM
720575941432569815,False,,PVLP120,,AVLP
720575941520551896,False,lobula_columnar,LC11,,LO
720575941612203996,False,single_leg_neuromere,IN01A015,,T2_MESONM
720575941687832539,False,single_leg_neuromere,IN13B074,,T2_MESONM
720575941519273944,False,,IN11B014,,WTCT
720575941436960735,False,leg_motor_neuron,accessory_tibia_flexor,right_mesothoracic_leg_nerve,T2_MESONM
720575941583663070,False,,IN04B093,,T1_PRONM
720575941537820648,False,,IB015,,AVLP
720575941431160824,False,leg_motor_neuron,tibia_flexor,left_metathoracic_leg_nerve,T3_METANM
720575941515898873,False,leg_motor_neuron,tibia_flexor,left_metathoracic_leg_nerve,T3_METANM
720575941428965368,False,,IN12A036,,INTTCT
720575941515636729,False,lamina_wide_field,Lawf2,,ME
720575941569376250,False,,IN17A035,,AMNP
720575941590118398,False,,AOTU032,,PLP
720575941527695362,False,,VESa2_H02,,PLP
720575941513146371,False,single_leg_neuromere,IN16B030,,T2_MESONM
720575941562363911,False,single_leg_neuromere,IN09A030,,T2_MESONM
720575941575405577,True,chordotonal_organ_neuron,JO-B,right_antennal_nerve,AMMC
720575941688487948,False,,IN03A005,,T2_MESONM
720575941509738512,False,,AVLP297,,AVLP
720575941613252627,False,single_leg_neuromere,IN13B019,,T1_PRONM
720575941448790036,False,,CB2203,,IPS
720575941524353049,False,,IN04B081,,T2_MESONM
720575941536739354,False,,AVLP577,,AVLP
720575941552926747,False,leg_motor_neuron,tarsus_depressor,right_metathoracic_leg_nerve,T3_METANM
720575941540147229,False,single_leg_neuromere,IN13B018,,T3_METANM
720575941542866973,False,single_leg_neuromere,IN13B004,,T1_PRONM
720575941478608926,False,single_leg_neuromere,IN14A011,,T1_PRONM
720575941433749536,False,,CB0958,,GNG
720575941505478690,False,,IN12A054,,HTCT
720575941592477733,False,,IN08A026,,T2_MESONM
720575941593952296,False,,SAD013,,WED
720575941592838184,False,single_leg_neuromere,IN13B026,,T1_PRONM
720575941558661165,False,,IN12A054,,HTCT
720575941405601839,False,single_leg_neuromere,IN12B023,,T1_PRONM
720575941478248497,False,,AVLP140,,WED
720575941506134066,False,,CB2034,,AMMC
720575941628162105,False,,AVLP162,,AVLP
720575941474742331,False,ventral_nerve_cord_centripetal,IN23B013,,T3_METANM
720575941436862527,False,single_leg_neuromere,IN20A.22A001,,T1_PRONM
720575941507280965,False,,IN06B077,,INTTCT
720575941460062278,False,,AVLP109,,AVLP
720575941450756167,False,,GFC1,,INTTCT
720575941498007625,False,single_leg_neuromere,IN16B030,,T3_METANM
720575941450559566,False,single_leg_neuromere,IN09A002,,T2_MESONM
720575941440630869,False,,CB1730,,AVLP
720575941467992150,False,,CB2514,,AVLP
720575941515702362,False,,IN19A120,,T1_PRONM
720575941516849242,False,,AVLP546,,AVLP
720575941471301728,False,leg_motor_neuron,tergotrochanter,left_posterior_dorsal_mesothoracic_nerve,T2_MESONM
720575941432143969,False,,AVLP283,,AVLP
720575941430472801,False,,IN03A041,,T3_METANM
720575941525827684,False,single_leg_neuromere,IN08A002,,T1_PRONM
720575941576683624,False,sequential_leg_neuromeres,IN02A003,,T2_MESONM
720575941590872171,False,leg_motor_neuron,accessory_tibia_flexor,left_prothoracic_leg_nerve,T1_PRONM
720575941595328625,False,,SAD034,,AMMC
720575941567115378,False,,IN18B044,,T3_METANM
720575941550370932,False,,AVLP107,,AVLP
720575941640351861,False,,,,ME
720575941688651894,False,,INXXX042,,AMNP
720575941471203447,False,,IN03B066,,HTCT
720575941637795957,False,ventral_nerve_cord_serially_convergent,IN12A011,,T1_PRONM
720575941663518844,False,descending_neuron,DNxn146,,GNG
720575941540278397,False,single_leg_neuromere,IN13B010,,T2_MESONM
720575941586874502,False,,PVLP021,,AVLP
720575941487325325,False,ascending_neuron,AN09B028,,T2_MESONM
720575941392658582,False,,INXXX140,,T3_METANM
720575941552173210,False,,CB1760,,WED
720575941627015323,True,chordotonal_organ_neuron,JO-B,left_antennal_nerve,AMMC
720575941552959642,False,optic_lobe_intrinsic_centrifugal,C3,,ME
720575941478117539,False,single_leg_neuromere,IN09A022,,T3_METANM
720575941556269220,False,ventral_nerve_cord_centripetal,IN23B081,,T1_PRONM
720575941503643813,False,,IN19A117,,INTTCT
720575941672628391,False,single_leg_neuromere,IN01B006,,T3_METANM
720575941443907754,False,leg_motor_neuron,trochanter_extensor,left_mesothoracic_leg_nerve,T2_MESONM
720575941409042603,False,leg_motor_neuron,tarsus_depressor,left_mesothoracic_leg_nerve,T2_MESONM
720575941671645361,False,centrifugal_lobula,cL01,,GNG
720575941603750073,False,single_leg_neuromere,IN20A.22A061,,T3_METANM
720575941484572858,False,,AVLP314,,AVLP
720575941602242750,False,ascending_neuron,IN08B003,,INTTCT
720575941645332680,False,,CL099c,,SCL
720575941486866640,False,,IN06A078,,HTCT
720575941515440337,False,,,,ME
720575941595787478,False,,PVLP106,,AVLP
720575941430931671,False,,CB2905,,AVLP
720575941519175896,True,chordotonal_organ_neuron,JO-B,right_antennal_nerve,AMMC
720575941655195865,False,,PS100,,GNG
720575941470417117,False,lamina_wide_field,Lawf2,,ME
720575941478281440,False,leg_motor_neuron,tergotrochanter,right_ventral_prothoracic_nerve,T1_PRONM
720575941496664289,False,,CB0909,,GNG
720575941631013090,False,descending_neuron,DNxl134,,GNG
720575941491618023,False,,IN06B065,,LTCT
720575941608861929,False,,IN03B066,,INTTCT
720575941501055211,False,,IN03B092,,INTTCT
720575941460455664,False,,PS065,,SPS
720575941649854705,False,single_leg_neuromere,IN12B036,,T1_PRONM
720575941540344050,False,,CB0891,,GNG
720575941567049972,False,,IN17A099,,AMNP
720575941580878069,True,chordotonal_organ_neuron,JO-B,right_antennal_nerve,NO_CONS
720575941523599607,False,,PLP018,,PLP
720575941520355575,False,,IN13B042,,T2_MESONM
720575941516357881,False,descending_neuron,DNpe014,,SPS
720575941572718843,False,single_leg_neuromere,IN12B077,,T2_MESONM
720575941484212477,False,,PVLP123b,,AVLP
720575941527662850,False,,AVLP200,,AVLP
720575941515931907,False,,AVLP548_e,,AVLP
720575941535330570,False,,IN08A031,,T2_MESONM
720575941685702924,False,,IN21A074,,T2_MESONM
720575941465075981,False,distal_medulla,Dm13,,ME
720575941433356558,False,,PVLP088,,AVLP
720575941433061646,False,ascending_neuron,AN08B032,,AMNP
720575941445677332,False,descending_neuron,DNge060,,GNG
720575941466026262,False,,CB2034,,AMMC
720575941507051799,False,single_leg_neuromere,IN21A018,,T2_MESONM
720575941551321371,False,,IN03B005,,WTCT
720575941508395298,False,,PS230,,PLP
720575941508526370,False,,CL252,,AVLP
720575941402456355,False,,CB1021,,GNG
720575941630619942,False,,CB2340,,AVLP
720575941595590951,False,descending_neuron,DNae005,,VES
720575941590741288,False,,PS194,,IPS
720575941352943920,False,single_leg_neuromere,IN20A.22A041,,T2_MESONM
720575941478215985,False,descending_neuron,DNp11,,AMMC
720575941477921076,True,chordotonal_organ_neuron,JO-B,right_antennal_nerve,SAD
720575941478248756,False,single_leg_neuromere,IN13A015,,T2_MESONM
720575941563314486,False,,IN19B070,,WTCT
720575941565477174,False,descending_neuron,DNfl021,,LAL
720575941723386170,False,ascending_neuron,ANXXX102,,AMNP
720575941549683006,False,,IN06A116,,INTTCT
720575941436764479,False,,IN02A024,,T3_METANM
720575941472842048,False,,CB2461,,IPS
720575941470744896,False,single_leg_neuromere,IN08A008,,T1_PRONM
720575941453803847,False,,,,ME
720575941524746573,False,leg_motor_neuron,trochanter_flexor,left_ventral_prothoracic_nerve,T1_PRONM
720575941556793683,False,,CB1613,,AVLP
720575941441319259,False,single_leg_neuromere,IN01B020,,T1_PRONM
720575941542474076,False,,IN23B008,,AMNP
720575941539754332,False,,IN03A058,,T2_MESONM
720575941583368543,False,ascending_neuron,AN14A003,,T1_PRONM
720575941586186591,False,,,,ME
720575941584712031,False,,CB3905,,GNG
720575941474054496,False,ascending_neuron,AN01B011,,T2_MESONM
720575941583892831,False,,WED096a,,IPS
720575941640909157,False,,IN07B067,,HTCT
720575941563806055,False,single_leg_neuromere,IN20A.22A061,,T2_MESONM
720575941565378919,False,wing_motor_neuron,iii3,left_mesothoracic_accessory_nerve,HTCT
720575941566034279,False,,SAD005,,IPS
720575941592445291,False,ascending_neuron,AN08B099,,INTTCT
720575941557612915,False,,w-cHIN,,HTCT
720575941559349619,False,,IN16B071,,INTTCT
720575941688914294,False,,AVLP253,,AVLP
720575941505970561,False,single_leg_neuromere,IN13A045,,T3_METANM
720575941527466372,False,lobula_tangential,LT51,,LO
720575941500465547,False,ascending_neuron,AN17B009,,LTCT
720575941413892497,False,,IN19A045,,T3_METANM
720575941391970710,False,single_leg_neuromere,IN12B033,,T3_METANM
720575941691666840,False,,CB0108,,GNG
720575941457932703,False,ventral_nerve_cord_dorsal,IN11A021,,INTTCT
720575941672563111,False,,LAL138,,LAL
720575941408354734,False,,CB0202,,GNG
720575941431194031,False,,CB0487,,GNG
720575941534118322,False,,IN06A137,,HTCT
720575941483721146,False,,PVLP124,,AVLP
720575941682360765,False,,AVLP219b,,AVLP
720575941441909183,False,,SAD053,,AMMC
720575941588611520,False,bristle_neuron,BM_Vib,right_eye_nerve,GNG
720575941479133635,False,,IN01B068,,T3_METANM
720575941495615943,False,lamina_wide_field,Lawf2,,ME
720575941531070923,False,,IN13A044,,T2_MESONM
720575941704872410,False,,,,ME
720575941613679068,False,,AVLP040,,AVLP
720575941587661278,False,chordotonal_organ_neuron,JO-E,left_antennal_nerve,AMMC
720575941632487906,False,,CB0987,,IPS
720575941556433380,False,,CB2593,,AVLP
720575941529891301,False,single_leg_neuromere,IN03A039,,T1_PRONM
720575941611876838,False,,,,ME
720575941536510440,False,,IN20A.22A025,,T1_PRONM
720575941535232488,False,,WED080,,IPS
720575941535068650,False,ascending_neuron,AN19B010,,T2_MESONM
720575941688947183,False,,AVLP076,,AVLP
720575941536313842,False,single_leg_neuromere,IN13B050,,T2_MESONM
720575941577044469,False,single_leg_neuromere,IN23B014,,T3_METANM
720575941601587702,False,,CB3064,,IPS
720575941581238773,False,ascending_neuron,AN08B109,,INTTCT
720575941428277752,False,,IN06A116,,INTTCT
720575941591298558,False,lamina_wide_field,Lawf2,,ME
720575941552009727,False,descending_neuron,DNg49,,GNG
720575941565313536,False,,CB3327,,WED
720575941556793857,False,,,,ME
720575941562036743,False,descending_neuron,DNut042,,SPS
720575941575242248,False,,CB0065,,GNG
720575941572194825,False,single_leg_neuromere,IN21A038,,T2_MESONM
720575941689668108,False,,AVLP259,,AVLP
720575941507838480,False,,IN13A050,,T1_PRONM
720575941614268947,False,single_leg_neuromere,IN00A019,,T2_MVAC
720575941448167956,False,,VES012,,VES
720575941448135188,False,,CB2834,,WED
720575941649232405,False,single_leg_neuromere,IN12B030,,T1_PRONM
720575941504365079,False,single_leg_neuromere,IN14A023,,T1_PRONM
720575941533790746,False,single_leg_neuromere,IN14A004,,T2_MESONM
720575941536707098,False,,CB0486,,GNG
720575941413958172,False,single_leg_neuromere,IN12B025,,T2_MESONM
720575941542703645,False,medulla_intrinsic,Mi1,,ME
720575941403210275,False,sequential_leg_neuromeres,IN13A004,,T3_METANM
720575941593133608,False,,CB2376,,AVLP
720575941590315560,False,single_leg_neuromere,IN20A.22A041,,T1_PRONM
720575941353402928,False,,CB2449,,AVLP
720575941501874738,False,single_leg_neuromere,IN19A024,,T1_PRONM
720575941506331186,False,ventral_nerve_cord_serially_convergent,IN01A001,,T1_PRONM
720575941454918195,False,ascending_neuron,AN06B002,,T2_MESONM
720575941476250164,False,descending_neuron,DNut062,,GNG
720575941564887606,False,,AVLP205a,,AVLP
720575941720437306,False,,IN01A050,,INTTCT
720575941550240317,False,,AVLP458,,AVLP
720575941549781566,False,,IN13A060,,T1_PRONM
720575941574324808,False,,CB2651,,AVLP
720575941499351625,False,,CB1557,,AVLP
720575941574292040,False,,CL261b,,AVLP
720575941511049804,False,ventral_nerve_cord_dorsal,IN02A023,,INTTCT
720575941513540172,False,lamina_wide_field,Lawf2,,ME
720575941575864921,False,single_leg_neuromere,IN19A106,,T1_PRONM
720575941513310810,False,,IN13B055,,T1_PRONM
720575941565182562,False,single_leg_neuromere,IN21A007,,T1_PRONM
720575941564428898,False,,CB0528,,GNG
720575941566493282,False,descending_neuron,DNp09,,AVLP
720575941643072101,False,,CB0104,right_antennal_nerve,AMMC
720575941612073574,False,single_leg_neuromere,IN13A010,,T3_METANM
720575941608600173,False,,AVLP020,,AVLP
720575941413499503,False,lobula_plate_lobula_columnar,LPLC4,,LO
720575941403931248,False,ascending_neuron,ANXXX092,,T2_MESONM
720575941596082801,False,ascending_neuron,AN09B009,,T2_MESONM
720575941549978228,False,,IN01A048,,ABDNM
720575941689864822,False,,CB3661,,AVLP
720575941498630779,False,,CB2237,,SPS
720575941541982845,True,chordotonal_organ_neuron,JO-B,right_antennal_nerve,AMMC
720575941494633086,False,,WEDPN8B,,IPS
720575941619905151,False,,IN06B001,,T1_PRONM
720575941508526721,False,single_leg_neuromere,IN19A005,,T3_METANM
720575941505774209,False,,IN07B081,,INTTCT
720575941596115589,False,lamina_wide_field,Lawf2,,ME
720575941548733064,False,single_leg_neuromere,IN21A018,,T1_PRONM
720575941626196618,False,,IN23B018,,T2_MESONM
720575941499417227,False,ventral_nerve_cord_dorsal,IN00A041,,LTCT
720575941625803402,False,,CB3863,,AVLP
720575941572817551,False,ventral_nerve_cord_dorsal,IN06B024,,INTTCT
720575941413204625,False,single_leg_neuromere,IN13A042,,T3_METANM
720575941414810260,False,,CB0450,,AVLP
720575941540410005,False,ascending_neuron,AN09B013,,AMNP
720575941539099285,False,single_leg_neuromere,IN13A006,,T1_PRONM
720575941691962008,False,,CL257,,ICL
720575941632094880,False,leg_motor_neuron,femur_reductor,left_metathoracic_leg_nerve,T3_METANM
720575941480772259,False,ascending_neuron,AN09B004,,T1_PRONM
720575941529137830,False,,CB1817a,,AVLP
720575941518062252,False,,CB1918,,AMMC
720575941534347954,False,ventral_nerve_cord_dorsal,IN00A063,,T2_MVAC
720575941485327034,False,centrifugal_medulla,cM13,,IB
720575941543621308,False,single_leg_neuromere,IN13B058,,T2_MESONM
720575941596050112,False,wing_motor_neuron,DLM5,right_posterior_dorsal_mesothoracic_nerve,WTCT
720575941644939976,False,single_leg_neuromere,IN09A012,,T2_MESONM
720575941491815113,False,,AVLP069,,AVLP
720575941531923147,False,leg_motor_neuron,sternal_anterior_rotator,left_ventral_prothoracic_nerve,T1_PRONM
720575941490537164,False,,CB3560,,IPS
720575941439091407,False,single_leg_neuromere,IN04B095,,T1_PRONM
720575941512950481,False,,CB1523,,AVLP
720575941586449118,False,ventral_nerve_cord_dorsal,IN11A011,,AMNP
720575941492929255,True,chordotonal_organ_neuron,JO-B,left_antennal_nerve,AMMC
720575941632291564,False,,AVLP488,,AVLP
720575941456851693,False,ascending_neuron,AN01A055,,GNG
720575941653492465,False,,CB0238,,GNG
720575941571113716,False,,AVLP059,,AVLP
720575941523141367,False,,CB0869,,GNG
720575941523043063,False,,CB0640,,IPS
720575941568951034,False,single_leg_neuromere,IN20A.22A003,,T1_PRONM
720575941574095611,False,,CB1274,,AVLP
720575941590840062,False,,IN12A059,,INTTCT
720575941549224703,False,,IN09A080,,T1_PRONM
720575941564101383,False,single_leg_neuromere,IN19A016,,T1_PRONM
720575941535331082,False,ventral_nerve_cord_dorsal,IN06B024,,INTTCT
720575941434012430,False,,CL066,,SPS
720575941556990735,False,descending_neuron,DNfl032,,GNG
720575941511836432,False,single_leg_neuromere,IN03A004,,T3_METANM
720575941445350164,False,single_leg_neuromere,IN19A021,,T3_METANM
720575941506003735,False,,IN19A074,,T3_METANM
720575941551420187,False,,IN03A065,,T1_PRONM
720575941543031581,False,,AVLP548_b,,AVLP
720575941558334244,False,,IN01A018,,T1_PRONM
720575941593297704,False,,AVLP400,,AVLP
720575941474874154,False,,LAL184,,LAL
720575941562921773,False,ascending_neuron,AN08B012,,T2_MESONM
720575941559022381,False,descending_neuron,DNge095,,GNG
720575941477298996,False,descending_neuron,DNge144,,GNG
720575941664273208,False,lobula_intrinsic,Li33,,LO
720575941723190074,False,ventral_nerve_cord_centripetal,IN23B023,,T2_MESONM
720575941440631615,True,chordotonal_organ_neuron,JO-B,left_antennal_nerve,AMMC
720575941440467775,False,,CB0230,,IPS
720575941477921601,False,single_leg_neuromere,IN13A012,,T1_PRONM
720575941484311362,False,,CB0912,,GNG
720575941590381380,False,descending_neuron,DNa04,,SPS
720575941571900232,False,ascending_neuron,AN18B004,,LTCT
720575941498958665,False,single_leg_neuromere,IN19A046,,T3_METANM
720575941502628695,False,descending_neuron,DNp15,,IPS
720575941578158937,False,,PS106,,SPS
720575941540246364,False,descending_neuron,DNxn125,,IPS
720575941507937118,False,,CB1774,,AVLP
720575941515473763,False,lobula_intrinsic,Li15,,LO
720575941567378279,False,wedge_projection_neuron,WEDPN11,,PLP
720575941566690151,False,,CL140,,ICL
720575941547455337,False,,WED115,,WED
720575941574161256,False,,IN13A057,,T2_MESONM
720575941626065772,False,,IN04B002,,AMNP
720575941516784494,False,,IN08B051,,INTTCT
720575941412647791,False,,AVLP444,,AVLP
720575941409796975,False,single_leg_neuromere,IN17A061,,T1_PRONM
720575941596181361,False,,AVLP018,,AVLP
720575941595919217,False,single_leg_neuromere,IN16B016,,T2_MESONM
720575941412778863,False,,LAL203,,LAL
720575941688947574,False,,,,AVLP
720575941583270777,True,chordotonal_organ_neuron,JO-B,left_antennal_nerve,AMMC
720575941450363770,False,ascending_neuron,AN18B004,,LTCT
720575941660767100,False,,IN23B066,,T2_MESONM
720575941394658198,False,descending_neuron,DNg37,,SPS
720575941566198679,True,chordotonal_organ_neuron,JO-A,left_antennal_nerve,AMMC
720575941616497561,False,descending_neuron,DNxn163,,PLP
720575941627278235,False,lobula_plate_lobula_columnar,LPLC4,,LO
720575941571965853,False,,IN13A050,,T3_METANM
720575941480969123,False,ascending_neuron,AN01B005,,T2_MESONM
720575941503644581,False,single_leg_neuromere,IN09A064,,INTTCT
720575941507117989,False,lobula_tangential,LT53,,PLP
720575941563184040,False,,IN07B001,,T1_PRONM
720575941408453547,False,,IN01B048,,T2_MESONM
720575941494567856,False,,,,LO
720575941669778353,False,single_leg_neuromere,IN14A012,,T1_PRONM
720575941545292724,False,,CB2712,,PVLP
720575941603718073,False,ascending_neuron,AN12A017,,INTTCT
720575941482476474,False,,IN03A037,,T3_METANM
720575941605192633,False,,,,ME
720575941545685948,False,,CB3064,,WED
720575941602800569,False,ventral_nerve_cord_centripetal,IN19A093,,T1_PRONM
720575941497189319,False,chordotonal_organ_neuron,JO-E,left_antennal_nerve,AMMC
720575941491192782,False,,PVLP108,,AVLP
720575941487752144,False,leg_motor_neuron,tibia_flexor,left_metathoracic_leg_nerve,T3_METANM
720575941619086293,False,centrifugal_lobula_plate,cLP03,,IPS
720575941702153178,False,,IN20A.22A010,,T3_METANM
720575941585466334,False,,SAD049,,IPS
720575941612598249,False,single_leg_neuromere,IN01B007,,T2_MESONM
720575941535724522,False,descending_neuron,DNge056,,GNG
720575941689275375,False,,IN19A046,,T3_METANM
720575941653885937,False,lobula_medulla_amacrine,LMa3,,LO
720575941566788602,False,,IN03B069,,HTCT
720575941624198140,False,ventral_nerve_cord_serially_convergent,IN09B043,,T2_MESONM
720575941623968764,False,,AVLP136,,AVLP
720575941590283262,False,,CB0509,,SPS
720575941571376136,False,,IN11A015,,LTCT
720575941535331338,False,,IN18B039,,INTTCT
720575941688488972,False,single_leg_neuromere,IN01A038,,T3_METANM
720575941460882445,False,lobula_plate_lobula_columnar,LPLC1,,LOP
720575941510722576,False,,CB0827,,GNG
720575941413893148,False,single_leg_neuromere,IN14A009,,T2_MESONM
720575941400818723,False,ventral_nerve_cord_dorsal,IN14B007,,INTTCT
720575941595198501,False,single_leg_neuromere,IN03A014,,T1_PRONM
720575941592511528,False,medulla_intrinsic,Mi1,,ME
720575941734560811,False,lobula_columnar,LC11,,LO
720575941734593579,False,,,,ME
720575941561381933,False,,IN27X001,,INTTCT
720575941477954609,False,ascending_neuron,ANXXX154,,T1_PRONM
720575941506135090,True,chordotonal_organ_neuron,JO-B,right_antennal_nerve,SAD
720575941475988529,False,,IN07B081,,INTTCT
720575941472613435,False,,IN13B028,,T1_PRONM
720575941507249212,False,,CB1138,,IPS
720575941474677825,False,descending_neuron,DNg89,,GNG
720575941483852866,False,ventral_nerve_cord_serially_convergent,IN00A012,,LTCT
720575941486670914,False,,CB1605,,AVLP
720575941508297797,False,,PLP221,,PLP
720575941505872965,False,ascending_neuron,AN08B109,,INTTCT
720575941571900488,False,ascending_neuron,AN09B023,,AMNP
720575941525795915,False,,,,ME
720575941478577231,False,leg_motor_neuron,tibia_extensor,left_prothoracic_leg_nerve,T1_PRONM
720575941427950676,False,ascending_neuron,AN07B036,,ABDNM
720575941439321173,False,single_leg_neuromere,IN13B010,,T1_PRONM
720575941578880089,False,lobula_columnar,LC11,,LO
720575941516227674,False,,IB008,,SPS
720575941542442076,False,single_leg_neuromere,IN19B012,,T1_PRONM
720575941449315421,False,,CB3913,,WED
720575941585466463,False,,CB3298,,AVLP
720575941431882849,False,,CB2238,,WED
720575941609419878,False,,IN03A046,,T1_PRONM
720575941563872359,False,,IN03B086,,INTTCT
720575941576356968,False,,LAL096,,SPS
720575941547816041,False,,IN04B014,,T1_PRONM
720575941594575979,True,chordotonal_organ_neuron,JO-B,left_antennal_nerve,NO_CONS
720575941592708203,False,,CB2205,,IPS
720575941625574508,False,,SAD040,,VES
720575941570720882,False,,CB1002,,AVLP
720575941571114098,False,,PS124,,IPS
720575941581829241,False,,AOTUv1A_T01,,SMP
720575941453411450,True,chordotonal_organ_neuron,JO-B,left_antennal_nerve,NO_CONS
720575941498631291,False,,AVLP303,,AVLP
720575941498434683,False,descending_neuron,DNge094,,IPS
720575941537821821,False,,IN21A079,,T1_PRONM
720575941479855234,False,,CB3431,,AVLP
720575941595788421,False,,CB1439,,WED
720575941547226248,False,,IN06A008,,NTCT
720575941436929166,False,,,,ME
720575941691012248,False,,IN06B006,,T1_PRONM
720575941555451034,False,,CB2364,,AVLP
720575941599261852,False,ascending_neuron,AN09B003,,T3_METANM
720575941569574046,False,,IN03B080,,NTCT
720575941460751519,False,,,,ME
720575941631341728,False,,CB2963,,IPS
720575941478446243,False,,CB0599,,GNG
720575941555680420,False,serpentine_medulla,Sm30,,ME
720575941527991462,False,,CB0987,,IPS
720575941672563879,False,,CB1205,,AVLP
720575941412615339,False,single_leg_neuromere,IN09A001,,T1_PRONM
720575941448594613,False,single_leg_neuromere,IN13B018,,T2_MESONM
720575941488571593,False,,CB3207,,AMMC
720575941490930889,False,,CB0957,,GNG
720575941529269451,False,,CB2426,,AVLP
720575941492012236,True,chordotonal_organ_neuron,JO-B,left_antennal_nerve,AMMC
720575941490308302,False,,IB094,,IB
720575941442041039,True,chordotonal_organ_neuron,JO-B,right_antennal_nerve,AMMC
720575941596247254,False,,,,ME
720575941520585944,False,lobula_intrinsic,Li17,,LO
720575941701235930,False,descending_neuron,DNxn142,,SPS
720575941469009117,False,,CB0657,,IPS
720575941477561568,False,single_leg_neuromere,INXXX468,,T1_PRONM
720575941629900002,False,lobula_columnar,LC17,,LO
720575941538706659,False,,CL252,,AVLP
720575941489128679,False,single_leg_neuromere,IN01A079,,T1_PRONM
720575941632488684,False,lobula_columnar,LC11,,LO
720575941457802480,False,,IN12B015,,INTTCT
720575941665387763,False,single_leg_neuromere,IN19A022,,T1_PRONM
720575941517571321,False,,PVLP130,,AVLP
720575941527663874,False,,CB2202,,AVLP
720575941526123778,False,,CL253,,PLP
720575941574718728,False,,PLP232,,PLP
720575941559874831,False,descending_neuron,DNp04,,PVLP
720575941511836944,False,ascending_neuron,AN04B023,,T1_PRONM
720575941611615507,False,,IN20A.22A078,,T2_MESONM
720575941533791514,False,,IN19A104,,T1_PRONM
720575941435979040,False,,AVLP542,,AVLP
720575941559285028,False,,AVLP533,,AVLP
720575941597885737,False,,IN23B006,,AMNP
720575941352944944,False,single_leg_neuromere,IN12B023,,T2_MESONM
720575941354124592,False,single_leg_neuromere,IN03A006,,T1_PRONM
720575941478544692,False,,,,T3_METANM
720575941477332276,False,,IN20A.22A036,,T1_PRONM
720575941567280438,False,,CB2238,,WED
720575941566133558,False,single_leg_neuromere,IN21A017,,T1_PRONM
720575941663814968,False,single_leg_neuromere,IN12B037,,T2_MESONM
720575941566362934,False,,VES018,,VES
720575941476316475,False,lobula_columnar,LC18,,LO
720575941553911102,False,single_leg_neuromere,IN13B012,,T1_PRONM
720575941552600382,False,,IN13A031,,T3_METANM
720575941512525123,False,,IN20A.22A009,,T1_PRONM
720575941457147206,False,ventral_nerve_cord_dorsal,IN18B020,,INTTCT
720575941451871559,False,ascending_neuron,AN14B012,,T1_PRONM
720575941574292808,False,,CB1809,,AVLP
720575941496304969,False,,IN12B079,,T2_MESONM
720575941479658831,False,wing_motor_neuron,hg2,right_anterior_dorsal_mesothoracic_nerve,INTTCT
720575941580649809,False,bristle_neuron,BM_Vib,right_eye_nerve,GNG
720575941426935124,False,,AVLP458,,AVLP
720575941515933018,False,,IN01A002,,T1_PRONM
720575941513344346,False,,IN08A023,,T2_MESONM
720575941432046945,False,descending_neuron,DNxl125,,GNG
720575941641958757,False,lobula_columnar,LC17,,LO
720575941545588073,True,chordotonal_organ_neuron,JO-B,right_antennal_nerve,AMMC
720575941568394610,False,wedge_projection_neuron,WEDPN10A,,PLP
720575941470451063,False,,,,WED
720575941471139191,False,descending_neuron,DNpe028,,IB
720575941468288375,False,wing_motor_neuron,hg3,right_anterior_dorsal_mesothoracic_nerve,WTCT
720575941452133754,True,chordotonal_organ_neuron,JO-B,left_antennal_nerve,NO_CONS
720575941496173947,False,leg_motor_neuron,long_tendon_muscle,left_metathoracic_leg_nerve,T3_METANM
720575941552240007,False,sequential_leg_neuromeres,IN01A010,,T2_MESONM
720575941576357263,False,,CB3531,,AVLP
720575941572851087,False,,IN06A024,,INTTCT
720575941565805975,False,,AVLP443,,AVLP
720575941691307416,False,,IB097,,SPS
720575941566821783,False,,AVLP435b,,AVLP
720575941624198555,False,,CB2187,,AVLP
720575941633996192,True,chordotonal_organ_neuron,JO-B,left_antennal_nerve,AMMC
720575941500859810,False,,CB1066,,AMMC
720575941501580706,False,,,,ME
720575941557351844,False,ventral_nerve_cord_serially_convergent,IN08B056,,T1_PRONM
720575941503415717,False,,IN00A053,,INTTCT
720575941497583010,False,,CB0821,,GNG
720575941672007079,True,chordotonal_organ_neuron,JO-B,right_antennal_nerve,AMMC
720575941529040294,False,single_leg_neuromere,IN13B001,,T3_METANM
720575941446170026,False,ascending_neuron,AN01A055,,GNG
720575941408421291,False,,IN08B085,,LTCT
720575941516096940,False,,IN00A042,,AMNP
720575941429556655,False,ventral_nerve_cord_dorsal,IN14B007,,INTTCT
720575941520029107,False,single_leg_neuromere,IN20A.22A030,,T2_MESONM
720575941603685817,False,ascending_neuron,ANXXX024,,T2_MESONM
720575941603980734,False,single_leg_neuromere,IN13A018,,T1_PRONM
720575941598148032,False,,CL269,,ICL
720575941533693377,False,,LAL144a,,LAL
720575941491619273,False,single_leg_neuromere,IN13B005,,T2_MESONM
720575941488506318,False,ventral_nerve_cord_centripetal,IN19A069,,T1_PRONM
720575941511476690,False,,CL333,,AVLP
720575941615449557,False,,PS052,,SPS
720575941614794197,False,single_leg_neuromere,IN14A056,,T2_MESONM
720575941431555543,False,,CB2853,,AVLP
720575941687899611,False,,IN19A086,,T2_MESONM
720575941649855985,False,single_leg_neuromere,IN01B026,,T2_MESONM
720575941523240439,False,,CB0903,,GNG
720575941515933177,False,ventral_nerve_cord_serially_convergent,IN17A013,,T3_METANM
720575941568656890,False,,CB3002,,AVLP
720575941575210491,False,,IN01B067,,T2_MESONM
720575941621970428,False,,CB3673,,AMMC
720575941591037438,False,,PLP142,,PLP
720575941526615554,False,leg_motor_neuron,accessory_tibia_flexor,left_metathoracic_leg_nerve,T3_METANM
720575941524649474,False,single_leg_neuromere,IN20A.22A041,,T3_METANM
720575941525730818,False,,IN19A065,,T1_PRONM
720575941546309125,False,,CB0104,,AMMC
720575941546440197,False,,CB0109,,GNG
720575941566592519,False,,CB2238,,WED
720575941486573062,False,single_leg_neuromere,IN01A036,,T2_MESONM
720575941575964168,False,ventral_nerve_cord_centripetal,IN23B009,,T2_MESONM
720575941574915593,False,,AVLP309,,AVLP
720575941486867974,False,,AVLP107,,AVLP
720575941652870677,False,,AVLP024c,,AVLP
720575941413926428,False,single_leg_neuromere,IN16B022,,T2_MESONM
720575941476415006,False,,PVLP024,,PLP
720575941435880992,False,,CB0689,,LAL
720575941600540201,False,single_leg_neuromere,IN13B080,,T3_METANM
720575941474022954,False,,CB0850,,GNG
720575941730006571,False,single_leg_neuromere,IN14A004,,T1_PRONM
720575941732169259,False,single_leg_neuromere,IN12B012,,T2_MESONM
720575941558761005,False,,IN01B101,,T3_METANM
720575941569836590,False,single_leg_neuromere,IN01A030,,T2_MESONM
720575941732726315,False,,CB1549,,AVLP
720575941488408117,False,single_leg_neuromere,IN13B032,,T1_PRONM
720575941664044600,False,amacrine_medulla,aMe5,,ME
720575941722633786,False,ascending_neuron,AN08B034,,AMNP
720575941440730687,True,chordotonal_organ_neuron,JO-A,left_antennal_nerve,AMMC
720575941524158027,False,single_leg_neuromere,IN21A022,,T2_MESONM
720575941521503819,False,,IN17A095,,WTCT
720575941511149132,False,single_leg_neuromere,IN21A035,,T1_PRONM
720575941481264719,False,wedge_projection_neuron,WED072,,WED
720575941658932816,False,single_leg_neuromere,IN09A016,,T2_MESONM
720575941579830865,False,medulla_intrinsic,Mi1,,ME
720575941555517011,False,,IN23B038,,T3_METANM
720575941427951188,True,chordotonal_organ_neuron,JO-B,right_antennal_nerve,NO_CONS
720575941448922717,False,descending_neuron,DNg11,,SPS
720575941584451167,False,ascending_neuron,AN05B029,,T2_MESONM
720575941475399264,False,single_leg_neuromere,IN03A004,,T2_MESONM
720575941584647775,False,,CB0418,,GNG
720575941527565924,False,,CB0629,,VES
720575941641008741,False,leg_motor_neuron,tibia_flexor,right_mesothoracic_leg_nerve,T2_MESONM
720575941524190820,False,,IN01A078,,T1_PRONM
720575941612009062,False,single_leg_neuromere,IN08A008,,T2_MESONM
720575941591037547,False,leg_motor_neuron,long_tendon_muscle,right_mesothoracic_leg_nerve,T2_MESONM
720575941410682479,False,proboscis_motor_neuron,MN9,left_pharyngeal_nerve_or_accessory_pharyngeal_nerve,GNG
720575941551027828,False,,IB114,,IB
720575941496370814,False,sequential_leg_neuromeres,IN07B006,,INTTCT
720575941619873407,False,ascending_neuron,ANXXX002,,INTTCT
720575941618366079,False,descending_neuron,DNp31,,SPS
720575941619906175,False,single_leg_neuromere,IN03B035,,T3_METANM
720575941508658817,False,,AVLP454_b,,AVLP
720575941494994558,False,ascending_neuron,AN18B053,,INTTCT
720575941598148229,False,optic_anterior,OA-AL2b2,,IPS
720575941624985226,False,wing_motor_neuron,DVM2a-b,right_mesothoracic_accessory_nerve,WTCT
720575941503415947,False,,CB0131,,GNG
720575941591266956,False,,IN13A034,,T2_MESONM
720575941592643212,False,,AVLP563,,AVLP
720575941434701454,False,lobula_columnar,LC31a,,LO
720575941565806226,False,optic_anterior,OA-AL2i3,,SPS
720575941516949139,False,,CB3067,,AVLP
720575941536937621,False,,IN13A027,,T1_PRONM
720575941537166997,False,,IN12A036,,INTTCT
720575941538543253,False,ascending_neuron,AN07B071,,NTCT
720575941689865880,False,single_leg_neuromere,IN19B012,,T1_PRONM
720575941554534042,False,ventral_nerve_cord_centripetal,IN23B046,,T3_METANM
720575941551519386,False,,IN06B086,,HTCT
720575941599262364,False,,CB2178,,AVLP
720575941574850205,False,ascending_neuron,AN08B012,,T1_PRONM
720575941498730146,False,ascending_neuron,AN08B097,,INTTCT
720575941507741349,False,,,,LO
720575941518030508,False,,CB2175,,AVLP
720575941490833072,False,,IN08B087,,INTTCT
720575941669877425,False,,IN18B044,,T3_METANM
720575941669779121,False,,INXXX066,,T3_METANM
720575941448464053,False,,CB3029,,AVLP
720575941521274551,False,descending_neuron,DNg35,,GNG
720575941521340087,False,descending_neuron,DNp51,,IPS
720575941603980985,False,,PVLP074,,AVLP
720575941482313402,False,,CB2591,,PLP
720575941632849595,False,,AVLP263,,AVLP
720575941632652987,False,descending_neuron,DNxl107,,GNG
720575941632390843,False,,CB2267_b,,IPS
720575941680101053,False,,IN19A121,,T1_PRONM
720575941441287871,False,,CB2582,,PLP
720575941506070210,False,medulla_lobula_tangential,MLt7,,ME
720575941634291397,False,medulla_tangential,MTe01b,,ME
720575941626066634,False,,LAL184,,SPS
720575941492471502,False,descending_neuron,DNg74,,GNG
720575941492504270,False,single_leg_neuromere,IN20A.22A006,,T3_METANM
720575941443679951,False,medulla_intrinsic,Mi1,,ME
720575941512656593,False,ascending_neuron,AN07B045,,INTTCT
720575941459113683,False,single_leg_neuromere,IN09A031,,T1_PRONM
720575941618693845,False,ascending_neuron,AN01B002,,ABDNM
720575941701007066,False,,CB2917,,PVLP
720575941438207711,False,single_leg_neuromere,IN16B032,,T2_MESONM
720575941478840032,False,single_leg_neuromere,IN12B037,,T1_PRONM
720575941632325346,True,chordotonal_organ_neuron,JO-A,left_antennal_nerve,AMMC
720575941535102691,False,single_leg_neuromere,IN13B051,,T2_MESONM
720575941534709482,False,,IN03B069,,HTCT
720575941633013484,False,leg_motor_neuron,tibia_flexor,right_metathoracic_leg_nerve,T3_METANM
720575941453936365,False,ventral_nerve_cord_dorsal,IN00A041,,INTTCT
720575941459572464,False,single_leg_neuromere,IN21A047,,T1_PRONM
720575941460227824,False,ascending_neuron,AN18B032,,AMNP
720575941589563134,False,ventral_nerve_cord_centripetal,IN10B044,,T3_METANM
720575941515867907,False,,AVLP346,,AVLP
720575941393708804,False,single_leg_neuromere,IN19A106,,T1_PRONM
720575941543655173,False,single_leg_neuromere,IN13B012,,T2_MESONM
720575941390268164,False,,IN01B048,,T2_MESONM
720575941574752009,False,ventral_nerve_cord_dorsal,IN00A063,,T2_MESONM
720575941433030414,False,descending_neuron,DNfl024,,GNG
720575941559973647,False,single_leg_neuromere,IN00A031,,T1_PRONM
720575941510788880,False,,AVLP402,,AVLP
720575941433194254,False,,IN16B079,,INTTCT
720575941614532371,False,,AVLP087,,AVLP
720575941657720600,False,single_leg_neuromere,IN03A014,,T1_PRONM
720575941550700321,False,,AVLP339,,AVLP
720575941508429602,False,,AVLP309,,AVLP
720575941558269732,False,lobula_columnar,LC17,,LO
720575941472122666,False,,IN19A120,,T1_PRONM
720575941568362286,False,,WED128,,IPS
720575941475202865,False,,PS084,,SPS
720575941563316022,False,,IN03B069,,HTCT
720575941563971382,False,,IN04B087,,T2_MESONM
720575941504759612,False,single_leg_neuromere,IN04B100,,T1_PRONM
720575941547718461,False,descending_neuron,DNxn106,,GNG
720575941477693249,False,,CB1385,,AVLP
720575941504464709,False,single_leg_neuromere,IN21A028,,T3_METANM
720575941459900230,False,sequential_leg_neuromeres,IN19A014,,T3_METANM
720575941460981574,False,,mALB4,,AVLP
720575941573474120,False,,AVLP548_f,,AVLP
720575941451183943,False,,AVLP548_f,,AVLP
720575941457147718,False,,IN11A032,,LTCT
720575941527959373,False,,CB2472,,WED
720575941450561358,False,leg_motor_neuron,trochanter_flexor,right_prothoracic_accessory_nerve,T1_PRONM
720575941482575695,True,chordotonal_organ_neuron,JO-B,left_antennal_nerve,AMMC
720575941578946385,False,,CB2695,,GNG
720575941613483858,True,chordotonal_organ_neuron,JO-A,right_antennal_nerve,AMMC
720575941466978134,False,,WED057,,IPS
720575941505578839,False,lobula_intrinsic,Li15,,LO
720575941504825175,False,,,,AME
720575941575800665,False,,IN00A054,,INTTCT
720575941516228442,False,,PLP012,,LAL
720575941473859424,False,ascending_neuron,AN05B104,,T2_MESONM
720575941473466208,False,lamina_wide_field,Lawf2,,ME
720575941564528482,False,,,,IPS
720575941569738610,False,,LAL157,,LAL
720575941688915830,False,,PVLP010,,AVLP
720575941644908408,False,,IN17A011,,HTCT
720575941665224572,False,,PVLP022,,PLP
720575941493946238,False,,IN13A065,,T2_MESONM
720575941619873663,False,ventral_nerve_cord_dorsal,IN12A015,,INTTCT
720575941619906431,False,,IN23B006,,AMNP
720575941510100865,False,lobula_columnar,LC14a1,,LO
720575941497157504,False,medulla_intrinsic,Mi1,,ME
720575941549619080,False,,IB018,,IB
720575941576750991,False,single_leg_neuromere,IN09B005,,T2_MESONM
720575941463144336,False,wing_motor_neuron,DLM1-4,right_posterior_dorsal_mesothoracic_nerve,WTCT
720575941517801363,False,,IN07B068,,HTCT
720575941691013016,False,,IN19A032,,T2_MESONM
720575941692815256,False,centrifugal_lobula,cL22b,,LAL
720575941691963288,False,,CB1851,,SMP
720575941623347099,False,,IN11A028,,INTTCT
720575941599786908,False,lamina_wide_field,Lawf2,,ME
720575941691144088,False,circadian_neuron,DN1a,,MB_CA
720575941456983967,False,ventral_nerve_cord_centripetal,IN23B078,,T1_PRONM
720575941478119331,False,,IN21A025,,T2_MESONM
720575941669517223,False,,CB1206,,AVLP
720575941454690217,False,ascending_neuron,AN05B099,,T2_MESONM
720575941444630442,False,single_leg_neuromere,IN19A001,,T2_MESONM
720575941454395305,False,lobula_columnar,LC11,,LO
720575941611190189,False,,CB0454,,GNG
720575941406488494,False,leg_motor_neuron,accessory_tibia_flexor,left_prothoracic_leg_nerve,T1_PRONM
720575941546571700,False,single_leg_neuromere,IN13B025,,T2_MESONM
720575941451020213,False,,VES071,,VES
720575941467535287,True,chordotonal_organ_neuron,JO-B,right_antennal_nerve,NO_CONS
720575941481002938,False,,IN00A030,,LTCT
720575941633243067,False,leg_motor_neuron,sternal_posterior_rotator,right_metathoracic_leg_nerve,T3_METANM
720575941544212412,False,,IN08A046,,T1_PRONM
720575941680691133,False,,CB1809,,AVLP
720575941485328314,False,centrifugal_medulla,cM12,,SPS
720575941482969030,False,,IN08A023,,T2_MESONM
720575941496600519,False,single_leg_neuromere,IN13B033,,T3_METANM
720575941531432907,False,ascending_neuron,AN17A013,,T2_MESONM
720575941491488716,False,,AVLP116,,AVLP
720575941441320911,False,,CB2370,,AVLP
720575941461243859,False,single_leg_neuromere,IN01A025,,T2_MESONM
720575941618300885,False,,CB1754,,WED
720575941621741529,True,chordotonal_organ_neuron,JO-B,right_antennal_nerve,NO_CONS
720575941610567644,False,,IN08A023,,T2_MESONM
720575941587204062,False,,IN10B054,,T3_METANM
720575941529892837,False,,IN13A060,,T1_PRONM
720575941538510824,False,,SAD040,,VES
720575941612206057,False,,CB2202,,AVLP
720575941457115117,False,,CB3881,,AVLP
720575941457704941,False,,,,AVLP
720575941687408623,False,ascending_neuron,AN06B040,,INTTCT
720575941581142005,False,,IN09A029,,LTCT
720575941523142647,False,lobula_columnar,LC11,,LO
720575941624133628,False,ventral_nerve_cord_serially_convergent,INXXX840_f,,ABDNM
720575941526517762,True,chordotonal_organ_neuron,JO-B,right_antennal_nerve,AMMC
720575941486802950,False,,AVLP563,,AVLP
720575941566265351,False,,PVLP123a,,AVLP
720575941687572492,False,,IN11B016,,HTCT
720575941557155855,False,single_leg_neuromere,IN19A096,,T2_MESONM
720575941524617241,False,,IN16B061,,T1_PRONM
720575941542115357,False,,CB1819,,AVLP
720575941544114205,False,,AVLP532,,AVLP
720575941639763999,False,descending_neuron,DNg51,,GNG
720575941641533471,False,lateral_horn_output_neuron,LHPV10b1,,LH
720575941549488161,False,,IN01A002,,T1_PRONM
720575941508298786,False,descending_neuron,DNg43,,GNG
720575941592873000,False,single_leg_neuromere,IN20A.22A006,,T1_PRONM
720575941473859626,False,,CB1557,,WED
720575941731743787,False,chordotonal_organ_neuron,SNpp56,right_metathoracic_leg_nerve,T3_METANM
720575941568133166,True,chordotonal_organ_neuron,JO-B,right_antennal_nerve,AMMC
720575941351471152,False,,AVLP421,,AVLP
720575941566167094,False,,IN17A023,,AMNP
720575941722699834,False,,CB2171,,AVLP
720575941438535743,False,,AVLP180,,AVLP
720575941476218945,False,single_leg_neuromere,IN16B016,,T3_METANM
720575941571901512,False,ascending_neuron,AN08B024,,LTCT
720575941524289611,False,,PVLP123a,,AVLP
720575941526681677,False,single_leg_neuromere,IN03A017,,T1_PRONM
720575941579503697,True,chordotonal_organ_neuron,JO-B,right_antennal_nerve,AMMC
720575941644253266,False,ascending_neuron,AN12B017,,T2_MESONM
720575941577209945,False,,IN03A037,,T3_METANM
720575941517834330,False,centrifugal_medulla,cM02b,,SPS
720575941451610205,False,lobula_tangential,LT1c,,LO
720575941564299362,True,chordotonal_organ_neuron,JO-B,right_antennal_nerve,AMMC
720575941565315170,False,,AVLP294,,AVLP
720575941514557539,False,single_leg_neuromere,IN19A016,,T3_METANM
720575941547456617,False,,CB3433,,AVLP
720575941456263274,False,chordotonal_organ_neuron,SNpp56,right_metathoracic_leg_nerve,T3_METANM
720575941404162160,False,,CB2872,,IPS
720575941596248177,False,,WED007,,LAL
720575941685803126,False,,IN19A086,,T2_MESONM
720575941470091383,False,single_leg_neuromere,IN13B052,,T3_METANM
720575941538281597,False,,CB1427,,AMMC
720575941492930686,False,,CB1948,,WED
720575941541394557,False,,CB2858,,AVLP
720575941506922625,False,,CB1605,,AVLP
720575941554829447,False,,CB2426,,AVLP
720575941545195656,False,,IN07B066,,INTTCT
720575941553846407,False,transverse_neuron,T3,,ME
720575941555091591,False,single_leg_neuromere,IN09A001,,T2_MESONM
720575941415270545,False,,PLP213,,SPS
720575941564397714,False,,CB2114,,AVLP
720575941394069654,False,,IN12A054,,HTCT
720575941598443676,False,,PLP166,,PLP
720575941630556320,False,single_leg_neuromere,IN12B023,,T1_PRONM
720575941504891045,False,single_leg_neuromere,IN01A038,,T1_PRONM
720575941525207206,False,,IN05B092,,INTTCT
720575941405898926,False,,IN21A102,,T3_METANM
720575941535135922,False,,AOTUv1A_T01,,SMP
720575941484378298,False,,CB3707,,GNG
720575941633538235,False,abdomen_motor_neuron,MNad11,abdominal_nerve_trunk,ABDNM
720575941681182909,False,,ATL032,,ATL
720575941606209726,False,leg_motor_neuron,trochanter_flexor,right_metathoracic_leg_nerve,T3_METANM
720575941679872189,False,ascending_neuron,AN08B018,,T2_MESONM
720575941461833924,False,ascending_neuron,AN17A050,,AMNP
720575941490800841,False,,SMP554,,VES
720575941461407955,False,descending_neuron,DNxn157,,GNG
720575941700614362,False,,IN08A047,,T3_METANM
720575941613418716,False,descending_neuron,DNnt020,,GNG
720575941440764127,False,descending_neuron,DNd04,,GNG
720575941496994017,False,,IN00A053,,INTTCT
720575941538642147,False,ascending_neuron,AN09B004,,T2_MESONM
720575941553617124,False,campaniform_sensillum_neuron,SApp16,right_dorsal_metathoracic_nerve,HTCT
720575941555779812,False,,CB1989,,AVLP
720575941557614820,False,centrifugal_lobula_plate,cLP03,,IPS
720575941454002413,False,,IN06A088,,INTTCT
720575941557352686,False,ascending_neuron,AN06B015,,T1_PRONM
720575941686360303,False,,CB1268,,IPS
720575941654018289,False,,CB1069,,AVLP
720575941538969842,False,single_leg_neuromere,IN23B037,,T1_PRONM
720575941579012341,False,,PVLP028,,AVLP
720575941624461564,False,ascending_neuron,AN08B027,,T1_PRONM
720575941552863489,False,descending_neuron,DNg92,,IPS
720575941516196099,False,,CB2458,,AVLP
720575941565348103,False,ascending_neuron,AN02A017,,NTCT
720575941463832845,False,,CB2481,,AVLP
720575941559974159,False,,IN03A070,,T3_METANM
720575941449316628,False,ascending_neuron,AN09A007,,T2_MESONM
720575941524355353,False,,IN10B050,,T2_MESONM
720575941413566748,False,ascending_neuron,AN19B059,,HTCT
720575941639862559,False,lamina_wide_field,Lawf2,,ME
720575941548439841,False,sequential_leg_neuromeres,IN01A007,,T1_PRONM
720575941558040868,False,optic_lobe_intrinsic_centrifugal,C3,,ME
720575941600540969,False,sequential_leg_neuromeres,IN11A003,,T2_MESONM
720575941565380910,False,central_complex_output_neuron,GFC2,,T2_MESONM
720575941408815407,False,,CB1231,,GNG
720575941471926592,False,single_leg_neuromere,IN03A062,,T2_MESONM
720575941524912461,False,single_leg_neuromere,IN03B019,,T1_PRONM
720575941526681933,False,ventral_nerve_cord_serially_convergent,IN12A003,,T1_PRONM
720575941450627406,False,,WED127,,WED
720575941478578511,False,neck_motor_neuron,DProN6,left_dorsal_prothoracic_nerve,NTCT
720575941576784209,False,,IN09A069,,T1_PRONM
720575941643336018,False,,CB1948,,WED
720575941441452373,False,descending_neuron,DNxn134,,ICL
720575941502957911,False,,CB3377,,AVLP
720575941536577880,False,leg_motor_neuron,sternal_posterior_rotator,right_mesothoracic_leg_nerve,T2_MESONM
720575941515475290,False,,CB0305,,GNG
720575941432015201,False,,CB2545,,WED
720575941563119970,False,,IN14A085,,T2_MESONM
720575941612271974,False,,CB3710,,WED
720575941612239206,False,lobula_columnar,LC11,,LO
720575941546572137,False,,CB3892b,,GNG
720575941520226670,True,chordotonal_organ_neuron,JO-B,right_antennal_nerve,AMMC
720575941570558322,False,lobula_columnar,LC11,,LO
720575941550242164,False,,AVLP323,,AVLP
720575941639371125,False,single_leg_neuromere,IN21A006,,T1_PRONM
720575941472156023,True,chordotonal_organ_neuron,JO-B,left_antennal_nerve,AMMC
720575941582911865,False,leg_motor_neuron,tergopleural_promotor,left_dorsal_prothoracic_nerve,T1_PRONM
720575941451217274,False,,AVLP140,,WED
720575941538412925,False,,CB2912,,IPS
720575941541493117,False,lobula_plate_lobula_columnar,LPLC1,,LO
720575941619186047,False,,IB025,,IB
720575941496666496,False,,IN01A019,,T1_PRONM
720575941497354624,False,ventral_nerve_cord_centripetal,IN23B063,,T1_PRONM
720575941583206790,False,ventral_nerve_cord_centripetal,IN19A069,,T2_MESONM
720575941552142727,False,descending_neuron,DNa03,,LAL
720575941431097737,False,descending_neuron,DNxl130,,GNG
720575941588646284,False,,IN11A030,,LTCT
720575941576292751,False,,PS059,,IPS
720575941463931280,True,chordotonal_organ_neuron,JO-A,right_antennal_nerve,AMMC
720575941415270801,False,lobula_tangential,LTe53,,PLP
720575941540051349,False,,VESa1_P02,,AVLP
720575941575342493,False,descending_neuron,DNp29,,AVLP
720575941574949277,False,,PS106,,SPS
720575941460851103,False,proximal_medulla,Pm09,,ME
720575941632063904,False,,IN03A041,,T3_METANM
720575941496830370,False,,w-cHIN,,HTCT
720575941479987619,False,leg_motor_neuron,long_tendon_muscle,right_mesothoracic_leg_nerve,T2_MESONM
720575941453511081,False,,AVLP454_a,,AVLP
720575941442861482,False,descending_neuron,DNg09,,WED
720575941431818671,True,chordotonal_organ_neuron,JO-B,left_antennal_nerve,NO_CONS
720575941522520499,False,,PS052,,SPS
720575941547293108,False,,WED029,,IPS
720575941576522166,False,,PVLP015,,AVLP
720575941522258359,False,lobula_columnar,LC11,,LO
720575941528484280,False,medulla_intrinsic,Mi1,,ME
720575941537495489,False,leg_motor_neuron,pleural_remotor_abductor,left_metathoracic_leg_nerve,T3_METANM
720575941633145285,False,,CB1340,,AVLP
720575941496109511,False,,SMP546,,SMP
720575941490670025,False,single_leg_neuromere,IN23B043,,T1_PRONM
720575941528517067,False,,IN04B102,,T2_MESONM
720575941493029324,False,proximal_medulla,Pm04,,ME
720575941459114451,False,,IN06A137,,HTCT
720575941618629077,False,,AVLP086,,WED
720575941687933403,False,,IN03A085,,T1_PRONM
720575941615090140,False,,PS059,,IPS
720575941469796829,False,,CB0336,,AVLP
720575941439355359,False,,CB0607,,GNG
720575941478087136,False,,SAD021_c,,WED
720575941539133923,True,chordotonal_organ_neuron,JO-A,,AMMC
720575941611420134,False,ascending_neuron,AN07B052,,INTTCT
720575941535627752,False,lamina_wide_field,Lawf2,,ME
720575941559220718,True,chordotonal_organ_neuron,JO-B,right_antennal_nerve,NO_CONS
720575941651528177,False,leg_motor_neuron,accessory_tibia_flexor,right_metathoracic_leg_nerve,T3_METANM
720575941540477426,False,bristle_neuron,SNta14,left_anterior_dorsal_mesothoracic_nerve,AMNP
720575941569542644,False,,IN01A050,,INTTCT
720575941591857662,True,chordotonal_organ_neuron,JO-B,right_antennal_nerve,AMMC
720575941526944258,False,,CB1780,,AVLP
720575941523995138,False,,IN06B022,,INTTCT
720575941488343558,False,translobula_plate,Tlp14,,LOP
720575941473270283,False,centrifugal_medulla_lobula,cML01,,AVLP
720575941689899532,False,,CB1206,,WED
720575941433031182,False,descending_neuron,DNxn165,,T2_MESONM
720575941559482895,False,,AVLP541a,,AVLP
720575941649201685,False,single_leg_neuromere,IN13B060,,T2_MESONM
720575941554305563,False,,CB3655,,WED
720575941543852573,False,single_leg_neuromere,IN19A004,,T2_MESONM
720575941540870685,False,,IN17A095,,AMNP
720575941508299298,False,,IN08B030,,INTTCT
720575941595494949,False,,IB093,,SPS
720575941593004584,False,,CB1849,,IPS
720575941474646570,False,,IN05B094,,INTTCT
720575941729974827,False,,IN03A056,,T2_MESONM
720575941438470700,False,,IN11A008,,T1_PRONM
720575941558860333,False,,SAD077,,AMMC
720575941474482737,False,,IN06A127,,INTTCT
720575941504760370,False,,CB1459,,AVLP
720575941565315638,False,leg_motor_neuron,sternal_posterior_rotator,right_mesothoracic_leg_nerve,T2_MESONM
720575941587302967,False,,IN13B034,,T3_METANM
720575941566298678,False,,AVLP015,,AVLP
720575941628262969,False,descending_neuron,DNge096,,GNG
720575941724764730,False,,PS234,,IPS
720575941552601662,False,single_leg_neuromere,IN04B078,,T1_PRONM
720575941478644289,False,,,,ME
720575941504563781,False,,IN07B098,,HTCT
720575941507217989,False,single_leg_neuromere,IN17A017,,T2_MESONM
720575941500664393,False,lobula_intrinsic,Li26,,LO
720575941524290123,False,wedge_projection_neuron,WED072,,AVLP
720575941524748877,False,leg_motor_neuron,long_tendon_muscle,left_prothoracic_leg_nerve,T1_PRONM
720575941450627662,False,,CB1760,,WED
720575941527009869,False,,CRE074,,CRE
720575941439191637,False,,IN13A011,,T1_PRONM
720575941501352535,False,single_leg_neuromere,IN13B006,,T2_MESONM
720575941536348760,False,single_leg_neuromere,IN09A012,,T1_PRONM
720575941542738524,False,leg_motor_neuron,long_tendon_muscle,right_mesothoracic_leg_nerve,T2_MESONM
720575941507218014,False,,IN13A040,,T3_METANM
720575941562464866,False,,IN11B013,,WTCT
720575941514623587,False,,IN16B083,,T1_PRONM
720575941566593639,False,,CB1582,,GNG
720575941592480363,False,sequential_leg_neuromeres,IN17A007,,T2_MESONM
720575941560433267,False,ascending_neuron,AN18B022,,INTTCT
720575941559777907,False,,,,AVLP
720575941643958904,False,single_leg_neuromere,IN13A005,,T2_MESONM
720575941492308606,False,,IN03B066,,HTCT
720575941509184129,True,chordotonal_organ_neuron,JO-B,right_antennal_nerve,AMMC
720575941505874561,False,single_leg_neuromere,IN04B031,,T1_PRONM
720575941528451716,False,,CB1960,,IPS
720575941598182021,False,,,,ME
720575941529139844,False,descending_neuron,DNxn153,,AVLP
720575941431360137,False,,CB2475,,AMMC
720575941625412234,True,chordotonal_organ_neuron,JO-A,left_antennal_nerve,AMMC
720575941623446154,False,,IN08B037,,T1_PRONM
720575941576096399,False,,,,AVLP
720575941576981135,False,lobula_columnar,LC11,,LO
720575941462096528,False,leg_motor_neuron,accessory_tibia_flexor,left_mesothoracic_leg_nerve,T2_MESONM
720575941415598737,False,descending_neuron,DNb08,,VES
720575941411830420,False,single_leg_neuromere,IN14A009,,T1_PRONM
720575941691964056,False,,CB1331a,,IPS
720575941615516313,False,,WED016,,IPS
720575941551356570,False,leg_motor_neuron,trochanter_flexor,left_ventral_prothoracic_nerve,T1_PRONM
720575941554731674,False,,CB3613,,AVLP
720575941597821596,False,,PS052,,SPS
720575941573474974,False,,CB3245,,AMMC
720575941572655774,False,,PVLP143,,AVLP
720575941498960546,False,leg_motor_neuron,tergopleural_promotor,left_dorsal_prothoracic_nerve,T1_PRONM
720575941499976354,False,,CB1205,,AVLP
720575941501319842,False,,,,T3_METANM
720575941557287588,False,single_leg_neuromere,IN13A012,,T2_MESONM
720575941672663719,False,,,,ME
720575941518981804,False,,CB0955,,AVLP
720575941494635184,False,single_leg_neuromere,IN13B006,,T3_METANM
720575941533235890,False,,PLP018,,PLP
720575941451348661,False,medulla_medulla,MeMe_e01,,ME
720575941522422455,False,,IN11A022,,AMNP
720575941604965049,False,,AVLP273,,AVLP
720575941504039618,False,,IN11A031,,HTCT
720575941504432834,False,,IN01B044,,T1_PRONM
720575941483199174,False,lateral_horn_output_neuron,SLP035,,SLP
720575941645269704,False,,IN01A022,,INTTCT
720575941531368139,False,,LAL111,,GNG
720575941490539212,False,,CB0076,,GNG
720575941491129038,False,,IN00A008,,T3_METANM
720575941488048848,True,chordotonal_organ_neuron,JO-B,right_antennal_nerve,AMMC
720575941514656465,False,,CB0929,,AVLP
720575941617711829,False,,CB0046,,PVLP
720575941652314841,False,,IN03B074,,HTCT
720575941611944668,False,ascending_neuron,AN19B032,,AMNP
720575941499845345,False,,WED046,,AVLP
720575941628426978,False,,IN07B092,,HTCT
720575941555976932,False,,CB2254,,AVLP
720575941534153445,True,chordotonal_organ_neuron,JO-B,right_antennal_nerve,AMMC
720575941611551465,False,,AVLP454_b,,AVLP
720575941536152298,False,,CB2370,,AVLP
720575941557451502,False,,IN04B102,,T1_PRONM
720575941559220974,False,,CB0869,,GNG
720575941652806385,False,,CB3486,,AMMC
720575941566954228,False,,IN06B058,,INTTCT
720575941577669365,False,,CB2337,,ICL
720575941603556086,False,,CB3673,,AMMC
720575941523176183,False,,AOTUv1A_T01,,SMP
720575941429623544,False,single_leg_neuromere,IN20A.22A055,,T1_PRONM
720575941555321601,False,ascending_neuron,ANXXX102,,AMNP
720575941525306114,False,,CB1893,,SPS
720575941542345477,False,,IN06A125,,HTCT
720575941486770950,False,,LAL129,,CRE
720575941573868296,False,,SAD005,,GNG
720575941572131593,False,single_leg_neuromere,IN04B097,,T1_PRONM
720575941432965902,False,leg_motor_neuron,tibia_extensor,right_mesothoracic_leg_nerve,T2_MESONM
720575941650578193,False,,IN08B075,,INTTCT
720575941653723921,False,,PVLP080b,,AVLP
720575941447809812,False,single_leg_neuromere,IN20A.22A001,,T3_METANM
720575941478218526,False,,CB2108,,AVLP
720575941437324064,True,chordotonal_organ_neuron,JO-B,right_antennal_nerve,AMMC
720575941435456288,False,,SAD043,,PLP
720575941548669729,False,,AVLP026,,AVLP
720575941433654048,False,descending_neuron,DNge175,,GNG
720575941508299554,False,ventral_nerve_cord_centrifugal,IN18B011,,INTTCT
720575941409602351,False,,AVLP266,,AVLP
720575941507382076,True,chordotonal_organ_neuron,JO-A,left_antennal_nerve,AMMC
720575941552896830,False,ascending_neuron,AN09B012,,T2_MESONM
720575941549718334,False,single_leg_neuromere,IN19A030,,T2_MESONM
720575941589171012,False,,CB0644,,SPS
720575941589203780,False,,CB2501,,WED
720575941451250503,False,,CB2263,,SPS
720575941522127691,False,single_leg_neuromere,IN20A.22A036,,T1_PRONM
720575941515574092,False,lobula_columnar,LC12,,LO
720575941482150735,False,lobula_columnar,LC11,,LO
720575941577669457,False,,IN11B020,,WTCT
720575941466454870,False,optic_lobe_intrinsic_centrifugal,C3,,ME
720575941536250712,False,,AVLP420_b,,AVLP
720575941515082586,False,,PVLP065,,AVLP
720575941515934554,False,single_leg_neuromere,IN21A015,,T1_PRONM
720575941584747359,False,,PLP196,,PLP
720575941514001251,False,,CB2404,,AVLP
720575941613026150,False,,CB2426,,AVLP
720575941564758887,False,medulla_intrinsic,Mi4,,ME
720575941575048040,False,haltere_motor_neuron,MNhm03,right_first_abdominal_nerve,HTCT
720575941608930157,False,wedge_projection_neuron,WED069,,IPS
720575941604997997,False,,IN11B017,,HTCT
720575941410061167,False,single_leg_neuromere,IN20A.22A017,,T3_METANM
720575941413501807,False,,AVLP380a,,AVLP
720575941569805170,False,,AVLP109,,AVLP
720575941644155768,False,,CB0056,,AVLP
720575941495356286,False,,IN03B008,,WTCT
720575941494766464,False,,IN05B090,,T3_METANM
720575941509905281,False,,CB3306,,AVLP
720575941574032271,False,,IN23B056,,T3_METANM
720575941564431250,False,,AVLP503,,AVLP
720575941516786579,False,ascending_neuron,AN09B036,,AMNP
720575941411765140,False,,IN00A054,,INTTCT
720575941415762836,False,,IN14B001,,T2_MESONM
720575941395020694,False,,CB0264,,AVLP
720575941456100255,False,single_leg_neuromere,IN09A018,,T2_MESONM
720575941460458399,False,ascending_neuron,AN09B004,,T2_MESONM
720575941644090273,False,,INXXX213,,T3_METANM
720575941633899424,False,,PVLP138,,AVLP
720575941480938403,False,,CL214,,AVLP
720575941672336295,True,chordotonal_organ_neuron,JO-B,left_antennal_nerve,NO_CONS
720575941561252776,False,,WED116,,AVLP
720575941451840425,False,leg_motor_neuron,trochanter_flexor,right_metathoracic_leg_nerve,T3_METANM
720575941518818220,False,,CB0529,,GNG
720575941518064556,False,,CB1038,,AMMC
720575941406686126,False,lobula_plate_intrinsic,LPi06,,LOP
720575941431622575,False,lateral_horn_centrifugal_neuron,LHCENT14,,PLP
720575941611977645,False,single_leg_neuromere,IN09B005,,T1_PRONM
720575941430344623,False,,CB0320,,IPS
720575941574851510,False,ascending_neuron,AN19A018,,T2_MESONM
720575941528320952,False,descending_neuron,DNg88,,GNG
720575941633342405,False,,CB1422,,AVLP
720575941646678984,False,ascending_neuron,ANXXX002,,INTTCT
720575941488245712,False,,CB2153,,AMMC
720575941511281618,False,descending_neuron,DNg96,,GNG
720575941614959573,False,,CB2337,,ICL
720575941592185814,False,,IN06A096,,INTTCT
720575941614894037,False,ascending_neuron,AN07B024,,INTTCT
720575941432245207,False,ventral_nerve_cord_serially_convergent,IN09B046,,T2_MESONM
720575941690784731,False,,INXXX818_f,,T2_MESONM
720575941691800539,False,descending_neuron,DNxn163,,ICL
720575941468683229,False,single_leg_neuromere,IN19A059,,T2_MESONM
720575941439749087,False,,PS058,,PLP
720575941499157473,False,,CB2847,,AVLP
720575941553486820,False,,IN21A050,,T2_MESONM
720575941557222372,False,,PLP191b,,ICL
720575941533662181,False,,CB2735,,AVLP
720575941489130471,False,single_leg_neuromere,IN09A030,,T1_PRONM
720575941532187626,False,ascending_neuron,AN08B071,,HTCT
720575941458263021,False,centrifugal_medulla,cM03,,ME
720575941686459375,False,,CB3923,,GNG
720575941652085745,False,descending_neuron,DNxn143,,VES
720575941540314098,False,lobula_columnar,LC21,,LO
720575941625576444,False,,PVLP122b,,AVLP
720575941553060863,True,chordotonal_organ_neuron,JO-B,left_antennal_nerve,AMMC
720575941563218944,False,descending_neuron,DNxn122,,IPS
720575941515541507,True,chordotonal_organ_neuron,JO-B,right_antennal_nerve,NO_CONS
720575941564201991,False,ventral_nerve_cord_dorsal,IN00A063,,T2_MESONM
720575941685804044,False,leg_motor_neuron,tibia_flexor,right_mesothoracic_leg_nerve,T2_MESONM
720575941461081101,False,ventral_nerve_cord_centripetal,IN10B044,,T2_MVAC
720575941432409102,True,chordotonal_organ_neuron,JO-A,right_antennal_nerve,NO_CONS
720575941654576145,False,,CB3865,,IPS
720575941650742289,False,single_leg_neuromere,IN01B023,,T2_MESONM
720575941447023636,True,chordotonal_organ_neuron,JO-B,right_antennal_nerve,AMMC
720575941649136661,False,ventral_nerve_cord_centripetal,IN23B023,,T1_PRONM
720575941469338646,False,medulla_tangential,MTe41,,ME
720575941657623576,False,,IN18B008,,ABDNM
720575941528484889,False,lobula_intrinsic,Li19,,LO
720575941505580066,False,leg_motor_neuron,femur_reductor,right_mesothoracic_leg_nerve,T2_MESONM
720575941508299810,False,,IN04B062,,T3_METANM
720575941558598692,False,,PVLP013,,PVLP
720575941597035559,False,lobula_tangential,LT39,,PLP
720575941601885225,False,,AVLP039,,AVLP
720575941598641193,False,,IN04B107,,T3_METANM
720575941731908651,True,chordotonal_organ_neuron,JO-B,right_antennal_nerve,NO_CONS
720575941435653164,False,,IN17A093,,WTCT
720575941477235761,False,,CB1301,,AVLP
720575941454003251,False,,CB1427,,AMMC
720575941724404794,False,,CB1622,,AMMC
720575941472025664,False,,CB1459,,AVLP
720575941457181766,False,ascending_neuron,AN07B072,,INTTCT
720575941611387978,False,,CL265,,GOR
720575941611027530,False,,IN16B024,,T3_METANM
720575941515115596,False,,CB3877,,AMMC
720575941514820684,False,,CB2287,,AVLP
720575941511117900,False,,IN08B054,,T2_MESONM
720575941480348751,False,,CB0800,,AVLP
720575941482871887,False,centrifugal_lobula,cL15,,SPS
720575941447842894,False,,IN13A057,,T2_MESONM
720575941555518547,False,single_leg_neuromere,IN03A027,,T1_PRONM
720575941533989976,False,single_leg_neuromere,IN21A022,,T1_PRONM
720575941516000346,False,,LAL074,,LAL
720575941517212771,False,transverse_neuron,T2,,ME
720575941479103594,False,lamina_wide_field,Lawf2,,ME
720575941519604846,False,lateral_horn_output_neuron,LHPV2i1b,,PLP
720575941412551791,False,sequential_leg_neuromeres,IN03B015,,INTTCT
720575941406194800,False,descending_neuron,DNg14,,GNG
720575941559254131,False,single_leg_neuromere,IN21A087,,T2_MESONM
720575941549915252,False,leg_motor_neuron,tergotrochanter,right_posterior_dorsal_mesothoracic_nerve,T2_MESONM
720575941471272055,False,,CL038,,ICL
720575941642353784,False,single_leg_neuromere,IN19A029,,T2_MESONM
720575941450628218,False,,IN08B083,,INTTCT
720575941663194236,False,optic_lobe_intrinsic_centrifugal,C3,,ME
720575941528091780,False,single_leg_neuromere,IN23B014,,T1_PRONM
720575941625871498,False,,WEDPN8B,,IPS
720575941563317394,False,,CB2503,,IPS
720575941615549593,False,,CB0543,,GNG
720575941627542683,False,lobula_columnar,LC11,,LO
720575941456166047,False,,IN14A034,,T2_MESONM
720575941527043238,False,,INXXX027,,ABDNM
720575941431229615,False,ascending_neuron,AN19A018,,T1_PRONM
720575941449022645,False,,AVLP305,,AVLP
720575941521374391,False,,CB2050,,IPS
720575941527076024,False,single_leg_neuromere,IN21A028,,T2_MESONM
720575941602245817,False,,CB2364,,AVLP
720575941483789498,True,chordotonal_organ_neuron,JO-A,right_antennal_nerve,AMMC
720575941603785913,False,descending_neuron,DNxn148,,GNG
720575941682625725,False,lamina_wide_field,Lawf2,,ME
720575941599034560,False,descending_neuron,DNde005,,VES
720575941504564418,False,,PS274,,IPS
720575941633899717,False,,IN19B033,,AMNP
720575941490670793,False,single_leg_neuromere,IN19A024,,T2_MESONM
720575941531270347,False,ascending_neuron,ANXXX988,,ABDNM
720575941485886672,False,ascending_neuron,AN06A018,,INTTCT
720575941514656977,False,,CB1995,,AVLP
720575941508463826,False,single_leg_neuromere,IN21A002,,T3_METANM
720575941463145683,False,,,,LO
720575941656509652,False,,CB0738,,PVLP
720575941596118230,False,single_leg_neuromere,IN21A004,,T3_METANM
720575941432245463,False,ascending_neuron,AN19B059,,HTCT
720575941520653528,False,distal_medulla,Dm13,,ME
720575941703138522,False,ascending_neuron,AN12B005,,T3_METANM
720575941704842458,False,centrifugal_medulla_lobula_lobula_plate,cMLLP01,,IPS
720575941587467486,False,descending_neuron,DNxn109,,AMMC
720575941500271841,False,,AVLP306,,AVLP
720575941628591330,False,,IN11B022,,HTCT
720575941554109668,False,descending_neuron,DNg51,,IPS
720575941491293415,False,leg_motor_neuron,sternal_posterior_rotator,right_mesothoracic_leg_nerve,T2_MESONM
720575941649726705,False,single_leg_neuromere,IN14A015,,T3_METANM
720575941536972018,False,descending_neuron,DNg32,,GNG
720575941668568307,False,,VES011,,VES
720575941653560561,False,,WED146a,,SPS
720575941430705400,False,,CB2283,,IPS
720575941566889210,False,single_leg_neuromere,IN20A.22A039,,T1_PRONM
720575941589794046,False,ascending_neuron,AN10B019,,T3_METANM
720575941564562688,False,,CB2186,,AVLP
720575941552471297,False,single_leg_neuromere,IN21A001,,T3_METANM
720575941527403778,False,single_leg_neuromere,IN13A009,,T3_METANM
720575941525175554,False,,CB0755,,SPS
720575941546147077,False,single_leg_neuromere,IN14A010,,T3_METANM
720575941562367239,False,leg_motor_neuron,trochanter_flexor,left_mesothoracic_leg_nerve,T2_MESONM
720575941562334471,False,,IN21A052,,T2_MESONM
720575941574032649,False,,CB1417,,AVLP
720575941560597775,False,descending_neuron,DNg110,,IPS
720575941650775313,False,,IN11A028,,INTTCT
720575941436996882,False,,IN18B039,,INTTCT
720575941654248721,False,single_leg_neuromere,IN21A049,,T2_MESONM
720575941657558296,False,ascending_neuron,AN14B012,,T1_PRONM
720575941552504091,False,,CB2203,,WED
720575941436144928,False,lobula_tangential,LTe18,,LO
720575941549456673,False,leg_motor_neuron,long_tendon_muscle,left_metathoracic_leg_nerve,T3_METANM
720575941435850016,False,,AVLP190,,AVLP
720575941550341409,False,,CL199,,ICL
720575941432966432,False,ascending_neuron,AN14A003,,T1_PRONM
720575941628624166,False,single_leg_neuromere,IN01B022,,T2_MESONM
720575941595299111,False,leg_motor_neuron,femur_reductor,left_metathoracic_leg_nerve,T3_METANM
720575941595397415,False,,CB3579,,AVLP
720575941595266343,False,central_complex_output_neuron,GFC2,,T2_MESONM
720575941409602863,False,medulla_medulla,MeMe_e01,,ME
720575941352258864,False,,CL128a,,PLP
720575941504695602,False,,CB2143,,AVLP
720575941503876402,False,,CB2407,,AVLP
720575941491621173,False,,AVLP023,,AVLP
720575941566364982,False,descending_neuron,DNge122,,GNG
720575941662407992,False,descending_neuron,DNg29,,GNG
720575941506235708,False,campaniform_sensillum_neuron,SNpp30,right_anterior_dorsal_mesothoracic_nerve,AMNP
720575941506956604,False,single_leg_neuromere,IN20A.22A006,,T1_PRONM
720575941552045374,False,,CB1809,,AVLP
720575941553552702,False,,CB2848,,WED
720575941547294013,False,,IN11A017,,INTTCT
720575941470747968,False,,IN03A030,,T2_MESONM
720575941589302596,False,,CB0563,,GNG
720575941612240202,False,,PVLP027,,AVLP
720575941611453770,False,ocellar_projection_neuron,OCG01f,ocellar_nerve,IPS
720575941660769616,False,,,,ME
720575941641370962,False,ascending_neuron,AN01B011,,T2_MESONM
720575941556763987,False,,IN05B033,,ABDNM
720575941425003860,False,single_leg_neuromere,IN13B078,,T2_MESONM
720575941440732507,False,,CB3400,,WED
720575941643468133,False,ventral_nerve_cord_serially_convergent,IN07B007,,T1_PRONM
720575941565775207,False,,AMMC024,,GNG
720575941568167271,False,,,,ME
720575941577604456,False,,CB0952,,LH
720575941478055274,False,,CB3382,,AVLP
720575941479726442,False,,,,HTCT
720575941636488565,False,,IN07B055,,T2_MESONM
720575941495618939,False,,IN01A063,,T1_PRONM
720575941494963582,False,leg_motor_neuron,femur_reductor,left_mesothoracic_leg_nerve,T2_MESONM
720575941531434371,False,unknown_motor_neuron,MNxm02,right_dorsal_metathoracic_nerve,T2_MESONM
720575941624757642,False,medulla_intrinsic,Mi1,,ME
720575941503253899,False,ascending_neuron,AN09B009,,ABDNM
720575941572885903,False,,IN20A.22A056,,T1_PRONM
720575941414583697,False,,SAD044,,PLP
720575941513837971,False,single_leg_neuromere,IN12B040,,T1_PRONM
720575941564890519,False,,CB3899,,GNG
720575941571968413,False,single_leg_neuromere,IN21A028,,T3_METANM
720575941563874728,False,,INXXX027,,ABDNM
720575941454495145,False,leg_motor_neuron,femur_reductor,left_metathoracic_leg_nerve,T3_METANM
720575941611945389,False,leg_motor_neuron,sternal_adductor,left_first_abdominal_nerve,T3_METANM
720575941409471918,False,,CL286,,AVLP
720575941671255473,False,,,,INTTCT
720575941518491059,False,,IN19A084,,T3_METANM
720575941521341879,False,,CB3114,,WED
720575941604998590,False,ascending_neuron,AN06B042,,INTTCT
720575941600247232,False,,CB0591,,SAD
720575941480742339,False,,CB2518,,AVLP
720575941462261188,False,descending_neuron,DNg35,,GNG
720575941489819081,False,,IN11B013,,WTCT
720575941490245070,False,,IN08B060,,T2_MESONM
720575941461179859,False,leg_motor_neuron,sternotrochanter,left_metathoracic_leg_nerve,T3_METANM
720575941656903124,False,descending_neuron,DNge101,,GNG
720575941595790806,False,,CB2108,,AVLP
720575941433523671,False,,CB1681,,AVLP
720575941691080155,False,leg_motor_neuron,trochanter_flexor,left_mesothoracic_leg_nerve,T2_MESONM
720575941440699871,False,,AVLP252,,AVLP
720575941440798175,False,,CB1605,,AVLP
720575941628231138,False,descending_neuron,DNg52,,GNG
720575941534711272,False,,IN19B073,,HTCT
720575941502729707,True,chordotonal_organ_neuron,JO-B,right_antennal_nerve,NO_CONS
720575941629967852,False,,IN08A038,,T2_MESONM
720575941632982508,False,,CB3425,,AVLP
720575941457804784,False,ventral_nerve_cord_serially_convergent,IN09B046,,T3_METANM
720575941517213177,False,neck_motor_neuron,CvN11,right_cervical_nerve,GNG
720575941483658749,False,,IN00A011,,T2_MVAC
720575941588254206,False,proboscis_motor_neuron,MN1,right_maxillary-labial_nerve,GNG
720575941551947263,False,ventral_nerve_cord_serially_convergent,IN23B001,,T1_PRONM
720575941590908414,False,,CB1094,,GNG
720575941544214021,False,,CB0517,,IPS
720575941566365191,False,,CB1542,,AMMC
720575941565120007,False,single_leg_neuromere,IN04B008,,T1_PRONM
720575941460885005,False,,IN06A019,,HTCT
720575941557878287,False,,IN06A137,,HTCT
720575941438438930,False,sequential_leg_neuromeres,IN12B014,,T1_PRONM
720575941615222291,False,,CB2202,,AVLP
720575941613256211,False,,IN12A054,,HTCT
720575941506301463,False,wedge_projection_neuron,SAD030,,IPS
720575941505678871,False,transmedullary,Tm32,,ME
720575941527830041,False,,AVLP116,,AVLP
720575941533761050,False,,IN03B061,,INTTCT
720575941477367326,False,,CB0033,,WED
720575941434703392,False,campaniform_sensillum_neuron,SApp15,right_dorsal_metathoracic_nerve,HTCT
720575941595299367,False,,IN03B028,,T2_MESONM
720575941729943083,False,,IN03A060,,T2_MESONM
720575941438373420,False,single_leg_neuromere,IN20A.22A001,,T3_METANM
720575941478022705,False,,CB2840,,AVLP
720575941549915709,False,ventral_nerve_cord_serially_convergent,IN18B016,,T2_MESONM
720575941457149510,False,,IN00A062,,INTTCT
720575941642157650,False,single_leg_neuromere,IN21A028,,T1_PRONM
720575941502303831,False,ventral_nerve_cord_centrifugal,GFC3,,LTCT
720575941450006109,False,,PLP106,,PLP
720575941505777246,False,,IN06B061,,WTCT
720575941585829471,False,,CB2342,,AVLP
720575941644582501,False,descending_neuron,DNp51,,IPS
720575941611322982,False,,PS256,,SPS
720575941548047977,False,,CB2384,,PLP
720575941518851694,False,leg_motor_neuron,trochanter_flexor,left_prothoracic_accessory_nerve,T1_PRONM
720575941548965492,False,,IN21A046,,INTTCT
720575941498437248,False,,,,LO
720575941534383747,False,,CB2287,,AVLP
720575941596872325,False,,ATL037,,CRE
720575941576031887,False,,CB3275,,AMMC
720575941392039574,False,,IN04B073,,T1_PRONM
720575941614272153,False,,IN12B053,,T2_MESONM
720575941625708187,False,single_leg_neuromere,IN21A017,,T3_METANM
720575941569576606,False,,IN00A065,,AMNP
720575941633343136,False,,AVLP504,,AVLP
720575941501714082,False,,CB0280,,AVLP
720575941479956131,False,,AVLP497,,AVLP
720575941556993700,False,,CB1477,,LAL
720575941562597032,False,,,,ME
720575941446008490,True,chordotonal_organ_neuron,JO-B,left_antennal_nerve,NO_CONS
720575941412945579,False,serpentine_medulla,Sm32,,ME
720575941517770412,False,,IN18B034,,INTTCT
720575941411176107,False,,IN04B072,,T1_PRONM
720575941409865390,False,,IN21A065,,T1_PRONM
720575941409930926,False,,,,ME
720575941447057077,False,,IN19A037,,T3_METANM
720575941449907893,False,,PS184,,SPS
720575941605392057,False,serpentine_medulla,Sm32,,ME
720575941603458750,False,ascending_neuron,AN12B004,,T3_METANM
720575941461212883,False,,IN01A052,,T1_PRONM
720575941616467669,False,single_leg_neuromere,IN09A047,,T3_METANM
720575941519179480,False,leg_motor_neuron,tarsus_levator,left_metathoracic_leg_nerve,T3_METANM
720575941652315865,False,single_leg_neuromere,IN12B037,,T1_PRONM
720575941656280793,False,,CB1125,,IPS
720575941493128935,False,ascending_neuron,ANXXX086,,T2_MESONM
720575941534023402,False,,IN03A033,,T2_MESONM
720575941504630507,False,single_leg_neuromere,IN21A008,,T1_PRONM
720575941458624240,False,,WED002b,,IPS
720575941653724913,False,,CB1331b,,IPS
720575941540544242,False,single_leg_neuromere,IN03A010,,T1_PRONM
720575941580881653,True,chordotonal_organ_neuron,JO-A,right_antennal_nerve,AMMC
720575941601885942,False,,CB1893,,SPS
720575941517377273,False,sequential_leg_neuromeres,IN19A010,,T1_PRONM
720575941574229755,False,,IN23B084,,T3_METANM
720575941624856316,True,chordotonal_organ_neuron,JO-B,right_antennal_nerve,NO_CONS
720575941624463100,False,,AVLP576,,AVLP
720575941591039742,False,,CL158,,ICL
720575941552013055,False,ascending_neuron,AN09B009,,T2_MESONM
720575941555420929,False,,PS112,,SPS
720575941556240129,False,lamina_wide_field,Lawf2,,ME
720575941392826116,False,,CL092,,AVLP
720575941542215429,False,,IN20A.22A070,,T2_MESONM
720575941543919365,False,,WED033,,IPS
720575941573869320,False,,WED163c,,WED
720575941576097544,False,distal_medulla,Dm14,,ME
720575941533269770,False,,IN08A028,,T3_METANM
720575941561384719,False,lobula_medulla_amacrine,LMa1,,LO
720575941509742352,False,,AVLP194_c,,AVLP
720575941438668562,False,,WED097,,IPS
720575941657165592,False,,IN05B070,,T3_METANM
720575941551193889,False,serpentine_medulla,Sm41,,ME
720575941507350306,False,single_leg_neuromere,IN13B010,,T3_METANM
720575941629968166,False,ascending_neuron,AN27X011,,T1_PRONM
720575941438701356,False,,WED128,,IPS
720575941409701679,False,,,,ME
720575941502566194,False,,CB2501,,WED
720575941476515636,False,ascending_neuron,AN05B023,,T3_METANM
720575941563318070,False,,IN11B017,,HTCT
720575941589466935,False,,CB0095,,GNG
720575941629738809,False,lobula_intrinsic,Li17,,LO
720575941503418172,False,,IN03A056,,T2_MESONM
720575941471698752,False,ascending_neuron,AN19B028,,INTTCT
720575941590024004,False,lobula_tangential,LT53,,PLP
720575941524127565,False,single_leg_neuromere,IN03A020,,T1_PRONM
720575941449449294,False,ventral_nerve_cord_centrifugal,GFC3,,T3_METANM
720575941451906894,False,,,,ME
720575941440667477,False,,AVLP370b,,AVLP
720575941467995990,True,chordotonal_organ_neuron,JO-B,right_antennal_nerve,AMMC
720575941643468645,False,,IN07B001,,T1_PRONM
720575941576818536,False,,PLP059a,,AVLP
720575941590876011,False,,IN13A035,,T1_PRONM
720575941595037553,False,,CB1810,,AVLP
720575941560434547,False,single_leg_neuromere,IN01A012,,T1_PRONM
720575941470584695,False,descending_neuron,DNp53,,SPS
720575941497782144,False,single_leg_neuromere,IN23B032,,T1_PRONM
720575941533990787,False,,PS187,,SPS
720575941526355844,False,,IN12A061,,HTCT
720575941553356679,False,,CB2108,,AVLP
720575941545361288,False,,IN00A052,,LTCT
720575941588615052,False,,IN06A116,,INTTCT
720575941487951757,False,descending_neuron,DNxn152,,IPS
720575941539233685,False,,AVLP489,,AVLP
720575941565513623,False,,IN03A041,,T3_METANM
720575941615550361,False,,CL053,,PLP
720575941554765722,False,leg_motor_neuron,trochanter_flexor,left_mesothoracic_leg_nerve,T2_MESONM
720575941598707612,False,,CL319,,AVLP
720575941632884640,False,,CB3661,,AVLP
720575941644648353,True,chordotonal_organ_neuron,JO-B,right_antennal_nerve,AMMC
720575941501550498,False,lobula_intrinsic,Li10,,LO
720575941431066543,False,single_leg_neuromere,IN21A017,,T1_PRONM
720575941520129971,False,single_leg_neuromere,IN12B027,,T3_METANM
720575941520064435,False,,IN03B069,,HTCT
720575941450039221,False,,PS171,,SPS
720575941531271096,True,chordotonal_organ_neuron,JO-B,right_antennal_nerve,AMMC
720575941528944568,False,,IN06A002,,HTCT
720575941603753913,False,,IN18B028,,ABDNM
720575941536022465,False,,LAL123,,LAL
720575941630132165,False,medulla_intrinsic,Mi1,,ME
720575941497421767,False,lobula_medulla_amacrine,LMa1,,LO
720575941528485835,False,,IN13A032,,T2_MESONM
720575941491032012,False,,CB1125,,IPS
720575941513904081,False,lobula_tangential,LTe55,,PLP
720575941594873814,False,single_leg_neuromere,IN21A022,,T1_PRONM
720575941516591064,False,campaniform_sensillum_neuron,SNpp28,left_anterior_dorsal_mesothoracic_nerve,WTCT
720575941652742105,False,,CB0677,,LAL
720575941692129243,False,leg_motor_neuron,sternal_anterior_rotator,right_ventral_prothoracic_nerve,T1_PRONM
720575941499912161,False,,PS220,,IPS
720575941632262114,False,ascending_neuron,AN10B034,,T2_MVAC
720575941536219107,False,ascending_neuron,AN10B018,,T3_METANM
720575941652545521,False,single_leg_neuromere,IN16B016,,T1_PRONM
720575941538185202,False,wedge_projection_neuron,WED056,,WED
720575941568724980,False,leg_motor_neuron,trochanter_flexor,left_ventral_prothoracic_nerve,T1_PRONM
720575941624168444,False,single_leg_neuromere,IN13A006,,T3_METANM
720575941588156414,False,single_leg_neuromere,IN13B014,,T2_MESONM
