root_id,x_nm,y_nm,z_nm
720575940628336598,822736,170116,15930
720575941440977215,189480,153188,24570
720575941516432787,233712,168668,73800
720575941537120483,311152,127344,124965
720575941478618161,805844,117136,59265
720575941414456980,169480,197424,94590
720575941460253168,878892,115284,86220
720575941652179697,164164,147280,138825
720575941542105037,797216,139312,26460
720575941590726468,736216,171448,38115
720575941612473674,886448,103628,42705
720575941576228617,789516,128468,57870
720575941558126095,225276,78056,148905
720575941465712662,218080,201808,25515
720575941689952780,785972,157288,40455
720575941461762374,255088,99284,143730
720575941548826145,143500,129392,79560
720575941513951052,633300,188008,148725
720575941574419784,669696,166288,139185
720575941549976609,651148,203404,102240
720575941505578839,676112,178888,123930
720575941605327801,667208,198012,127215
720575941470353728,293456,155192,160740
720575941463778448,238956,93524,206865
720575941488814537,727016,128444,156240
720575941503474482,767548,156968,80370
720575941481738749,766284,142736,93105
720575941535928547,276116,232680,97785
720575941476257345,140544,135744,24930
720575941573825182,177248,124172,115470
720575941651963153,257620,128932,119115
720575941537181672,138596,177708,112005
720575941610299238,330496,215360,86625
720575941541577677,207884,111680,90450
720575941597639301,219652,107400,185760
720575941685985519,258688,126536,124785
720575941624194412,212916,102268,100620
720575941489183952,294124,202092,58320
720575941605147382,124560,120348,84060
720575941470072896,216156,110236,190800
720575941494941360,224404,173432,30960
720575941509179664,204884,124388,87030
720575941596722844,189012,102224,99450
720575941480080579,250284,209548,60165
720575941689994102,232368,97588,187830
720575941564160680,599916,104836,217980
720575941527834756,250412,221600,102690
720575941493468286,227900,192044,160335
720575941625347722,557544,724360,263880
720575941475558942,291064,166084,122130
720575941598482076,141372,188520,128700
720575941442528703,251380,135960,95895
720575941548643252,149920,182436,116460
720575941448036884,302680,173968,125055
720575941685838575,195680,173200,94095
720575941548056381,228912,202672,111825
720575941489571788,234868,207560,158535
720575941573367048,238612,203248,137610
720575941529238456,157788,125008,116190
720575941565454390,162924,144388,96570
720575941414784540,306988,187816,79335
720575941458027590,200116,216288,56160
720575941450741063,212276,176632,88650
720575941624206700,146100,229848,88560
720575941661790776,286916,178028,137520
720575941429199608,237268,195384,76365
720575941593601575,289920,234636,81180
720575941525453643,156068,111540,109305
720575941682218685,189832,95940,130815
720575941686838284,212520,122396,76095
720575941535117443,217780,150868,152910
720575941473299754,225988,163804,82755
720575941502645554,227220,188740,131715
720575941482146499,303484,184936,110070
720575941615874517,211352,147336,139095
720575941547680801,383948,193212,170775
720575941536954378,659876,107756,112365
720575941528650918,647684,118996,132975
720575941618248661,271412,172680,138510
720575941441325659,429824,171328,239670
720575941576117149,714072,124644,92745
720575941466656854,282960,168800,92115
720575941467862358,196728,105196,157500
720575941679465149,237252,205800,96030
720575941451565993,186976,93336,171855
720575941530981816,701904,145216,109170
720575941499924386,269704,133992,120060
720575941436819756,177860,116828,118485
720575941534399498,280760,133464,156240
720575941410358575,777168,96848,91845
720575941443163855,212156,216108,28485
720575941560145523,167172,128352,96120
720575941506883618,231812,206872,123075
720575941593445846,242604,232692,61425
720575941394668950,170488,121420,90045
720575941489586377,135260,201808,120825
720575941415121180,167660,144320,25830
720575941610581421,197024,200920,26145
720575941413827732,144856,124440,146385
720575941611213801,174288,129920,121050
720575941580746577,688852,169596,169020
720575941439834303,256224,193684,145170
720575941459572435,259616,101100,179820
720575941537598962,201668,119460,121590
720575941554849927,285124,222296,106200
720575941466289686,220016,172496,131715
720575941478820657,144352,227044,51120
720575941499265442,130484,158396,69075
720575941644429217,401932,131924,66105
720575941572204872,222940,186804,129960
720575941610959206,175640,177712,173925
720575941571003550,169276,211128,27360
720575941453599610,168704,119360,32715
720575941612927251,233712,156644,173295
720575941518601363,187372,163712,67050
720575941460974276,653708,159808,158760
720575941534562753,196400,176724,35775
720575941541162076,234120,203576,186570
720575941497634889,177896,184872,102735
720575941413021841,178684,235992,103320
720575941537597155,441796,644704,63225
720575941517025027,745208,212892,37395
720575941626948298,729612,178180,140445
720575941477911326,158820,85368,134280
720575941436576544,749732,147204,140040
720575941409526319,766472,181948,21870
720575941481605027,174092,103280,185580
720575941486386317,256024,109384,112815
720575941530225028,792936,101740,121230
720575941629605177,894972,101892,100350
720575941567337526,791328,126864,44685
720575941471284189,827412,146316,71595
720575941547938228,131852,107656,58905
720575941660255312,820120,90824,151110
720575941538435811,198028,110788,54720
720575941484321478,161140,174480,75690
720575941627264620,848068,105980,54630
720575941442897499,838272,161880,67050
720575941615579545,856548,162852,110430
720575941614349532,227616,83996,182745
720575941620054715,134076,97672,148320
720575941577138024,160124,194896,17640
720575941502689675,119820,101184,92880
720575941626972298,224124,141504,38160
720575941556773860,809916,95448,153225
720575941690754968,123024,159740,44955
720575941612205741,120776,119048,128970
720575941646214344,240916,82140,168075
720575941516615235,832284,80980,146880
720575941475703850,846952,82572,54495
720575941476538171,752404,126416,126945
720575941509214046,806240,86252,120510
720575941517476243,223952,83756,116415
720575941506368306,224380,90992,106155
720575941594910059,804476,187484,31725
720575941451439709,739936,182580,45405
720575941668481779,370380,1001232,255645
720575941514855756,507680,661080,210960
720575941557591972,524776,549648,103815
720575941631197922,677148,205808,86850
720575941565315170,305252,105104,119835
720575941504602418,426268,214048,75105
720575941577482585,504860,370000,131445
720575941579629137,521976,640104,124470
720575941671619495,520112,136144,106200
720575941652021781,426504,169892,206460
720575941537839848,553848,149424,215460
720575941485840390,514148,189660,128385
720575941564922519,413384,120208,153225
720575941407385391,507136,148608,247365
720575941598046505,600468,557084,127890
720575941539100658,481100,156588,167985
720575941613373404,460388,123808,161055
720575941448083988,504524,124600,129735
720575941633637307,454596,80880,231435
720575941568668274,529640,190812,194580
720575941562669056,534200,213180,172800
720575941452150138,592852,99924,237195
720575941672309159,410444,133696,227835
720575941595084502,578892,205828,121455
720575941629717228,489568,95396,175545
720575941478199776,559488,119636,169065
720575941579995381,566396,115924,117540
720575941508468318,564172,93248,174555
720575941552011162,516104,208760,87660
720575941610654185,555920,171664,102600
720575941595479333,664916,73264,151065
720575941575747579,597388,91548,187425
720575941611865619,552356,193988,195705
720575941433310990,325964,130948,81135
720575941612266669,325720,126656,94770
720575941568249134,294532,140728,207585
720575941552165375,447776,82316,237015
720575941633115589,345008,145664,226935
720575941597088881,332188,122572,96660
720575941575633256,478144,136768,244575
720575941560967213,360816,196624,92925
720575941602525118,509776,216296,124650
720575941500271841,291184,100700,94275
720575941646264225,349028,150328,238320
720575941564148992,393388,144024,220905
720575941691808987,450732,217800,141525
720575941616284569,390236,164684,96660
720575941590243140,398800,108976,190485
720575941409516718,470280,83636,222750
720575941559306355,368672,932904,224820
720575941441900123,359252,145208,191475
720575941462024592,129152,139628,158490
720575941601919222,528272,215344,105075
720575941476606257,467240,140796,196380
720575941508283927,452704,127408,89010
720575941553413604,427584,202240,220140
720575941538591976,444620,128548,176940
720575941536746984,421048,182168,194400
720575941564038503,401676,631760,211095
720575941486723906,418820,178676,178245
720575941549178760,437900,811280,105165
720575941593993256,430072,216408,177255
720575941659687960,267392,81408,195390
720575941440475871,315040,139684,86220
720575941476587316,650096,592604,250560
720575941565586734,670020,573956,249750
720575941505711410,670024,578244,264375
720575941458363632,465432,143420,196785
720575941415417745,377712,159524,132795
720575941687808239,614388,87472,145350
720575941598614172,581104,98348,200745
720575941639848309,408956,925520,198630
720575941545226684,745664,56452,119295
720575941442594907,451064,98072,122445
720575941613380316,640244,185280,193050
720575941476138292,500112,637040,107820
720575941553055771,429944,794256,223875
720575941496177225,372024,947376,257085
720575941592043660,611024,648424,279045
720575941491529166,551328,144452,28575
720575941494130046,435056,631252,52290
720575941599114688,420124,153768,4230
720575941535110834,436460,215820,15975
720575941587845086,571712,819992,174330
720575941732907819,435360,630600,82215
720575941454005555,397816,961688,300330
720575941611489965,437008,219788,19980
720575941612454364,644380,592996,116730
720575941604668089,338012,1012552,291555
720575941588524428,607820,650276,279540
720575941612881641,397576,134608,64125
720575941554613895,401372,121036,79200
720575941656137552,609540,651720,278775
720575941432126990,536064,754760,151335
720575941540463765,360640,230976,142830
720575941528686502,338392,152696,143865
720575941533064421,723776,91264,203940
720575941688917743,531328,194560,204615
720575941544317788,913512,103292,27585
720575941553882942,860868,82584,120060
720575941573702558,851280,130240,27675
720575941492980199,200120,145988,196920
720575941566317410,704288,120864,103635
720575941561644403,109228,136884,46575
720575941551306356,459808,171392,147870
720575941516361721,582528,61360,151785
720575941498402377,153476,155192,153945
720575941527359654,145972,168540,28485
720575941475768928,133140,198424,108810
720575941596523478,152412,183832,84735
720575941560969517,141312,175292,128700
720575941520883127,812340,162996,16110
720575941634153888,869096,150072,74160
720575941535793345,113344,202364,97335
720575941482271055,152720,162108,152595
720575941408304687,810908,196648,71460
720575941538503912,732460,156892,133965
720575941489543888,699072,189568,184455
720575941528171876,758628,95928,86265
720575941454490281,833096,129980,137790
720575941581310841,678588,212768,62955
720575941435623456,138332,182440,142560
720575941508127361,673900,214800,62550
720575941599557532,851684,80948,69345
720575941471958647,115140,149576,94680
720575941606590317,590380,201028,197910
720575941561364462,131928,134620,164970
720575941532204261,111584,201124,76410
720575941573815561,382792,194892,199035
720575941644548216,400448,153344,256140
720575941552650375,557864,662904,166500
720575941464904982,565732,772276,228780
720575941534853720,462268,729284,162540
720575941511491148,437668,741020,156375
720575941652065553,595252,204576,212805
720575941514101395,427736,882980,173520
720575941518344375,565768,763356,195750
720575941626858278,585784,764824,161955
720575941488543694,469240,749144,127215
720575941499483531,442932,625248,90450
720575941506855262,536700,745304,164655
720575941534850570,404836,188044,209790
720575941450101319,489920,582548,134730
720575941394472342,460820,574164,93240
720575941521454923,460292,694428,215775
720575941574252283,579056,723764,215145
720575941558287908,481168,892528,223110
720575941425229652,494032,738968,155745
720575941438989147,450720,795752,243360
720575941509908609,480928,861700,208845
720575941428385199,386952,869284,240120
720575941506226210,368248,185184,201465
720575941505196709,581724,122404,180135
720575941625218442,587272,179612,204390
720575941671111335,614520,196808,205155
720575941526429060,521004,628080,126630
720575941649131285,441104,754944,143415
720575941642267167,861084,177964,53910
720575941627174811,732156,91124,126090
720575941482583715,725408,125680,86625
720575941462331332,773072,138384,184905
720575941592038910,816800,156740,133560
720575941440695743,219268,167756,27000
720575941539298787,782724,79516,93015
720575941458912752,685188,181788,145125
720575941639204639,170376,106364,89910
720575941657032404,668972,223752,123165
720575941576328861,662676,205832,145125
720575941554209690,174188,130296,81450
720575941503238635,817448,129900,178020
720575941466379606,554316,191520,227745
720575941411137451,593004,192684,194535
720575941403036195,716728,193476,71235
720575941552009215,420520,179628,232155
720575941492710606,761156,111360,64710
720575941557803172,728136,200260,100575
720575941541960573,851484,84544,92655
720575941669953523,865908,81752,71595
720575941514517969,859020,186088,45090
720575941561447150,838440,141856,34560
720575941596427047,695816,223964,110205
720575941600400832,740072,204160,59130
720575941569870382,883856,100380,75015
720575941438478047,138632,158972,76680
720575941395155350,834900,127384,174015
720575941440635455,744228,183036,94635
720575941484250054,751140,152200,179865
720575941472821623,812284,107964,198090
720575941591515703,154652,132560,116910
720575941433114327,796072,159476,111330
720575941446351274,795672,144308,159840
720575941602277929,774720,143956,107280
720575941626404042,752528,89004,124245
720575941645923784,808588,119572,180900
720575941433884887,725044,141520,90585
720575941613428710,250780,82432,149490
720575941440116268,185032,190992,33660
720575941530542468,753500,165740,50535
720575941596211158,780640,186644,72225
720575941575673851,747436,146252,186300
720575941485211066,743720,117552,203220
720575941411957931,129196,129132,155655
720575941592561804,126920,96824,164520
720575941442439359,192060,119452,198675
720575941549644660,445840,112544,175275
720575941498193889,516852,246076,105525
720575941460659782,557996,787892,161820
720575941497991803,588200,836548,163575
720575941613314989,593756,170052,119205
720575941604566176,177800,191172,28845
720575941477437236,656944,116208,113085
720575941507452254,439088,631004,51390
720575941495158910,600888,127608,176220
720575941491061708,572776,826124,164520
720575941437141778,435248,219664,20115
720575941489097936,328564,1023812,307305
720575941471526877,171136,181952,177795
720575941654682836,593324,93536,70425
720575941526998694,442604,231760,48150
720575941452481658,400352,136656,64260
720575941573563144,611736,645692,123840
720575941501788259,524556,199948,18855
720575941579391825,526932,212304,23580
720575941548415777,580656,825828,161100
720575941593531584,435060,214484,14850
720575941531553765,449700,990576,233865
720575941530110155,201768,162568,184140
720575941640631327,385544,138712,198945
720575941537652456,652068,130608,242460
720575941594463013,472308,370000,115065
720575941441894351,543768,656816,192915
720575941552997950,716736,84352,141975
720575941431101615,505184,642472,112545
720575941478202932,477248,49408,204165
720575941443628751,96256,119916,153405
720575941524371787,350272,171408,146520
720575941608936813,178752,152368,103320
720575941460305392,809424,129616,181935
720575941612386378,491136,952452,218070
720575941566836631,176812,132664,157995
720575941563591058,162076,125576,143460
720575941537181194,128740,176304,146880
720575941655238873,664960,116712,225810
720575941628853305,655236,178352,79605
720575941563157805,776892,165464,106875
720575941408220463,258864,108184,153945
720575941439324127,158168,212004,112365
720575941605309686,698412,244888,57240
720575941440209964,726748,164820,171990
720575941500373065,205368,118176,159705
720575941493175472,758448,130296,109395
720575941433362446,449452,149136,180765
720575941350645808,589748,560944,122985
720575941526740836,430120,975552,258165
720575941687454988,558128,617200,143100
720575941573906280,560912,692728,198990
720575941513356122,554528,654844,190575
720575941493320368,497636,827500,246915
720575941547841853,551264,605792,143190
720575941551375220,422768,733196,170280
720575941523100491,503260,688660,195525
720575941440360021,456996,874292,205290
720575941495621499,523128,776180,206190
720575941595198757,486844,741412,121905
720575941591943464,443228,82712,171495
720575941636488565,466808,709516,184230
720575941536391666,524872,608612,169290
720575941554790308,444696,726336,194130
720575941477190174,558172,733524,229230
720575941566774522,569164,769096,194175
720575941650604565,614032,189252,201285
720575941514037315,401088,936256,165510
720575941496666496,580348,651012,168075
720575941447822158,418000,668460,196920
720575941574707528,548396,761876,150705
720575941401795107,435524,951296,284220
720575941471089527,551132,186140,213795
720575941460371667,355076,171576,221040
720575941606595774,786048,98788,85860
720575941585398879,780564,147660,123390
720575941475738208,829304,164752,13545
720575941644254625,454760,803248,203040
720575941446102804,219140,74376,145845
720575941591947048,617204,194124,221445
720575941403496995,816132,213396,22770
720575941484810170,194296,217476,36810
720575941639887391,170784,158824,84015
720575941629341990,720584,168000,54540
720575941440145499,174632,120748,165825
720575941520656494,753084,96764,112050
720575941472352320,751604,85068,141255
720575941491734581,225728,147728,71010
720575941450345806,801612,169604,80685
720575941566752519,685572,151000,69615
720575941462924432,700424,209132,65700
720575941477027643,672596,195448,156780
720575941653026801,724828,194320,59805
720575941563116845,759984,162148,80415
720575941440401493,301428,180612,96210
720575941595809319,705792,210680,149580
720575941590940996,788844,143580,176535
720575941520410990,220640,90696,192555
720575941540743573,233944,152516,27855
720575941476215594,164676,159912,169380
720575941537709505,815800,203604,76860
720575941491004105,790932,125400,49410
720575941663649336,811024,90304,98775
720575941537028330,783524,207724,25200
720575941550878753,833288,122200,168840
720575941509760385,857736,157908,107730
720575941516199235,770192,107980,143415
720575941547806396,785796,223140,49725
720575941602056745,714968,95224,90855
720575941604947897,851116,95368,51975
720575941395185302,846832,149644,99180
720575941531667896,876140,102320,140895
720575941410133295,768836,139820,55845
720575941436559904,693780,175676,186435
720575941591007799,793608,172136,76140
720575941590181188,714944,118088,147645
720575941612322278,735800,155296,169605
720575941522299831,685640,207944,63450
720575941507545879,762468,116000,77940
720575941591739276,773668,82376,161955
720575941544090716,904732,65584,15750
720575941645611128,751744,158972,54945
720575941463013075,735352,199556,52920
720575941394406148,753768,160088,47745
720575941542809180,768780,134612,117675
720575941472847223,757824,110208,41940
720575941415164049,179936,123392,40680
720575941634388933,858700,120024,67275
720575941558831012,814280,136800,93195
720575941670304945,753356,204432,47880
720575941644846949,779244,102296,100350
720575941514906947,791920,163664,143370
720575941440423771,134912,194752,144495
720575941631027750,586888,59248,144945
720575941590730564,585504,134928,67005
720575941440447579,133464,138224,102330
720575941550198900,450352,56208,123660
720575941410865835,196340,165276,110835
720575941581182709,246864,196260,60390
720575941576154269,856356,171684,70695
720575941482130306,738652,141440,177165
720575941505149163,872508,91704,103815
720575941510663122,261692,192572,126180
720575941437536556,292272,210164,152460
720575941590196791,306112,191452,78750
720575941566509319,176012,180996,51345
720575941660766264,246848,92800,100170
720575941668012465,236208,103240,189810
720575941540207389,729196,198220,98550
720575941478273566,288776,168608,121590
720575941512106828,246096,189284,171945
720575941511778124,722852,144392,139500
720575941520889847,658688,218496,63090
720575941517765881,130512,145796,111690
720575941471666443,653032,158792,130365
720575941613612134,789936,88012,129285
720575941405694576,661376,184244,113715
720575941413949807,801436,186536,38250
720575941438430994,816228,144948,150840
720575941608724333,700748,177840,139140
720575941395076246,683928,158824,119430
720575941461731085,660044,199008,104895
720575941522504627,194896,86948,118350
720575941534536218,233948,167580,168615
720575941483413187,220500,138520,128205
720575941504466341,245744,119120,127305
720575941496486779,202652,182224,77490
720575941567982962,248448,164860,199845
720575941558381294,192636,158584,132480
720575941482928207,187632,136500,65565
720575941661142584,193892,139668,187110
720575941522153463,525476,216380,32580
720575941656583892,182892,219624,61965
720575941609335114,264512,211820,169470
720575941503436082,273304,210044,182970
720575941533359594,190736,104548,94185
720575941535081603,151680,92268,139005
720575941575927048,219500,177044,37440
720575941537165027,147684,173836,159120
720575941473754427,251968,212520,62100
720575941582767967,253764,185640,198045
720575941554321214,132992,106464,167850
720575941576996697,238528,243968,107595
720575941528164792,242672,141304,187830
720575941721542970,266176,216192,152010
720575941473814843,259504,96708,182250
720575941457977325,221008,104420,203085
720575941513768963,141056,170552,98010
720575941528972710,211392,204708,78210
720575941626909753,193268,186728,24615
720575941680100029,373632,155328,244935
720575941470751709,226316,152252,182655
720575941453086771,153844,147964,51030
720575941438661164,331228,165676,145620
720575941475596596,148408,148800,99000
720575941504223938,272852,198860,134685
720575941558270958,184740,165280,138555
720575941666256371,159216,128020,112410
720575941440435007,193572,135140,81765
720575941469812544,119624,190804,87345
720575941596690624,299760,210820,139995
720575941469281911,254344,237584,71640
720575941650240277,298944,229568,64485
720575941565441378,294440,212112,94230
720575941634796448,224552,167996,78750
720575941439486783,300668,183564,132210
720575941513985785,167236,199776,119070
720575941563513234,131012,114628,149490
720575941492807344,130060,145864,97425
720575941504525477,206416,91388,100710
720575941610343142,223552,77184,178785
720575941612621130,301776,196376,79920
720575941532618187,325668,236120,105750
720575941501597783,345152,199864,157095
720575941563059200,204396,151596,137835
720575941687771375,236864,180012,173610
720575941428279177,213336,152892,166320
720575941605690221,184488,166964,140895
720575941472984951,318812,207340,138375
720575941353112880,327924,195772,127980
720575941594467953,217888,150360,106695
720575941513438284,132240,151508,140985
720575941430171017,398648,138892,61020
720575941529048742,178040,215432,124290
720575941680625597,122300,152012,85545
720575941559628559,186372,151560,53910
720575941479020512,154368,207720,18135
720575941559680036,187636,158712,53910
720575941548068669,218248,76444,162720
720575941651262705,229508,135424,138780
720575941576469768,186028,190960,37755
720575941470460023,144832,127948,134010
720575941513975811,218108,196672,61470
720575941512447820,182084,170228,61335
720575941679713213,236600,194740,58590
720575941534224515,175448,164968,48015
720575941526461773,153956,128904,116505
720575941480112352,178076,129960,169515
720575941554912740,154360,183424,28170
720575941437096466,183816,174964,109170
720575941470120459,228388,185464,132570
720575941471499741,177364,227216,71100
720575941542276893,157080,126548,112455
720575941652316945,233536,201176,95850
720575941605402358,294816,156128,150930
720575941518599827,152448,144808,44775
720575941437265682,665216,190312,154755
720575941437118994,194316,93116,60840
720575941465138957,767348,106808,200025
720575941484411066,114400,204280,34830
720575941567701863,755036,165884,83205
720575941653771505,214976,108096,51660
720575941453476935,117212,151316,51930
720575941499208827,234648,127732,51120
720575941472174967,800212,96072,75195
720575941505838530,156952,114840,42300
720575941565391767,150956,135984,40275
720575941565889031,194376,88956,172485
720575941574093214,816744,118436,130275
720575941621001087,224356,91740,192465
720575941507006629,196336,87540,121005
720575941534115557,801556,170756,75600
720575941632879084,839976,124612,150030
720575941487771533,758796,73348,139230
720575941639894133,128504,114968,48780
720575941496013950,835420,143828,147690
720575941394542230,879344,138312,78075
720575941653188337,232604,109096,75960
720575941531598776,836916,146164,90135
720575941537107905,814964,142768,163485
720575941656288468,180384,128588,201690
720575941479986026,816512,171628,48645
720575941500067809,702952,217912,74700
720575941459878384,200816,214552,108630
720575941563555240,799720,136588,28800
720575941557404499,311084,180000,111240
720575941646805960,781360,185368,28215
720575941598907072,544964,174768,121185
720575941498996193,492348,370000,119250
720575941649901297,468348,712704,166500
720575941596082801,483928,848068,209835
720575941575575560,533768,593660,107775
720575941503524914,474876,370000,122670
720575941394131094,454308,370000,126315
720575941660026704,170532,221732,43965
720575941595008363,578544,141356,188460
720575941702256090,494628,370000,125550
720575941452566138,487032,589200,164970
720575941483105475,529860,616080,139815
720575941562409479,498980,370000,124560
720575941545086088,475804,370000,123705
720575941468862583,536780,222900,101205
720575941538411213,491464,116116,223650
720575941516764819,547256,245512,129690
720575941501974210,385404,632084,211815
720575941556952147,432880,915804,248940
720575941464618253,421096,191276,173475
720575941400707875,571976,589064,187020
720575941532528771,418412,239728,112230
720575941564808711,576072,195868,194355
720575941527183526,558088,99024,179910
720575941404166512,535312,186768,193005
720575941658237976,585548,192212,129375
720575941461276612,601536,148468,167355
720575941598475676,504896,165508,146790
720575941451611726,579004,173204,127980
720575941563566504,519876,106256,157050
720575941630662950,619176,176484,214875
720575941507616837,616996,140384,239085
720575941473900842,560948,190440,92970
720575941565428999,553208,154372,175320
720575941590967806,569144,255388,104985
720575941687197708,511992,158572,45450
720575941435949612,522656,158180,28215
720575941477361182,565896,166268,123975
720575941535851713,300404,112068,180675
720575941653976532,577972,130168,152460
720575941563485842,630996,158500,180180
720575941527668482,563364,94552,111375
720575941574459643,529428,127116,129600
720575941509586817,364480,126324,166995
720575941553295899,397144,190580,186030
720575941678615229,428832,99436,117495
720575941509536016,361968,191580,115245
720575941507733282,415368,92328,168390
720575941492007911,316396,98752,175635
720575941536057866,370328,192504,175365
720575941506339900,442948,170400,202725
720575941617718229,344820,101776,176805
720575941485690253,363632,150896,164880
720575941485642637,333076,113068,225135
720575941406936750,316844,120964,86310
720575941575612815,334584,135048,136890
720575941521612363,400760,946060,291015
720575941477436702,392640,180872,182295
720575941611461865,389876,196252,112770
720575941517087148,325696,129920,65205
720575941606844013,434916,173632,21240
720575941720866362,454548,115648,126225
720575941515284985,444620,209804,92610
720575941457051807,437488,181344,209565
720575941479655392,418624,100544,61155
720575941557572623,378440,197044,118980
720575941609737958,385960,213560,100260
720575941474782523,152112,151584,160335
720575941472113216,398452,141504,86130
720575941490709710,386728,101496,86985
720575941495703495,407884,130764,215325
720575941610982474,462732,143696,158400
720575941439021403,403936,630976,211140
720575941655663065,434940,811280,99405
720575941507224599,369356,207876,121050
720575941539891804,435828,811288,103950
720575941508346135,445920,811280,109485
720575941687153526,282316,132072,198810
720575941528169382,360520,127604,182115
720575941482111139,461016,59836,126855
720575941450978141,434784,66988,183285
720575941433136343,330448,94880,226440
720575941519664856,589584,757368,240075
720575941536965386,563744,235044,116415
720575941626680219,376908,141820,247635
720575941564662423,400176,961760,184320
720575941594303857,455648,623172,72450
720575941525723138,452796,645192,47205
720575941688171788,622160,151332,101835
720575941569311220,535432,129668,249255
720575941552851006,362436,135224,229320
720575941595563909,455220,613592,90855
720575941518801836,373128,1019532,216180
720575941555412481,411392,150804,205110
720575941438371283,439836,906180,269415
720575941438758930,602876,70016,85590
720575941612526044,340068,1012432,291555
720575941440042431,245060,183184,62460
720575941554308762,583732,825684,160380
720575941574808328,584212,67536,86220
720575941602921462,571008,825824,171090
720575941550708769,566384,56776,121545
720575941431143009,613088,86252,58860
720575941554596743,581144,825064,173475
720575941595302439,576116,686752,162135
720575941489411637,592864,828984,169245
720575941431804375,529052,215700,25875
720575941553554330,434024,217756,18405
720575941651725809,369948,1019532,216450
720575941454007859,653040,595628,112635
720575941597990300,440556,987212,233730
720575941435067424,528532,792408,173880
720575941567026676,572360,826136,164745
720575941557308196,459792,916920,222525
720575941669587955,398792,961444,302130
720575941546361605,400104,959100,308565
720575941461553808,539656,204280,31050
720575941435639840,609592,166480,110610
720575941530304900,640408,131480,263475
720575941518152595,429144,120668,153855
720575941530288331,653268,607668,116550
720575941565249846,461436,964456,218295
720575941507607109,285120,84032,136800
720575941449683381,610388,105740,203985
720575941625837770,637092,126860,197415
720575941479427434,626420,160700,175680
720575941548759412,705712,124360,154935
720575941557812083,484212,756172,108855
720575941547410537,650688,77440,179370
720575941436260750,503808,132032,255060
720575941524719691,685344,152080,223965
720575941525285963,284352,93568,221670
720575941450530382,403932,619924,177615
720575941590181444,838556,178956,59220
720575941597057393,901748,85604,19215
720575941453159593,744588,178976,24165
720575941618646485,408376,709568,172530
720575941704492250,157872,98752,180675
720575941459419718,559960,103824,128790
720575941486819981,529064,154096,70290
720575941403204387,192620,99164,102600
720575941516823043,759808,199632,45450
720575941652063729,325216,88912,110205
720575941463456964,128724,126328,81360
720575941454371379,137996,127908,150300
720575941533098371,158976,156480,31725
720575941394247062,138096,186404,105165
720575941574391453,135296,218840,38790
720575941519034734,148676,195052,42075
720575941565605686,703020,139384,76860
720575941704320474,159776,161144,168660
720575941520727479,163936,196652,135675
720575941529554360,203840,213340,23940
720575941565950615,734020,112620,93015
720575941394314756,213916,114284,207630
720575941450560181,841884,142380,121950
720575941569435124,127924,206376,101430
720575941413230447,231816,93552,193860
720575941526119524,396104,98484,77535
720575941643053394,549232,605456,149895
720575941570513396,400436,917632,265770
720575941449886791,493756,799580,241650
720575941456052976,479352,814788,244665
720575941436784191,458756,834680,259920
720575941447799118,612268,624744,173700
720575941475766122,499816,771056,232785
720575941481021181,534148,644492,166815
720575941524050276,532464,682092,233190
720575941477947778,393048,937436,268830
720575941521110711,558100,684436,207180
720575941507246917,545728,770036,160650
720575941590317352,467444,577600,147600
720575941687328495,553596,777272,163620
720575941630330309,418816,870124,213165
720575941576978933,633564,585200,192780
720575941507787024,542904,689228,208260
720575941505893761,559960,657680,227835
720575941604952685,622920,593092,141615
720575941432778638,457396,634588,214110
720575941456363935,427728,660252,199935
720575941507338846,555980,183980,236340
720575941514574595,554712,188124,223425
720575941446459924,613612,198776,204750
720575941437842194,387504,192064,215055
720575941472135978,434944,630528,183195
720575941565616231,583488,205908,209655
720575941503776706,611356,194940,208845
720575941526058573,352996,176988,223020
720575941400595491,590592,166272,240075
720575941597721477,850212,195088,62550
720575941449426766,114708,126048,98100
720575941565863063,769108,169324,27855
720575941482166607,861428,147992,71190
720575941623557484,427872,727364,171135
720575941588045566,450972,806860,199170
720575941556866561,261752,136080,191835
720575941547562601,789804,106752,168705
720575941659916056,729888,184188,135315
720575941449016852,253916,149096,72855
720575941393084932,811736,194376,94365
720575941507349820,735672,127704,116100
720575941681968317,694592,146020,79425
720575941526649090,180460,93824,81810
720575941566248295,599056,195088,221805
720575941554709843,597856,178220,208575
720575941656706265,228312,122140,170775
720575941600212160,783804,122768,66825
720575941669171187,753120,88612,105210
720575941540366229,796948,92540,65115
720575941499271905,798812,146640,123030
720575941517297913,714020,182032,62505
720575941595362343,775868,169220,64440
720575941428217428,736408,145496,78570
720575941477511745,755824,133088,140670
720575941547330409,722852,190672,155880
720575941605226937,719096,143544,68130
720575941553942919,739728,106912,77760
720575941587065054,785352,167144,81540
720575941392989444,865528,146276,70560
720575941432651768,727836,160084,187830
720575941551100989,765628,108828,147105
720575941454884009,785532,186508,58320
720575941569045294,868704,150880,98235
720575941540727794,857640,166504,109530
720575941458442221,244544,148992,28845
720575941461276742,793628,161120,67545
720575941571123700,247980,152496,44280
720575941481720739,746704,174096,97740
720575941557906084,785044,120288,173205
720575941493394151,838344,106616,164115
720575941575752443,805460,208648,24120
720575941394627478,824920,101436,131355
720575941477869364,798208,103616,23715
720575941552366591,730700,99336,90990
720575941655121937,773680,93496,89010
720575941429067092,778772,198916,98010
720575941473018123,818868,98680,44910
720575941597584261,770080,187164,39600
720575941587541382,830176,146044,66915
720575941481590351,780404,127264,201060
720575941571118842,242636,158768,40050
720575941514519761,611936,132420,252045
720575941611457098,501168,584080,182160
720575941611709715,515520,840220,284445
720575941092647849,600552,137544,239895
720575941460445343,166540,130436,105885
720575941613464237,664388,196776,172620
720575941532875723,828416,177032,15345
720575941531354040,872472,160500,52605
720575941496515968,433620,219468,20205
720575941597123697,687888,178736,122130
720575941592324904,235856,145856,38160
720575941499170978,739176,188368,44550
720575941519369070,143692,194016,105255
720575941470686071,129764,180716,99360
720575941671126951,172160,92672,56250
720575941625938058,155444,157552,142380
720575941539939789,135836,174304,37125
720575941518843820,137668,210400,102195
720575941594839659,111060,148892,45720
720575941453597050,189460,114160,183735
720575941507966558,139660,154112,134505
720575941627350939,786480,150864,94275
720575941490838988,160120,85276,79425
720575941484655302,850200,95804,133335
720575941560839150,815528,175972,88425
720575941537770945,208196,128844,179325
720575941595068197,187240,220676,59490
720575941654188273,396432,194384,186480
720575941472971531,112460,172664,131670
720575941604270265,811276,114460,187785
720575941433114894,200572,176284,129690
720575941537532865,671148,180904,125190
720575941643469413,446032,863184,180900
720575941483843906,461016,736360,146385
720575941590941291,404640,995772,246465
720575941543658428,478736,622188,138555
720575941608391498,553056,673144,246645
720575941459583632,472240,933428,224685
720575941624881866,480488,872160,216225
720575941485358598,470608,840912,244125
720575941594215463,538116,679824,183555
720575941438852187,543752,787240,229995
720575941469116279,362400,171292,218205
720575941565758006,373452,179120,197595
720575941524280857,510488,710328,208890
720575941561291565,365496,170924,236700
720575941475400032,495432,593432,82170
720575941507545473,519960,565008,84150
720575941437407788,565568,182516,236295
720575941586427460,454900,686024,193410
720575941426600788,366812,892256,199800
720575941557357327,468512,831716,222165
720575941525280678,442016,629540,109305
720575941613262233,607244,199496,210645
720575941574032271,473280,877120,304110
720575941639286303,453404,873888,207180
720575941526324226,491912,783308,246870
720575941567424310,128232,136244,155880
720575941665023100,839288,168704,34470
720575941504768060,159964,144848,44010
720575941456144691,687764,159080,97335
720575941533976549,712524,210856,163755
720575941595202855,775392,160472,80370
720575941514896531,221808,110276,79650
720575941585967838,724684,206784,37395
720575941488437200,739904,125224,149985
720575941494448560,667200,217360,64980
720575941627219867,721376,100016,154980
720575941587269766,741432,111932,185895
720575941590673988,715280,109092,93510
720575941460179440,123816,162492,51210
720575941689998966,224964,92656,122220
720575941645617608,191664,216864,116955
720575941473235979,780404,217312,67275
720575941556099667,724452,124900,93375
720575941653934065,775008,89628,144270
720575941443181519,716928,210400,85050
720575941581164409,761600,214452,94140
720575941565357975,784720,143492,121365
720575941473011467,815180,194208,79155
720575941416023185,204080,135684,120330
720575941433876695,787376,64672,94500
720575941441072607,795008,80704,119745
720575941655848665,825776,143764,121680
720575941505549399,733448,173180,71820
720575941503982167,800816,138368,77130
720575941405984880,723436,184176,164700
720575941525386315,793776,166540,78795
720575941669936371,844400,133232,35550
720575941646230177,803936,127116,54315
720575941473190923,790444,159876,85230
720575941645399928,766292,150816,158265
720575941634391493,796196,93720,79695
720575941467941462,205556,215584,26820
720575941556822355,228388,158556,85905
720575941534366181,247264,157424,25740
720575941487643970,746456,180836,102420
720575941689619951,146880,117464,147510
720575941418341404,123356,116752,156375
720575941548242281,764204,113732,150570
720575941439886354,738132,165688,138330
720575941429280596,839716,128084,28350
720575941609083757,825268,138464,34470
720575941570267898,868656,102208,112455
720575941421549690,457028,52828,130500
720575941437878304,863924,129896,67500
720575941451777614,907904,59236,21735
720575941644674248,580000,149504,150705
720575941473507136,860588,95824,69480
720575941540463509,457536,80816,142830
720575941542112125,748428,128208,51885
720575941587391110,224768,151616,27045
720575941592281342,881284,98344,67725
720575941576451215,821052,140872,166410
720575941487942662,746416,106836,69435
720575941578536437,210768,197472,58545
720575941669454503,222612,195268,28125
720575941688668891,122680,161452,108405
720575941580018041,188680,158948,104085
720575941476019777,188636,175708,142335
720575941412440977,217284,169292,80910
720575941523379787,155712,185992,64575
720575941439867227,216680,196976,21600
720575941547123892,591312,86676,74700
720575941517342168,248524,213084,44640
720575941407738030,675872,172100,110520
720575941524706562,690568,221020,55350
720575941571035386,811452,86824,134190
720575941461271748,671040,165736,125865
720575941482249158,226192,106632,107415
720575941527947801,166860,109036,103455
720575941594157863,152412,140412,134280
720575941632510368,161608,134064,123165
720575941484491074,804536,95908,141975
720575941545970181,745516,145064,152775
720575941451275945,814600,131620,139320
720575941609705449,646192,204996,112095
720575941440399327,654876,190136,146925
720575941546036872,653872,183668,95310
720575941570545010,135192,143880,121860
720575941679212221,235208,156444,169695
720575941575984635,244280,113992,116055
720575941431214350,245804,126068,140805
720575941527252612,192056,93988,86220
720575941512027089,204504,218364,133470
720575941414786332,196960,153368,135630
720575941614425820,190076,214076,128835
720575941574820712,222148,215276,46170
720575941654320340,179104,212528,128790
720575941587222340,210596,100348,75015
720575941411046511,246216,130664,180720
720575941544376764,194984,158156,138105
720575941580079993,295192,217180,135000
720575941544664937,201920,64896,169155
720575941614205593,266984,101984,126000
720575941469470742,195708,165724,193590
720575941540887837,135480,169372,95220
720575941546549128,230672,145296,111915
720575941413873263,241064,198000,64395
720575941549169663,255140,217100,112050
720575941439464255,293768,206464,129285
720575941436240672,224832,179976,43515
720575941506585217,169644,92904,138375
720575941516991404,256596,217660,135585
720575941484536642,164452,107456,108990
720575941563718807,274808,229836,121005
720575941691589528,185996,100212,166500
720575941462039821,268460,227376,87075
720575941497892770,270976,242368,121545
720575941523007479,300840,149476,154395
720575941539233768,166440,89828,115785
720575941566789934,189488,109800,71685
720575941549819965,290500,170748,153810
720575941542943065,107292,157632,37980
720575941510190864,161072,110592,103410
720575941702705370,118980,183480,122490
720575941730758443,215104,230848,127845
720575941638701343,208096,205896,116550
720575941631442336,212632,113780,169110
720575941507123294,189296,223776,52920
720575941513955577,112728,215336,84375
720575941545502213,596424,92180,72090
720575941644852856,526016,214452,23400
720575941436571022,212168,122492,184230
720575941468048861,194636,97816,136080
720575941657317712,213644,123384,191925
720575941483961341,250692,175148,43785
720575941522711475,316540,203344,122715
720575941492822142,294220,197432,164610
720575941354563120,201960,116472,151875
720575941566274311,636612,131636,139905
720575941615113747,172816,86440,126630
720575941613465005,253396,83340,174105
720575941480786630,294320,197276,145485
720575941502872626,222592,221184,157545
720575941476465694,610064,163308,145530
720575941550092660,629464,174164,219690
720575941592036392,592716,85764,75645
720575941487953805,283876,142388,159525
720575941553892231,687676,219752,71325
720575941504981739,173884,109936,143550
720575941580407385,139856,198928,34200
720575941556820481,593800,86156,75600
720575941659440664,180024,194680,93015
720575941438716223,130520,118020,138150
720575941495327175,134572,111692,146835
720575941538586856,426496,188416,218655
720575941576032104,132416,104064,83115
720575941643336824,203828,201664,99180
720575941536878058,675208,223632,107325
720575941568430068,171584,156436,23490
720575941624621723,187288,135352,184140
720575941606413677,182264,191936,151335
720575941574684086,107000,194548,106650
720575941553836545,227748,193752,117630
720575941537617601,139248,132908,179460
720575941558905715,136856,140496,106290
720575941577731688,166888,152960,177210
720575941593502166,192220,132612,186255
720575941457346288,180340,172356,105300
720575941573814792,425572,249728,104175
720575941606241645,212516,167528,98550
720575941574026056,168972,208264,94815
720575941468402653,219112,183536,116190
720575941501808267,164740,213152,39510
720575941552467591,195136,208192,161010
720575941614825881,153820,202100,113445
720575941509206544,161348,206528,24300
720575941502313559,153724,202448,29160
720575941437100818,183832,209152,20475
720575941462534157,204588,139240,140040
720575941449426781,193800,159872,125145
720575941520030936,196356,84472,172395
720575941475429472,859296,128656,45585
720575941540917746,159400,101576,176130
720575941488644816,117928,163944,100620
720575941620991103,834204,119108,159750
720575941515368780,773900,98832,183060
720575941704480218,847608,151592,89775
720575941482220707,855004,89704,31500
720575941541049293,122564,158360,158040
720575941472802167,832864,131664,38295
720575941555491611,788896,147956,166095
720575941453101619,230724,102264,119430
720575941566971746,859016,114960,100530
720575941494892464,874552,164636,61560
720575941595803685,236704,88740,113715
720575941632602850,856924,185960,43875
720575941505191874,136920,112760,48915
720575941460781638,241116,126512,60255
720575941554595867,790824,86052,179775
720575941541514621,864404,83644,83790
720575941564899474,121080,178020,32670
720575941660332112,816540,174952,104130
720575941580212313,167724,119616,158175
720575941517546330,805688,194916,50490
720575941612747110,827452,87204,168435
720575941644221285,119816,121796,79965
720575941504777047,832796,130760,60885
720575941516836707,811484,128128,165735
720575941597393521,849964,135224,25380
720575941654404625,112484,156420,72180
720575941659619608,794152,178240,43830
720575941564242856,761764,91956,72675
720575941578490457,836520,142556,142560
720575941608812141,818476,92388,159210
720575941538115354,807408,91644,163170
720575941704233690,812960,115032,188955
720575941471033821,765624,145376,104445
720575941539282152,201532,213636,18540
720575941496095431,408468,949204,238635
720575941599277212,517520,225368,66555
720575941570720882,321000,121204,164970
720575941461320644,535344,217032,157680
720575941654687188,527384,610808,142470
720575941439567327,423560,232704,57375
720575941701672666,435164,212920,102960
720575941535332952,436896,193768,171630
720575941512840953,463240,369996,125010
720575941654540305,471352,160292,56520
720575941536887322,390968,101884,188100
720575941490569676,318552,141132,175140
720575941584188894,589784,203408,204165
720575941510053648,541368,154108,63810
720575941547237044,563468,139688,180000
720575941563050386,533696,185368,207045
720575941504174501,620468,190308,215550
720575941637721205,570628,571916,129555
720575941611453514,507816,152528,65880
720575941473218368,532588,95984,178965
720575941565443426,610228,156112,200880
720575941514356300,431204,886624,183645
720575941432125537,562112,105600,230670
720575941495677383,501048,710016,208980
720575941482330819,559068,166012,196290
720575941603190006,581540,658800,159075
720575941495958654,512336,95184,185985
720575941586867846,529116,163960,98820
720575941467870742,527208,112152,243000
720575941692041179,608284,196268,113850
720575941441471679,632128,140368,109935
720575941436563598,609612,186472,169020
720575941390920452,516272,155300,34425
720575941503780587,550768,124960,217350
720575941429535992,476496,220388,60030
720575941498950050,417388,94152,183195
720575941608884969,477140,573776,160830
720575941547735732,325788,130596,82080
720575941490765774,275200,91776,133200
720575941490912432,477364,161180,212355
720575941592616076,314908,180712,177435
720575941641667410,468992,160000,240525
720575941574752521,487032,726228,152325
720575941537016001,308052,110920,120870
720575941604884470,358756,112364,219780
720575941538584040,369468,159204,121950
720575941565799575,366896,82500,184770
720575941579012341,365404,166340,136980
720575941593794667,456928,169192,130365
720575941633294060,414956,153056,186075
720575941474647355,471072,148812,41715
720575941488846800,411656,124136,225360
720575941518378412,129092,186096,45900
720575941625075196,393464,150220,148455
720575941471758400,359980,163044,118620
720575941460334224,452772,133696,81180
720575941526059341,433432,108364,116730
720575941573074590,453040,124232,80955
720575941631241954,604548,115928,157455
720575941471795723,593104,216480,121545
720575941430136969,469424,171424,80775
720575941611551465,378632,143324,157275
720575941579939829,424260,181072,179370
720575941541041021,385416,632100,212490
720575941515910659,650532,133632,103950
720575941595063766,344560,99764,96255
720575941633602501,428708,159900,222390
720575941627372140,343144,112132,231750
720575941475312992,323728,165388,83880
720575941627620153,530424,160184,109710
720575941501315927,401400,101128,181440
720575941625212315,646772,176344,150660
720575941557677348,136192,135736,141075
720575941663860792,136996,167156,123255
720575941515726403,452368,883856,200880
720575941551323251,565444,778356,168570
720575941536389720,649520,120972,203040
720575941451217274,318824,137324,113625
720575941428400265,403660,616028,177345
720575941536746522,415744,141692,219735
720575941554880228,443536,768928,114120
720575941441301203,453096,963400,218520
720575941618563967,459504,769664,155655
720575941611080678,613148,151272,249570
720575941574862857,508396,77016,140895
720575941461874372,530116,66576,131940
720575941444365994,648388,173996,151200
720575941460978246,594196,140120,165690
720575941555329764,554976,106592,102465
720575941532702437,644216,170584,150120
720575941482308803,468896,59648,133740
720575941514284099,419900,75236,78615
720575941604628982,337388,1014992,289125
720575941633813664,372456,1001480,300420
720575941559563379,453120,920432,212985
720575941536164274,348808,1007148,296325
720575941462454580,576840,825900,164025
720575941513302604,241008,151052,113850
720575941435041568,590488,89996,72225
720575941644145509,369536,1019528,209835
720575941554592339,594916,75500,83205
720575941495700862,442876,633908,53325
720575941568367610,457580,637656,77310
720575941559512179,438348,220092,20025
720575941506721815,508176,831492,280305
720575941474129504,413404,72480,89100
720575941658114896,532452,204520,17505
720575941499503522,602612,69388,89145
720575941528057220,387932,923144,257445
720575941544677556,649868,609608,115920
720575941482362051,471804,63400,126495
720575941586727814,442436,927696,188055
720575941587866692,434864,230148,38880
720575941461636307,431480,215484,16515
720575941573904649,653256,615140,117000
720575941530256004,646228,201320,98550
720575941470796151,395880,131180,65970
720575941474115626,435948,215284,15525
720575941560426029,436852,645984,100350
720575941472123712,374864,854604,244845
720575941642689441,613280,646884,278775
720575941465199885,641788,143528,127980
720575941670287066,651304,596016,115425
720575941465731670,452620,642168,58995
720575941507528577,443268,988844,237735
720575941522565859,480804,65364,134190
720575941432439137,523064,90948,106380
720575941492945072,564736,49216,170190
720575941616436889,709124,156016,127395
720575941461491411,624504,177720,210600
720575941506971742,215168,93624,133695
720575940407089948,332200,177032,182610
720575941547876284,746868,126796,167400
720575941627861356,678048,154176,237375
720575941457752557,383620,92948,197820
720575941652936725,352824,163916,215235
720575941536623538,906400,87140,36810
720575941587403142,877796,113116,39375
720575941540384498,889544,73268,16740
720575941485309626,747724,133596,148950
720575941463628688,871600,99616,53235
720575941627412844,867384,85028,40185
720575941468003670,449120,167136,147600
720575941733629483,342676,94080,159390
720575941590805644,363800,150732,164745
720575941551354623,155140,183064,51705
720575941526163044,101068,157212,122985
720575941611461222,160108,153052,56250
720575941504763627,166108,209480,51840
720575941403526435,150540,172544,143820
720575941518800088,151752,189956,84690
720575941546415449,167820,130720,156960
720575941508378181,793652,174548,75420
720575941546056965,225040,86576,187335
720575941476128298,744016,104652,191070
720575941561882483,151532,186644,153720
720575941644623736,152124,135428,35775
720575941527965540,184360,162836,25560
720575941663742520,723872,164612,180045
720575941399323683,486396,907012,241245
720575941566157366,397952,961040,278370
720575941488269257,421948,944176,288045
720575941415599508,466480,902760,228330
720575941508299298,551920,679484,196380
720575941496364769,520004,920400,266625
720575941503499755,504864,716988,250335
720575941553008897,610436,619580,149175
720575941477335348,443828,876000,218070
720575941444930986,494824,731644,150120
720575941494973895,424240,920212,273285
720575941536364949,377020,994068,238950
720575941572079773,428060,870820,260865
720575941483764621,434764,698684,230715
720575941447400117,366376,187952,230310
720575941507829008,444096,597832,162810
720575941478951476,208588,200908,12600
720575941508380935,244724,99876,118575
720575941629163065,198128,71552,121590
720575941558091556,735864,121412,169785
720575941628261670,187948,135788,63585
720575941643353701,856340,143292,73485
720575941573040392,169564,112692,23895
720575941475196512,165760,97932,116235
720575941546032389,807732,151896,163350
720575941592718732,758092,112080,63900
720575941549745725,375588,183748,222975
720575941495288958,790904,148804,120285
720575941528202265,740760,79084,198225
720575941589422148,764896,98772,78660
720575941551049505,788876,94944,178065
720575941586742918,800896,74816,155835
720575941515439825,737764,155396,155205
720575941573980574,231052,194568,30870
720575941550434164,764072,103020,188505
720575941564405928,123736,171160,135675
720575941611875245,693348,150996,168300
720575941442972623,778508,115620,51840
720575941552353854,112484,173460,136665
720575941432242785,743488,136844,180945
720575941455883571,846716,186772,78075
720575941599558812,869280,148524,25065
720575941549760545,792244,85872,121005
720575941576450717,179860,187904,40095
720575941536993985,808568,83380,116595
720575941482684867,738112,121248,93960
720575941517165715,730796,98848,87120
720575941531651787,748508,126680,113670
720575941505737154,855136,121836,128970
720575941545386245,766716,157572,165915
720575941481975203,763740,144064,146610
720575941516292931,717204,167564,73170
720575941498970235,807556,208140,16200
720575941586087007,701464,211640,104805
720575941460144624,774228,165072,169110
720575941481453792,773072,119656,184140
720575941458133485,753516,153224,45630
720575941405465712,120472,128100,115830
720575941473100043,805340,110372,85860
720575941488134210,162036,179344,15615
720575941475702331,615868,132176,220230
720575941417002780,669640,132440,178695
720575941509092958,525796,605080,154845
720575941692477592,558632,209912,57015
720575941592553868,614976,80192,128610
720575941489130704,310656,156096,225495
720575941497180871,603072,640148,207810
720575941509392162,118672,126192,154755
720575941554671495,353984,86848,120240
720575941475862826,613312,225024,157140
720575941553837118,416152,899236,248265
720575941553942078,652864,125932,176670
720575941642208287,908916,86136,42795
720575941505822258,864352,111640,35010
720575941600881705,794608,94384,115605
720575941438638124,125616,134320,44145
720575941478135658,118712,189016,129330
720575941533129859,754348,190036,26325
720575941594722085,119332,198104,35550
720575941655041748,120160,178476,95175
720575941538661347,676588,131620,132570
720575941555197011,192900,197484,69705
720575941560366451,160244,212640,85050
720575941597656453,181180,213648,79425
720575941460278943,783084,172568,27765
720575941581649653,774816,186240,29340
720575941591122999,247312,93812,166140
720575941485344765,799840,196980,60975
720575941393928964,773568,138944,120645
720575941548249193,847660,186576,67635
720575941408025647,595744,91520,72360
720575941466321750,434444,942984,265545
720575941621780732,493656,797948,245835
720575941501945138,421552,920180,273375
720575941536572136,524976,733888,167940
720575941552444807,544664,627972,213660
720575941562336519,475780,749272,149850
720575941631875525,603604,626592,173115
720575941685950326,462972,679288,201735
720575941610597340,381544,978180,255420
720575941405787310,548928,747128,215235
720575941442999210,419388,184256,223515
720575941451233885,359056,997728,219240
720575941650706449,455456,685252,257535
720575941617908095,380104,179376,196920
720575941549166079,465792,699976,244035
720575941551326235,436388,739304,170820
720575941585258462,614132,191136,202140
720575941522121803,408236,894784,207675
720575941441184959,153732,159544,49725
720575941439629074,222064,78692,145215
720575941672699303,157080,97172,174915
720575941591011947,412244,169764,234180
720575941732796459,771052,176308,16605
720575941681165757,774852,156284,87840
720575941613006566,138544,220860,51075
720575941411219115,732112,123704,198630
720575941354581040,209840,90940,148545
720575941471102173,741212,87448,179730
720575941433898199,821124,199948,88245
720575941543004189,693804,234968,103815
720575941541614541,120268,213204,51570
720575941432788911,744388,165800,83925
720575941557221540,769080,135316,116415
720575941607524461,693440,205952,177120
720575941462529168,155332,150760,56025
720575941498997473,669020,198516,135945
720575941506084773,798792,127524,57870
720575941575103752,716052,195500,154710
720575941538835683,212616,117588,204795
720575941559854372,733980,139916,166905
720575941656688089,646080,184256,86310
720575941454773673,724168,166704,173295
720575941530076292,747048,189712,97335
720575941508805701,757060,100300,102330
720575941500511305,768592,115272,169290
720575941500465121,716524,127704,80325
720575941639952757,773268,145876,102960
720575941459070192,743420,169068,117315
720575941487807373,707712,163372,77130
720575941541539789,710344,141444,87930
720575941497550720,845336,137664,39375
720575941566427287,893888,122176,58005
720575941448241684,867936,167536,71325
720575941542757212,809816,105172,53910
720575941657291220,799892,165420,81675
720575941559990308,791400,128588,168120
720575941575410845,785472,148616,168210
720575941509471266,747752,113220,43425
720575941633364933,726332,199584,109575
720575941672797863,823536,169316,28350
720575941524174839,761276,110840,148050
720575941448641812,867584,83648,76680
720575941599945116,776724,104148,136350
720575941516377593,804016,200292,14985
720575941428750164,759764,142296,92250
720575941606608830,785424,111336,54270
720575941468358998,793796,168592,79605
720575941634529952,689328,153716,127170
720575941576334237,759424,107840,210375
720575941415344788,114024,171232,101655
720575941616595609,799232,91340,98910
720575941500343009,390312,73852,105165
720575941587029189,222028,173404,82980
720575941537337281,390292,74660,97380
720575941488162310,569448,57928,121545
720575941456174899,878128,156276,87660
720575941540716925,637668,181044,127935
720575941586220895,865368,180112,50625
720575941555197063,253920,139472,30105
720575941614994908,814352,122512,29520
720575941622350533,840744,62020,128610
720575941576178952,228032,115188,139140
720575941581459189,831288,113044,82125
720575941586023263,899624,91520,12510
720575941494903472,817700,104200,148050
720575941555829402,136956,199032,138375
720575941532909003,875692,77516,118035
720575941590957608,863608,146976,89640
720575941546531208,241888,143636,179595
720575941553612371,199060,164868,106920
720575941573076808,196452,123876,87975
720575941457113247,218380,179684,120465
720575941627133548,641172,219216,95220
720575941670968497,761808,224116,73260
720575941593415019,677764,586396,136800
720575941572850590,640820,143504,176085
720575941639009909,129888,195192,38340
720575941505710642,663056,170708,148410
720575941454340679,652604,194076,113895
720575941485115901,701860,135472,171495
720575941612847590,633704,159088,240300
720575941505004338,748180,112528,151245
720575941574226870,759236,161392,100530
720575941567379815,635760,192864,145890
720575941415888020,679960,187216,173475
720575941630290412,702644,203672,41805
720575941559349293,174868,137456,136125
720575941660883024,669188,208228,138195
720575941529226680,224152,124204,68805
720575941471932000,231956,122664,125730
720575941549575816,261832,93652,165375
720575941429543561,176460,197716,128205
720575941629787705,246044,97396,128925
720575941429287599,248904,111500,198540
720575941615744213,223800,90976,141660
720575941497873314,214180,152236,166725
720575941607548013,213764,160128,196740
720575941485244301,210112,193872,61740
720575941559544868,118676,138068,127305
720575941593489957,213980,146328,128880
720575941439828827,244828,90180,138330
720575941493343102,244124,144228,186435
720575941522330295,245300,140616,185850
720575941453108137,234268,114828,201870
720575941517139372,222052,113896,207225
720575941460622832,201444,193824,21510
720575941639280415,257292,138420,188145
720575941537308097,200824,181036,80460
720575941410958703,249400,178328,189000
720575941721509434,231244,193488,61920
720575941566444334,236300,164916,170730
720575941401637923,168192,216512,149130
720575941525592834,211576,145524,134595
720575941650880497,236000,149328,182565
720575941596933312,240044,149856,200025
720575941436478226,186900,185612,87705
720575941482248643,278456,145868,133875
720575941582670713,611492,111236,191295
720575941573724830,156596,176708,127305
720575941460447647,186332,180028,135045
720575941599943360,172896,206600,93105
720575941458142022,300788,187044,86895
720575941564764263,313048,232040,71280
720575941655345169,192720,220876,54675
720575941448602461,177180,78724,98460
720575941513476561,172844,176524,147870
720575941483567613,127852,167092,146160
720575941555076379,157468,170408,34020
720575941486705872,207964,210336,63000
720575941406525231,183860,112920,170100
720575941618729599,222412,130232,174600
720575941643203922,526440,213420,23445
720575941480044739,200124,156044,138060
720575941605916013,300732,193264,63810
720575941524337911,214728,144540,51255
720575941630073068,174916,185184,123660
720575941573797263,214544,170156,31635
720575941476070442,205108,134460,49095
720575941406852143,251092,115436,181530
720575941525481547,401476,168856,208125
720575941537993443,593632,140432,243360
720575941503090059,288000,160292,140400
720575941556379300,219864,129248,67275
720575941652225265,670932,151876,160290
720575941558921587,181344,173332,127575
720575941409966895,671328,200144,148410
720575941644025426,523964,214660,21915
720575941434393614,146768,183632,164295
720575941613227750,224880,141140,125460
720575941514677347,213676,192660,90180
720575941429458825,179132,141192,89460
720575941653340889,302400,183512,82125
720575941475633438,130076,117460,143685
720575941642697554,161476,199144,125100
720575941438906687,154460,171164,34425
720575941509061904,190472,146028,37710
720575941615525139,186332,190028,88695
720575941572877819,209728,157340,193320
720575941506576453,148768,104476,116460
720575941573145352,184384,164776,32535
720575941506489765,406992,210200,168525
720575941530110667,197248,183296,182880
720575941535247898,217944,182680,120510
720575941537468170,124576,134424,141300
720575941653701141,172480,118720,197640
720575941519788723,247372,206348,122400
720575941654692052,359772,1040216,209025
720575941643476818,141448,130372,121230
720575941528498616,241252,130208,157275
720575941588753207,212364,176332,101250
720575941525426434,176512,201024,9450
720575941529725368,655724,203796,98730
720575941354087728,171360,111960,85095
720575941692811928,679168,232000,116685
720575941563908962,223988,188700,89280
720575941516458755,773240,102688,174780
720575941520390510,219624,181596,20700
720575941487513154,788964,147240,59625
720575941488636368,789308,132748,25695
720575941482302799,766832,146072,168075
720575941566706530,759904,161780,89010
720575941520192472,830296,119448,142695
720575941585270111,115824,143536,123210
720575941533924483,756600,170912,89910
720575941654847249,757236,199860,131535
720575941445499050,788336,102788,66825
720575941445621162,200556,79000,153135
720575941550333473,795804,143540,110655
720575941580292697,774488,149332,57825
720575941537152794,140156,97712,141570
720575941559072734,202968,147340,36990
720575941561059187,185080,97568,186390
720575941456237875,847524,147940,37710
720575941556082433,221600,79892,154305
720575941556371539,223500,101832,185220
720575941471205341,782696,74644,110475
720575941598970268,109516,206596,42255
720575941518532755,790844,193316,26865
720575941663110524,107560,143864,27225
720575941627169418,767496,112348,57420
720575941546950233,116848,160704,63270
720575941612033257,762164,212068,75015
720575941614456540,835268,148168,32580
720575941440312127,886336,152896,53190
720575941499061321,853884,171916,106695
720575941627123402,883128,104464,27180
720575941659824464,201296,140212,52470
720575941537190593,761444,130028,123300
720575941534515331,758748,92628,73260
720575941585564255,895096,94672,60165
720575941475654752,919632,73020,33300
720575941528139778,478288,370000,120645
720575941483161027,481804,370000,122805
720575941487319437,509628,210312,126945
720575941598950556,488380,256028,103455
720575941583234911,165984,224612,33525
720575941443080655,659736,116968,253710
720575941595303717,493788,370000,124020
720575941645731272,442392,271716,111240
720575941444408490,567932,170248,123750
720575941579793909,422056,258880,89865
720575941507247429,478924,777136,221400
720575941553344255,311480,147004,228060
720575941564328343,498084,162248,212085
720575941442878415,434096,123356,212760
720575941435544206,557064,130008,214920
720575941657072208,570636,91840,101340
720575941449201501,580020,177696,90630
720575941504365079,522336,627184,101340
720575941624144124,588100,185124,198675
720575941573443144,543476,160496,229410
720575941645938849,514176,107328,264960
720575941568802094,435232,902464,293265
720575941506989884,496832,184464,193905
720575941490308302,531272,172300,198630
720575941536733722,593540,211004,152055
720575941586249094,541668,154512,66420
720575941483862970,597660,134196,114975
720575941550029629,516700,243040,98730
720575941662983292,297972,104220,165420
720575941659398736,625668,184744,207540
720575941452226426,610368,190544,167985
720575941506277436,526940,108360,173565
720575941565272832,593056,182792,117540
720575941481194831,385952,150892,89415
720575941567394663,418700,143316,160605
720575941527667789,345316,151516,103500
720575941573689743,371660,193048,151785
720575941526547076,510848,137696,159255
720575941439306587,445920,165040,211275
720575941449144142,485692,592000,115830
720575941525655833,379036,243644,101835
720575941503320407,456360,217100,151875
720575941585579486,327284,108140,128655
720575941651766769,431376,62556,181935
720575941626144202,445940,121660,211545
720575941632132283,305824,102928,190890
720575941641620511,278184,123896,216000
720575941503926359,346824,167596,209475
720575941542093597,419560,241020,112950
720575941542635356,430680,134088,228330
720575941518855896,404540,152220,104310
720575941565400722,283648,125952,140310
720575941514813516,356216,170388,82260
720575941468797206,333008,148540,140175
720575941595022449,358356,203988,103725
720575941393641988,400804,193068,187830
720575941627173002,393912,228984,118755
720575941478478145,410644,144396,241920
720575941516115546,383656,151892,220950
720575941565079698,508092,48016,193095
720575941572672328,403424,102080,172215
720575941581742457,353888,99032,197055
720575941529956069,428524,212292,178695
720575941485371458,435756,867044,263565
720575941617761493,394872,122996,221535
720575941631065787,446964,165788,209160
720575941448119645,405868,127588,147150
720575941503551979,417664,250816,145620
720575941430762377,412240,177520,168345
720575941554237211,568756,127436,138780
720575941575048040,444900,790460,229950
720575941450181198,306800,124920,212445
720575941571783688,444152,811280,107370
720575941578439513,375316,889900,218520
720575941537143272,619340,177824,210870
720575941561337359,417992,200344,179820
720575941537024522,293772,124820,214020
720575941520986807,407780,126856,207225
720575941553640676,443288,813436,252945
720575941600766249,327116,162416,213750
720575941393647108,596420,91604,179145
720575941644920933,658592,168760,128745
720575941592272235,694100,135408,124560
720575941441168847,502028,261524,104355
720575941452867194,428744,113696,202770
720575941580643449,497184,902812,196425
720575941570034420,291032,131664,132975
720575941554044727,624028,608800,114435
720575941662118268,445724,762924,207405
720575941611440458,673644,117120,168210
720575941434062734,847160,107764,7830
720575941505407170,427704,134968,227925
720575941430847919,529760,120176,235260
720575941441514431,536528,101888,172800
720575941618610133,540408,66524,143235
720575941477503338,431468,951564,253035
720575941449793817,431016,163716,4140
720575941523310667,340392,1012312,291645
720575941632257440,438500,219940,19845
720575941468162646,587516,69068,85950
720575941616679381,529792,213496,25920
720575941549829181,528324,211132,24300
720575941430252536,497740,954144,230265
720575941532514251,417088,952048,176535
720575941490595017,431968,217836,18810
720575941689935512,489444,145260,255015
720575941502982283,576492,825544,170145
720575941554970340,571024,607372,91755
720575941535703489,438004,220940,20970
720575941609085549,441196,170080,60795
720575941538745059,656104,611668,109665
720575941594356517,473584,944172,229230
720575941619749090,450912,645232,62100
720575941600849702,405144,620916,172215
720575941497838459,582052,73960,81315
720575941586859742,671308,124168,181530
720575941574177181,444452,219444,50895
720575941528317540,360080,143856,65070
720575941682024125,493184,142976,238140
720575941523322103,310972,129084,171000
720575941577149839,179520,200620,98550
720575941615090908,343252,127784,239940
720575941442236863,624160,182592,180900
720575941469904907,279872,72192,175950
720575941580191321,833716,124220,93960
720575941627520923,707712,102144,186885
720575941438636818,620640,151828,247005
720575941536536664,707264,111104,177075
720575941556395347,551168,136064,265995
720575941354165808,107368,157408,38070
720575941517137667,868700,117168,109080
720575941460498591,798100,199408,63360
720575941537299978,721788,192992,128745
720575941633556204,851268,68900,118440
720575941555530779,875248,81904,112950
720575941504889835,137080,147156,6750
720575941541693389,508684,634460,82980
720575941516059715,303088,88080,141660
720575941503178071,528396,83552,144855
720575941542233373,583308,151876,185310
720575941545807548,127780,120964,53820
720575941489963829,139368,154424,170055
720575941555186771,135044,212900,36585
720575941554238874,174808,142368,133785
720575941626661578,117304,151704,129240
720575941431960023,111040,203988,48735
720575941441564623,137904,213440,39285
720575941611725414,125140,167972,139545
720575941581247477,246056,182132,108000
720575941528381796,807516,154656,40140
720575941626817179,838348,99836,87525
720575941411879569,529436,122236,64620
720575941447430749,460480,688128,150480
720575941533036978,589200,150644,196515
720575941664210556,825032,122992,138735
720575941472919927,724920,185460,171090
720575941532386538,459428,939448,204300
720575941526681165,494308,904236,240435
720575941660837244,409248,927436,181485
720575941703160282,459016,911904,211275
720575941557325604,495296,621368,97155
720575941479098819,531388,711052,256140
720575941513429763,395700,173372,220905
720575941507565953,390880,1005372,241605
720575941661646904,608172,197928,221670
720575941534956481,590656,738048,198495
720575941486560774,450480,692708,167850
720575941540551922,420168,873828,208215
720575941571933256,609768,602920,165825
720575941536656867,467500,779036,231255
720575941528682884,576116,193928,226395
720575941556218020,372300,188868,202320
720575941491352039,603360,187604,207000
720575941482000067,468936,800548,250020
720575941461054163,175564,164312,26415
720575941535627752,195008,88380,165195
720575941687111663,383360,197964,199575
720575941461408582,757280,121900,124965
720575941432334985,154524,108652,149580
720575941511099858,776708,146876,98415
720575941438180908,821328,112676,45675
720575941525650201,367424,181500,236970
720575941616642969,316192,128880,106830
720575941663808892,629776,177204,128970
720575941547625096,187560,113956,178830
720575941538889955,800516,103016,134685
720575941552577854,218972,125444,203040
720575941533306034,236748,183632,62685
720575941442353755,171332,83832,135900
720575941594078059,742144,220604,102735
720575941518001368,393200,199824,204300
720575941429399636,760392,141752,148635
720575941547317180,822948,109696,124290
720575941660058392,736484,206912,76905
720575941456095283,733236,146128,188685
720575941516491075,721896,148636,83970
720575941417069852,731012,194692,79425
720575941476419387,728084,135392,100755
720575941596700965,726820,124440,85995
720575941505242455,652308,194184,117675
720575941446017962,723672,199988,53100
720575941621535359,736624,202708,48510
720575941395177366,872976,106552,41445
720575941491656679,125420,105620,103770
720575941462484947,761500,179112,38430
720575941546579461,740932,94352,134145
720575941528211300,863236,171132,57420
720575941562761773,849904,173744,76500
720575941645163346,785008,175664,63090
720575941599468444,876824,108060,89325
720575941576230152,801824,158624,62010
720575941429334868,888552,104604,57240
720575941606240958,744528,152740,136755
720575941449072404,754388,91460,119745
720575941615961107,721900,125136,174780
720575941508610839,868052,95548,14850
720575941644794981,762920,188304,71145
720575941575889403,845960,164292,40365
720575941613545645,738872,110708,168255
720575941570742010,746060,128592,54990
720575941557623460,845800,125416,44550
720575941524349943,729088,108864,208350
720575941703575514,775520,188440,61470
720575941442104155,728624,110176,168120
720575941557162753,746340,105864,97830
720575941634014880,836704,113292,154845
720575941704560090,760368,162032,57780
720575941565602567,742196,77456,141300
720575941481896355,740116,85248,144495
720575941542114429,737244,102868,94275
720575941577072015,845472,161324,48600
720575941527619428,745336,166652,162405
720575941534678147,726864,183100,135000
720575941487519494,730596,163800,100530
720575941573159688,235216,133496,149265
720575941409498030,298600,155496,154305
720575941561576174,643456,190272,208935
720575941463399568,537920,198272,212490
720575941516884058,701312,104832,94185
720575941519336814,579784,147140,238095
720575941612480489,488096,785428,197775
720575941589986359,430120,241312,72675
720575941575150479,582452,124924,242685
720575941547701865,403264,101956,220860
720575941569400622,279616,158720,204570
720575941500955298,573424,157936,151380
720575941555228699,803544,70840,110970
720575941627800428,850372,141900,27000
720575941577907304,209120,218296,48600
720575941591669900,352064,146976,143190
720575941477446964,446576,188384,152280
720575941526742553,164224,150172,130725
720575941554966811,341804,108140,205695
720575941600439744,135760,155460,152775
720575941585617798,131704,207016,128295
720575941453166407,724168,142200,54585
720575941722880314,144020,210580,46620
720575941450084174,149576,178976,152910
720575941352782640,147072,226608,65115
720575941595793191,733752,150532,59085
720575941536107698,866504,169068,98505
720575941499566242,777376,195608,74655
720575941654811097,800044,163252,89685
720575941574902088,800464,78428,89550
720575941556026522,778008,165064,20430
720575941494896304,734456,132352,170280
720575941590596350,193212,93936,67275
720575941536503128,752312,141696,131535
720575941633421243,735628,155140,144225
720575941470546653,115420,151340,100170
720575941488550094,584192,555392,145800
720575941504882711,560620,571652,136710
720575941611066601,119196,218960,55260
720575941589036343,381776,187632,197010
720575941610351337,596004,612696,164070
720575941686858735,561552,686168,227835
720575941543655173,582512,756428,190260
720575941391803140,451232,666884,206190
720575941492463742,470728,830428,190710
720575941440159423,499200,626136,149220
720575941565428782,394880,1002760,251010
720575941439263829,493596,710988,153180
720575941449763509,455916,881512,202005
720575941503132722,489392,923868,229140
720575941561775784,575244,668556,198405
720575941533902106,444316,681144,252810
720575941431854217,587716,619244,161190
720575941639340405,481812,831340,285660
720575941500215777,398368,928784,188640
720575941431656718,608796,605120,122400
720575941451287133,795200,217344,82440
720575941506229121,384268,182572,218610
720575941462683347,839376,177004,103410
720575941562381319,425224,709408,222840
720575941597846057,449048,765820,144675
720575941532802507,166276,120300,105570
720575941599321536,773320,150512,145935
720575941475112763,110584,184124,106785
720575941475289386,797416,119808,180990
720575941612559946,181912,214416,127125
720575941441624015,737940,187372,67500
720575941644938913,728296,102624,115560
720575941464052624,770480,77736,115965
720575941408934447,787460,167724,157590
720575941569251954,429608,76176,172080
720575941516176899,733472,124544,151605
720575941625378300,198800,210632,130995
720575941527073538,727732,124672,69660
720575941436518176,804280,114824,55440
720575941522591927,737688,144344,183915
720575941565562375,732480,101812,186885
720575941587210630,850672,121300,44370
720575941469134102,716956,209508,85725
720575941605188793,787584,129616,46575
720575941453015930,732732,155432,172395
720575941602057513,752544,114560,180630
720575941506613157,825000,127804,126000
720575941575738525,762552,132956,53775
720575941723831354,762268,174708,32040
720575941586831326,737516,152084,169020
720575941689888118,230716,211612,41085
720575941561427471,738568,170200,124560
720575941461681478,731436,95460,100170
720575941441488213,829252,148308,42525
720575941646577016,863996,162872,66735
720575941491958069,802632,164728,86130
720575941482795087,247540,153276,29880
720575941519931564,698448,181736,100575
720575941645296248,876960,163776,60210
720575941587311238,742760,192732,140535
720575941646386040,772500,125748,33300
720575941537722773,179516,156276,185220
720575941540417229,356656,195344,118305
720575941669457907,863444,91376,141975
720575941536724970,890212,75308,11340
720575941543768156,735092,101664,184815
720575941597432689,820100,108836,154575
720575941565959168,775568,118660,49770
720575941580127321,775588,126512,33390
720575941505607730,197632,164944,186345
720575941514436163,655464,165252,162675
720575941496522366,849752,146516,122175
720575941417850396,309428,202396,112905
720575941627552923,651332,192656,116010
720575941569587570,570596,717004,199260
720575941541549437,590132,89092,72765
720575941414386972,654688,198748,114975
720575941644249701,694704,170900,116055
720575941599970089,655648,187068,105975
720575941541572813,715548,97400,124470
720575941479548034,463580,798028,233550
720575941625497340,688020,215652,89550
720575941653663700,242564,164612,76905
720575941489319374,252768,187592,58635
720575941505256471,156644,124392,73980
720575941610429770,140640,133384,151875
720575941410862703,318920,194380,103545
720575941533264728,229976,139008,68805
720575941685997295,247196,138256,180900
720575941585617247,203704,199500,169965
720575941513851651,239136,121104,177030
720575941661720188,217936,203376,21330
720575941497958818,216248,209876,41850
720575941555372289,301508,167096,174870
720575941588247607,198104,155588,133650
720575941721310266,184520,184816,86715
720575941508670021,256132,123588,209655
720575941402948464,113496,159976,78165
720575941488692277,226764,170924,165420
720575941591005495,290556,146664,160875
720575941412665515,190996,125328,106740
720575941591805291,241240,194380,153540
720575941501714338,248412,181172,191565
720575941545547700,254008,161868,191655
720575941667216883,154388,145592,103680
720575941411041903,249668,145748,186390
720575941436842528,219988,187760,141120
720575941643245432,214712,204296,110385
720575941481979834,321856,210432,83340
720575941572522235,237696,241280,89280
720575941566351414,254392,196924,128790
720575941454768877,264216,222916,102555
720575941527954253,259124,127916,165465
720575941409449643,257040,210064,155475
720575941403237744,236268,117352,111105
720575941563823762,263936,181148,72540
720575941437427232,139648,160596,73485
720575941579321845,487828,122336,172215
720575941605727597,234080,89524,137970
720575941591292712,255772,126256,180450
720575941524923236,228528,107916,102510
720575941643473096,226948,222816,113490
720575941432083593,415420,72092,77760
720575941409303599,807928,157144,17595
720575941394579606,194664,181692,52785
720575941589276158,122084,214340,80190
720575941494726014,135836,152272,175185
720575941680373437,332212,193412,150615
720575941544459708,240764,214528,54180
720575941580370777,291680,144576,111870
720575941496105289,293036,116848,173025
720575941578227545,176444,212688,72270
720575941533797554,213224,179116,108315
720575941587587550,152164,117872,118125
720575941413631636,414924,72728,79065
720575941642900897,230480,171660,111555
720575941437882079,217884,208864,68220
720575941490108391,238312,100552,115605
720575941624509083,230288,86996,114030
720575941539141347,616896,82340,147645
720575941478955828,264936,108108,145440
720575941527941145,206120,82320,193005
720575941451515561,222600,117416,97155
720575941556687140,221948,166540,151785
720575941434287648,190852,100712,173475
720575941564952679,174920,101140,152370
720575941558684068,225344,73120,101340
720575941555774372,255892,111868,191835
720575941594174571,279044,223064,150210
720575941605076409,803660,119764,95085
720575941536231914,665152,173444,179280
720575941460060575,657352,145660,107370
720575941460629232,195504,171428,93015
720575941461039315,179056,111472,111735
720575941553636097,239996,141152,169965
720575941571066362,156648,104464,175140
720575941418178332,695148,158848,164745
720575941489824974,192448,139904,18765
720575941545052777,177612,135868,69390
720575941483249594,170240,210236,83925
720575941481061539,189328,114084,162495
720575941647062728,155528,117772,57465
720575941533694642,129580,174364,47475
720575941602603254,182416,115868,65655
720575941563880802,180144,119636,67590
720575941485791750,316144,120176,208215
720575941658446160,307728,104700,84825
720575941588731447,188968,178764,27315
720575941476864564,664328,117304,212175
720575941670266535,220952,173148,137520
720575941469856631,224768,192828,108315
720575941479839338,179592,127372,119970
720575941352616240,239416,204944,88560
720575941541135452,162880,100992,34740
720575941490493927,198892,197560,86580
720575941468398301,195568,186452,26145
720575941599290409,188596,211528,21375
720575941645926049,317516,177100,153810
720575941565092352,791852,136928,195075
720575941463070419,812484,114968,122220
720575941520227694,171332,214868,20295
720575941487685638,872376,172064,74655
720575941484598269,822848,102348,125145
720575941655520985,779600,175060,78750
720575941585147999,239788,78416,155160
720575941449584821,133716,128204,88965
720575941689752694,904960,112608,20430
720575941596056022,692360,230936,79560
720575941538224104,133368,212004,24345
720575941538244328,123136,146504,142425
720575941561743375,752188,98916,121545
720575941563886482,197664,116408,54900
720575941692650904,859996,133044,89685
720575941620846463,113564,174960,86985
720575941433096545,784092,113080,146115
720575941458519280,125204,110028,120510
720575941597039399,173084,94548,145035
720575941504454379,122676,133772,139320
720575941611814730,217384,85504,110610
720575941639922805,125584,110864,140670
720575941544713501,819052,131672,177885
720575941653263601,153060,186640,15660
720575941653376241,223880,145292,38475
720575941533729765,232300,162668,59760
720575941527971172,239932,100124,168075
720575941646507976,215804,140432,142695
720575941418389788,268792,197028,78075
720575941627913866,150316,171484,90675
720575941555506715,772876,123132,186165
720575941568102503,737492,136776,173430
720575941643881633,770136,145484,42885
720575941574854665,337500,131112,224910
720575941549506932,397768,203764,115515
720575941457206854,542744,611464,143550
720575941667254515,494836,519600,121725
720575941516501395,356856,133812,182745
720575941528859576,466888,171328,84600
720575941523242743,301640,140652,165240
720575941626135754,410824,171984,210060
720575941508259909,479560,370000,116505
720575941489195724,557072,226744,75645
720575941624816124,492732,370000,124830
720575941484218765,366784,245632,92835
720575941598499996,377020,138712,210060
720575941555650643,576964,81372,144495
720575941596121989,575104,181568,242460
720575941645240993,510528,146112,250290
720575941594865777,570228,582444,166140
720575941481143235,532532,252784,119745
720575941653087700,511816,197828,190845
720575941529892837,612584,559728,168930
720575941612263782,518452,84344,243045
720575941723524410,454956,130528,178380
720575941617891541,526704,178060,205380
720575941411789935,552332,181928,174015
720575941466984022,591424,125836,224550
720575941578964305,535632,202192,104130
720575941579548505,620024,165304,148005
720575941508012311,571768,152548,168255
720575941433616672,533636,217172,177300
720575941615345621,511400,156788,188685
720575941522550967,550416,136688,231975
720575941700914906,593664,78784,150885
720575941533420931,577304,106772,172260
720575941494540414,531936,161080,60390
720575941483009722,530768,184060,140670
720575941561333230,545428,132176,96750
720575941554714625,553072,158836,142290
720575941586664926,573128,120108,186435
720575941508640129,555496,107512,218250
720575941734311723,524976,109880,123300
720575941547731900,624280,133736,184275
720575941569648122,563744,92620,178830
720575941531532491,545612,120228,111195
720575941571170632,543324,145504,67185
720575941570681338,635608,154448,182430
720575941437733650,528660,138336,227610
720575941474874154,440348,198164,168525
720575941554888612,353516,930520,269010
720575941573710494,509156,73528,204255
720575941514364739,416648,144052,147915
720575941515842563,358784,94408,137070
720575941594945238,320364,149940,212220
720575941704319962,441748,75600,197865
720575941455045171,615828,101420,159255
720575941523248887,303632,118916,199665
720575941553171483,406280,183908,83565
720575941446234538,357748,93524,104985
720575941574950543,340572,158764,164700
720575941432167416,441900,113480,111150
720575941479021792,411692,192968,154125
720575941480531142,461476,122688,93600
720575941586880646,426244,185036,178155
720575941631210466,404712,218864,106515
720575941658917400,545552,117792,145935
720575941499351625,621584,157260,103860
720575941432965902,425272,814360,119610
720575941565520942,670020,574072,259155
720575941590931084,497448,135564,201825
720575941463263888,426584,123512,187110
720575941564841216,444656,129728,242280
720575941577235382,441188,145376,198945
720575941574250653,463372,160860,196290
720575941528551812,515548,211896,175455
720575941574681609,568264,92484,211365
720575941597545605,686692,118784,200250
720575941682429117,510952,552560,63945
720575941690192758,652528,121396,116190
720575941652933141,279708,117760,189585
720575941463368336,390996,167052,136260
720575941536953866,673496,117328,105390
720575941573466782,652728,131660,142290
720575941520774766,394244,1004176,266805
720575941588625029,640756,609524,124335
720575941432205838,595748,77100,81495
720575941574113787,392636,117620,232920
720575941538791139,434976,886544,188055
720575941616161237,466700,655064,160245
720575941499532257,606640,160928,249030
720575941595399382,593240,67784,88110
720575941615039641,553280,155072,188055
720575941435717164,657056,614100,117765
720575941581070673,606264,648060,211680
720575941586372830,355212,1019532,199800
720575941470279543,585076,825296,165645
720575941477832001,602704,69880,88830
720575941483775686,440228,937976,181305
720575941507325218,589740,824860,167805
720575941564156416,591444,88468,73485
720575941559513582,593928,77288,81765
720575941426794836,670024,573944,260235
720575941531127171,670020,581456,245295
720575941619007615,436812,631120,51885
720575941489453877,353480,1017224,306180
720575941515101177,404036,141324,62685
720575941594479467,452068,643256,60075
720575941613154150,569788,745068,148950
720575941575069032,441396,194932,36540
720575941553474695,529968,213372,26010
720575941557623923,575852,825368,168255
720575941551595070,647928,601788,115020
720575941564480407,433140,218992,19800
720575941550813473,654480,609280,110475
720575941633287916,264760,222028,120600
720575941505291324,653340,595768,112680
720575941573927689,498452,941280,209925
720575941610546665,444616,989388,238095
720575941498083041,441004,647292,97515
720575941585211999,592404,830824,165600
720575941431124321,529196,209480,15480
720575941512522961,195852,164212,84555
720575941670320346,664364,609512,119025
720575941471057675,654128,592832,115785
720575941511446226,305960,166284,202815
720575941615093779,430848,175936,238635
720575941498245760,647316,130444,99090
720575941653513713,707456,94464,195480
720575941522331315,653576,119476,241065
720575941613346790,397856,125452,64170
720575941526718466,573192,62744,120105
720575941458537887,496668,94412,150075
720575941612446026,856920,68028,87885
720575941656174553,636560,129952,191115
720575941501688994,880644,75020,7515
720575941517214042,444820,54976,116370
720575941580383989,778080,104256,149445
720575941547861436,761792,144720,159840
720575941413890927,867340,106084,13230
720575941560078195,144800,141172,144810
720575941430517935,133288,102648,165015
720575941557774628,138300,201316,51210
720575941514496579,138184,113580,95895
720575941581207417,171564,178220,44100
720575941407895343,171740,129348,162180
720575941639988255,135308,158804,82890
720575941431661409,146952,175432,111915
720575941457064685,186628,193704,81270
720575941621819263,190732,185752,117585
720575941500309065,218728,99080,179010
720575941473241099,899868,103984,76950
720575941510943186,110268,207600,78345
720575941432144009,740564,132200,71595
720575941625790875,146064,161752,122490
720575941518780888,701092,208540,51525
720575941478635572,724524,208208,127845
720575941452478279,126576,177028,90315
720575941662107960,131684,97784,74340
720575941535640330,139132,178084,139590
720575941507812119,839152,122372,126315
720575941432070648,860812,190440,67680
720575941494835376,844516,117844,118170
720575941529782712,411092,868948,191205
720575941703155162,397856,944412,255825
720575941496245627,593024,774528,231705
720575941513285219,353692,148084,60570
720575941518713011,570912,222504,63675
720575941537599242,100616,140344,129915
720575941477943426,471592,905528,288990
720575941469721053,424088,964280,244890
720575941429434071,502492,738052,195210
720575941668347123,443664,709088,148320
720575941474984257,604504,622296,123480
720575941604967789,494636,701364,242145
720575941493443015,591556,673312,233640
720575941642336120,562404,782944,188370
720575941722031674,515692,633980,172350
720575941456170143,540616,764976,150570
720575941649246741,560716,774780,202725
720575941502890583,557360,771548,186660
720575941651811093,543740,611536,160650
720575941476032542,468944,684496,228780
720575941559323763,500080,735064,192690
720575941504381975,604480,658112,233640
720575941564147624,615588,179364,221580
720575941537777533,452748,577984,88470
720575941441888719,459432,610184,159120
720575941481972931,385048,914504,222030
720575941413724188,459808,784564,230940
720575941593968773,460148,802816,237510
720575941520344236,222920,128564,179415
720575941462124228,808468,184640,19260
720575941623108298,458664,665364,219510
720575941660101912,725080,149536,67320
720575941432872184,843292,147276,79560
720575941524483575,436256,157836,215370
720575941456954349,847104,135284,126540
720575941499876937,247972,100900,192150
720575941514133324,736308,86124,117270
720575941513623249,709148,208932,73530
720575941550473505,756044,137844,116415
720575941633454240,679360,234092,82530
720575941441014751,759576,214036,41310
720575941632245474,810380,192996,103050
720575941634406085,752796,106896,192735
720575941483663043,727348,163492,55125
720575941540742349,739812,128592,151200
720575941499789435,217128,133600,130320
720575941585645663,779196,84636,61830
720575941532997093,711680,131712,77985
720575941515325649,685880,221196,74565
720575941433452503,715760,188264,166005
720575941656654036,896120,88140,37170
720575941509580834,723772,103640,138330
720575941484741373,759768,112352,74565
720575941500239522,776748,94816,154260
720575941451179613,839472,196064,48195
720575941464215821,785024,191600,87840
720575941611869770,786520,170648,68220
720575941479187521,810280,126288,173295
720575941734284587,692348,143564,152685
720575941522336435,693008,133104,130995
720575941409575854,695296,136192,189675
720575941581118289,778492,93192,143595
720575941632217314,758268,104080,94230
720575941613188966,739224,191332,168255
720575941660038424,755784,128224,120510
720575941393931780,797072,120240,66150
720575941476415803,264500,160440,95760
720575941433528417,814360,107792,51120
720575941579757657,727284,135680,153045
720575941410317103,718484,198660,54315
720575941415163281,204244,180052,16650
720575941417485084,170144,213736,19350
720575941430933897,151356,108080,113400
720575941523033267,791836,116028,91170
720575941644215653,197408,82032,111330
720575941611026150,428924,237860,70020
720575941539026674,475844,662148,172530
720575941565306624,436516,55748,111960
720575941596869233,684532,98012,205425
720575941625970058,306548,150436,187290
720575941517841580,446856,614156,70695
720575941547466857,308160,162944,218520
720575941448846773,444768,627888,57915
720575941528247140,576332,173092,141750
720575941529992324,435060,138456,230715
720575941484191686,594932,669476,192555
720575941409917487,261532,125736,133830
720575941517296889,893992,88028,12510
720575941616601241,761000,146072,156195
720575941437516320,674724,240044,77715
720575941551205949,662960,228832,109035
720575941440261087,823368,195396,23535
720575941501406603,146936,120744,88425
720575941534270040,210544,195596,114120
720575941594356694,136828,140900,157005
720575941563722642,697336,224232,118530
720575941658531152,139308,145828,111690
720575941531950539,176456,109368,166770
720575941655095252,148712,163516,114615
720575941590867268,777284,184820,76455
720575941643757394,766176,156532,80955
720575941460906963,128768,185700,139005
720575941506983749,779348,134176,132120
720575941569661486,742176,207812,146385
720575941470962807,750552,102596,97020
720575941662343992,744112,183396,80820
720575941494694320,770048,171580,78210
720575941641808159,560912,167668,33885
720575941537957402,854028,102348,130950
720575941597113457,254812,180548,159795
720575941439020818,750820,77564,128070
720575941451351477,114684,188920,41535
720575941564311208,866760,170344,65340
720575941496162377,455672,877640,292320
720575941595285799,458368,838384,269550
720575941482927814,500572,909632,284580
720575941540135453,531432,656552,160065
720575941564573287,508468,807212,233415
720575941668852657,458568,897032,278910
720575941613412316,488880,653424,99090
720575941538048242,399084,967012,240840
720575941535445786,515920,732064,200655
720575941575210235,408792,765280,133290
720575941513254905,451304,719680,246915
720575941598633769,598944,632448,136845
720575941433448224,480032,637604,183915
720575941410031983,524588,786644,206550
720575941505889409,531428,642100,222705
720575941526654466,558840,596064,136710
720575941563591680,590596,123704,175860
720575941603939006,426988,704476,141885
720575941630710498,580784,199780,214515
720575941498965985,399296,946596,224640
720575941438107154,568684,187748,221085
720575941614846165,447616,740844,110205
720575941575815784,361768,183772,234450
720575941478668593,825156,201484,73845
720575941604841145,181648,138832,199800
720575941589664254,491780,741960,136125
720575941576565135,150868,121128,148815
720575941409717678,762360,90212,98145
720575941550928189,824452,130888,150660
720575941457970413,246732,105696,116100
720575941544854045,202804,150848,145800
720575941462827987,732692,159316,52065
720575941464020493,746272,163196,61380
720575941432775599,792760,111700,52515
720575941608718445,846560,97900,121050
720575941645263698,713468,173468,72540
720575941440318508,728436,123272,77580
720575941587748318,823428,112236,130545
720575941517270106,754572,166856,82800
720575941547678644,761176,89312,181845
720575941480198250,245076,85016,120600
720575941490649653,112892,113552,101115
720575941514912076,744028,160060,182025
720575941506313154,860644,116244,70785
720575941535050115,841224,126944,21060
720575941576483592,140072,130404,144360
720575941354397232,723812,130408,74565
720575941605287865,666564,192316,144900
720575941660463640,705884,130804,93375
720575941520448940,754304,207120,56385
720575941416062868,750524,116984,94320
720575941570231540,802720,210728,54315
720575941508523589,779948,165336,100305
720575941456244787,787800,189532,63135
720575941517286234,724928,111904,186300
720575941564935680,762272,67508,112995
720575941492926158,787424,201176,28620
720575941462650323,129056,94972,90675
720575941575043337,840880,105604,60525
720575941476180778,709792,165472,187965
720575941523611127,720888,187760,64305
720575941612405834,168220,131708,115560
720575941472450880,785060,69420,147780
720575941458450925,841616,93376,81135
720575941596933159,754368,139348,99765
720575941431827375,107868,174296,97065
720575941440052498,205184,119612,203670
720575941618752981,841468,125120,18585
720575941354422576,594388,115796,68400
720575941464001424,887164,98880,57105
720575941554396755,195420,107232,89505
720575941551308861,782588,102748,196290
720575941587482622,871708,139648,103590
720575941604854718,863504,98032,59355
720575941612804841,840744,112064,126675
720575941656466649,839160,91948,171810
720575941583521913,842452,91548,119520
720575941681968061,357592,152612,146565
720575941505331691,844852,92716,177975
720575941508935237,824076,163188,24075
720575941537544897,695460,210056,98100
720575941448325813,112840,174540,70155
720575941493320423,672420,191044,156015
720575941539343053,607492,622448,253575
720575941596583207,323604,214252,97380
720575941634847675,137252,125828,46710
720575941576448089,660424,200196,110700
720575941447606709,701164,150796,122310
720575941682749117,671476,186320,116325
720575941487096070,691092,166404,141615
720575941574912584,659800,203180,123030
720575941618564565,744780,224648,96210
720575941612307274,137424,200904,131805
720575941454104233,154516,169092,169605
720575941514717331,868440,153960,78660
720575941639553055,451620,642724,59715
720575941440080684,688580,157088,136170
720575941532408037,183988,174324,177300
720575941554341348,235880,122984,175320
720575941665201276,242692,206764,135720
720575941353115440,259680,127992,108135
720575941466501206,216068,107984,125280
720575941594625064,223592,96104,174060
720575941432805513,118440,209028,103050
720575941497196001,267824,119648,148005
720575941448197469,257804,110684,143820
720575941594778501,212940,159064,188055
720575941668014769,238348,107820,118935
720575941520749166,291316,165192,167715
720575941650309909,257516,108416,191430
720575941653651156,233804,115524,99990
720575941550894369,673756,142116,188730
720575941558475379,234788,157888,182610
720575941448212661,167808,202704,98010
720575941525828708,618312,636316,213345
720575941543868252,114548,200608,91035
720575941537284850,217816,147012,119655
720575941489743564,200184,202044,148770
720575941454767853,130596,154016,132165
720575941505765399,221012,147984,72540
720575941461438163,165556,202836,132435
720575941458444870,203108,171788,86085
720575941575741192,234100,209760,63450
720575941488568885,251696,100464,158535
720575941563069952,187360,113488,70380
720575941491353397,668892,87084,145620
720575941462819268,213808,113764,127800
720575941517982168,185056,188812,63315
720575941469194871,245768,205264,72765
720575941555490970,678624,182744,83970
720575941488832457,102660,170712,94770
720575941480060355,214616,200872,87795
720575941537893091,273728,117888,167310
720575941395240086,264048,148756,160335
720575941563106304,256704,138116,62505
720575941650162709,212948,204576,72855
720575941680511677,190016,178976,89505
720575941528072614,241784,238004,95220
720575941550507263,283968,239424,105705
720575941629308217,258496,216144,168930
720575941504290981,171816,126276,60705
720575941494943152,184660,200904,8550
720575941605954413,201008,116756,133515
720575941571526728,196604,206508,114210
720575941630203333,165744,204024,112770
720575941505120050,297548,177124,111330
720575941585588870,155744,119916,103005
720575941514898579,306092,180456,84240
720575941406695983,306636,195408,89415
720575941659978008,203712,200688,70695
720575941572242171,192620,202712,89955
720575941563204359,177276,201828,80685
720575941562807085,221536,185388,84375
720575941592303400,147084,189136,59760
720575941563842711,161220,104992,139005
720575941591661931,185420,167552,136755
720575941655135249,210676,181840,27135
720575941664277304,230200,112780,135630
720575941567670119,476024,200500,183645
720575941492126158,444408,119144,170595
720575941445199274,587224,101048,200925
720575941547070396,255408,180548,61245
720575941432455343,200884,130116,202995
720575941534896666,271552,104704,204030
720575941494140286,444904,988196,229950
720575941526337958,209368,163940,54900
720575941596983232,251136,161344,96480
720575941484995981,675188,235668,96120
720575941625323772,146152,154808,162990
720575941472319351,673260,166688,114480
720575941533729258,151600,101844,169785
720575941537807602,208060,188924,24660
720575941451851598,168476,158928,69435
720575941594854181,147264,182656,166140
720575941557111076,175900,154152,43380
720575941618019029,176960,125528,93150
720575941493542270,263784,125064,147150
720575941534551683,201248,178912,80280
720575941491879856,146752,107728,63090
720575941568273778,162904,195348,16785
720575941533800170,210860,160628,102105
720575941407335854,178980,180620,39780
720575941627558508,161016,131008,170820
720575941614723481,150896,109268,159390
720575941581420277,162168,134884,126000
720575941512492497,154212,122588,191700
720575941631789472,262272,147664,103770
720575941655213268,169564,214368,94230
720575941403519856,173812,184308,113265
720575941533745074,195888,104696,114930
720575941438095679,150384,102564,64485
720575941608699757,679176,190784,85590
720575941475746097,209572,223248,40140
720575941602033142,242196,208520,113130
720575941478456372,171712,117696,34965
720575941460361412,203024,230160,120960
720575941556889636,155968,181584,29565
720575941514437731,210560,163740,96525
720575941497977216,662944,207668,84195
720575941520356974,152692,184212,41310
720575941483737286,146344,95988,148950
720575941484225210,223864,119448,199170
720575941526407646,113636,149280,118665
720575941570163194,190520,90576,179730
720575941570198130,164080,133080,191430
720575941625788924,841256,181520,55665
720575941547988148,128968,116216,113940
720575941575196047,178624,90048,157005
720575941452661114,176644,126192,178605
720575941499261051,126944,180968,103320
720575941509385054,787984,202188,34785
720575941618547387,158176,88308,99450
720575941457466093,197504,171636,16785
720575941481679840,832096,142104,132570
720575941554874759,210048,148420,35190
720575941604710134,224948,93628,109440
720575941605510078,203332,160904,21105
720575941689004271,653352,223980,74610
720575941614043868,164776,97456,140940
720575941602066985,846608,95660,33570
720575941645817249,172412,195256,33435
720575941500461129,833288,84884,54270
720575941503647371,768428,128688,63675
720575941412844715,832496,142064,115605
720575941494405552,799012,75424,89505
720575941517108058,868968,78852,112005
720575941543645276,756940,82580,94140
720575941577186230,801612,83512,72495
720575941509299585,113956,130952,90855
720575941515779395,217960,90656,177795
720575941605955774,849540,111800,103995
720575941433948375,208888,162304,42345
720575941640955509,229188,84172,163530
720575941613671398,239696,76712,161235
720575941461768262,137700,166864,169740
720575941634367941,830588,188612,39330
720575941438463276,453712,861632,226530
720575941450914741,336308,124024,167940
720575941438773548,506328,705116,226575
720575941454918195,494208,758224,162405
720575941531252939,498276,596336,159885
720575941450697850,690848,133004,164340
720575941411225711,565532,96700,191925
720575941575525992,459376,370000,117495
720575941558966766,523488,739860,174015
720575941488529205,530300,797412,252945
720575941526632194,475396,872084,194760
720575941493928064,455504,370000,131400
720575941498290850,508024,837780,287100
720575941457665862,499820,155076,80190
720575941466521622,356040,984412,273060
720575941437199167,670020,578964,262260
720575941598660288,559180,635576,170595
720575941632262114,460364,642272,108180
720575941486783238,540600,621168,148455
720575941527755033,503056,127440,184275
720575941572026782,536124,192740,198270
720575941658916888,510188,153380,193905
720575941574075913,520580,120056,206145
720575941503109515,587744,171736,171720
720575941563424680,552700,151476,88470
720575941406036527,452652,137792,182250
720575941400818723,517392,605220,194220
720575941571043316,575224,590520,185850
720575941688592879,521192,726748,193095
720575941544879796,497280,72064,240615
720575941560198415,583944,138420,199350
720575941410131311,556200,191080,86760
720575941595114021,501244,254568,105795
720575941431466593,606936,154012,145170
720575941607015277,418880,171612,207855
720575941485384333,530236,183468,213615
720575941454283177,550720,115716,215325
720575941525306955,546628,79108,195660
720575941460475091,407480,121936,226665
720575941687632758,599048,203216,205335
720575941563453864,538720,123920,217845
720575941631231970,324096,176140,145665
720575941596047237,498500,197288,26640
720575941521995447,499428,154952,31050
720575941586912646,574396,203912,136305
720575941505980741,612864,100624,173295
720575941611567081,570744,140524,259650
720575941565499136,563688,114656,85860
720575941566604903,530408,131956,84285
720575941615274515,515144,188880,126855
720575941603587062,617932,94056,176940
720575941564145298,574336,100392,170775
720575941653725169,582732,109572,183015
720575941607887981,563252,105324,207765
720575941528878246,612992,188660,121500
720575941516873688,555584,139520,263970
720575941472496682,423344,106912,166410
720575941455930675,529476,140428,88515
720575941491955913,387528,166316,115605
720575941434301472,488224,83852,190305
720575941633843141,377528,958056,210240
720575941408605102,406552,129256,208035
720575941567355438,339644,129356,179280
720575941506021249,472320,148224,255150
720575941612052042,519640,135144,189225
720575941655444436,335392,107504,126900
720575941429179567,437344,195476,115515
720575941506516389,318976,140316,80235
720575941430374575,370764,84732,170235
720575941503714539,332352,155792,223470
720575941651138837,382144,130912,114120
720575941529846968,407828,126516,114795
720575941557393902,397616,188652,110835
720575941504712242,367396,132788,168075
720575941562065920,366496,906980,237960
720575941471452791,522000,129696,114300
720575941413590417,424516,224464,110700
720575941476619835,454056,167056,34020
720575941596708997,458772,118032,150885
720575941435546510,546520,115932,97020
720575941681314237,415488,148796,181350
720575941524424473,384020,635404,213435
720575941664446588,403380,205480,160065
720575941688148207,421140,128136,154665
720575941611399498,368188,100296,198900
720575941724430138,281120,115984,189990
720575941504666711,648736,168248,217575
720575941437674540,588084,137684,118350
720575941541365277,399796,218576,102825
720575941483452346,374496,956128,266400
720575941502566194,571340,200436,136080
720575941587213278,583736,840448,164295
720575941519646852,468036,952744,210690
720575941627312748,563848,105340,212760
720575941454983731,549900,160752,116955
720575940458767967,386120,127684,62100
720575941617210069,564144,173052,234270
720575941440670299,412300,951368,293220
720575941439668943,780424,554128,256455
720575941469229021,451916,990216,226530
720575941515118938,591212,68664,87075
720575941627015323,594668,90900,72540
720575941585007238,535488,203400,18090
720575941573025096,428600,149156,4140
720575941445156522,566276,64736,105165
720575941529902776,602404,69916,88740
720575941625452699,524056,216252,22365
720575941437298220,436652,590508,60750
720575941505593378,372916,635988,214245
720575941604636862,528256,217912,25785
720575941534088792,561788,797408,154710
720575941536770531,429100,219224,14130
720575941426786388,409232,617084,178110
720575941535932760,370016,1019532,204075
720575941517946540,667904,604208,105795
720575941506429093,413832,74348,81315
720575941429441620,255800,147692,100260
720575941553122587,568044,81048,79605
720575941605177017,605132,98836,72945
720575941489521717,471504,966456,219870
720575941594866471,648152,121184,121905
720575941480364768,562376,92160,201870
720575941645455698,432636,797300,117045
720575941497054843,177672,222464,104085
720575941431309304,542184,72236,156195
720575941692160219,684544,170944,190845
720575941500650313,701148,129080,228825
720575941510649360,637376,125004,211905
720575941482125391,428356,82988,190665
720575941555393537,524136,228864,119070
720575941628077625,411968,88560,148950
720575941628935993,600324,111060,182025
720575941689558646,433152,50944,180900
720575941479664234,609124,649152,207585
720575941467537750,181060,95912,191430
720575941577209270,848316,65668,112410
720575941540463346,170028,131192,158535
720575941496175486,117620,161700,84330
720575941545841340,568956,86692,146565
720575941514730307,114936,150996,140310
720575941414117780,130728,176944,66960
720575941579356497,169464,105004,77670
720575941474217770,154968,204072,38430
720575941516997523,241392,147964,145890
720575941652477937,130860,204600,84870
720575941600103872,819364,196956,18405
720575941497444807,788820,180392,27900
720575941537244186,765508,137588,115065
720575941576438280,818160,142616,156555
720575941464151565,732336,191000,158445
720575941487550530,758744,138472,148275
720575941492923367,153476,213628,46890
720575941646957768,780680,209120,13095
720575941529019558,380048,171940,200025
720575941565107975,430340,841220,190395
720575941659770680,450036,761744,191205
720575941481105405,615364,591840,105975
720575941477558337,467612,733308,156015
720575941591271308,507540,759692,268740
720575941559643693,484528,878304,248310
720575941435542158,380916,140248,186075
720575941496684513,387068,190184,227475
720575941609419878,442420,587380,127890
720575941435843858,460200,857392,195480
720575941511038796,402724,954096,238320
720575941458466800,592584,198172,193680
720575941497782144,559296,656064,142380
720575941487873488,427856,729160,178290
720575941579820377,846720,188064,46710
720575941451843150,738344,197808,55800
720575941733882411,827224,147692,77940
720575941508587358,735236,80528,116775
720575941596481393,746572,88524,122310
720575941463364548,713224,213184,111330
720575941632808930,747924,148168,43065
720575941632282338,767944,135640,145845
720575941556582401,681096,211224,60075
720575941568492846,807612,100112,119430
720575941416287260,602776,197276,219510
720575941489019856,820360,132084,163440
720575941654826513,905176,112360,76950
720575941547034248,141064,105088,143280
720575941613357414,732692,130736,46755
720575941614699228,722268,178992,65565
720575941537545409,736996,98048,149175
720575941452439162,721608,188000,143730
720575941653042929,788948,149492,114660
720575941529707396,795584,64320,81720
720575941565456274,762852,220152,102060
720575941496667518,799724,140960,159840
720575941461088582,781112,156572,85635
720575941482441123,759972,169992,112410
720575941451270837,821608,124752,87345
720575941531165880,814688,144564,116370
720575941443553231,733584,190032,117900
720575941618560213,859368,110512,125910
720575941492228041,246592,159168,25785
720575941476310075,763392,178232,67545
720575941459119600,739560,162424,47430
720575941405035120,817140,139624,158715
720575941573042590,762460,198644,89145
720575941475790122,830376,130552,175590
720575941632893600,122552,129956,105345
720575941550637089,803728,174952,80460
720575941521552055,881852,92356,22365
720575941613473254,770380,107896,188190
720575941452335694,794592,168544,39420
720575941599674268,273216,213952,46935
720575941594561832,832028,122536,19125
720575941575007304,775760,147176,97200
720575941566253719,863380,136772,85635
720575941449114388,752552,173416,103095
720575941509046657,788736,72768,98145
720575941520307160,689024,104320,105480
720575941596905329,457216,49472,150165
720575941481626080,395860,123600,72900
720575941604703161,281088,66880,171225
720575941475031338,717248,85120,200970
720575941470887543,720768,174432,110385
720575941575446011,653120,92288,181755
720575941620659308,861748,94472,108720
720575941625349628,591300,154748,135810
720575941540461773,596384,150352,234675
720575941615537427,841616,137424,52605
720575941682336957,799548,96448,54990
720575941536661482,741824,205952,147375
720575941482379087,685292,126440,195660
720575941501227426,881984,92160,58320
720575941613498214,604176,72548,115335
720575941660127000,119648,116784,156510
720575941435314464,96564,126832,146925
720575941514531404,109984,165524,102915
720575941452418119,122480,155576,143010
720575941454601523,137608,187968,101655
720575941574971023,119096,141008,82440
720575941498154107,232900,121716,94455
720575941474853947,183108,135376,167490
720575941499791739,729536,130296,168660
720575941588792644,860400,120444,66195
720575941448845844,827948,167352,120195
720575941500228169,858448,180976,60930
720575941658463256,762000,169252,128655
720575941570821490,728252,121012,70155
720575941516532835,784016,142120,128250
720575941350411824,587760,685368,195390
720575941461368976,392504,929876,182430
720575941429128289,409512,910072,208890
720575941633442796,831792,199580,84465
720575941613252627,465680,629176,94680
720575941518753452,492716,952076,257400
720575941722096186,581120,670228,204345
720575941592889128,441124,896932,239760
720575941525489508,386324,850172,213705
720575941493396167,550520,772936,160830
720575941517910675,489964,905508,261585
720575941543365225,519576,643188,166815
720575941559191055,390188,201072,206145
720575941481049085,571056,642352,227925
720575941450007111,490816,811248,202140
720575941525528164,435852,703104,161595
720575941574326429,415268,180500,211680
720575941643071589,570752,203468,201240
720575941434400142,596220,196200,226125
720575941554533786,403236,933572,258255
720575941501785538,561836,759364,227745
720575941650717973,389048,162384,202005
720575941490140878,592692,201136,214380
720575941535190499,445724,816300,198405
720575941553424211,564292,695468,183600
720575941687825903,565320,180868,230985
720575941476794689,586804,173192,204300
720575941526735716,468636,692072,177390
720575941560413043,435132,967008,192240
720575941560221229,484264,605008,113040
720575941672770471,440432,616728,107505
720575941554715300,459020,861816,208305
720575941551495229,838544,154460,86355
720575941621075071,730428,205460,88965
720575941501155490,107352,206156,89010
720575941481269890,793444,191548,57330
720575941470336989,199208,98160,58455
720575941569208820,714676,232044,109755
720575941452308814,765252,80048,115290
720575941653611249,168364,179200,47880
720575941537834522,785864,82488,127665
720575941612423341,812932,194672,90900
720575941504171570,423680,169600,239355
720575941605193406,823972,107140,135630
720575941438827538,737564,101624,88380
720575941646579912,757020,97612,87705
720575941507315004,742244,207968,51300
720575941438999314,727564,177100,72315
720575941539486706,769088,106356,74070
720575941589495364,715940,213136,113715
720575941499498569,755236,97544,152100
720575941502552459,766304,131904,122625
720575941551109694,117636,168252,145755
720575941469256214,803856,103204,175185
720575941499722977,791216,144832,46620
720575941586249567,195284,113344,54855
720575941632506604,711684,249092,61335
720575941556598529,743820,178748,107775
720575941613657958,754996,129348,67995
720575941632548332,741172,158292,47205
720575941525874507,773288,192352,36180
720575941463624592,828416,95808,150075
720575941527830861,786912,117184,165645
720575941615217116,815572,155892,96165
720575941606362558,888004,115304,24930
720575941537624090,736116,192504,88830
720575941410178863,744580,128144,147330
720575941394114052,862008,94236,79110
720575941491891916,798244,163796,123120
720575941557103873,846884,111100,48555
720575941428911188,733628,195808,98325
720575941644849509,772312,134896,126540
720575941601500713,886848,115328,96975
720575941448958740,796384,214256,54090
720575941393908228,742100,111916,172485
720575941553116671,777856,84960,112050
720575941527665508,772984,122204,200205
720575941591251255,768196,73240,107325
720575941476343850,299924,233216,92925
720575941557050020,191892,163764,115110
720575941505937458,136612,109788,127530
720575941604973753,878136,93064,15120
720575941660580120,827524,105668,172170
720575941522923955,755056,110416,51390
720575941575120015,198156,196216,88020
720575941582670687,196480,156836,136665
720575941552580762,237288,152408,197640
720575941504325692,169748,190040,101790
720575941441427919,136528,170232,87075
720575941568092519,644456,187184,100800
720575941575071560,716436,161656,139095
720575941507939237,698180,205872,106785
720575941631062252,813212,210380,22500
720575941395155862,644764,223016,114705
720575941433303649,186572,149880,197145
720575941627918700,641244,172204,140445
720575941613129193,743612,214976,40590
720575941527968514,242084,79044,160515
720575941627908234,180772,127476,200295
720575941458027078,203000,155688,158670
720575941606919277,359132,188788,159930
720575941551804551,251196,97732,149175
720575941577833041,232056,96896,155205
720575941415805588,191180,143268,197730
720575941459413971,229000,154172,189900
720575941555301715,202364,79336,146835
720575941505382213,254792,209088,70425
720575941507132510,212280,189236,69120
720575941552512391,236500,198148,63990
720575941505077335,239876,122432,89865
720575941440463567,159928,164696,162540
720575941460670352,245408,136976,175500
720575941462137357,217476,121636,65025
720575941489767116,213156,97928,114210
720575941624373147,228864,244160,89370
720575941642296146,191656,184544,84375
720575941638679327,215152,191292,66960
720575941399984419,244376,115076,123300
720575941476935018,250640,209972,83385
720575941611055849,121180,177924,90270
720575941478882784,212212,89724,114435
720575941504659877,251768,127328,67455
720575941643352737,205256,159252,102330
720575941459725267,221656,80596,161955
720575941611738726,173940,183768,127980
720575941513955162,295868,230244,63495
720575941393897220,292152,159216,143415
720575941692350360,267652,240268,126720
720575941479278671,149388,120896,77985
720575941473607227,196656,131036,85860
720575941458115142,301520,182688,101340
720575941630247916,282096,185080,177570
720575941613443481,154640,229128,82305
720575941632763296,191032,219968,111420
720575941580622581,402824,125100,68175
720575941535846115,203520,161928,154395
720575941627136667,219436,129632,102195
720575941632026555,217348,141704,148140
720575941558647923,229476,167932,162405
720575941689802614,207104,140608,28035
720575941470097472,204436,155232,164655
720575941452943273,607292,149632,156240
720575941354162992,185984,136268,160335
720575941479327553,666872,193112,125415
720575941580794869,872540,163384,39915
720575941483748806,225824,141844,45315
720575941575576989,798492,134764,59445
720575941497259233,150444,100080,161505
720575941532374915,270820,162248,93735
720575941506590629,682976,208944,61335
720575941394657174,233216,71204,106425
720575941510101633,698500,152912,162900
720575941515087825,156392,133476,55395
720575941593030284,227648,187352,141030
720575941546588009,268800,201520,83970
720575941558615823,236404,204232,85590
720575941518161518,191464,158752,18270
720575941488127373,185700,213420,38475
720575941669191345,643040,166428,112635
720575941602816502,191312,163852,127080
720575941574372022,228396,126536,144000
720575941534657514,236312,205280,85410
720575941468272214,403356,138032,65205
720575941429792687,176872,226252,121545
720575941611546086,174576,192984,96030
720575941599991708,182736,105420,92925
720575941525502797,169012,184052,146790
720575941565266791,172656,172700,35550
720575941506901342,177828,178984,127935
720575941478826033,157484,143836,145440
720575941509062416,196100,192500,21915
720575941573430941,164048,199272,135450
720575941632869602,151284,173008,171810
720575941468340957,168740,204588,43875
720575941689331163,142076,106912,58770
720575941558648591,170496,99712,183510
720575941686568943,168704,102592,198180
720575941690394075,177280,106304,35010
720575941477268586,214384,163632,121950
720575941615944601,809704,176704,108360
720575941592352766,802876,145472,22410
720575941537643713,796948,132024,141885
720575941527574093,176948,217728,30150
720575941584675797,120548,151392,36135
720575941572898555,198124,194576,11115
720575941547311552,213872,104896,80100
720575941612867302,814896,106656,37845
720575941450842205,822144,215808,65520
720575941452636794,239628,79316,143595
720575941627581339,809920,142588,34155
720575941594455147,242236,83844,185580
720575941575943689,798812,209040,71775
720575941459525104,201020,139456,32490
720575941598941340,134704,117444,128925
720575941566078562,179140,135200,41130
720575941546590297,106920,207792,86085
720575941626770028,214388,190768,19035
720575941627155594,162916,141232,192780
720575941462377924,135068,165364,88335
720575941442604751,134616,101308,142470
720575941540083954,860856,78996,135180
720575941691781083,882080,96312,61875
720575941402987043,853416,84660,45225
720575941499579515,853564,82972,116730
720575941515781369,818436,132884,32400
720575941665226620,213624,113308,84015
720575941562128499,206592,60736,145170
720575941553999387,502592,680624,175095
720575941627117676,518280,211204,101295
720575941589794046,486444,809860,203850
720575941540466381,559928,176380,164025
720575941629396793,502176,205780,65295
720575941613020390,486312,247264,106425
720575941650178289,519872,815164,247950
720575941543038237,508036,479736,117810
720575941592328741,495572,370000,125010
720575941437461010,511084,644396,119115
720575941514629585,388684,192256,153180
720575941556199652,491088,370000,128475
720575941439665983,446360,83760,159660
720575941488619465,563784,159880,113940
720575941483304902,542484,135396,140355
720575941578886225,504276,202772,30240
720575941659261520,560992,117700,225135
720575941562176402,540148,113356,174195
720575941488835536,479136,99472,239670
720575941503658661,577056,569012,176175
720575941557579812,523108,104256,170280
720575941498506569,484788,852196,211320
720575941415451796,515288,211148,120735
720575941593008168,682024,92892,111150
720575941571168756,562556,785308,223560
720575941461337357,537088,180160,232875
720575941505230530,575648,151848,252495
720575941450979150,559084,164052,212220
720575941534172291,483504,129844,187965
720575941507882590,562672,187848,89460
720575941575644573,476088,370000,123975
720575941511590354,573728,136236,221535
720575941656678424,549124,63948,190710
720575941499866593,538060,242140,116955
720575941619435135,479388,161704,38205
720575941553083649,597424,197324,123705
720575941539411917,553664,186888,229680
720575941486242114,571224,204144,140490
720575941565753910,619516,170776,194355
720575941413043311,528584,175680,147510
720575941611096028,587572,239992,109305
720575941503147915,514100,106816,188190
720575941511360722,492988,257036,81090
720575941610776284,529528,124700,84060
720575941527661389,546636,180964,199485
720575941443117403,511572,182696,176760
720575941596580485,609596,138608,216540
720575941524477515,633172,145180,190080
720575941596424741,566968,91008,114165
720575941506715415,573968,137160,153090
720575941658210640,292764,139504,208350
720575941593083176,393516,103916,175545
720575941511584978,409616,174844,121005
720575941576349366,375968,100012,250605
720575941488855760,335892,111232,130635
720575941564628066,486208,44032,186255
720575941522433099,329364,143240,232560
720575941626843500,355596,975012,279540
720575941578693721,371636,136680,163170
720575941440188479,390052,141108,177120
720575941504702258,346944,97376,111060
720575941556418788,440124,117840,204615
720575941688932726,347560,165608,191115
720575941437049632,343248,169992,210240
720575941527555940,423228,121344,238275
720575941610949962,355656,1009772,269325
720575941496308423,417520,96688,181890
720575941579775313,401872,143080,239085
720575941491329589,401428,240580,103050
720575941471703563,465856,141016,46935
720575941522146039,467700,764024,215190
720575941432200879,397000,194220,119925
720575941656380496,445844,811280,108495
720575941561195791,485556,623920,79470
720575941519640942,361088,124788,227970
720575941527158297,329196,113776,186300
720575941654072537,468640,130200,89280
720575941566154599,495400,120100,194490
720575941440591957,476812,160292,199485
720575941499198945,378788,126480,187560
720575941687298572,425088,174400,230985
720575941480020866,552476,110972,116325
720575941354239024,450008,990040,241200
720575941538212082,456760,259452,96255
720575941447309588,171912,137172,116325
720575941687460364,343372,1109440,211275
720575941561252776,375656,162052,133335
720575941432016009,629616,556624,158490
720575941514187363,660356,616056,108450
720575941558018163,443744,758276,116325
720575941561382189,338420,1090336,218835
720575941597672837,648612,136260,199035
720575941407926831,358232,90696,133740
720575941586208646,436976,91156,156330
720575941557956772,427848,640980,75510
720575941438682898,666276,111632,137430
720575941591662376,470584,949064,224775
720575940480438737,356896,1019532,198405
720575940732742159,591372,79284,79785
720575941631114466,456000,54288,127350
720575941480952739,586116,75204,81405
720575941520111276,450024,888484,256770
720575941481846179,650188,114952,209385
720575941478507294,526364,124296,47385
720575941437924633,407600,136044,70065
720575941515838611,398572,126296,72405
720575941507171106,437020,220492,20655
720575941546753724,420312,153072,4230
720575941444283050,449472,98056,80865
720575941601865769,430700,628808,50895
720575941535290378,433760,872244,268335
720575941535666970,397548,960948,301365
720575941550959219,586384,825080,167625
720575941413300881,343364,1101856,207720
720575941599595049,428652,229652,13320
720575941526408194,528956,214040,25425
720575941553558170,436280,220652,20970
720575941481114819,441620,914000,246600
720575941534135274,410592,615304,181890
720575941645496264,478368,118460,240435
720575941604206070,635924,167056,98730
720575941605991358,182736,185060,123435
720575941463504528,651380,596380,115425
720575941534151346,467204,116452,115200
720575941446922260,431008,218084,19260
720575941502605035,441284,987168,231795
720575941594030550,338048,1009556,294615
720575941656154704,401704,620620,179055
720575941696326618,401868,622120,173700
720575941486552130,405860,58400,113805
720575941505782578,322864,176848,162090
720575941628894265,330196,112336,211995
720575941590781495,359420,129024,211680
720575941467866646,334740,155548,212850
720575941577352552,652644,156824,234630
720575941607634285,555924,119620,196605
720575941549144968,508972,729900,172890
720575941640196213,708352,144576,207720
720575941207328740,298948,203488,142200
720575941505707970,806052,106656,95310
720575941525862731,857920,134220,44820
720575941402808611,531328,214720,194310
720575941434018830,458112,168000,230490
720575941663753784,340864,88256,210060
720575941634264005,195140,200484,31860
720575941692403352,417072,72368,77400
720575941429256276,865360,107868,117855
720575941432398217,449700,848324,189315
720575941656299481,229968,83064,181125
720575941528000612,198968,193232,66960
720575941671492273,815928,132596,140310
720575941439217964,760256,138596,99585
720575941659952664,182012,189260,78435
720575941618653909,128708,222928,81810
720575941597083431,144560,191380,118710
720575941600189993,171408,223456,68175
720575941566240615,111768,162404,105165
720575941522670071,145900,142772,175410
720575941658292504,132196,144464,120735
720575941526367309,137448,170484,123975
720575941508258689,166272,200016,123615
720575941635383483,790656,155752,169065
720575941569583918,176696,103492,148770
720575941464120208,791552,151428,131310
720575941507395749,840016,176428,84825
720575941521129838,850808,171752,77040
720575941494181040,868156,176060,86445
720575941658774608,147512,159104,97335
720575941670287793,180360,166868,141570
720575941555970899,413844,186284,213525
720575941630491430,802412,169708,116595
720575941614920917,399456,961424,258075
720575941458465235,477340,887328,250560
720575941692352152,442452,630732,108000
720575941409870510,426964,907048,246915
720575941546065032,494280,793732,240930
720575941668283635,489672,879220,224145
720575941551946239,491196,608044,107460
720575941649232405,479904,624820,131355
720575941456308895,556212,776296,191610
720575941510149904,418572,177060,228060
720575941623380635,450788,718604,234180
720575941521559883,448208,609564,142965
720575941492426366,474616,643236,90270
720575941411869844,389788,912968,238455
720575941631676642,560872,635276,132930
720575941516903022,411288,921056,254295
720575941689827035,361704,183552,207990
720575941505095077,600456,199800,221580
720575941590040204,409912,899556,205245
720575941595774341,611312,188392,234450
720575941567367156,560692,190572,214695
720575941545473928,449160,817384,240390
720575941514757731,559772,190992,218250
720575941561395757,470884,643808,151515
720575941646112120,493316,923744,215055
720575941577052598,811808,204928,28710
720575941527149240,456264,626832,169605
720575941463414212,780768,104696,164070
720575941549700925,808084,118588,41175
720575941689536219,380100,164240,198765
720575941538113778,398608,169652,242865
720575941624029436,841496,193776,54180
720575941613331814,189812,140920,87435
720575941482871887,395728,182096,155160
720575941575318159,811196,163608,113085
720575941566337799,148016,216908,44865
720575941454494791,813836,108720,116235
720575941477936961,728396,194968,58230
720575941441901397,836900,138048,140985
720575941533849475,729752,126184,158805
720575941633235909,767820,137448,88335
720575941537932264,733812,110020,154305
720575941536890049,819336,127280,159120
720575941660194072,700796,188300,60975
720575941449269268,795060,199416,28710
720575941654112241,681636,230576,68850
720575941527921284,377000,161204,201825
720575941597539717,768692,89648,75465
720575941566435335,768180,110744,82350
720575941508124695,773824,95808,45855
720575941494471088,758144,167004,39915
720575941442381247,772324,108192,34875
720575941433384801,736708,123400,178650
720575941576253341,886580,111572,58995
720575941630765094,754488,160220,184275
720575941539646101,749376,149552,133200
720575941576397711,823428,117884,138285
720575941530951352,869520,139068,21420
720575941487954061,746112,148404,170685
720575941614841820,838792,180160,39420
720575941575953416,205624,143772,121635
720575941587812574,236208,194712,55215
720575941442432703,742536,124716,137610
720575941554811802,750116,197996,50400
720575941594131752,809964,178052,94905
720575941602170409,811180,167820,4905
720575941529343364,753064,208508,44235
720575941613455590,779384,169232,75780
720575941467974678,791260,82460,114300
720575941410044078,806904,211516,28170
720575941613263334,762676,92396,144495
720575941436399502,773644,120448,67095
720575941553508414,886932,148324,89235
720575941528834470,716876,210628,35820
720575941703900634,766656,238784,54945
720575941481882242,754804,145872,166185
720575941516089667,725572,202112,45810
720575941597304945,823952,100388,68625
720575941408252334,135748,134324,93870
720575941592188926,742496,189816,77760
720575941655223513,727680,73344,165240
720575941400283171,504692,144896,162810
720575941527645698,914304,86228,41535
720575941505242859,869316,90652,113535
720575941463027652,252408,173532,53505
720575941418027036,873436,109000,93825
720575941403154467,236436,149576,170955
720575941436549262,814672,91272,162270
720575941517211226,210548,151116,39060
720575941466345302,319376,160432,172575
720575941576624271,786416,110784,156645
720575941432096760,841776,121520,80235
720575941484850630,726192,128592,112950
720575941449671349,417776,119680,148635
720575941521179096,816400,185456,57240
720575941540064205,739036,127684,50445
720575941611582822,133288,152256,67095
720575941520515767,127588,190160,105255
720575941527361702,155912,173156,59940
720575941498669537,748292,129932,108765
720575941625144828,771616,162872,148500
720575941440712021,770364,164744,35685
720575941471626560,709212,173240,100350
720575941526196994,119584,186028,70110
720575941615876883,749328,92252,159120
720575941599661980,231728,124700,205290
720575941517149177,700144,182584,63810
720575941548669876,154332,111492,128790
720575941544573701,844816,138308,103140
720575941640862325,856008,139656,60030
720575941440335404,851564,193924,40050
720575941472402016,462756,900652,271080
720575941447879188,508256,719060,143505
720575941597520064,472128,943564,198720
720575941512786764,560672,773292,192465
720575941512825443,483156,920012,252315
720575941542265093,515500,718568,252900
720575941629713958,478016,915904,187785
720575941478583887,607676,634140,114120
720575941496286025,623796,610100,158940
720575941437235756,550032,767056,164790
720575941609390182,547760,760664,217980
720575941638924917,369656,194620,211905
720575941581663865,463472,773736,238590
720575941591732734,452792,789836,225360
720575941536511474,420036,900740,264915
720575941586457822,404676,938876,248310
720575941574939830,574204,96360,185400
720575941578885109,367780,157120,194220
720575941518419895,452804,668144,180360
720575941563716096,551928,183708,225450
720575941558679022,507408,831756,266805
720575941546266036,604748,603704,165690
720575941490085941,466344,881308,188505
720575941452251699,428472,638768,146610
720575941573823134,434932,734364,177165
720575941633562043,500028,580864,109395
720575941482212538,195376,120368,58320
720575941594109736,193808,112516,129465
720575941613651932,405552,186296,232470
720575941505725790,479924,688428,191565
720575941586378974,445152,754624,142695
720575941590868548,903716,120380,47115
720575941500023521,744556,83996,117000
720575941686856310,248512,89148,162450
720575941442685275,230616,130208,196695
720575941546162437,832660,201732,40815
720575941574407240,689460,142804,126585
720575941634187936,289896,160408,92475
720575941617498581,170524,124052,84015
720575941409926703,216260,109076,85590
720575941485336250,888328,115592,23850
720575941570823412,729236,191576,116010
720575941491734473,727512,218240,126135
720575941590204484,751892,173376,134325
720575941452427386,745404,153120,40095
720575941454028359,766680,115768,196425
720575941528343718,762636,213312,40905
720575941554937479,743876,97632,115020
720575941480083050,845360,187792,45225
720575941627678572,743816,98116,145710
720575941432672175,706564,165824,59805
720575941544747037,755520,82560,84870
720575941646252961,194068,105140,176265
720575941440749279,747956,159640,170595
720575941689187823,810828,180376,84285
720575941615317779,769108,208940,112005
720575941535699946,803192,102732,106740
720575941662921528,745568,108648,104805
720575941574602491,695552,167680,72540
720575941516474873,692928,160192,76410
720575941567712871,680032,226248,70875
720575941551571261,858168,93588,55845
720575941462634707,135608,150392,74475
720575941410075310,735228,127760,164430
720575941556063059,202428,139528,37710
720575941418247452,725444,126692,111375
720575941632580844,776724,198112,54675
720575941668718835,753888,164064,77175
720575941504033771,771948,136200,59580
720575941484694726,722420,101916,161910
720575941567604534,178484,106260,178785
720575941618487253,770528,113008,154305
720575941409372463,798664,173420,20700
720575941616878233,727188,149740,173340
720575941508898885,231040,152320,26820
720575941663358264,895936,122816,18720
720575941463300292,791828,152284,108270
720575941440340780,780664,110276,61785
720575941599320000,804760,174592,107595
720575941532472523,810464,107760,155880
720575941484487309,481016,92128,151740
720575941463168196,410184,71860,85095
720575941555642707,406496,71660,87615
720575941555707693,824768,137272,165330
720575941501498251,375904,193776,102915
720575941724629306,803776,114060,168930
720575941497380807,892828,86976,79785
720575941510030465,829132,127908,174015
720575941629733177,655816,219508,113940
720575941576228253,762832,131316,35460
720575941508008252,205744,130988,26415
720575941577594201,327604,198976,112545
720575941471874656,119980,183616,107325
720575941547537953,201728,213600,137475
720575941638670197,148144,154280,41850
720575941614386140,657652,176176,103590
720575941538711784,212548,118512,196740
720575941566297607,181284,113360,72810
720575941552416922,244048,202636,144045
720575941549015988,678896,198928,140130
720575941559048356,718352,170148,119025
720575941556707585,735492,222944,100395
720575941594995563,697020,179708,122760
720575941436417324,204380,97160,136395
720575941391608580,252668,211796,52110
720575941497666503,232884,91072,152055
720575941496373630,246144,68992,136845
720575941449975930,194336,169752,98595
720575941407285166,222840,140712,130185
720575941353839408,226652,83140,113895
720575941613645209,195244,99520,96345
720575941629788217,231048,206308,123570
720575941537129109,161864,164548,80100
720575941469354871,243136,105664,207990
720575941572405768,273368,215064,72540
720575941501965911,213040,182096,75150
720575941502828994,219100,219624,42885
720575941611633628,227728,191264,66060
720575941565090311,198996,219520,81765
720575941563071232,187180,134944,200475
720575941555558308,249484,107988,107775
720575941574534031,608444,595300,210375
720575941471198475,230396,131444,85275
720575941514916089,102784,119168,122985
720575941473169962,254776,94328,169695
720575941589009918,230248,179028,30015
720575941571145586,223220,194460,31005
720575941429462703,262340,213076,151605
720575941484892157,246588,168372,117540
720575941555362724,147952,162188,84195
720575941451652957,279768,155556,128205
720575941473199936,252252,178292,45720
720575941538805480,90404,150340,90630
720575941475984699,266200,138652,95040
720575941393617302,271424,129216,133830
720575941579131001,235140,204124,53730
720575941555357156,602864,73052,86715
720575941567073378,307084,235492,77850
720575941517080492,220312,186716,41355
720575941489076021,196336,173148,37665
720575941430057976,288788,186464,135495
720575941414279316,256876,182536,118395
720575941430031969,211340,191688,69885
720575941534563866,227172,198008,88065
720575941414464540,210468,212472,126540
720575941477838401,592820,66736,88740
720575941533351658,264932,203724,46575
720575941476815722,203200,65280,158445
720575941461406989,290700,193516,124785
720575941470400011,200384,139264,16110
720575941626371385,224824,108112,123660
720575941476224362,298504,222268,133200
720575941436147730,322340,204364,113715
720575941454165319,263124,145068,68265
720575941538627965,228928,185476,75825
720575941652466905,434564,215012,179055
720575941557561508,339200,92416,133785
720575941427947860,277376,85312,195975
720575941565049959,263068,146460,82800
720575941539337049,159692,169704,71235
720575941640056693,151580,135260,116775
720575941526339330,449204,845012,205740
720575941564114944,138208,131316,142920
720575941558592676,231080,200364,113445
720575941514135033,293488,203696,170325
720575941525649739,227904,145592,168435
720575941624380874,231996,181620,156915
720575941502535255,246016,141516,117765
720575941537197082,367964,996112,306180
720575941470626013,528764,216244,25785
720575941517255939,183180,171580,44685
720575941432376312,709660,211848,169830
720575941518897518,149188,118992,106335
720575941589329662,170596,89180,125820
720575941556806913,158648,199864,39600
720575941554855396,205896,180888,67050
720575941448355509,208604,170296,53775
720575941478513950,179108,99880,108225
720575941463963280,719080,123796,129780
720575941479754319,130872,209152,57735
720575941657322708,156772,124384,60120
720575941561765800,190092,150924,38790
720575941541391389,170600,184360,141615
720575941578369781,271336,222696,70425
720575941491498727,123768,138500,149175
720575941459789267,210080,169068,41760
720575941668419505,165368,175752,15840
720575941631600069,237344,150544,165195
720575941440651839,222408,180796,44640
720575941573565961,184848,167488,134910
720575941554207315,237776,198520,74745
720575941631801760,174452,188108,117180
720575941584644998,248348,149160,95445
720575941721872442,189256,203016,71235
720575941441537109,206928,210036,62055
720575941603458233,192804,124220,184815
720575941522582199,726444,132472,124110
720575941573350557,241244,207360,102015
720575941532223619,225240,163216,153945
720575941525631321,138604,208052,46170
720575941468289622,733804,202484,71910
720575941487710672,139632,113580,89370
720575941583087225,781740,223696,54360
720575941527363149,112760,176788,57690
720575941549598088,208328,119432,41985
720575941613678694,802736,111920,170505
720575941535952874,808140,142120,173925
720575941536134848,220164,81256,173115
720575941462351827,732812,163712,161235
720575941489259472,886404,124768,33255
720575941448578324,131412,120268,105930
720575941522217911,872008,119276,98235
720575941540934093,191088,100480,65565
720575941541073021,123200,147652,163755
720575941460760991,788272,141728,118980
720575941557345237,122792,127448,148185
720575941561095795,813548,173480,30600
720575941646114936,837200,109524,50580
720575941543976733,246500,121512,65205
720575941595665110,185892,206260,16695
720575941595889189,194980,139020,54315
720575941566174562,217428,99780,78300
720575941537070529,749648,238172,75015
720575941540533965,844624,88864,71505
720575941530535812,791028,152716,73755
720575941525687115,833112,148728,18000
720575941587518174,839472,129444,114300
720575941656641753,828948,102160,67185
720575941432646241,147240,214304,22455
720575941451745870,879552,134088,42300
720575941561035535,795468,97216,54180
720575941521571763,856300,76384,95535
720575941689545228,882280,130112,50085
720575941514344401,186964,152324,27630
720575941429461332,829552,85280,164970
720575941418390300,468160,119360,79155
720575941597089575,241620,128880,197055
720575941462251972,750908,176660,84915
720575941586186591,752164,111756,161685
720575941476980785,486956,370000,123210
720575941586653062,467476,370000,121365
720575941484960253,518892,617124,191835
720575941489274057,475420,242144,100530
720575941456679149,461488,370000,121680
720575941662695992,496424,187656,58770
720575941404711792,492124,670412,201015
720575941610928870,469212,372744,117585
720575941524544793,444156,811284,115200
720575941457274694,385416,632104,212220
720575941541869341,513112,128724,183285
720575941532715186,484020,156724,170325
720575941491934183,419588,258468,71820
720575941479728291,469280,934312,274815
720575941429704623,155208,169836,46305
720575941656372304,405672,585076,38340
720575941549056628,589900,197580,194265
720575941452436649,551880,159120,97110
720575941467922198,557136,73384,216495
720575941446419732,528172,138060,228015
720575941570782366,457520,919104,290340
720575941412083567,572764,165904,205650
720575941519085996,521716,147784,188820
720575941526946306,525220,188720,176355
720575941492291559,620400,170808,193005
720575941547851881,527160,121844,160470
720575941463860493,503152,170464,182385
720575941518950579,513072,158880,127215
720575941431318921,590180,197392,125010
720575941527638605,527716,181560,208845
720575941704128474,490208,152292,168570
720575941444948906,541832,182040,203175
720575941575699465,608088,135004,121860
720575941610058413,591488,195456,121185
720575941596902044,509768,121032,152910
720575941596554885,579808,97592,107415
720575941566806935,612560,187396,168165
720575941450587463,598196,175700,209475
720575941543005981,536272,189088,26640
720575941429095416,523780,110544,172305
720575941568362286,467496,159328,143955
720575941599744960,584908,153044,206910
720575941409163691,542880,112628,175905
720575941499372962,630168,138448,194220
720575941565961879,425888,89304,193860
720575941508458846,626212,105436,176625
720575941454002413,468316,718984,209610
720575941569611258,290240,80704,133830
720575941570901576,467648,158848,259245
720575941401901347,426488,150888,234135
720575941427599956,442880,93128,120105
720575941591732222,421828,155080,138735
720575941458953712,652556,167540,182880
720575941496963657,411164,926652,282285
720575941560934415,276256,85212,147915
720575941531725029,284552,112252,213705
720575941623768940,426948,108268,168750
720575941436299808,349844,112080,193005
720575941545685948,361884,182376,86490
720575941526929154,372296,195392,162135
720575941574414735,384964,230868,77445
720575941432314894,396800,195488,127935
720575941552221439,432720,111660,114480
720575941564431250,337700,155908,132345
720575941392876548,424496,210464,130320
720575941526732877,391644,103284,249840
720575941690585752,470220,135952,219825
720575941670750887,535816,230060,50715
720575941643282277,330164,144908,198090
720575941392390660,300692,103128,205245
720575941493120231,670032,574628,257715
720575941487818293,430776,915792,308430
720575941474814250,305000,134008,174240
720575941413700241,561196,167504,104220
720575941394827926,465680,812800,204885
720575941532696707,308256,117028,182475
720575941548947316,515808,135664,89190
720575941596154149,435564,151176,235575
720575941477770464,393520,85404,200385
720575941563507095,410300,97688,184680
720575941566587751,611280,128492,147285
720575941552089855,583100,132908,150840
720575941609150317,437472,984948,252270
720575941438231359,764456,87664,160380
720575941533999765,481420,742344,109710
720575941549931837,458364,939672,205020
720575941495120327,334204,1062184,199440
720575941463285517,625536,93824,179325
720575941573601608,522592,166752,199350
720575941564293895,478536,234208,80865
720575941687220975,447332,113440,153810
720575941644533368,467700,167600,81720
720575941505897125,185356,201152,75015
720575941591407244,425076,118680,131310
720575941626132076,360448,136664,219600
720575941554883556,845276,108320,7830
720575941451333710,357388,1041396,214425
720575941569685242,657472,193200,153540
720575941514062412,643800,128592,206280
720575941612777901,343092,1008944,294705
720575941470707063,400628,117688,239760
720575941430966625,653512,592608,115650
720575941626469322,449328,993568,253485
720575941578932213,371316,1019528,213930
720575941630741730,353328,1015432,287550
720575941435019040,431196,217036,18135
720575941549520161,599020,69168,88470
720575941476236852,194944,73024,143730
720575941497379195,459356,853852,187245
720575941462796499,586340,824332,180045
720575941441744219,597432,69496,83970
720575941433463566,524624,211604,21735
720575941457441773,579324,782836,147735
720575941517967788,372016,1019528,210465
720575941439099615,584920,77060,79875
720575941503083147,588104,68632,86400
720575941498997251,661176,608944,118305
720575941501114603,413860,869572,248670
720575941539045581,643036,608528,124695
720575941450941533,397836,961192,301320
720575941579841470,525004,216772,23175
720575941689506316,487828,150616,255015
720575941489017808,388920,957076,226980
720575941612095818,445940,988700,230715
720575941628715234,437988,820544,101655
720575941541968157,438432,987688,241605
720575941478091114,509288,259592,107370
720575941509149790,554880,209920,198000
720575941415738257,663616,132180,223020
720575941529362820,648572,99028,149445
720575941491355445,281280,107712,102375
720575941639592916,442148,957380,236610
720575941430241199,476412,600592,69255
720575941472485131,688064,84928,177795
720575941484182269,718976,91136,197505
720575941540616653,663660,135712,224865
720575941671405745,401460,193332,88920
720575941632929733,538544,92280,77445
720575941401813027,464572,824228,208395
720575941627456155,905516,116492,87120
720575941534633859,907472,74112,18675
720575941489192656,912768,80616,29025
720575941500324169,715200,97536,159345
720575941612645353,422440,74000,81630
720575941496289150,856488,94828,65025
720575941596860965,728864,223568,70245
720575941654986452,175352,178072,50445
720575941548253801,111000,207916,41580
720575941458223600,151120,116016,143730
720575941546718900,125992,178700,66375
720575941505741884,146988,132916,161235
720575941471162123,126388,167720,152820
720575941546123881,112864,162416,103815
720575941553883710,769368,102260,110835
720575941549678196,133636,185160,128115
720575941576246120,149956,141084,154440
720575941607418733,860424,136732,53370
720575941520320428,730232,106280,70020
720575941548788104,828136,197796,24210
720575941553703167,765036,180496,145980
720575941624972699,375668,191384,228375
720575941413327508,371228,190228,199800
720575941498668361,268408,180116,110745
720575941476589620,606184,650140,208215
720575941560321006,676976,234600,79740
720575941568732018,590560,175644,206370
720575941591307916,436472,965868,246330
720575941518561390,475452,870144,212625
720575941504463810,417548,849356,237330
720575941550944511,468836,927512,246285
720575941507394142,433548,877100,201240
720575941564420352,531072,676572,210555
720575941472597307,436104,759428,153135
720575941644138401,492776,707572,194085
720575941437468991,415020,914420,196065
720575941536313842,461904,749780,113445
720575941610025034,392936,963320,255780
720575941471160183,447436,958168,283320
720575941468699403,512036,741220,173430
720575941354252592,521324,751020,162180
720575941626237322,522268,753612,215910
720575941415587100,568068,689072,233415
720575941630020646,458424,897380,199935
720575941411758740,462956,751020,202815
720575941511088204,418668,755040,183780
720575941524387403,385576,178816,223065
720575941412021137,354732,171176,223785
720575941686720630,586292,185664,197730
720575941562937751,506764,888768,218655
720575941540277885,389696,999644,253485
720575941639884575,590408,186996,229410
720575941482256975,791008,156484,135315
720575941530339972,148996,104256,136935
720575941552782169,226656,176672,156690
720575941411165099,435236,747828,138240
720575941432301705,798560,179280,71730
720575941660532048,737472,148048,165735
720575941583307103,378504,192376,215775
720575941403475235,841512,84060,41040
720575941672828839,727488,216836,46530
720575941494476208,674472,159520,102195
720575941588769348,830388,158092,122400
720575941453750855,708328,118996,190665
720575941580065873,736344,98292,128835
720575941576156680,814960,126028,168120
720575941494910334,763220,193576,25605
720575941402954864,871088,161024,82080
720575941438613548,732956,193148,133650
720575941566110562,883136,88512,126675
720575941505204786,820508,92180,85050
720575941553574791,733604,167712,143955
720575941606311870,901032,114228,22725
720575941478456113,695628,153860,136305
720575941500769698,847580,130004,120195
720575941664675196,732784,175584,77490
720575941528203085,736320,167468,161325
720575941600821033,761688,94396,138330
720575941478566942,760300,101432,170910
720575941512917714,779440,232772,62010
720575941570088562,818716,86568,127935
720575941609155949,891264,149888,68985
720575941692602587,817924,109724,152685
720575941553234687,808096,183348,111285
720575941433849815,816880,189216,52335
720575941458433773,722432,99112,124740
720575941463622544,758816,176196,27000
720575941596517671,722924,92992,120015
720575941555505435,768592,158356,45855
720575941646893000,741692,159764,53055
720575941518177171,815912,189348,88515
720575941511983120,805560,176428,110610
720575941468526358,125336,133176,118530
720575941431969751,585728,825344,164160
720575941515964259,554176,195072,222210
720575941475802654,199268,207252,20385
720575941504631383,674468,123844,209250
720575941691137499,710272,108672,172620
720575941537026538,839196,78456,85455
720575941599954368,778064,169024,16650
720575941561286671,459700,971008,247275
720575941462934724,905168,78756,31725
720575941570768242,195036,179632,15255
720575941584443902,850320,184720,65925
720575941652039921,400576,74700,89235
720575941458126829,451796,932476,210285
720575941607852653,587536,153152,148365
720575941553461531,124484,198620,109800
720575941517041507,870556,118700,128745
720575941468092438,749456,86500,147240
720575941646694008,148368,217132,94455
720575941525697561,164416,141564,53145
720575941439030239,245044,112112,97605
720575941688882927,811148,179596,87525
720575941585796486,841228,77772,114435
720575941617332693,785040,158216,81585
720575941462969299,769044,106896,173340
720575941664754044,767436,84412,186750
720575941692361880,255460,75376,123975
720575941599528092,776580,103304,86085
720575941505649458,733460,116576,82260
720575941640880245,818196,204480,58275
720575941573859997,514976,100960,235125
720575941734278955,832340,184796,25920
720575941447894292,529408,643236,151650
720575941455180525,595836,607508,186840
720575941433014286,407244,929856,197460
720575941524120676,554604,759344,158715
720575941523099383,589896,608152,205425
720575941548867389,491868,878376,223200
720575941528110980,370564,170800,208080
720575941611623443,549996,732436,165060
720575941501353378,522096,738008,170820
720575941625319225,445004,707260,247275
720575941587304759,422732,762872,124470
720575941537007602,509620,616212,128115
720575941592467749,563404,687952,197685
720575941625858186,601204,204476,212535
720575941505898300,590684,87036,169965
720575941405898926,382740,929996,211860
720575941612225299,594944,198756,200520
720575941625156507,552896,175936,232380
720575941482985469,373552,194240,215865
720575941625002651,399560,162280,240795
720575941479117698,400664,977300,274590
720575941631349218,755336,155228,78705
720575941578762485,468300,875692,190080
720575941565710855,746960,128688,148770
720575941458547667,416796,177496,215190
720575941501805451,727476,109892,101340
720575941594377512,742928,155420,84240
720575941469661917,845272,150804,117855
720575941499911803,641472,171440,224505
720575941472850699,154508,174788,29655
720575941569598452,144064,203060,40365
720575941645378936,813544,182276,86400
720575941569733678,185696,190112,48285
720575941548247841,204120,91932,132435
720575941656817876,160228,134184,181665
720575941631947244,227960,217952,45180
720575941484394438,738876,104820,84285
720575941505575106,787992,180172,113310
720575941639932959,133496,104644,119520
720575941625184508,687728,225416,76635
720575941485209530,182780,180076,176085
720575941591356471,759556,108616,193995
720575941634071749,709896,144452,69570
720575941601067817,748380,170684,40995
720575941413081455,775828,124692,194445
720575941561234670,735580,85296,156420
720575941442710735,707060,207440,67095
720575941517037146,855004,106764,80145
720575941533080707,117068,218136,49770
720575941486445318,711060,210452,45045
720575941521110232,782548,154256,136890
720575941664309116,844048,144352,74610
720575941557179137,863720,173004,29025
720575941552350207,790856,136284,92340
720575941525635403,836096,117248,180090
720575941509940574,733636,151284,176760
720575941481517280,713500,159136,62055
720575941477103419,722500,104948,123660
720575941594481704,176444,108188,64935
720575941455644467,795564,160036,27360
720575941627883628,744964,136336,49140
720575941482392003,766728,147880,130725
720575941440891359,782416,184032,75375
720575941632284130,792596,155256,119790
720575941394137092,755812,194788,56115
720575941516987994,730508,177308,141210
720575941482300751,774908,126136,106335
720575941633286636,679260,152272,162810
720575941591232055,671512,155488,147735
720575941565416594,772156,184320,114930
720575941433085710,148616,131132,115920
720575941581110005,203428,156036,123030
720575941541647901,178240,205824,163980
720575941603647846,794480,131056,31320
720575941471099613,605324,71732,114705
720575940717417382,744032,116896,178605
720575941410113583,864236,161220,96750
720575941555918234,542088,65512,151695
720575941460320752,800184,186168,8685
720575941473291584,835396,86868,163305
720575941656194777,198400,75584,185985
720575941558941422,151084,138056,118035
720575941590572612,815128,123864,71370
720575941634210757,735656,75656,133830
720575941492925646,747524,173656,83835
720575941506265794,840748,67592,132480
720575941520974040,822696,79592,72270
720575941351451184,261260,226656,114750
720575941521290419,172536,102188,152730
720575941438150879,205236,216588,55305
720575941536634394,505488,254232,79920
720575941628885986,298876,192608,127575
720575941644263841,223004,89764,162450
720575941450193742,130348,152504,123255
720575941437275199,641984,235520,75735
720575941625726204,853836,149876,42480
720575941412363691,650104,209252,115830
720575941484159430,673804,177060,150120
720575941509520850,238416,102288,96345
720575941543775749,841176,138408,47880
720575941555911140,153388,102720,97920
720575941610143149,783504,146852,125685
720575941537255105,878512,152032,51975
720575941589507070,166728,189944,110430
720575941593053477,584008,172588,66375
720575941478788657,655316,167804,164655
720575941468109789,743576,178092,75105
720575941643758712,151288,122516,90000
720575941500215931,664764,175460,121185
720575941457994566,153164,166980,143415
720575941521280435,189716,196556,132030
720575941596394432,675448,217896,61425
720575941530595716,663472,180036,144225
720575941528413284,684508,193812,144270
720575941517513827,243360,86852,150120
720575941588005431,346500,217092,133155
720575941595608615,271488,170944,54405
720575941437558847,237224,89880,185040
720575941553058587,619656,635440,218070
720575941439896667,257604,104268,127215
720575941588277303,200316,157360,125505
720575941573942779,244616,132648,163035
720575941672630951,248692,147388,51435
720575941541095197,238480,187928,157590
720575941414771348,219756,116640,73305
720575941518121838,196412,120756,116910
720575941594120305,221804,158036,196425
720575941460688272,250540,139188,185625
720575941733844779,213244,117120,203670
720575941437788960,228260,166580,27585
720575941533063402,226624,190512,146790
720575941494255303,180484,112204,71820
720575941529392331,246788,205984,73485
720575941504964261,241068,150356,187965
720575941471089675,114028,208028,109800
720575941632883426,324568,221116,106425
720575941453208371,207828,102580,100755
720575941609397322,249864,137108,185580
720575941528412237,236932,128164,199350
720575941559091492,212972,105684,188685
720575941441224927,159288,119356,133515
720575941561550707,111056,148848,46035
720575941436755986,255692,171768,196200
720575941486534352,242672,152276,183915
720575941409186219,257988,215960,144855
720575941489828300,260384,166104,72900
720575941626443914,195440,165880,99855
720575941518594195,250108,137688,92025
720575941553959486,206044,124960,168480
720575941567559418,220428,196436,94590
720575941439685979,165800,106060,111825
720575941633009605,211012,206468,57600
720575941644684232,138452,125712,87075
720575941488954313,316944,203316,98370
720575941406463600,316100,189468,134100
720575941489923047,275928,229664,119430
720575941483718029,181268,187060,102510
720575941552020103,249488,140736,84015
720575941685859311,186132,174372,107685
720575941621790591,307232,196924,81090
720575941624035786,222492,182112,122940
720575941597215877,212104,102764,126090
720575941476802922,194716,126432,56610
720575941643225720,221972,115424,73395
720575941498108834,205632,103104,50760
720575941476020289,232444,100000,126585
720575941437421088,320992,206708,97110
720575941590257207,350008,127728,182025
720575941594855019,237188,137944,103320
720575941577459048,137192,142408,118080
720575941460527827,142736,145332,84870
720575941599951145,286660,172520,113220
720575941661721144,140396,165188,68085
720575941652822257,454280,139668,179595
720575941564385704,248540,148700,98100
720575941562846888,118012,209800,33795
720575941646455201,657908,137644,110295
720575941448275381,158552,188648,168075
720575941632605922,702292,163000,75465
720575941577715126,166060,156212,178380
720575941597285824,195980,146296,71010
720575941537616533,271328,225836,89595
720575941605031609,163480,219120,90270
720575941508954402,144444,146348,131310
720575941506862174,207132,156572,130005
720575941520907886,717340,146416,132840
720575941506340146,148492,189108,107640
720575941451725225,655148,186860,112185
720575941584140127,166836,139788,76050
720575941602618297,189004,182100,150210
720575941580342393,170736,126812,24030
720575941505679429,145272,206488,50400
720575941572006728,151580,113864,135495
720575941519742647,187380,153072,70290
720575941552319111,168356,170960,48510
720575941536212200,131680,192096,43020
720575941497123968,147176,128088,135090
720575941409765803,178244,168596,28350
720575941519107500,527276,104388,171810
720575941591937164,668416,173632,202860
720575941431132041,214896,144352,152055
720575941439747925,156884,137192,71190
720575941556028836,227288,145172,169965
720575941491922377,198204,176328,110070
720575941664225848,751692,210056,92160
720575941544260357,166600,142728,171450
720575941467070742,682076,242076,86130
720575941509979486,154352,192716,67230
720575941597057436,185408,194240,167985
720575941482369789,216400,160880,79605
720575941437176594,645868,214952,104535
720575941600193472,779136,134336,28755
720575941612745193,862104,127236,114975
720575941487259142,129296,157488,146385
720575941527462221,171432,93952,165105
720575941653104661,712960,210036,80820
720575941536183018,238752,88540,182250
720575941581906041,800416,78860,131355
720575941584615637,123196,167060,38745
720575941585189471,181804,100132,189630
720575941492060364,128788,134452,134100
720575941541025997,127752,123044,145980
720575941529856644,142764,191676,21600
720575941558121380,214232,99560,81540
720575941471045341,282072,143132,147420
720575941451724154,188152,165032,18045
720575941615030291,249016,102864,189675
720575941504459570,111220,167268,129960
720575941460852806,120436,167932,65790
720575941565645534,188412,119592,50310
720575941546764377,123144,120384,65160
720575941626845036,108148,179024,107595
720575941478229553,808052,144588,143685
720575941556924132,142208,117772,41400
720575941536247050,811148,87628,153540
720575941660280400,862420,78300,119565
720575941609968159,146320,88524,140310
720575941664247608,812288,115820,131355
720575941585981279,901728,77840,25290
720575941627073947,760852,90536,77490
720575941633945248,883460,108164,69615
720575941428700244,772256,78728,90990
720575941433118734,860144,77848,115875
720575941512494546,165824,140596,190125
720575941509449601,138712,195152,45180
720575941576468637,240172,212328,171315
720575941546353669,828976,129432,186525
720575941570945268,789248,107344,173070
720575941691706264,483900,507828,120375
720575941574748681,482896,802592,205695
720575941489748169,494944,703520,169695
720575941475572539,533188,128348,206325
720575941574878351,384084,216760,57825
720575941547426484,416272,962144,250470
720575941482057414,443136,250304,47025
720575941644283986,473984,771456,219960
720575941631527611,520880,106436,172215
720575941525977090,530156,201044,93915
720575941468787520,462648,587628,120870
720575941591804712,538304,228352,97200
720575941483297478,381096,160760,218745
720575941514807249,308484,111920,81855
720575941414121500,499168,164116,210195
720575941410120107,646676,604440,167175
720575941596585093,491064,148156,212940
720575941514080147,498368,767580,226620
720575941571484155,519876,816376,255555
720575941577241526,301680,162928,127395
720575941560188175,495256,74244,235530
720575941611476141,540628,60780,170820
720575941482891261,509296,219408,37935
720575941500284745,582632,96756,196560
720575941574242973,535668,107204,194490
720575941451595598,583104,79504,199530
720575941464681229,609644,161528,84150
720575941586207366,561140,179656,200520
720575941611437642,514472,176400,162135
720575941432608983,539108,105504,191835
720575941537901850,530184,154556,35505
720575941559115053,539360,190588,82125
720575941536151274,632212,206132,151470
720575941496262855,429192,87884,115740
720575941654523665,300592,120132,188235
720575941495720320,409252,103312,118665
720575941544239548,461956,155400,34155
720575941564045480,510176,624032,108720
720575941499869153,431828,123684,154755
720575941432149752,429920,85544,191295
720575941568396078,426940,150048,165915
720575941454832947,304056,97332,130815
720575941598406300,346356,97088,180855
720575941433554464,456704,152128,258345
720575941508017687,450952,83120,221850
720575941510633744,596712,117224,206235
720575941586241670,464336,203160,153540
720575941506419772,402784,148292,118800
720575941402855715,677776,102348,98505
720575941489144039,414060,943012,286920
720575941460987974,356652,162608,218745
720575941550933053,365540,115088,218835
720575941652006933,358048,174012,206775
720575941601621289,300436,116296,189630
720575941442118607,309004,134672,229410
720575941732769323,304596,132360,99090
720575941655718100,429600,151092,21015
720575941508240709,455388,247080,98595
720575941721258298,422528,183644,144360
720575941658200088,448404,80276,195885
720575941494208128,392684,210236,38970
720575941439720722,424060,216056,177480
720575941506464572,386860,139280,224100
720575941543216220,442632,162800,55440
720575941447769693,407384,180900,165285
720575941687583606,385420,632340,212760
720575941393713814,386456,102108,139635
720575941430651785,431584,156628,231390
720575941460286675,446328,146900,186345
720575941585164166,450404,159784,181980
720575941512260818,266944,95232,211995
720575941390627222,388428,979912,227970
720575941543842652,446756,105232,183735
720575941557522212,425084,81352,208485
720575941547068604,405184,83816,221715
720575941443541930,466236,248020,101925
720575941503856471,343328,170448,148770
720575941560565107,654488,129572,107550
720575941578359121,203200,158744,107280
720575941541345917,674460,122368,244170
720575941412395887,405368,133552,66780
720575941507079553,437332,197676,32805
720575941480140523,339516,1093760,207585
720575941624765036,415048,952800,181395
720575941512445650,444228,626396,85950
720575941447000757,577404,798868,171720
720575941414650516,323404,170056,207045
720575941568247086,640176,137356,188685
720575941688550383,589840,605464,94860
720575941626202169,229880,155204,90180
720575941552790078,303252,103672,125325
720575941632849595,649248,135668,110205
720575941436639807,578776,837048,163395
720575941440704603,451300,912944,224100
720575941566476647,444656,987952,229005
720575941400265763,458712,983384,227115
720575941414773393,594716,72336,85320
720575941594057686,378616,977992,196020
720575941472018443,601860,70032,88515
720575941604000697,592428,78064,80865
720575941451964999,438672,112600,86220
720575941498648033,525524,215432,23220
720575941508685522,670020,579500,264555
720575941502741483,607708,82244,102285
720575941659424336,516600,198572,29835
720575941499228385,590828,67428,87795
720575941450932917,582908,67380,86040
720575941438501183,365272,1019532,218115
720575941414599316,502152,87840,152325
720575941533657114,608468,648740,279675
720575941534124632,402264,622884,170460
720575941488137424,407328,85800,86940
720575941439162412,404624,137624,66465
720575941413651092,357052,1019532,201870
720575941460764868,426052,947620,195570
720575941489507637,525504,217216,23625
720575941610545385,436776,819732,108675
720575941577002856,586396,76808,80325
720575941562470151,360940,927088,265410
720575941470498315,407860,617924,177660
720575941597324736,451204,584412,74655
720575941508430149,340128,1012900,291060
720575941506925591,525268,210844,22005
720575941439210463,437828,147184,181305
720575941566358582,357036,124988,247860
720575941649166613,337072,1095960,212535
720575941658406168,224012,154820,192105
720575941514922449,510180,649436,81405
720575941540543101,560640,169128,157455
720575941574092027,670532,103784,221670
720575941566196578,644548,123936,136755
720575941499080161,568492,124072,242730
720575941461317702,692928,95744,210060
720575941413219732,177692,214480,31005
720575941564659712,490108,93792,153990
720575941520314840,565312,139840,274140
720575940739201896,437988,906300,258525
720575941625049852,706688,75392,143370
720575941478248497,698304,116736,87345
720575941430075128,641176,615284,125370
720575941653503729,514624,164864,233145
720575941507461541,217644,153988,135315
720575941576706959,854460,92512,148905
720575941645346386,169468,132168,153720
720575941409857071,451584,93160,81000
720575941485051834,387504,89812,115830
720575941441787477,523648,181424,186975
720575941463721485,299168,102432,173970
720575941504021554,163332,139364,136125
720575941505692837,161648,127104,131715
720575941554532353,456896,170160,147555
720575941439703103,243824,147640,153990
720575941531598795,710760,166896,65880
720575941440313388,747416,170376,109350
720575941486115394,133472,212460,72990
720575941460782495,719404,194056,60615
720575941604630206,134976,167048,44730
720575941645581000,115300,175832,57150
720575941596226774,778708,143640,129465
720575941734539307,133648,156948,157815
720575941499976827,881532,131584,104355
720575941413286255,768796,100428,88245
720575941522762167,832148,91896,87525
720575941662746748,555420,181724,229500
720575941537104104,145268,211196,48195
720575941447530260,149156,166820,172800
720575941441318591,452656,675944,201555
720575941534912088,429648,676336,201330
720575941590338088,480108,870400,218070
720575941501224279,527700,603056,192870
720575941533212609,598452,775676,206730
720575941583423839,562092,694364,188010
720575941594370344,592832,655012,134595
720575941536906389,539900,697216,255285
720575941631665634,528576,599656,195615
720575941542432092,556668,719732,243630
720575941406978095,549104,752528,214740
720575941520283383,563796,778756,201285
720575941457140550,506948,701412,213615
720575941616532437,646968,604688,164790
720575941562489186,588688,747156,197550
720575941526834598,463556,692456,173835
720575941595764636,399484,709728,197145
720575941451020922,591960,189508,196155
720575941532246762,480872,666156,214065
720575941588981572,447924,598988,103095
720575941643337298,562444,193564,220455
720575941529010598,388820,949648,243855
720575941559246451,577080,124304,180945
720575941461460880,383708,198076,199665
720575941722163002,478696,915064,190845
720575941441160789,232552,105084,79020
720575941592841356,262812,168420,111330
720575941354124592,452632,621296,106830
720575941551122292,864564,123236,141300
720575941564110087,379324,194520,202005
720575941476503873,420800,177908,220950
720575941559075492,750020,144624,84600
720575941563585704,824132,176876,48465
720575941603957750,683040,152376,171315
720575941480207523,727612,237704,70470
720575941570851834,170360,132260,137250
720575941613553126,673852,155396,86985
720575941661502008,388120,182604,214785
720575941494902960,861048,136844,53505
720575941531617483,674144,196976,128655
720575941475824170,195056,189352,77850
720575941573583518,206520,171716,68670
720575941646580129,748152,223224,113130
720575941527732580,710600,206244,148140
720575941478285364,765544,179808,65205
720575941514760657,752948,91420,159660
720575941442310863,795608,152980,79425
720575941507699013,717760,174108,177435
720575941406352240,825636,203408,42660
720575941437171744,862240,102700,115065
720575941612444006,737864,131400,58905
720575941406189936,726684,151544,56655
720575941570916346,762240,125680,41085
720575941587874526,722140,107320,148275
720575941585996639,726632,99820,96750
720575941613151206,716492,120348,87480
720575941657152212,167400,190588,2970
720575941573325726,816492,180160,108360
720575941600160448,842056,119440,126180
720575941626471562,236484,95920,95310
720575941724829754,767044,157204,45315
720575941521010648,740832,169712,57105
720575941405567344,897212,127552,53370
720575941468633408,183404,178848,15705
720575941353593648,186348,89024,129015
720575941583198585,844496,132012,141660
720575941500004514,294144,168960,95625
720575941557296292,531344,793436,175860
720575941590053700,519296,75456,237825
720575941658399256,301944,129064,234720
720575941553557822,278272,102720,169290
720575941508612677,706496,81728,129870
720575941492650471,555680,167640,191250
720575941450484302,650940,135348,165330
720575941723596090,649772,127628,234540
720575941450647733,611200,59072,163080
720575941492419022,875980,153156,67950
720575941509428318,230260,155440,34380
720575941500698081,203040,112680,77940
720575941588703365,599296,655344,138060
720575941626414218,306416,108752,161235
720575941412160171,647200,163584,216675
720575941549274504,127524,198932,53100
720575941476745265,168428,176684,16650
720575941563832978,144580,232416,66870
720575941627641401,155784,214416,52875
720575941625618587,113000,199824,86490
720575941690216667,141108,169808,155880
720575941734268971,841980,156780,103995
720575941430982648,114796,209444,68805
720575941517739257,182676,158832,40230
720575941440681439,733192,134068,165870
720575941430472801,395444,918408,221265
720575941615514899,221672,89236,138150
720575941469428445,147612,180704,108045
720575941560113523,371020,198504,215010
720575941670972337,868200,164076,83700
720575941642832504,498256,806832,249030
720575941606687341,438268,971176,259425
720575941569500062,490764,800568,244215
720575941520245358,641588,595824,178200
720575941490637799,474332,881432,278010
720575941594264869,441336,965496,265950
720575941527241912,472908,807948,226305
720575941632578491,565628,728520,215235
720575941524211275,575188,621188,186345
720575941534913112,438228,735504,188415
720575941440952015,381224,128392,182700
720575941519454574,476256,698560,159075
720575941689940854,366832,1010104,254700
720575941628376290,394628,918844,195075
720575941644236920,605496,197632,209160
720575941436469792,617788,602024,163440
720575941513303033,425712,919948,245970
720575941544299964,563444,169736,234360
720575941431205880,388192,980508,228285
720575941505230501,509288,649160,110160
720575941439184213,435136,641728,181170
720575941632722080,602444,179016,208170
720575941630863340,366732,194372,209655
720575941412445332,449508,636440,186885
720575941529806821,484344,606488,105750
720575941524185419,446616,669408,241155
720575941627713849,168996,104376,103365
720575941551158644,840184,96860,155340
720575941574071291,728884,200956,89820
720575941686126575,245332,90508,119520
720575941460463174,731348,98636,67095
720575941437504288,779648,75584,149355
720575941734260523,731252,205940,55935
720575941573039518,746728,197860,86220
720575941575107337,747952,146580,159030
720575941486395021,762868,148468,157185
720575941506678818,256752,200244,181530
720575941581163765,772224,156848,81540
720575941500372193,754840,174892,88560
720575941640753269,844504,85316,95580
720575941451084213,845896,132112,56250
720575941505231083,796460,149540,91620
720575941528579586,154028,133464,100755
720575941453381754,724716,197036,73665
720575941549865249,743708,137596,50040
720575941456232499,776684,138204,130545
720575941545810949,784340,149572,82035
720575941659827280,121852,98120,93825
720575941596520817,754880,70528,175500
720575941432519343,754528,144452,129285
720575941582964345,805752,58836,121725
720575941415207060,133332,174440,36810
720575941430543831,254828,98056,195570
720575941446136746,686340,166172,66240
720575941512012816,552552,103872,131400
720575941520946648,600508,72728,83970
720575941440195628,854148,109084,79785
720575941569863982,835968,94200,111735
720575941493001676,726596,161396,191160
720575941505346795,700840,160028,76995
720575941522532535,812380,142448,166860
720575941575416424,169128,217356,27855
720575941469530646,648232,221996,107280
720575941542989853,153956,166780,82035
720575941615634451,213308,111188,87750
720575941643313765,208892,121048,76455
720575941440570453,306940,220908,96255
720575941661581948,293208,157528,161685
720575941412821140,285648,230524,76590
720575941509648594,213856,155300,91890
720575941516005379,807312,166004,78615
720575941517824090,139252,130132,120960
720575941418016796,653952,208552,128205
720575941497705890,646928,211052,97470
720575941573995016,140888,128972,112950
720575941553033243,610252,639880,274680
720575941479473002,674292,187672,162315
720575941394015638,768780,95732,142065
720575941579936377,216716,92104,132525
720575941563699607,233460,145968,173070
720575941602109686,176616,131260,106830
720575941480824483,217324,95216,137160
720575941555039515,158484,186740,30105
720575941481343968,138568,181300,92160
720575941682819005,249928,127000,115560
720575941519969971,209156,155280,113715
720575941632417989,141036,175988,120465
720575941533433573,242344,204408,51480
720575941513218115,231008,97304,182520
720575941582589535,240836,117200,66015
720575941505290007,250504,115860,192645
720575941596873152,253624,169156,193320
720575941610148013,236092,238012,62190
720575941459232979,229256,123364,185130
720575941612559891,184792,128884,82755
720575941632558533,231096,194792,66555
720575941505380933,240992,196480,151695
720575941631471520,254416,146668,187920
720575941483966659,175624,152216,184770
720575941558676083,248700,181152,62325
720575941522407243,238300,96060,136800
720575941505334066,216276,148232,26505
720575941521460215,246500,145980,191745
720575941572998045,246776,211600,156780
720575941576443805,333992,177732,132390
720575941494830718,197220,175060,128070
720575941527956152,198412,167756,146970
720575941686619916,237848,202640,123345
720575941487596429,175080,90108,154395
720575941512431436,302392,184412,104175
720575941545470132,284076,231508,80685
720575941574646671,265408,204928,41445
720575941582403935,214728,169536,130545
720575941626082873,183716,146988,93420
720575941535942682,302472,219716,75060
720575941577711605,185196,183596,127170
720575941574820872,130940,163408,134820
720575941596666816,212860,189288,103995
720575941472619104,178236,223232,59175
720575941591658603,166012,199272,19800
720575941472756491,191872,121812,142605
720575941593396261,239308,206088,91890
720575941613109523,173280,179072,168840
720575941589001470,185692,110928,176850
720575941512083788,319076,207348,79200
720575941487701570,321268,202764,109620
720575941593620261,247640,217488,107550
720575941414899996,200056,122264,68625
720575941491465392,173364,182380,137565
720575941431369353,411600,191364,127935
720575941415179036,236836,152432,93420
720575941616013465,245692,113292,92475
720575941604581561,248912,139952,193635
720575941538912744,210776,150228,131895
720575941662014776,657912,172588,129240
720575941634575301,300876,214060,107595
720575941486685958,731928,169136,79920
720575941609417069,154196,212732,126090
720575941613985433,179868,159484,64350
720575941599702313,448112,175412,59715
720575941571174132,207804,168048,85050
720575941602380985,180624,150240,62595
720575941440382764,214520,214416,138510
720575941542149757,165476,138252,108855
720575941533803242,176996,201920,80190
720575941513503953,179164,112420,192375
720575941553755731,211276,126424,121230
720575941481672646,268516,222956,128700
720575941393173910,175100,179156,161190
720575941455234541,105096,179788,84060
720575941482176675,154176,127616,17190
720575941491622197,654776,107748,169470
720575941531202789,160092,152976,39780
720575941552392191,619380,113856,158085
720575941692755096,664204,162984,112815
720575941525333250,171500,191372,115785
720575941643900872,140944,186504,8055
720575941442507455,190876,225176,52020
720575941566503478,644564,224808,94410
720575941660747576,233816,172060,163485
720575941476127786,809172,158700,41220
720575941567986998,114076,157400,69930
720575941479035242,789180,139388,35100
720575941402357027,783452,172464,34065
720575941567000679,749748,148464,138825
720575941567015266,809916,220156,41400
720575941491250997,196336,124504,201330
720575941432507384,777088,161588,40860
720575941528629926,159492,130040,192105
720575941559490852,783128,167104,25245
720575941488083778,841092,201068,47790
720575941689642508,211964,121888,113130
720575941554398599,879604,144072,88290
720575941561062003,212312,89052,186300
720575941506136258,186424,85664,123795
720575941440641343,861208,117836,66735
720575941555431322,249396,101252,199845
720575941544441373,240068,129236,54990
720575941625781706,134348,167696,37665
720575941681810109,809360,137136,148365
720575941686985078,131308,170632,117315
720575941546962777,139800,170800,71910
720575941454476359,792384,124416,110295
720575941439953682,860240,71832,110970
720575941613050470,870304,92944,71505
720575941472507659,729852,182368,46080
720575941509354018,825020,90528,127125
720575941462340307,813880,115764,29250
720575941652565269,124592,134920,140040
720575941664566396,135988,95092,167220
720575941507506757,182860,88860,104670
720575941516494691,127156,129944,161235
720575941442894427,852156,129724,81180
720575941632875461,460884,896092,207855
720575941485705478,477336,370000,118620
720575941466318870,479704,370000,118800
720575941451902542,475972,370000,122085
720575941551177761,158300,146668,89505
720575941482713341,534660,230740,99900
720575941577341544,436256,248796,103095
720575941432003425,312980,124576,198990
720575941434707086,420700,210012,171810
720575941609090378,376068,220336,97515
720575941434500110,402192,955244,243945
720575941447610446,559156,614644,176220
720575941509814032,588876,204004,130365
720575941510925010,404956,129112,232335
720575941670836657,404432,182640,114975
720575941412565615,404228,944272,257625
720575941685743343,533000,202112,123795
720575941412182443,531316,144640,202320
720575941579639121,571968,586484,157005
720575941536291816,587304,561452,129960
720575941613714908,525908,194392,118755
720575941564009223,595692,145428,219600
720575941652683249,508064,127696,255510
720575941547831101,607748,185812,202275
720575941526013796,560540,176520,28440
720575941534104298,499648,771636,228195
720575941454380013,531016,223556,39375
720575941692701592,590712,202680,223470
720575941415573905,497448,107604,197145
720575941496056704,534820,154108,200790
720575941482159811,557664,207904,142245
720575941560383347,670020,582920,248400
720575941462282451,603032,145272,165600
720575941541873756,588800,214848,193680
720575941550239037,537560,50196,177480
720575941566243170,515932,187808,127080
720575941544154985,562340,98008,175455
720575941670516145,523824,165924,212580
720575941530080696,397792,112308,179505
720575941517083564,318992,152376,173430
720575941476958570,482692,169268,192240
720575941513999057,311340,119136,205515
720575941551682695,470848,158208,219870
720575941573010063,478080,157312,219330
720575941467034134,331396,107436,126810
720575941442884303,449232,133212,221445
720575941703405530,318712,131608,106785
720575941526291021,327300,109008,134370
720575941441488831,349780,148924,221805
720575941440596031,417440,911300,269280
720575941562994839,396704,953660,280575
720575941564640098,411288,93540,179865
720575941535070552,330860,191172,159930
720575941611093677,371840,142436,140130
720575941476426526,416844,194304,73620
720575941448982862,375576,237992,94815
720575941644188792,412880,94792,170910
720575941555650387,427908,158128,139770
720575941535033432,400036,191980,190485
720575941690760923,348872,956556,276750
720575941532826290,460904,102528,173520
720575941455534643,415480,243860,89685
720575941668960167,427048,107016,173790
720575941565516695,376504,966232,225585
720575941472727611,450264,128976,80775
720575941503297931,429332,222768,142920
720575941484539834,602776,140648,169695
720575941531447243,432936,137092,169875
720575941487843590,440568,811280,106245
720575941513479417,449840,811276,115200
720575941533557170,511360,147336,168615
720575941532875749,486304,69000,163440
720575941665372147,606220,651296,280260
720575941572941967,433792,160488,225495
720575941532851941,463088,120108,229500
720575941594239272,304676,100444,127980
720575941623264714,342016,965296,279360
720575941478452510,333488,143216,97020
720575941628133433,330328,145728,99225
720575941392736918,379300,218040,123885
720575941527868772,466344,111896,199395
720575941539345557,635640,170620,153405
720575941509129566,428068,211588,148950
720575941640422943,595616,673504,225720
720575941538178280,652388,603220,112275
720575941546606953,330068,134240,223605
720575941472538487,396860,1004272,280215
720575941546512052,632728,111636,161280
720575941590096524,605412,169904,218115
720575941635558757,456100,916480,206775
720575941509578881,520008,101688,166950
720575941430104713,458400,903556,202230
720575941308406320,606180,72500,87840
720575941368486472,439700,221728,21465
720575941643705189,656848,117776,130725
720575941588986679,439104,631732,52020
720575941594576491,597496,92976,71775
720575941577673305,372436,1019532,216045
720575941578916341,477368,93060,108450
720575941603039478,650208,606448,115830
720575941497519483,441044,988668,241785
720575941650811157,348580,1008496,294930
720575941501142923,527796,214792,24750
720575941471860800,670020,580364,250515
720575941509729234,402028,621452,175680
720575941417525532,601304,94508,71595
720575941431133025,440684,966936,261810
720575941492413360,604372,73952,86220
720575941430114552,583468,842008,165510
720575941529023398,571536,825752,171720
720575941535005784,415392,71276,80145
720575941656264665,366080,1019532,208620
720575941545369961,446060,990388,241020
720575941498795938,589048,824712,171000
720575941403706992,241564,162484,66195
720575941612436188,530200,211668,25830
720575941465871702,447676,221516,55575
720575941568374010,368060,1019532,213525
720575941565249334,580476,600844,102015
720575941530621316,614212,182524,186255
720575941657810456,400932,961708,304650
720575941537959400,554696,154192,7380
720575941680211133,400952,128064,63180
720575941507774524,405724,127480,76500
720575941513770316,524640,215216,22545
720575941539885437,443080,148652,199125
720575941576360591,320008,117584,242190
720575941568348206,354652,133708,241020
720575941560984079,506312,781296,228375
720575941672785831,502948,720284,135090
720575941503734103,605360,195888,117360
720575941401579555,442772,134164,174645
720575941490973644,630896,162640,233910
720575941652884757,676288,164416,200115
720575941616282777,585856,165248,252630
720575941409824047,678272,155840,237285
720575941511717330,645004,128888,230220
720575941534450098,400672,95780,115695
720575941574247675,453880,984284,226980
720575941435026062,526336,211984,23040
720575941528653734,351808,100288,83475
720575941500730953,241980,161860,25785
720575941688983279,831016,130080,70560
720575941491925961,153504,164628,32535
720575941502946539,122772,102312,160920
720575941525297423,606128,84800,89235
720575941692810136,125036,215340,93330
720575941432743438,142532,190916,120645
720575941682504637,186828,169580,186390
720575941570932212,692732,136524,161010
720575941499601058,798440,90600,85860
720575941433792782,798580,191836,16110
720575941557005540,818368,67776,124470
720575941555957914,842188,204808,63900
720575941442911067,780768,153156,168030
720575941479876003,415332,918448,257085
720575941563013527,442688,957184,264420
720575941595554673,126360,221424,83340
720575941469787456,370276,180360,199665
720575941517493859,751372,148636,87435
720575941564135314,411552,975120,249570
720575941455666413,439900,828384,200475
720575941479468162,403752,918284,204345
720575941593980293,410244,916068,203445
720575941535932170,444084,609084,161505
720575941614779605,511720,701444,211680
720575941668676007,570432,596448,122985
720575941515732227,354552,183636,217890
720575941564762631,352640,184384,229950
720575941513438161,586688,182784,240030
720575941537600973,497796,724440,232020
720575941477623008,515460,809568,224460
720575941553249927,597928,179452,209880
720575941461221075,445976,683692,177075
720575941558761005,435636,928812,199530
720575941402442531,426504,928292,183690
720575941515592291,423784,883520,186435
720575941489819081,446592,685408,242370
720575941437603669,465036,634624,215685
720575941479189443,442512,640676,228240
720575941565768246,353680,179536,212445
720575941575852136,366592,166136,235575
720575941480455878,455436,623280,112230
720575941391816452,383388,170540,195975
720575941533802627,701476,234108,102645
720575941585532126,377544,119548,177750
720575941513702476,809376,184708,101205
720575941551929855,752428,173980,98865
720575941456247347,778408,172660,126090
720575941615430931,204496,214048,19170
720575941556579411,842340,166972,89685
720575941625800650,776292,182220,64260
720575941682580925,777076,78692,105345
720575941516236803,761000,164872,77130
720575941576097544,773464,149000,50490
720575941530121348,772208,70648,116100
720575941544117852,182992,172524,130410
720575941653558037,733632,65472,116595
720575941507813692,718156,95172,114165
720575941633354988,720896,237312,48420
720575941464047117,744708,104552,193365
720575941491932617,718168,153680,62100
720575941483422394,784208,73316,118305
720575941671206567,201860,126112,45945
720575941441956303,209176,141392,152370
720575941494785200,778932,81000,147195
720575941596711975,838680,200392,32805
720575941596888869,869104,145068,30105
720575941561418255,778256,94056,72270
720575941635244475,792968,143144,153585
720575941656239833,823840,184136,88920
720575941571367924,830888,144128,142155
720575941625720572,814284,149516,53865
720575941613077990,724684,117996,88740
720575941452082766,740932,116692,62370
720575941599422912,170196,196624,123300
720575941433387361,769904,140012,103860
720575941580304217,755448,101320,148455
720575941461489990,131244,222812,115605
720575941611985837,753604,139684,153000
720575941596441457,721776,107260,109575
720575941488292614,871324,167140,81045
720575941481149920,783252,99152,107955
720575941431811320,828136,86492,139275
720575941504967255,691700,133316,93105
720575941554977051,812524,99772,147960
720575941507894332,773712,96208,105840
720575941571001970,795032,81536,151830
720575941478771508,870296,115624,18225
720575941617717205,395560,175320,189900
720575941627077484,341968,128396,215415
720575941644239442,603512,112740,199620
720575941450486109,721280,82432,184725
720575941580711249,587744,147824,175860
720575941653516017,623936,150848,243765
720575941531270347,423272,951068,268830
720575941612488169,528080,190476,171495
720575941522501047,693184,105408,130860
720575941581614457,598248,132808,175185
720575941560940303,510208,63424,227160
720575941570378354,358720,74752,162585
720575941492913895,338752,84864,112770
720575941517372762,206932,152740,148725
720575941413298836,251632,108676,148365
720575941549218952,859220,103292,119565
720575941570218996,753152,97040,149625
720575941621068927,778048,121360,63720
720575941633480940,737264,90560,172260
720575941480919203,356960,195376,119430
720575941472048448,310384,139088,171900
720575941561290734,817968,178912,82260
720575941656928980,595956,96168,120510
720575941531204024,146484,182820,89190
720575941435858574,742592,149792,156150
720575941564888674,123532,217352,99450
720575941656732121,124148,194900,130545
720575941655289556,815884,120528,30375
720575941584080223,135856,176252,143415
720575941596097413,137668,196352,75555
720575941598020508,123400,178940,144045
720575941645444690,166264,152028,172800
720575941658283544,136536,216716,63675
720575941563052456,761816,149572,100980
720575941652389873,732468,201348,117450
720575941612604490,717608,154912,81765
720575941553546523,130116,148060,172080
720575941498559201,128176,160360,148815
720575941643309157,808232,122468,172665
720575941476504385,373268,187780,228825
720575941692685720,210104,128892,46890
720575941507930277,810404,217932,28215
720575941412309649,392340,965832,270315
720575941461793549,492160,780908,222480
720575941669107187,499940,830912,251100
720575941559324019,623852,599640,168210
720575941415211924,523628,762440,230715
720575941652789204,526516,654100,163035
720575941575419279,544984,739428,233010
720575941574009014,419892,751636,185850
720575941505063996,447340,593548,124695
720575941555194369,505828,676308,164835
720575941459027359,582080,775572,183465
720575941475114270,577152,727488,265275
720575941479162051,484824,707492,157140
720575941564098567,541520,674952,247320
720575941482623162,408512,176068,208215
720575941561374446,594180,709844,215280
720575941413902620,597336,610956,200205
720575941439207253,394956,990652,216945
720575941628471010,521744,607900,172260
720575941555249665,463560,676068,163170
720575941516129452,444160,599212,165780
720575941534977802,511696,655436,117135
720575941623369610,536724,745208,197190
720575941455572205,498436,781596,246195
720575941544087325,884288,147520,59805
720575941580737617,883576,142552,95310
720575941662981176,773264,165452,83250
720575941436702527,495596,735168,166275
720575941551544637,849108,113888,35010
720575941438392364,421476,734888,177300
720575941443671247,838492,204512,56970
720575941534760536,735328,170580,156420
720575941488230608,136396,133720,120015
720575941548125628,745392,139940,61740
720575941627862410,635456,186028,168435
720575941441548885,322944,198720,91755
720575941490302773,200784,100788,101430
720575941576319389,256428,149924,61920
720575941497820800,768536,103100,94005
720575941459624262,130308,157440,167580
720575941448311221,183204,160140,47655
720575941627493258,128112,154360,151920
720575941481469519,803472,213180,69390
720575941448326932,735068,91400,172800
720575941459982320,804016,208160,15210
720575941593576232,725248,199952,78255
720575941516413689,863636,117232,69120
720575941507383205,745864,93260,129510
720575941626347210,733384,87280,157410
720575941572421790,798756,115984,47295
720575941449325588,763648,112488,85815
720575941518545811,815548,143260,123345
720575941472046967,733068,127816,151020
720575941503188619,779612,102296,127935
720575941393300228,771828,184076,126360
720575941690311286,883532,131660,39735
720575941482472387,728160,90900,109575
720575941565670802,838912,97048,115920
720575941653244181,802908,88392,143640
720575941436669070,809512,192512,27945
720575941528400386,755384,124280,153270
720575941590581828,670712,219200,96660
720575941445525418,808576,108480,22275
720575941576888975,862356,93340,35055
720575941478601780,837144,182528,48645
720575941558415780,741296,178068,79560
720575941533197285,751264,169872,86580
720575941593002636,777332,192396,118395
720575941455349299,769408,116432,71460
720575941567771702,789024,127700,157635
720575941528020226,702020,212156,72045
720575941511625488,840332,193128,43155
720575941671068849,764388,194444,13815
720575941546884713,725416,155896,185940
720575941567000935,758620,191036,134955
720575941432277752,770108,102256,72630
720575941492926156,784052,160284,41715
720575941671506609,772684,194656,107640
720575941540096242,735420,126804,155385
720575941433621719,557616,57888,145485
720575941581262161,828108,176828,15840
720575941354391856,893316,71716,10485
720575941627195594,797656,71540,138015
720575941415845524,413768,163088,75690
720575941450235982,182424,171764,143235
720575941547793596,860676,172332,102420
720575941459848607,778900,183152,111555
720575941596194774,792424,93104,156285
720575941564311703,215524,147268,107505
720575941501409442,851716,137612,85320
720575941600014748,203584,149056,23625
720575941611443932,239412,234608,109800
720575941610217133,284932,235772,96840
720575941704821722,907640,66948,15885
720575941501832427,303848,174516,120915
720575941624379500,242584,154460,197505
720575941520073900,160200,161160,93825
720575941429422932,697160,128448,134505
720575941597631345,733916,139320,120420
720575941458380525,685636,191896,80055
720575941500517345,660504,206124,141975
720575941449760122,657640,186704,114030
720575941596635072,807420,130328,145845
720575941631147936,465264,637172,78030
720575941543998556,621592,216412,130140
720575941439738898,281764,224580,57600
720575941550705214,227988,92320,124830
720575941451439017,222876,92116,137250
720575941525677337,222608,79728,127755
720575941500107403,166668,110896,87075
720575941582498655,242996,146124,62325
720575941624442570,260212,116508,126540
720575941590215748,196724,210568,60885
720575941550197247,216496,172660,173520
720575941450910791,248188,204636,146160
720575941610569062,275680,191532,177525
720575941562878509,253044,139708,96660
720575941514963091,175104,102320,63900
720575941534759450,179392,101044,158940
720575941573731485,530656,196528,50535
720575941690116214,736548,203444,66690
720575941650338581,220024,204972,88560
720575941593546021,193732,116712,136530
720575941570417010,494432,780640,247185
720575941558634611,217008,117560,140850
720575941446256660,251152,141336,186930
720575941497370311,233248,154516,172440
720575941642943845,192528,206624,118800
720575941637522549,258800,204876,173970
720575941412870548,258236,132860,177795
720575941704879322,271888,182692,171630
720575941573934331,590892,177180,205785
720575941556341476,345192,147828,147060
720575941689681560,294148,198184,121635
720575941553972798,222336,213956,155115
720575941558082575,251580,214104,102465
720575941563136512,243232,100548,192015
720575941544884229,413988,102292,182070
720575941634583237,305640,192696,160425
720575941563364615,283488,189120,136170
720575941481256646,272556,228944,127710
720575941458691487,125532,211220,45495
720575941459765188,222948,189800,122175
720575941610448742,188372,211916,124740
720575941478618433,154552,112336,99315
720575941448537934,210768,158064,146205
720575941452641331,320524,209416,136035
720575941525349197,206412,164376,22410
720575941453222195,230620,158676,172035
720575941597395648,238352,169076,184095
720575941512809938,653252,91768,168525
720575941519290551,214080,119096,198405
720575941436092046,239048,171300,170730
720575941443233999,177592,107732,170820
720575941406051184,218880,157364,96525
720575941514272761,254164,100908,136485
720575941564413608,172388,94012,101430
720575941704849114,189768,122840,115155
720575941507131973,186632,97456,113265
720575941521069528,398076,156152,75285
720575941470212160,257572,111496,156150
720575941653710357,313948,202984,109395
720575941587015814,703884,141524,167625
720575941618770047,181876,180312,108720
720575941565159527,708688,133848,121770
720575941536627434,162504,188608,36045
720575941505691461,162080,217996,92835
720575941449444628,173272,173336,103770
720575941475934238,173636,188028,119880
720575941490317365,215124,147884,125820
720575941646218145,156280,139588,177705
720575941679679677,179504,210612,70830
720575941613428909,206552,131820,65925
720575941515444177,165504,107392,41895
720575941528559618,166272,174080,6840
720575941624628426,155740,188872,45720
720575941434075022,188912,166396,25875
720575941592219688,327028,164988,217665
720575941506899550,231240,151392,183015
720575941565246615,222096,148444,132345
720575941505598807,152552,191812,26640
720575941668421809,174016,191552,8505
720575941489651660,238608,197216,141120
720575941653039833,267692,221768,134865
720575941595197803,226412,167452,153720
720575941468072413,246772,168660,185535
720575941517473196,249668,197200,61650
720575941517891987,733904,170648,146790
720575941525027403,177248,164384,20250
720575941517174371,834896,187704,102915
720575941704766938,842828,203136,60165
720575941492186828,840820,145764,95670
720575941528427545,791764,147092,129285
720575941559833838,128160,136668,67950
720575941429000788,784152,198504,24390
720575941539359986,837524,134036,146700
720575941517601882,845852,95020,87570
720575941561022835,170972,95336,160920
720575941476474427,125824,135872,38880
720575941576236297,868808,179008,78480
720575941528133378,114128,100584,103455
720575941440787263,810520,131420,129240
720575941416148369,191320,157644,28350
720575941506067365,133416,212428,25200
720575941604599030,141648,176364,25020
720575941688472950,230068,82776,132075
720575941625769212,805456,171768,111015
720575941537904021,153264,177780,15030
720575941515929667,132728,150596,175995
720575941640122229,746824,139216,182700
720575941634405051,127200,194100,28125
720575941474493994,845248,97444,170550
720575941520538584,729840,111212,76950
720575941508030498,789628,100152,50040
720575941476626747,229920,178552,66240
720575941585855878,877372,83328,12735
720575941511870418,804104,78412,97650
720575941605653750,369312,188020,147285
720575941577179791,235008,138112,166590
720575941452292430,763732,122668,50355
720575941480480963,473520,370000,130950
720575941576660840,503872,659772,213210
720575941529871288,398164,135200,64035
720575941537792995,402740,123272,88470
720575941437150252,506628,645272,120195
720575941552165255,386116,979032,308880
720575941644291154,579580,650856,107415
720575941573542920,474640,131160,182610
720575941554350931,533460,790428,270765
720575941650002161,348872,960936,280170
720575941552974163,434592,811288,100215
720575941460694598,367052,924224,265140
720575941545094536,498216,370000,125865
720575941445392148,499648,370000,132390
720575941428495535,463272,370000,123120
720575941467713302,568212,132132,220140
720575941442250687,387136,102832,177030
720575941481591520,682272,207448,114660
720575941464676365,326792,129012,88875
720575941551879998,461548,152896,29655
720575941538393064,501212,135232,160515
720575941573981085,450852,129972,84375
720575941438701612,541388,93464,122220
720575941633219744,553872,191720,182835
720575941526950822,556884,188008,41175
720575941525901058,557420,60136,190035
720575941570380282,662228,135392,108990
720575941503790059,505656,205496,128790
720575941505393980,537984,613772,144675
720575941573313275,589656,152932,193095
720575941548763016,434284,200844,204570
720575941510735376,593324,73652,148275
720575941613704156,597704,84448,120555
720575941550144628,519332,191612,30330
720575941452858695,598448,136224,112230
720575941451955790,616912,136732,152910
720575941595051478,589772,189272,169470
720575941483217661,529336,130540,82575
720575941645231521,579828,101236,190890
720575941576797544,562732,132996,84240
720575941604197878,319464,123564,126045
720575941628627257,574572,164952,64575
720575941542621725,320484,148716,146880
720575941572685982,327612,145432,147690
720575941535368129,446108,212324,46845
720575941644609381,467616,183244,201465
720575941443236522,399264,192860,96030
720575941471442551,445188,148084,100170
720575941540069874,434116,78164,200475
720575941522419959,417184,117988,205560
720575941532797157,517884,79832,202950
720575941463890445,370508,138704,149310
720575941576368054,342000,136440,190215
720575941544114205,328388,129532,97200
720575941609692077,416488,123648,91575
720575941608642669,408624,235920,85905
720575941631457989,389472,184900,76815
720575941633064172,447192,189620,129555
720575941642777957,400796,193220,80235
720575941468851211,336292,1024180,305910
720575941688680204,443044,124088,166590
720575941483849869,432644,810484,232335
720575941652297177,443020,811280,114660
720575941534044394,444048,811276,116325
720575941415847708,298748,108144,218610
720575941534728835,364792,180576,159705
720575941565448199,274624,109376,133335
720575941667096307,389468,94432,184545
720575941557539492,392052,163656,201240
720575941491036364,532280,172784,205425
720575941519892663,158932,199968,35910
720575941608683373,362948,95152,253575
720575941625458940,619372,631756,235350
720575941574107023,619296,612164,111870
720575941604058046,654900,601668,118395
720575941538776213,471724,895320,218025
720575941464396045,381312,974728,204615
720575941658931792,386180,982416,198495
720575941642613153,379732,835968,236655
720575941533968277,445336,804160,113130
720575941556313171,438112,889104,175590
720575941392594070,454616,626784,78120
720575941504803122,289668,115704,189000
720575941437086764,434528,218672,19215
720575941601322281,434852,944344,274995
720575941596879729,414196,75180,76815
720575941565033984,562708,777684,176130
720575941513764172,442540,992972,241605
720575941402398832,636564,604888,257130
720575941606814573,340736,1015392,288495
720575941680271037,654392,606708,113175
720575941440408287,412704,76100,83475
720575941611895782,412376,78520,78930
720575941460202048,344144,1107232,207855
720575941428435119,430848,217892,19080
720575941432304303,189980,111680,143640
720575941523188043,533780,203348,18045
720575941658291224,339088,1099924,211365
720575941481032890,388136,127760,63495
720575941477600106,571544,825940,168570
720575941579388241,525612,213428,22860
720575941660013336,533376,205508,17190
720575941631143660,371424,1019532,208215
720575941466397270,588716,66372,88065
720575941570806010,595332,93052,71235
720575941426670420,418344,956108,204930
720575941452411817,434728,219076,19620
720575941556229796,523808,209996,16425
720575941514227523,383280,149580,68625
720575941651705073,429080,79668,74250
720575941590357060,575624,826072,162270
720575941462096528,594600,823816,180135
720575941591196812,433180,218368,16740
720575941555507969,596296,68004,88650
720575941450912590,412632,75460,85590
720575941430230191,437656,219460,19530
720575941560597607,453784,170124,59625
720575941618269990,405760,620704,171900
720575941601294889,430596,648260,68895
720575941654326228,585048,837816,165465
720575941560949293,625892,122056,212625
720575941627507257,310856,132584,212175
720575941441884251,288704,79808,187965
720575941574298696,615232,140208,213075
720575941492246988,430208,126400,264690
720575941431404280,314328,119200,200025
720575941615809043,332524,136512,241380
720575941537760026,621888,217600,164340
720575941659982360,326836,158536,225405
720575941688845068,434532,43256,163260
720575941533432195,341356,208384,126810
720575941612364774,425728,145348,4185
720575941527997862,449456,57120,122220
720575941394521750,906776,86060,13815
720575941477826666,161540,206544,108000
720575941633898949,844136,82168,51930
720575941491853001,225564,162828,81585
720575941511943634,814860,142288,34470
720575941562117235,215996,131936,77400
720575941644975205,734096,171776,40455
720575941539513749,321504,167888,156645
720575941537268490,635168,157392,149715
720575941581877113,322496,136992,109890
720575941692124379,134236,162284,73035
720575941487333328,168256,209216,57645
720575941658166808,144292,123888,176400
720575941651374101,143620,136496,163485
720575941408073775,113032,204036,116775
720575941503435863,674228,208100,127530
720575941495751623,172508,211168,32130
720575941561032749,151668,157884,56115
720575941546185065,158452,197644,145575
720575941470905821,839696,168428,85275
720575941565821184,755536,95040,89730
720575941483330499,854740,168272,108810
720575941482253219,789528,191548,63090
720575941475962922,738880,112428,175185
720575941427340372,370008,193332,209925
720575941733327915,173060,180616,124650
720575941551357723,556784,637972,232245
720575941460225168,436000,696796,223875
720575941528528331,601008,709060,228510
720575941539688284,460848,733888,109890
720575941656137808,546820,739612,232785
720575941540021789,549084,749788,238725
720575941566787066,547024,750260,174285
720575941537612515,367784,1009304,229500
720575941570676552,545492,625348,226080
720575941542900997,521540,620260,209970
720575941496667264,406124,989736,251595
720575941612696934,456816,842708,245880
720575941560397683,419912,907572,273240
720575941490092238,401812,926188,214920
720575941458941892,465052,618160,146025
720575941638942837,377188,167100,203355
720575941611989165,394032,980944,234315
720575941563050642,591756,169228,192870
720575941549578301,491652,846616,232155
720575941528279577,854788,181408,99360
720575941460039920,839304,128344,143685
720575941643701330,167480,117760,70740
720575941516298051,164292,108612,143055
720575941571147252,312080,218452,68220
720575941546703292,791684,89320,93285
720575941519575918,766300,172384,82125
720575941531432376,762188,188756,38745
720575941609017197,155420,143688,146970
720575941517005155,757888,101848,156330
720575941640629535,746044,161192,84375
720575941518158958,188980,169496,44730
720575941488068749,732408,96924,192555
720575941533013733,697776,223512,84825
720575941503227787,813080,84748,71460
720575941604934073,722360,97104,135675
720575941580742737,711576,116932,113625
720575941354230576,163084,148292,98505
720575941436953998,765100,116772,201735
720575941403111971,757804,85564,108405
720575941561489197,737628,192540,60660
720575941508467329,206168,197912,20835
720575941417133596,761024,192832,132165
720575941613561261,840480,103340,126630
720575941440779605,722972,214492,111375
720575941507040060,765748,149500,98100
720575941561368179,765444,86084,116010
720575941521893047,855272,104912,122535
720575941558722468,857624,138928,111645
720575941632596972,788512,108016,61425
720575941354465840,892160,81052,86760
720575941492044263,744512,91136,73215
720575941640786549,787608,152480,95715
720575941475798826,749596,161136,53595
720575941505383874,802792,163992,88245
720575941457084141,674872,163828,113265
720575941567615542,724816,98924,100215
720575941689803788,777996,174424,29025
720575941504916018,730884,194796,104040
720575941482251939,842384,120072,41760
720575941499604091,774676,165268,34155
720575941518401683,827668,86944,123345
720575941475892522,843308,165760,88335
720575941612140390,705296,210840,66915
720575941442619071,770256,123704,35550
720575941534212325,174836,125216,196875
720575941405198704,778056,106276,60165
720575941525832267,751316,96744,87345
720575941403412003,857316,157884,26370
720575941475264096,827880,86948,133245
720575941497683072,745896,215652,125235
720575941598813340,784064,157268,140310
720575941583254137,764684,180884,71370
720575941671879335,774164,67444,118710
720575941583376249,749808,166016,112275
720575941660910160,766304,110928,194445
720575941461616454,800212,166616,102330
720575941483901379,851128,177708,86580
720575941551014911,611536,623908,229950
720575941652410836,450040,988948,227205
720575941568654382,420692,51828,134955
720575941528785284,654180,165936,219375
720575941615423251,343872,192832,189540
720575941454003527,272256,95680,206640
720575941576083209,746468,161880,124200
720575941570780410,809804,123500,137475
720575941452902010,640384,75584,174465
720575941613160668,862744,86112,140895
720575941646592632,730300,97724,136530
720575941536552931,184880,166776,164880
720575941627542666,665560,608868,120195
720575941547960937,426092,117284,74025
720575941571142900,236192,166624,136710
720575941471238208,112836,133900,144360
720575941582580345,837748,105648,121275
720575941431745377,189240,181436,26235
720575941573314120,761608,100448,178740
720575941430702729,228692,189272,100260
720575941483986115,167780,189136,150930
720575941702808282,140820,130856,123255
720575941480797263,115312,191512,124470
720575941539920333,128720,204368,85590
720575941645470034,857880,153672,29610
720575941563871122,166528,88452,142380
720575941410043951,117064,138236,23805
720575941604201657,780256,203148,12375
720575941505033047,748768,129276,141705
720575941443081563,781484,96244,183825
720575941498810491,830732,99856,88290
720575941515424076,768900,116700,174285
720575941493198311,134948,194996,26865
720575941630984674,361996,943160,256905
720575941459040415,407520,920072,258255
720575941474968385,442752,775744,108630
720575941515277411,117800,210060,95490
720575941451885895,384636,194660,200925
720575941518137772,386540,174556,201285
720575941486470541,404912,978292,277965
720575941568540274,501596,778800,235395
720575941431011681,491508,801124,243810
720575941492072137,427900,952588,280485
720575941542345477,500012,783816,248040
720575941474437681,512056,707856,215280
720575941632038341,363924,178812,201285
720575941669104883,424328,824660,226620
720575941430072751,479256,738488,158940
720575941603733689,404932,978788,237285
720575941546454633,461816,846880,218880
720575941659696184,480560,716920,237735
720575941535048714,484288,914868,209295
720575941542445916,380756,911916,239670
720575941437053663,491936,736744,158265
720575941559867181,485056,876672,309960
720575941632339131,383952,939908,264150
720575941505759026,226432,122692,181710
720575941540425877,189320,149576,192690
720575941573200200,770056,147800,91755
720575941457653488,435036,811280,121770
720575941733540907,799608,190592,75105
720575941432383625,126696,204032,127935
720575941477260337,733732,88148,146790
720575941624541386,366424,182772,204030
720575941510061953,826220,120112,147690
720575941557330515,183504,222224,59715
720575941469578205,789168,99984,83610
720575941569667834,222412,194460,23670
720575941520603059,136624,141016,120150
720575941506942743,178800,99956,123165
720575941450301365,790592,83264,170865
720575941564350376,785164,164892,150165
720575941504863723,735364,200324,70650
720575941633524384,731496,209556,145755
720575941610769738,125612,140988,114615
720575941433484302,696468,238748,103815
720575941612399789,702380,220392,92880
720575941556672851,706580,217816,72450
720575941536727274,745384,84260,138780
720575941429071956,701436,161540,76590
720575941565484800,785004,98068,198315
720575941569923698,740860,208212,42930
720575941559910180,825096,70800,130905
720575941394164118,214648,75844,153450
720575941646726600,835088,87724,62730
720575941536922561,858056,119136,68895
720575941577477736,774088,222320,60030
720575941492557516,786860,208428,39195
720575941625811196,761468,212360,90360
720575941596723313,797236,125300,55305
720575941523077555,736424,122256,188460
720575941487636034,746660,88020,162990
720575941459852784,777348,158332,85230
720575941635230907,860220,155648,107595
720575941689818124,748244,151188,138960
720575941646835400,846828,109384,113850
720575941434705934,800664,127780,156465
720575941555879507,787184,165928,145305
720575941501015970,812392,77268,129330
720575941442160575,845052,89216,74475
720575941451548765,257448,149776,31905
720575941405602416,844384,113024,120960
720575941459323376,678408,179728,159615
720575941417844252,296984,236436,114660
720575941633715387,296540,110680,177165
720575941640801055,826380,181992,15210
720575941596162853,803200,82240,166500
720575941482186114,738108,120600,130680
720575941464387341,129116,99284,83025
720575941539157117,206924,166372,39420
720575941627034058,824912,105040,108045
720575941567601718,191288,133364,73980
720575941515225041,461248,58044,138285
720575941454479431,245416,169316,24570
720575941556976385,840584,118904,5670
720575941627389851,859140,75752,79605
720575941631095590,901008,88308,32175
720575941575644411,784924,88720,150525
720575941634690464,806576,125852,65430
720575941646865352,838556,102080,27675
720575941664018488,845360,73416,106155
720575941689253871,862092,89336,98370
720575941490850279,259304,240164,81450
720575941550278911,238052,139660,181800
720575941488876233,189144,200320,72585
720575941690083224,686336,182884,148545
720575941541098269,246176,116352,101430
720575941573050377,176096,102336,95850
720575941730513707,651264,178460,159705
720575941425643092,671916,168448,124785
720575941668189427,715516,133588,117225
720575941634563269,697632,182448,93150
720575941528318596,481244,199240,186480
720575941605932141,178932,156228,188685
720575941626380443,669480,192692,152100
720575941509715234,709276,152800,65385
720575941458438125,652416,218816,143550
720575941624595196,647592,199528,83745
720575941669865649,246608,108720,159615
720575941460858015,256936,109224,144225
720575941652396273,244172,131776,95715
720575941632368059,211188,156864,177525
720575941462504592,221612,232488,93105
720575941571571272,239272,99612,118170
720575941481849763,513012,708040,262080
720575941629177657,231500,105356,136800
720575941501809387,246308,96628,132300
720575941629794873,250728,103000,157185
720575941439821909,192644,210160,130770
720575941558783140,594572,84380,76995
720575941469404023,258080,229216,134685
720575941496321406,309928,207236,143415
720575941492028876,241316,82268,181080
720575941551190333,206736,108328,183555
720575941351438384,254792,140564,189135
720575941621409919,170752,91920,155565
720575941524999268,247772,130996,177210
720575941465062486,236580,129224,83070
720575941575282536,212752,160052,135765
720575941431762017,156516,197812,53505
720575941604748985,250972,117900,104175
720575941561450920,242208,107408,97515
720575941544548893,197240,220260,33570
720575941394461444,166936,190244,146385
720575941503411138,173744,139868,135945
720575941670369959,159112,221964,80145
720575941701399002,204948,198480,54090
720575941686130927,208148,174508,93600
720575941594875013,209428,110176,147510
720575941500738633,540860,234864,151605
720575941573314973,236056,102584,104535
720575941529973451,180700,116508,124830
720575941634166469,195508,170716,150120
720575941555948772,235864,237868,130365
720575941513927770,273260,227192,106830
720575941589795468,224012,99712,109485
720575941450327886,232688,186040,153630
720575941475542081,241404,163832,78255
720575941631786427,211548,223864,74655
720575941509464926,283128,163664,105615
720575941573779102,310312,198436,148050
720575941437699807,231796,117232,178335
720575941523475531,135456,137148,123570
720575941473777211,241972,132792,60525
720575941618502101,296780,181116,173745
720575941482046973,208236,170340,92970
720575941483704829,232520,214764,158085
720575941573624073,210296,105340,91440
720575941624387018,282336,143392,156015
720575941501360034,144284,156368,101025
720575941558378099,159988,210584,90945
720575941453356083,255328,127416,143145
720575941629300706,193780,222896,119520
720575941506168855,320572,209716,122400
720575941534162698,311760,89132,175320
720575941484968198,228252,190592,28755
720575941604848825,140144,106700,34920
720575941644601464,159660,108900,102555
720575941566184750,180876,182008,101565
720575941413608815,178200,203216,134100
720575941563030272,177492,104068,156780
720575941430466223,510684,92632,150570
720575941673068711,165720,97632,71640
720575941552314395,234296,185556,160470
720575941572249851,184992,165488,154620
720575941629576674,242180,106380,88650
720575941579895673,232288,142604,166635
720575941660962640,197012,85820,105300
720575941702845658,225328,127336,192870
720575941598965289,260064,120480,127890
720575941539685581,116056,152072,84510
720575941492119753,250556,104472,141255
720575941653894129,283576,168064,164655
720575941354242608,190544,167808,103770
720575941516809977,704412,192016,111825
720575941560135795,123580,211064,43920
720575941440377807,162612,113340,88965
720575941554444167,275840,162240,202590
720575941682382781,155072,189120,163935
720575941664406652,590772,98684,179640
720575941624441802,199116,107132,172575
720575941495443584,164700,200436,128205
720575941602589430,188236,137272,46485
720575941562636434,158592,190080,164250
720575941482306045,185892,105748,137970
720575941442375375,672284,214208,124605
720575941574885814,224484,183360,137610
720575941462556429,161148,196128,142650
720575941477095988,159684,170788,27315
720575941657279768,202000,127712,106245
720575941559923757,131520,150400,23265
720575941598803241,249172,212264,101880
720575941626342201,255684,205080,57195
720575941453646131,233448,164852,167445
720575941470595136,225528,172544,148410
720575941485114765,179840,147520,19485
720575941594540657,157600,186260,70650
720575941443647951,713416,167480,110430
720575941478965866,748416,138292,137250
720575941472820855,236432,89572,193860
720575941524302591,187608,177976,34110
720575941484528125,222852,87800,123165
720575941596484135,701228,200360,142740
720575941537432858,796044,204516,58095
720575941494090928,139588,117612,74655
720575941536888074,221704,116568,209115
720575941537396451,165848,170992,37260
720575941440520511,757056,134112,48015
720575941590520533,232248,125664,69030
720575941498666569,123884,139404,145440
720575941555096711,783604,168364,69885
720575941564064168,231724,159700,40005
720575941620658815,742152,201568,43515
720575941578325717,137164,180632,20385
720575941556151553,109448,206540,81585
720575941546533721,195008,113592,52065
720575941626660810,227744,76012,151335
720575941507005093,235708,98420,199665
720575941478814769,190616,118540,178470
720575941552970046,823440,73456,128475
720575941587631358,878616,76224,14490
720575941516383481,904460,76720,23220
720575941409622958,778432,90928,67815
720575941586206047,873376,135156,29025
720575941505592514,787764,145840,94275
720575941531575243,841332,90104,46890
720575941655621081,117016,199136,37935
720575941462666707,721480,181312,84960
720575941505645506,815240,138620,76680
720575941455894835,878700,88388,106695
720575941663405436,846744,79956,67815
720575941512037842,122664,116000,123840
720575941514495953,114528,123188,89640
720575941574062750,833324,139512,97245
720575941522652083,816692,128736,57870
720575941516769347,184376,151828,186930
720575941460852383,135644,167400,136845
720575941689237772,752748,130592,86355
720575941576324873,773476,112488,166635
720575941439243349,439572,811284,115200
720575941506310821,517576,269332,117675
720575941516786579,470532,370000,114255
720575941444765866,495392,596868,167355
720575941564152722,485988,691392,200475
720575941573479326,496640,370000,127035
720575941538881778,482060,485488,127170
720575941545249468,477184,769072,221175
720575941574135912,442488,163104,212850
720575941507476609,468632,155532,80235
720575941472201024,547000,157444,232380
720575941483327485,360276,999684,303120
720575941439611711,628496,118880,211455
720575941497660539,580636,165076,136530
720575941535177443,551176,606584,148725
720575941548923965,601764,576848,138645
720575941402302320,488848,75988,184545
720575941577111633,478708,890292,188550
720575941724432698,626208,133320,187470
720575941590761100,510220,250640,95535
720575941575063547,541892,188784,187470
720575941454106419,584960,94912,234450
720575941602982073,517464,190296,129690
720575941612659786,436104,203540,47430
720575941567443450,560952,136408,224865
720575941430878049,590716,192540,193905
720575941475338848,300416,110472,180540
720575941537799656,310528,158848,89820
720575941428809976,418112,103844,157455
720575941465574742,416992,100008,169965
720575941474159456,479208,215320,99225
720575941547230388,465636,74828,224595
720575941590170110,432636,161256,218115
720575941588074295,465108,165080,186885
720575941637937525,456948,164796,192015
720575941483959750,441468,113892,161640
720575941528660902,335216,157088,223875
720575941601939241,334180,193492,125145
720575941595810693,394804,141936,140490
720575941415889180,418524,203224,43155
720575941593339688,360884,111132,199800
720575941627053002,393484,134212,144405
720575941640449055,462252,822764,199125
720575941514371987,399216,104384,169245
720575941550123069,428300,178052,170010
720575941521989815,384444,201036,189675
720575941639993631,383168,196904,121680
720575941500088738,442872,204860,177840
720575941526831949,373648,199024,103545
720575941600820521,454984,95432,108315
720575941475392042,496348,840608,238950
720575941506856482,392480,133796,229275
720575941493515646,266496,72640,197775
720575941590978558,327064,111836,209430
720575941689834715,764220,556932,242955
720575941538325397,308372,108436,92430
720575941504656322,300160,148676,196155
720575941468815894,480736,177416,69975
720575941513325265,425820,147224,165780
720575941623528091,348936,960300,278910
720575941441287871,426432,157220,190170
720575941488871989,426932,199420,100800
720575941508606849,459272,112872,189135
720575941506107159,583628,157976,249705
720575941609624138,590192,591888,98280
720575941534385386,664132,177572,115515
720575941492707047,405260,159340,133155
720575941527076377,454408,958412,214065
720575941479959715,654828,604428,110385
720575941442233791,597200,138048,201330
720575941578322257,446080,633408,58365
720575941452051783,638432,116928,238410
720575941365796976,576496,825984,162990
720575941375779619,401928,129432,72000
720575941523311947,340860,1011324,292635
720575941577707353,447868,920808,209340
720575941470950720,434092,218072,18720
720575941570943988,339624,1011928,292095
720575941687403759,415076,84308,81450
720575941407103791,176768,179648,177120
720575941476377137,529668,101472,93690
720575941627155402,599704,93216,72090
720575941477624938,386184,980584,190350
720575941482834941,432108,217668,18630
720575941595161639,528764,216572,25875
720575941551715646,576272,825424,172530
720575941668911281,503164,929008,210330
720575941494084992,400156,622080,176760
720575941561536883,370944,1000876,301140
720575941446918676,670032,580992,264645
720575941573658120,526160,202188,18090
720575941435886734,514016,188396,38340
720575941614302227,402372,621728,174195
720575941496480711,542472,100648,88920
720575941438593503,594712,784316,167985
720575941556736804,451408,648536,64980
720575941572517192,437692,629168,49950
720575941525612802,216132,211032,60660
720575941557247140,567172,109392,70425
720575941431464545,405892,135168,69660
720575941640191143,402824,135900,66735
720575941462293203,409204,99092,200520
720575941670298586,654816,611108,117090
720575941472087159,478720,889536,309240
720575941593944104,425864,869508,217350
720575941541386365,511616,61056,227565
720575941439415058,299868,118892,184365
720575941441899611,321644,145152,221445
720575941468425693,242960,130844,146790
720575941520957623,367752,1019532,213300
720575941535047000,417200,71644,77310
720575941556492772,464628,103744,83070
720575941576171190,355424,211728,131850
720575941570760436,277376,87680,189000
720575941497384571,447852,804484,113895
720575941498486907,528516,762336,246150
720575941472723831,763824,215492,39195
720575941554803847,762336,218308,85455
720575941640497781,402100,705796,175005
720575941656224729,160288,108432,149310
720575941551534452,816352,92552,130185
720575941532941515,904380,91384,42930
720575941434399246,818944,144816,134235
720575941508481869,843760,122848,76635
720575941481353440,134200,144096,51345
720575941537300417,231384,137416,40905
720575941487877894,850048,78164,103365
720575941478024241,573360,147344,156330
720575941691973272,324768,98064,119295
720575941599685824,293248,128432,117405
720575941549429281,614096,157376,149715
720575941542496348,280840,221444,158175
720575941538382066,152804,131864,66465
720575941690382198,127196,118504,50805
720575941682440893,107044,154880,31050
720575941569304826,125716,148952,97560
720575941453397575,143428,175960,70335
720575941542043996,131756,211756,75600
720575941534725610,128576,154220,120960
720575941703855322,225376,116112,166995
720575941644650104,805516,172972,91890
720575941573838152,752908,181284,107370
720575941569945390,711648,116608,106110
720575941414170479,848456,140916,88875
720575941633304507,248236,192480,64485
720575941528324685,707128,193332,59310
720575941505333669,558836,187144,204570
720575941432297230,396740,181324,203940
720575941440293343,817808,103236,158895
720575941481061571,354704,184628,218745
720575941516140204,501672,783912,248445
720575941431105417,382632,997416,245520
720575941503466917,567180,769176,172980
720575941619905151,475608,783684,201330
720575941470865216,411372,936564,261900
720575941472391287,374256,982960,225450
720575941438756543,377856,927680,168975
720575941515920730,473968,891828,266445
720575941475791210,416780,967016,258300
720575941477863810,559116,774496,193590
720575941518523246,587860,622420,152685
720575941590558462,374300,194092,224865
720575941409869998,432544,976372,251730
720575941513295450,466004,737696,126045
720575941574027958,425872,930924,202275
720575941609358310,455260,689828,233595
720575941411700113,544204,739916,178740
720575941559348851,403060,840800,228555
720575941551211007,394912,81644,168435
720575941496326784,581920,177492,204525
720575941589589502,434884,613072,139320
720575941499447691,478656,634048,217890
720575941442976938,553496,191000,226305
720575941631729644,360612,179544,207225
720575941474642016,513328,652720,108675
720575941586440926,498680,684648,159705
720575941626271626,515440,624508,166950
720575941561349421,489864,606836,117270
720575941617274069,384960,157184,253620
720575941482832463,687164,185616,143010
720575941564152583,498512,722908,218880
720575941581638133,731016,180172,180135
720575941411143083,373880,198692,209115
720575941577184438,770940,95836,81585
720575941460553887,781968,192428,8460
720575941529702532,814464,104232,173025
720575941609385581,795344,181280,41760
720575941565404567,753356,135432,114750
720575941551404660,210816,116628,194445
720575941732616491,757984,144252,118935
720575941574515963,777436,165812,20970
720575941555077915,213404,145920,63090
720575941536277426,795712,141192,159660
720575941724723514,264148,226112,103680
720575941475045418,773228,117220,55890
720575941410084526,768996,141680,55395
720575941556447571,787372,81040,107190
720575941453073735,835436,126460,128430
720575941540774642,815000,109036,108990
720575941473198091,750960,114684,102870
720575941672074919,770520,198064,12285
720575941571443188,826588,204604,63720
720575941549221512,875836,137896,45900
720575941634274235,802352,132884,39870
720575941627001243,790140,63976,130725
720575941539557874,752912,132748,141120
720575941433388759,778276,98752,137700
720575941591646092,863504,160272,56880
720575941531681208,759696,171776,89010
720575941440930623,761144,144576,153090
720575941483942598,862680,131592,93375
720575941516614659,849808,142524,108045
720575941646744225,813328,189732,88200
720575941476433467,815856,124060,118575
720575941405468784,204040,179136,20520
720575941641600031,279936,103744,152460
720575941656496340,615476,97360,177390
720575941605035193,435668,824648,100395
720575941558600612,715392,83840,112545
720575941646720200,471388,76660,95130
720575941460128240,796992,152648,21825
720575941599744192,507472,98736,245205
720575941644729701,459408,962320,222255
720575941536540906,256080,183424,115155
720575941663730044,720640,138080,62010
720575941470989175,777904,101456,160380
720575941516131065,284288,233216,137205
720575941454672691,843796,109684,87075
720575941507994277,139760,106680,161955
720575941449942094,152072,124924,90270
720575941642938213,180796,143780,174195
720575941478388529,253668,191084,143550
720575941483225786,125676,162044,120780
720575941460991443,730524,97064,97740
720575941491996105,744832,167956,83250
720575941596238117,804712,149036,153990
720575941528150349,777560,187992,71100
720575941536491530,715340,173256,185490
720575941541929165,848204,185180,73530
720575941538119962,759232,221664,43020
720575941542830877,416088,884136,211140
720575941547159476,362312,942456,255420
720575941489071335,504928,698436,204525
720575941596689191,581832,596208,111375
720575941480446918,513068,719076,184770
720575941479902371,497772,749156,121950
720575941618728661,570748,809812,157185
720575941553014017,467552,743244,162810
720575941588675980,516156,673384,202815
720575941557513198,556536,647664,233370
720575941580266065,460532,861320,279540
720575941450592078,376188,977012,242460
720575941609410406,531632,649312,162360
720575941468960576,472168,683036,217800
720575941558296621,517352,640992,167625
720575941497645537,554936,639096,173610
720575941627735846,513388,820808,223425
720575941482975174,518600,818788,243585
720575941512798796,529720,716152,255285
720575941411866004,392848,890836,220725
720575941601153270,470236,715268,239580
720575941438940251,475544,771676,162855
720575941456052787,493204,757072,122895
720575941449743738,553560,181436,227565
720575941392752388,368700,1003436,252630
720575941437373472,558056,182876,232830
720575941574931869,585672,179676,215370
720575941506331186,490928,626320,137025
720575941518175123,838948,135872,134955
720575941545940229,681912,202808,63045
720575941519673048,673416,227368,70380
720575941409951855,463344,772700,121950
720575941481727874,146604,147452,179370
720575941548224956,261696,140416,75150
720575941565551762,706284,148868,179955
720575941620697983,128692,107776,85590
720575941476742705,144964,125424,115785
720575941516609859,788716,188012,62145
720575941517619961,775440,115912,173700
720575941440143957,153268,100388,70245
720575941416627996,828856,123856,38565
720575941529294758,573228,185344,162135
720575941732638251,732856,157712,173475
720575941536139201,717280,168720,159300
720575941529277624,387248,190128,193815
720575941482559171,777512,80784,121455
720575941562579245,750072,215332,35100
720575941596296997,746888,238716,72990
720575941540715506,709376,123456,72900
720575941534141157,744660,123404,121455
720575941517951891,769872,108644,179595
720575941567355702,722872,198152,76050
720575941594346792,867496,137712,21870
720575941731191339,179572,182004,19665
720575941517421914,724064,94912,132345
720575941627276443,737956,178376,42840
720575941481838466,881024,139516,84555
720575941508348695,243392,138304,29970
720575941583117945,904576,121344,30330
720575941691539352,789236,71808,120690
720575941488007821,856248,172696,41400
720575941551001889,826568,122984,54135
720575941532985803,174376,197804,101250
720575941403031587,749592,176720,181710
720575941558789284,766376,172460,39870
720575941704399322,794996,104308,158130
720575941612288998,715528,210752,84960
720575941493680560,661236,170860,119610
720575941561300339,709528,212148,110250
720575941608242541,774732,129024,102510
720575941581977209,830696,102000,137385
720575941630709286,748300,101348,182565
720575941559488036,700440,219096,111780
720575941508974209,798724,96000,62325
720575941692235227,820104,88628,145305
720575941539489010,720400,111548,98370
720575941587732446,770548,213764,77265
720575941590756164,808168,100400,70155
720575941463013828,734692,179308,121860
720575941541707389,799336,118164,181080
720575941456335667,860168,108024,69885
720575941534547634,737532,192604,28935
720575941561784947,830124,120216,44370
720575941618739669,874148,82036,118125
720575941632409058,751888,113984,50985
720575941578054248,811792,102436,115065
720575941487286992,727416,205552,61245
720575941528206873,709228,146568,86220
720575941505276439,228036,112316,94185
720575941540313725,165272,94920,117405
720575941592910376,487576,809560,225450
720575941505887938,135420,158940,51030
720575941614922905,134092,147936,151380
720575941669215143,731788,165528,152955
720575941551130401,772692,135688,45090
720575941563752246,646420,186792,100125
720575941734263083,612760,211404,129645
720575941465877590,586608,765292,161100
720575941555229467,693652,207188,111420
720575941537692698,147628,137532,55215
720575941566506030,667764,232824,71595
720575941690745240,138472,130520,178290
720575941620932735,828740,174540,104490
720575941643769976,143656,140804,132120
720575941556061338,693536,162312,131625
720575941490683596,132492,150964,144810
720575941434319758,255624,189824,179280
720575941442809435,208384,107820,142560
720575941437416736,449828,648860,169695
720575941527573837,219216,215780,27270
720575941543049989,218764,92524,132120
720575941513773411,260004,152328,81855
720575941473573435,200468,153724,133335
720575941573051657,224684,118820,90135
720575941454759405,176972,178856,141795
720575941433727118,249968,200604,158625
720575941502303319,227648,106224,197010
720575941660599120,842272,112036,10980
720575941533346794,306056,187308,101250
720575941439941839,262988,193592,146205
720575941553319815,303612,167996,155025
720575941531075256,236804,162764,170505
720575941646353528,248576,246848,107460
720575941426110036,256316,178380,199845
720575941453546665,249620,95668,184905
720575941579914617,184216,154360,56475
720575941653634004,221056,203056,89055
720575941652138005,269972,143992,93780
720575941498568354,236188,119520,190665
720575941525553739,233900,120288,104445
720575941463098125,157260,127984,123885
720575941498543266,213036,159264,111285
720575941465672214,264344,178408,155025
720575941434475552,298856,165564,167175
720575941539611228,168196,201196,108495
720575941559551247,252068,189188,99315
720575941487615298,229940,188952,78750
720575941506349106,247028,178508,138555
720575941646507169,598048,94344,58320
720575941455853040,217708,179724,115110
720575941448156509,205380,176564,108045
720575941434071328,230764,200904,83115
720575941619086293,329516,203264,175725
720575941506512453,142252,134724,152955
720575941663147832,401604,121080,69750
720575941506286501,591272,69320,86625
720575941452424361,523872,214940,21915
720575941403180323,181804,125592,48285
720575941472808203,242556,174836,66375
720575941490549991,180772,108268,151380
720575941568043122,198648,222976,50310
720575941577846361,570732,198452,155880
720575941657379408,243832,118212,67275
720575941610649574,242496,178404,66150
720575941530805989,211712,107528,154305
720575941400457251,265500,222068,131400
720575941625189019,211232,99540,162360
720575941441950549,294904,155412,142920
720575941519568494,279680,139832,149670
720575941528484280,151512,103752,65475
720575941534481601,155816,132296,54990
720575941536325208,728036,182404,47700
720575941489993164,244116,205808,42750
720575941461366980,160024,127896,57465
720575941657318168,203160,157140,110205
720575941496380288,179896,112108,100485
720575941479754831,146340,122612,86445
720575941522479351,699596,162668,157860
720575941415138332,168192,118464,28125
720575941615610899,193064,101756,164340
720575941574631862,184348,147812,51075
720575941635082939,172368,202644,89550
720575941733237035,217748,211084,36945
720575941624726124,130620,133976,172935
720575941584929246,169612,206232,40140
720575941462449933,184084,136160,46890
720575941611498342,140656,110864,103680
720575941687360239,221732,199300,38565
720575941494767559,181924,184264,21375
720575941529109124,682416,115060,146835
720575941566475618,227624,194324,94140
720575941479018049,180876,177884,120915
720575941545127017,160932,221264,85275
720575941497646153,214692,155424,175995
720575941732398891,130944,105280,170730
720575941575193960,153008,124328,67545
720575941589665420,253636,162776,196425
720575941644529569,542572,64072,137430
720575941394868374,162448,166316,14265
720575941520168664,211304,184564,18765
720575941470848989,745496,133324,67590
720575941549330824,762564,155564,65610
720575941538844904,770700,154500,181710
720575941502611083,793424,157532,115290
720575941540716766,126740,192808,25425
720575941591089975,223828,130732,112815
720575941586787718,247808,96912,116460
720575941613635046,150748,118528,52560
720575941634218171,784124,124656,53505
720575941561205363,113844,135592,77670
720575941625427196,773080,107036,104175
720575941617211323,168156,114224,105255
720575941576249999,843812,135440,81180
720575941505154242,214716,106476,203580
720575941565900854,230396,148508,34380
720575941575150920,247436,81776,149040
720575941626898075,146976,117788,170190
720575941600349632,739780,189680,79110
720575941681796797,165456,207672,18315
720575941497759687,856092,110252,70695
720575941555556865,903396,110704,48285
720575941611945449,112352,176956,78435
720575941702919130,154684,99276,129645
720575941639953013,148616,101084,121275
720575941484739325,770464,193128,36540
720575941530971832,833368,125824,39645
720575941558400932,851596,101824,43200
720575941615352339,873836,140748,104355
720575941512219139,779312,90204,84645
720575941596733479,800832,112756,123795
720575941507827479,212412,116132,202095
720575941672002727,455360,267216,96660
720575941671479207,497404,370000,124065
720575941486776642,434184,895980,244170
720575941591546167,167492,157764,103725
720575941546449588,393516,127432,143145
720575941565412654,459176,369968,126720
720575941489792206,493356,370000,127485
720575941469330955,512708,119204,167535
720575941665097203,465228,370000,136575
720575941538571496,510232,193280,199125
720575941551679898,438124,114960,117765
720575941477468190,528228,167728,117405
720575941481264719,371808,164404,90585
720575941610464330,447192,127304,76680
720575941621893116,461388,188924,200655
720575941506958908,515824,111572,161865
720575941499793787,612532,132480,250785
720575941535140184,560516,181772,200430
720575941444828842,457272,912704,290835
720575941473330747,595200,206336,218340
720575941425659476,470168,153244,164700
720575941525012761,591760,191396,231660
720575941611377226,390292,136808,111465
720575941516638275,508056,232352,67185
720575941591368588,509356,233676,68625
720575941664992636,570864,209992,156015
720575941559231503,506640,138812,86310
720575941402799395,497840,161796,83790
720575941478204446,568764,188036,193995
720575941617538773,576300,105188,168390
720575941453783111,573176,99192,139320
720575941522066103,594192,168552,118395
720575941450627662,615028,148472,106335
720575941669332211,555044,179108,177345
720575941659972688,575580,209676,147825
720575941435527566,539336,106456,188640
720575941630478818,578308,132760,120915
720575941574118395,662172,137292,182205
720575941640150815,542340,99272,214470
720575941591593868,611904,161972,170460
720575941544330857,537068,191296,197460
720575941551035425,439408,215144,69435
720575941491379765,348416,179916,91080
720575941535479528,409044,132408,224595
720575941470040896,324344,154528,135405
720575941500263842,460680,827852,257085
720575941640223861,500732,109036,230805
720575941504475371,400168,130144,212220
720575941516227674,470824,184212,167265
720575941438720300,356296,89016,135765
720575941504461591,463832,146880,201780
720575941565433442,358736,113376,241695
720575941581862009,345832,136112,201015
720575941592991016,313388,128288,109530
720575941576357263,316880,125008,111375
720575941532836555,354304,162616,229635
720575941495141246,450080,185892,130725
720575941413654417,440128,200640,120645
720575941596146624,388416,95988,172755
720575941732484651,416432,159008,156060
720575941563514024,336032,150512,60255
720575941547415476,421108,151564,214695
720575941410352555,449764,249048,100035
720575941557598756,415664,159028,135540
720575941553635867,424928,205812,89730
720575941625915291,446692,148668,188100
720575941483153405,446960,192996,129285
720575941516228089,468924,187416,23985
720575941563074605,627752,102136,153810
720575941552476673,455164,728572,94815
720575941553504769,281792,118400,77715
720575941510545936,618780,112888,81225
720575941558678254,434884,993180,239310
720575941603936702,379644,637128,215640
720575941478236724,319876,118628,109755
720575941457693421,331800,159380,158220
720575941571702536,372964,972276,255960
720575941611210086,449772,244120,73260
720575941594506859,523372,254884,94005
720575941520138350,450468,248100,73080
720575941503679979,584956,146112,234675
720575941449984078,669628,111300,93150
720575941439260972,657352,602088,110205
720575941470187485,542756,191592,186525
720575941515169427,434344,181144,139995
720575941682838973,237336,203916,108405
720575941663489916,634500,144184,195615
720575941441635931,538960,732272,152955
720575941558826148,846172,107512,7830
720575941482046605,566528,88336,138915
720575941496737479,419072,983600,292860
720575941400417827,436928,927168,183420
720575941671603623,613844,128004,170280
720575941652718353,593440,86036,75600
720575941575303432,397560,161448,77355
720575941492403431,396740,135808,62460
720575941575705192,535536,202800,21330
720575941732487211,581568,72652,82125
720575941472157707,366900,1001540,300735
720575941580041041,526612,210624,22950
720575941515837075,596396,116088,66510
720575941440592981,411872,79248,80055
720575941469564125,434420,219608,20205
720575941556117220,442204,224080,60975
720575941446282154,467940,958548,212805
720575941531021496,602860,81544,67455
720575941541970205,443120,227748,48600
720575941567077882,705296,559480,248085
720575941455760877,652224,602820,116055
720575941617175935,607668,648992,279855
720575941478428209,571736,798508,155385
720575941614887577,432328,218500,19440
720575941501739147,434388,105528,128610
720575941513454289,437060,142884,200610
720575941539353549,658108,588196,116370
720575941482795005,652636,603652,116190
720575941484460285,642368,183552,209160
720575941462501075,412816,58872,129240
720575941520287960,515628,112252,189900
720575941554412167,605684,188064,166275
720575941438885138,671052,142896,189765
720575941401218339,151896,160020,172125
720575941504712386,554344,118112,217170
720575941472888160,450412,628396,68670
720575941723188794,678016,129088,74655
720575941476232251,653408,160984,157005
720575941519924652,612040,175508,216405
720575941492244172,552436,104920,234450
720575941548436872,650316,167992,153675
720575941550705441,415684,70136,81495
720575941507201349,428804,814100,100890
720575941591042615,108572,129744,53775
720575941580261721,857244,86484,121950
720575941624525052,860296,143448,23580
720575941441936981,259608,145048,57195
720575941482137763,160228,165808,77985
720575941504717143,878432,154144,93510
720575941509917569,805744,106068,190215
720575941354397744,366872,130460,65160
720575941439101228,793432,84724,133605
720575941439219474,130516,197348,32355
720575941431652015,412896,77940,82890
720575941579446517,130340,145816,127215
720575941660320024,765560,146844,62865
720575941628843065,827068,170632,56925
720575941559799534,118064,145892,93645
720575941592015102,151400,155044,136440
720575941541532621,141432,146020,166545
720575941611653734,139552,177344,94950
720575941459616070,119080,191224,86355
720575941489515465,174436,106276,138015
720575941534709170,124544,218676,43425
720575941484787398,724260,178520,73485
720575941607459693,807048,122764,36630
720575941519065304,713020,196692,67275
720575941511400208,776556,132456,170955
720575941440803669,812956,178572,112050
720575941477189918,440264,868460,248130
720575941425019220,533340,611336,152910
720575941441221211,360988,184020,214470
720575941561424530,528604,715836,180675
720575941549380351,531660,704416,263970
720575941508443090,599440,718024,214740
720575941623097290,435896,883848,203040
720575941505615410,445724,765696,138105
720575941639348341,406104,985284,288675
720575941473852000,484212,877540,237555
720575941466447126,602748,627156,172215
720575941547285620,516084,598452,125640
720575941504397125,465060,774068,236475
720575941642692040,370628,927176,188190
720575941536638947,489476,793072,243315
720575941554015003,388892,979416,239445
720575941670391207,594104,201440,197235
720575941613376988,561744,170624,233370
720575941642994849,591380,203248,217890
720575941610953446,459816,642676,183870
720575941458774598,439948,620912,120960
720575941634554272,816188,185692,86850
720575941575845896,136744,111064,148590
720575941481938595,820524,156804,117810
720575941630758816,416252,177672,213300
720575941549029256,874208,121996,93825
720575941412779691,732640,181228,76815
720575941595426085,373880,109172,174060
720575941538117106,420180,179904,231705
720575941453178793,762800,137832,143640
720575941613103789,137316,190608,116505
720575941515602067,124872,164956,93060
720575941555901924,119444,177460,61335
720575941564273298,241536,155840,200385
720575941578848345,717712,125656,179775
720575941506687036,758204,133216,109035
720575941560703759,869628,128760,73305
720575941610562150,177936,83852,123975
720575941555878372,599608,181568,214020
720575941592409707,388496,102620,172800
720575941538346738,573332,193364,195390
720575941554233918,768712,130616,119025
720575941484886982,183136,135808,178785
720575941652165141,822876,99764,44190
720575941656705492,751856,129004,143775
720575941412239531,824564,102780,167085
720575941601089065,725212,200860,78210
720575941635303611,751196,123252,130455
720575941573651614,816364,89636,120375
720575941541481933,787956,177436,35595
720575941393946116,733368,126704,156915
720575941578852953,727848,154992,182205
720575941573838920,732928,242368,86535
720575941627657354,719820,186684,43920
720575941473529664,208700,161024,192330
720575941625390844,760160,174076,104805
720575941600123840,844908,87488,60390
720575941596064982,843492,156520,70425
720575941531768523,809012,130896,39915
720575941645124709,742304,151448,194760
720575941530233988,849404,169712,112545
720575941536490930,715760,177176,86985
720575941557852132,764308,92140,115920
720575941473089035,791632,150804,105165
720575941570282740,727304,85860,121050
720575941535398066,794660,145036,124065
720575941633364421,713976,201972,119610
720575941516373497,820756,93132,152055
720575941511735056,764576,105672,189810
720575941550850593,841784,98192,89955
720575941576078344,783144,111196,51750
720575941491789260,764548,113380,200385
720575941520383916,798864,130744,163935
720575941563975848,811072,206080,93555
720575941492950503,860416,129356,95310
720575941517227001,820240,85548,170190
720575941532334539,739968,173108,118755
720575941415245457,795176,124008,48600
720575941633684933,195972,136896,32985
720575941408137390,130084,200428,67185
720575941504783959,844056,147564,28080
720575941528200194,743420,108884,129870
720575941669726129,459568,276664,85905
720575941704655322,764580,198400,26190
720575941493729968,654076,135612,180135
720575941494260400,299904,116032,240570
720575941405989744,641392,104044,181935
720575941704706522,651780,130080,105930
720575941472573303,391068,73296,98595
720575941592685196,439552,82060,139185
720575941486978256,429632,265504,111600
720575941537994621,439536,816944,108945
720575941548297908,860144,134704,75105
720575941658416464,123440,131880,138510
720575941589650231,115312,211304,87390
720575941484900806,142684,178560,24840
720575941525517643,198080,166488,161505
720575941631590636,137436,172124,118035
720575941537170152,126568,163408,137115
720575941611617453,258100,154024,139680
720575941505828156,123476,132448,139545
720575941526368589,136492,143868,109935
720575941488098445,138744,151616,89865
720575941656005593,748604,189144,63810
720575941443267023,811484,170916,95130
720575941451992142,128704,173232,149130
720575941669960113,520020,214664,154170
720575941508773505,816836,147652,144270
720575941509464670,117060,193500,129645
720575941553419347,568152,567248,134955
720575941483384317,108232,209708,54945
720575941723178298,420740,926180,186840
720575941538693859,435376,973808,265050
720575941487830069,479928,889876,257760
720575941593847921,478204,641980,172485
720575941609426918,612952,564408,166590
720575941494052992,524448,726316,234675
720575941573998184,482472,915044,245835
720575941525183142,542728,762748,204975
720575941452213811,559660,756792,205425
720575941504601794,395640,192604,217530
720575941591941416,385652,175292,204975
720575941511205452,526036,638796,121950
720575941574694031,606872,196836,222750
720575941532354482,400312,680356,193050
720575941554784676,430440,669976,196695
720575941537594573,422272,666952,195615
720575941435581740,443352,671396,245295
720575941513713873,399080,962148,235890
720575941627040057,578756,70112,180765
720575941655530964,515368,642268,79560
720575941471068427,408832,158336,245790
720575941530185348,268528,235936,129330
720575941432563081,141540,173272,106110
720575941599638172,789212,143088,53415
720575941549388168,640832,207360,81225
720575941451525213,792064,95616,114570
720575941468038486,186916,147712,192735
720575941615961875,825492,180508,102870
720575941410116655,855360,174784,16920
720575941640459381,129028,114040,117090
720575941412864623,766980,146140,167220
720575941440156690,827476,145276,86985
720575941515647075,757548,141048,129015
720575941415912596,785384,194020,82845
720575941623622140,225948,234556,98055
720575941508343831,810192,102596,151335
720575941576665487,266828,172684,175455
720575941430307977,405300,172508,238500
720575941520518060,733028,117876,86085
720575941538099939,743524,104260,184050
720575941496857472,716644,229220,76590
720575941478635316,876544,144900,33435
720575941566565218,764844,108784,84690
720575941607595629,148276,89000,92160
720575941564789650,781380,144220,102285
720575941542749020,816008,92988,88065
720575941599306432,776896,130484,23445
720575941566300514,829388,96736,62190
720575941478431041,841160,151872,76905
720575941596084182,700808,239780,102240
720575941478917441,809412,149160,63765
720575941516115011,673744,207324,169245
720575941577616566,748524,133612,77130
720575941634405573,743188,133928,79470
720575941521546931,825500,158328,44190
720575941606513854,744972,145272,172215
720575941499690465,826104,102268,39780
720575941672890023,698792,217788,62730
720575941690117238,805360,119784,92520
720575941509060225,749688,119552,137205
720575941692294107,814336,174144,122805
720575941574879752,799088,136528,147060
720575941586770566,838316,160256,119925
720575941500208865,817072,101224,146115
720575941458417133,797624,158404,90135
720575941499249633,760080,104500,71055
720575941521173976,788108,80856,60615
720575941554691719,802064,209368,59895
720575941577329078,723456,98636,136395
720575941405952368,167548,99976,125145
720575941476502075,735204,111676,184095
720575941491822389,852056,140388,66105
720575941465387789,257512,89564,184095
720575941668807667,793452,92580,59400
720575941475761467,760460,94004,166815
720575941459303920,794112,89656,99765
720575941452479866,738444,144704,165780
720575941405912176,771716,91408,101925
720575941576452361,783800,180400,66690
720575941415257489,126436,129256,50670
720575941625307035,137620,177692,102825
720575941523663863,798988,91700,142785
720575941611245801,777072,112736,166005
720575941627179722,410668,70488,85950
720575941432527497,881024,111016,68490
720575941449202964,769360,77940,100080
720575941463749133,588320,151232,148905
720575941503724939,528180,205216,22050
720575941484655046,838536,78404,63990
720575941595005547,747016,182912,59535
720575941536838890,859808,75844,76140
720575941627471259,742432,105160,195570
720575941575623931,843780,74424,139995
720575941635236283,845236,173708,70290
720575941516039134,721280,175768,122895
720575941701333978,278816,233944,111240
720575941492261326,132584,160180,71685
720575941406687535,244760,196212,156870
720575941442326463,679760,187436,117945
720575941535033987,655892,187520,126405
720575941685434351,643848,204856,125190
720575941537216193,122724,117172,162405
720575941579886457,196500,160404,134370
720575941537771250,191232,210240,60885
720575941634984123,177940,149212,46440
720575941564855559,173000,110732,99990
720575941567950134,735940,164100,180315
720575941409693743,788392,99944,135585
720575941539123171,695268,193824,143190
720575941576219400,233136,175232,44235
720575941497129545,219936,132812,67545
720575941557968612,233096,165736,76230
720575941688006156,286412,162196,149580
720575941480330858,265104,199680,159705
720575941448197725,249152,96864,149130
720575941454802925,223756,126964,61155
720575941505132055,257164,115432,114975
720575941485494278,173292,218352,35595
720575941484638605,210248,158524,180855
720575941587833566,173324,136108,48330
720575941598174597,255660,156552,116190
720575941613658777,240696,114600,204300
720575941518117592,590584,83568,76680
720575941538699762,177784,223808,61335
720575941354244912,228772,132056,197865
720575941613453977,246716,163756,185850
720575941634709664,711512,153960,117810
720575941721988666,228044,138264,122985
720575941619088085,211576,227208,76365
720575941481952186,287532,233760,73980
720575941528543565,250628,180536,185850
720575941558494446,253028,174968,196245
720575941475287070,248716,210612,135270
720575941555689380,246380,213092,41175
720575941643704776,223352,190204,144000
720575941559382829,224528,164352,81405
720575941555803044,294716,168472,150705
720575941431147534,197296,180920,82575
720575941730786859,268224,229980,114255
720575941642348626,245412,202044,53145
720575941588141367,227188,167132,80370
720575941507274775,309392,193592,75465
720575941575903158,273980,200128,114570
720575941488655925,253440,183492,41670
720575941618110591,248180,225440,61290
720575941440409388,235724,165128,121905
720575941535749096,190824,93876,74205
720575941450688181,276672,193472,200655
720575941466429526,120804,214416,78030
720575941574924392,280964,206800,137745
720575941645062501,200316,167872,134595
720575941593915505,235820,201804,88785
720575941504511036,211456,85568,193905
720575941578222673,355468,185200,162990
720575941484715773,110368,138468,43965
720575941538216946,315208,190476,97920
720575941538452173,178080,101804,70560
720575941686151919,209804,93012,125910
720575941622655740,234752,156172,51390
720575941704885210,686832,138600,103770
720575941634580384,264472,233144,89865
720575941536124899,243764,108464,161325
720575941472914496,192192,165356,54180
720575941546613436,633100,149016,190575
720575941537384714,265332,138188,113265
720575941528563801,165664,176340,62460
720575941661667452,240564,204248,50895
720575941514317146,242808,100892,126090
720575941489852878,187264,84512,167265
720575941527830809,390548,205432,129285
720575941528149380,527540,217160,25110
720575941597521521,689744,136228,165870
720575941538401507,203604,158884,173250
720575941548139708,722220,206612,39465
720575941628261689,412916,205424,42120
720575941653648113,168116,108668,116145
720575941732788011,650708,155348,186300
720575941538983373,189424,145500,108765
720575941610058473,212720,165188,59400
720575941392902806,222700,159508,149490
720575941642743378,193740,137572,46935
720575941610692781,158244,207300,129870
720575941536432618,183164,124632,175950
720575941451237191,167420,121772,129150
720575941631743429,221804,164544,152325
720575941573366281,183788,169308,165960
720575941626649657,172420,116940,67725
720575941689382107,163432,196760,130320
720575941506002370,152360,128220,185895
720575941469807991,180140,133004,194085
720575941617037013,207824,141308,175635
720575941564148375,157204,120624,168660
720575941615087324,691108,135196,166455
720575941640529695,647048,126764,201735
720575941515194211,541328,128292,106470
720575941503383234,228724,185668,136080
720575941585578630,136588,140872,130230
720575941436559404,235704,187620,153900
720575941575566479,667564,129296,93015
720575941432392111,192036,154168,153720
720575941623070716,182668,169132,155655
720575941500178043,778036,138572,194580
720575941570442996,774852,168604,121410
720575941550861345,821316,119360,160695
720575941522281907,189204,81820,155115
720575941522282423,736616,183412,79155
720575941527429220,214208,83024,116415
720575941500534601,791632,60680,135450
720575941600341184,830616,168760,69525
720575941591649022,177932,131184,181980
720575941574920187,796112,126432,188730
720575941498779361,153628,197868,76140
720575941428732756,806784,198208,84960
720575941539831957,161340,133400,30825
720575941560807695,799580,125832,156060
720575941616231577,169780,114820,181755
720575941516169795,782656,134792,165690
720575941559905828,772788,86640,140760
720575941555966721,756592,179492,44505
720575941556372563,136916,107712,147600
720575941482304931,671084,192204,138105
720575941576361737,894804,134156,85185
720575941506919333,226284,151936,31320
720575941598123653,808896,200740,18540
720575941508620823,749584,190484,82350
720575941415444252,159028,87632,100530
720575941635103675,897268,102648,61830
720575941452976762,728388,106836,72675
720575941566909282,858452,83880,127305
720575941644818514,232932,96112,198180
720575941634512544,780436,96896,161595
720575941416111505,830148,98572,160965
720575941655611097,134608,122824,80190
720575941653122325,855096,108952,130230
720575941499483042,832340,163992,16560
720575941527771981,838532,87432,126000
720575941538787811,823460,108664,94365
720575941511361808,758600,91864,132930
720575941515819587,170132,207904,15120
720575941619873407,494400,644776,181935
720575941625621500,406996,155184,59265
720575941514658906,653568,126912,91350
720575941530326660,548948,244112,82305
720575941440001343,460496,745072,158895
720575941476041521,485064,370000,124335
720575941584770014,504168,184644,65835
720575941563084690,537832,611484,180855
720575941568835834,490996,370000,126540
720575941463769613,386320,101216,253530
720575941663512888,567048,135808,90090
720575941529294724,437224,210248,107640
720575941547048052,502160,570752,91215
720575941546216628,484492,370000,125460
720575941554354259,530716,194700,20475
720575941442764458,563940,102560,119430
720575941645295480,541816,107724,192285
720575941633155269,677692,150556,225990
720575941557477284,530956,127528,84375
720575941689420556,495036,97568,244530
720575941516418883,572624,85080,124515
720575941512526403,607800,579384,201555
720575941574915741,519568,82432,243540
720575941513121356,540544,174108,205245
720575941393217174,588372,148124,243225
720575941518567128,529896,125796,84600
720575941515574362,533652,166088,205605
720575941568417582,510880,130344,148860
720575941516118019,660316,161272,161415
720575941452876154,454808,116152,155160
720575941538448370,492864,52736,220275
720575941624366332,567028,135772,215325
720575941404908400,545580,111016,207000
720575941484403462,533324,185224,209520
720575941515549027,548752,115240,121005
720575941608819786,548156,144716,67995
720575941461605828,549368,248320,135180
720575941575504271,576912,102344,110925
720575941494528640,574344,111900,98235
720575941450643381,566628,197872,88515
720575941393566870,520620,121808,144405
720575941623357083,571064,640628,189855
720575941539370133,559504,100080,129735
720575941595488293,535572,149148,85725
720575941509220642,562944,115852,94275
720575941505794364,392720,210352,74160
720575941416669468,589588,162840,143595
720575941461100228,386228,86920,193275
720575941430904673,440824,111148,165195
720575941599025820,491396,154292,166455
720575941520277208,416272,117292,160380
720575941691983000,337372,128980,206550
720575941531444171,450484,183928,25965
720575941508600961,292700,114944,181440
720575941592137982,364660,92864,188730
720575941722457658,310684,135512,81810
720575941566464151,345752,120524,166230
720575941630633669,385908,223916,55575
720575941508609826,393608,102088,128385
720575941612115430,336724,155688,169155
720575941551025012,367000,197684,107820
720575941562507821,353768,160264,179190
720575941565732142,428476,108932,170910
720575941484153997,425412,111824,173565
720575941565362018,420768,132760,222345
720575941532490699,447864,209204,175995
720575941453507241,420220,125948,189405
720575941553881991,568524,120212,215865
720575941502235531,374524,202428,119700
720575941578764633,621012,111548,78705
720575941462793104,509296,85600,232920
720575941688153839,345628,120540,185355
720575941537410197,331768,158080,222120
720575941554868388,349116,958780,278100
720575941473097995,456980,161300,62460
720575941479447146,614852,134872,252000
720575941470151543,512628,102876,196065
720575941439565535,502568,609904,153630
720575941560007469,397516,170764,136305
720575941526402982,669860,146020,74880
720575941691438299,759388,535160,145980
720575941413217647,597776,792808,186705
720575941511583186,655872,144788,103770
720575941481884102,366368,122920,217395
720575941483176899,700228,108384,158715
720575941669158577,322004,177276,145575
720575941461571216,443728,634892,54045
720575941503721778,595528,76828,82440
720575941702235610,433440,634072,49410
720575941454024243,385748,1002808,205965
720575941569202478,390780,112544,79290
720575941595930070,404604,127536,75645
720575941470799371,413080,76736,79515
720575941440626523,612760,601100,106470
720575941483932045,428128,145372,4140
720575941481382786,603516,87232,77085
720575941411763311,412232,78536,79785
720575941535524890,450148,647980,64665
720575941470313847,617048,650380,162945
720575941533930266,427476,812840,100125
720575941588144196,402708,621796,173385
720575941687775606,670020,580476,262890
720575941481033411,534896,203224,16830
720575941519433144,436028,631380,52245
720575941515099641,455168,114552,76455
720575941432143374,455820,852392,188595
720575941427534420,364036,1019532,213030
720575941555995108,526212,214776,23580
720575941580761465,652996,593500,115605
720575941484579581,464664,905084,211815
720575941567379510,344284,1008400,295335
720575941611031014,400432,141208,60210
720575941404451440,448032,990340,236205
720575941527884034,393884,142732,77895
720575941569685618,358256,163908,216495
720575941435548448,649300,124084,201060
720575941565553920,429400,630412,52560
720575941481662850,615616,77120,132750
720575941613694428,421376,219200,181395
720575941644277074,707328,82944,191295
720575941631593157,192476,212196,34470
720575941501994123,654240,611080,133020
720575941670349233,673576,111872,182385
720575941520369068,689088,175552,191700
720575941413083503,440432,114416,69570
720575941535076184,419584,91132,78525
720575941562575784,515660,101004,107955
720575941453087354,437632,223552,182430
720575941608868973,881188,139800,52605
720575941439791660,197008,178060,74835
720575941540374421,515992,738132,148320
720575941601915177,856164,95648,113895
720575941566874007,826728,126604,87030
720575941692075995,859936,79156,54675
720575941590576708,397748,115976,77130
720575941660458320,873808,145360,67140
720575941536117592,737184,163728,113175
720575941567177319,856516,187760,31950
720575941538376178,114004,148444,97425
720575941430562808,116860,186504,96840
720575941545797481,156508,155532,61335
720575941594617637,161268,147884,60930
720575941405859184,714500,210308,67860
720575941481826946,139860,209868,68040
720575941494734512,750244,85104,73980
720575941560058995,690232,215796,60120
720575941594870567,126540,188664,45180
720575941634277573,775412,167916,102375
720575941556934739,844024,166800,116595
720575941604754934,826684,164352,48960
720575941468786699,409984,900216,205605
720575941490855886,175124,179648,38070
720575941474467377,589700,619904,166635
720575941458961860,626108,608236,175590
720575941507217733,446912,974080,287955
720575941606598509,465172,932172,216315
720575941635087547,438800,954076,268740
720575941612672870,520804,723836,206145
720575941569916148,630248,615600,139950
720575941604728766,607700,595792,102285
720575941579460433,489160,616752,88470
720575941571426206,443748,857648,188910
720575941678424253,603824,778260,212400
720575941616528085,551288,773792,153450
720575941688200088,530268,727872,179730
720575941489320757,504748,713512,237915
720575941621077119,407156,933724,270765
720575941642367864,447316,714244,155790
720575941533213121,466292,710416,180585
720575941651035633,490412,899556,220050
720575941567195950,497120,909284,272520
720575941533610072,607300,561012,125145
720575941412287087,583116,175112,211455
720575941686043254,557384,605888,91980
720575941533217985,467244,616396,113085
720575941437270304,107716,150400,27180
720575941590986636,124092,199264,73080
720575941507956284,785580,111068,165375
720575941468486742,149220,218820,66645
720575941625005467,384820,195824,196695
720575941458169581,817208,132300,176895
720575941433701518,168200,94372,140850
720575941506599589,750440,134084,132705
720575941474857824,222088,99572,82485
720575941561766382,783660,108628,65475
720575941487858182,144524,141908,55710
720575941580367705,719732,103052,156960
720575941499884667,784744,194632,58770
720575941627168411,660716,205596,102015
720575941451034037,127236,222736,69480
720575941505584983,227896,103836,161010
720575941560073587,582028,131624,183150
720575941536669416,380640,178920,234945
720575941395146902,711968,117880,99540
720575941479920608,586796,188436,226665
720575941410989227,389372,187764,230670
720575941639693429,722780,77652,103725
720575941549266312,204656,155600,120555
720575941487958925,744884,102424,157905
720575941437505056,689912,193864,171675
720575941645763666,815884,92448,107595
720575941561633807,822312,78460,92880
720575941514985292,787172,152644,40590
720575941562441517,824396,117184,125505
720575941627441354,728212,166756,170820
720575941606559934,808348,206812,39150
720575941576202505,783276,144348,110070
720575941438782482,763104,72356,112680
720575941532807627,827956,142828,72315
720575941539949973,852592,153968,114615
720575941515241036,729236,129572,177435
720575941516425027,814144,79616,46575
720575941616867225,771040,83844,119880
720575941531102136,828248,103812,141480
720575941599295424,817164,88328,145125
720575941509814050,834004,162040,54090
720575941545616645,792448,208640,91845
720575941522589111,828860,163160,69975
720575941629739065,807908,95520,81135
720575941540945021,770504,147644,145125
720575941580144217,821216,80176,144450
720575941692612504,862072,191152,58725
720575941488150022,793224,89156,122490
720575941434139662,812220,88064,109305
720575941432817505,853580,150776,68625
720575941481445344,301612,131908,207270
720575941631971042,672640,125632,115830
720575941544083717,270976,179392,204705
720575941590752396,480004,370000,115695
720575941481568736,677548,152308,158535
720575941563731858,388788,119596,71415
720575941624452348,454068,134936,185580
720575941497053127,537456,169216,156465
720575941509117790,444992,39872,173295
720575941548556468,337100,156084,211275
720575941566778519,764748,76100,119430
720575941653238549,466556,619480,76680
720575941443279055,748908,94108,149580
720575941454076487,820132,186880,24840
720575941477107998,822552,67864,137070
720575941428540500,761456,128336,57555
720575941627533450,904964,83272,31680
720575941460680900,477928,908084,202410
720575941562500264,556512,179728,79200
720575941643591762,157328,156276,133245
720575941413972628,289012,162860,116865
720575941440181333,143352,153216,57960
720575941486858306,732848,205852,43875
720575941456190445,147300,221852,94185
720575941599784860,175904,188364,42570
720575941542131069,267424,187792,92385
720575941688322934,127604,220624,69660
720575941571144442,145248,177564,156960
720575941625867402,113924,177112,110925
720575941600326185,724104,188816,153135
720575941541212109,855128,165268,74610
720575941559942692,712888,138088,79110
720575941537189386,767444,165240,153900
720575941536394010,142844,104136,121230
720575941526894617,727664,133792,134325
720575941638916213,129116,163460,58725
720575941485443837,180200,217980,63360
720575941658589520,381576,199296,201780
720575941550271038,380164,131688,179775
720575941470831680,474400,880972,256995
720575941538033394,394812,961060,278145
720575941550878087,509436,742272,257805
720575941490465484,479108,880152,252900
720575941564407040,431500,868880,206190
720575941536395762,552972,634932,132075
720575941466376022,416500,838632,229815
720575941518693230,378244,170284,249345
720575941428526676,442412,642980,123930
720575941451813191,578180,612904,115380
720575941511480529,456904,734256,116145
720575941407463471,555180,685792,197640
720575941475702890,572588,679204,212265
720575941555938899,463552,683980,163080
720575941555494180,465148,736300,137250
720575941606620781,598784,196996,223830
720575941555506003,581388,635368,165870
720575941439705407,442276,840396,205785
720575941644547704,379628,196008,225630
720575941551750683,386516,197260,198135
720575941526393625,355992,177636,232290
720575941634107552,447124,784956,246195
720575941453980909,459896,726036,166320
720575941561633139,858520,95496,105345
720575941492925927,794032,192924,70110
720575941516798867,808948,158308,135945
720575941597827973,837548,80924,80640
720575941575431931,214648,150728,191475
720575941522443255,599576,134876,185355
720575941627254218,724804,100436,116100
720575941595734055,717268,156684,195975
720575941514303052,745564,140772,49635
720575941434039438,178156,170620,41760
720575941691104219,760392,139852,56070
720575941431512457,735068,212016,32130
720575941462043588,774720,138244,121635
720575941505228375,720916,168616,175725
720575941599814592,805312,182204,68805
720575941654165745,724588,107352,161685
720575941470853341,720500,199932,176985
720575941487536525,867044,181004,72765
720575941528396569,752588,111696,67590
720575941521090414,794120,150420,158175
720575941689707532,716028,200244,125550
720575941504849643,791632,130152,148815
720575941432398729,830096,83000,151065
720575941627199946,850708,162724,112590
720575941583529337,781276,115604,162045
720575941544324188,774476,167740,174510
720575941484743110,880520,153800,62370
720575941522883251,740012,163800,162135
720575941559043748,681468,167464,178875
720575941452297550,876460,111908,47655
720575941575661711,770692,179004,87975
720575941505094487,108108,149620,40455
720575941415833745,732080,157264,172170
720575941575640463,765028,115868,152325
720575941570647154,745368,176520,66105
720575941551380029,875956,116052,39060
720575941633333920,186064,130704,194985
720575941468922646,729128,90020,166455
720575941489717968,177776,110984,43740
720575941521852851,745740,151652,140040
720575941492185550,791788,160440,78660
720575941458548205,130120,173528,26280
720575941689469167,761144,130556,36630
720575941600315840,761176,170860,39780
720575941442102107,798532,84864,130050
720575941392856580,198264,82680,114615
720575941537903602,120752,113448,66780
720575941595989718,450448,177520,138780
720575941445976490,770016,117232,179820
720575941476726587,408248,70780,93420
720575941553016886,393276,83436,123165
720575941548686516,842312,100820,58455
720575941557059329,750024,97716,172620
720575941627668618,819652,66188,135180
720575941627755658,813028,97044,181125
720575941580175961,788320,100816,69840
720575941564470935,203708,215052,54540
720575941503600011,792760,110252,35055
720575941644509601,673048,157208,131625
720575941483608003,255828,183224,148995
720575941563015522,673168,220976,64305
720575941541990236,655988,179704,126225
720575941643725256,216956,108740,168165
720575941681153469,672280,170600,113580
720575941553497427,264040,110852,166275
720575941414154607,675212,161872,139905
720575941533964993,202944,115412,54135
720575941591689835,258364,92716,175950
720575941489978855,270060,229476,129375
720575941439927247,237248,87648,162810
720575941537274098,208048,181392,113850
720575941558531699,228404,182992,164610
720575941456405043,227144,170616,71280
720575941460568464,234980,134232,146610
720575941489328078,228444,127132,178335
720575941471846240,248620,208900,82305
720575941562758824,126272,187704,63270
720575941558421742,205460,201728,123615
720575941546391688,253632,147888,102060
720575941557209939,205792,145136,195480
720575941630791138,206896,153536,161955
720575941605926765,202476,92572,135270
720575941482204067,200832,110740,183240
720575941539217635,191964,97152,146160
720575941470091328,228352,117520,146790
720575941520644206,253704,215356,65835
720575941506665089,209272,129204,54360
720575941552001671,301656,189148,102735
720575941660564536,214664,160244,117810
720575941437740607,249812,179092,190305
720575941522681523,611960,125160,160470
720575941533175384,144104,204248,97965
720575941510156304,119212,161664,72495
720575941352587056,131756,152956,76950
720575941587085892,203268,183108,111645
720575941450202446,122220,168584,124695
720575941412803183,262184,179660,161010
720575941686701580,265428,129256,147375
720575941541834445,203172,214784,28530
720575941454514157,127796,192140,57690
720575941553746003,197860,99776,110430
720575941479379619,171840,94760,141300
720575941618982527,215000,175612,76005
720575941553140479,187896,80776,116145
720575941476784234,212872,146776,139410
720575941550863166,200600,119984,198045
720575941449885511,203904,199296,175275
720575941454287529,310992,173388,150525
720575941485114554,653024,178596,110610
720575941653810900,241152,180884,172215
720575941505897522,245448,90204,174330
720575941548429684,308204,176092,130815
720575941407161262,228208,141644,158850
720575941641725471,198800,105952,84105
720575941634380448,166700,145936,141300
720575941651037681,219460,173780,143190
720575941557237249,210436,75744,181980
720575941486395600,246600,91212,182745
720575941672614567,221188,153424,180990
720575941664770940,296340,197060,72765
720575941448633693,154960,207916,133650
720575941592132203,170268,142968,73260
720575941552479515,237408,91836,156105
720575941566784919,203944,156544,201060
720575941581597561,162040,126692,143595
720575941482879674,126208,122400,120015
720575941593498582,149060,146188,26325
720575941613968537,162332,127928,32355
720575941479018370,174424,215540,48915
720575941509941202,157028,104640,65115
720575941571145722,137404,149360,24165
720575941593720871,215812,144524,112905
720575941689043931,249476,107452,107640
720575941598563996,449344,143072,47835
720575941461195078,122516,183148,137160
720575941629763042,182468,194900,36855
720575941519719091,158016,129024,194580
720575941601899561,248068,130072,67320
720575941507035938,198164,187056,21690
720575941660426320,207512,189276,38205
720575941652081429,533632,178752,229905
720575941432322223,221440,188276,85905
720575941551788935,213028,169364,94950
720575941429831817,256384,191500,189585
720575941482893647,134656,177216,20385
720575941477070442,181696,88012,97875
720575941536167434,706040,138388,147780
720575941507806814,228616,187496,77220
720575941563913106,142596,127992,127440
720575941652346897,257916,166716,198360
720575941484878534,125768,169488,22320
720575941480828640,189868,91764,153765
720575941478428212,776972,162728,22500
720575941410029230,769184,143376,186480
720575941521698231,135188,179276,28980
720575941565418898,825388,195860,35280
720575941600363712,755568,102580,141030
720575941432263817,858408,135928,103950
720575941565536256,780612,97552,92565
720575941449564597,233084,135632,51030
720575941557934820,786364,169996,89010
720575941542949721,136660,192688,57600
720575941500592802,135036,138264,178560
720575941509465182,126324,111184,141210
720575941653883153,765536,86408,144990
720575941539660949,737624,192524,94770
720575941563944360,135776,118516,100350
720575941417994268,844420,192420,59625
720575941593818152,191848,132228,41850
720575941505338674,124500,130404,148320
720575941460692294,118088,168012,107190
720575941656624596,164688,160584,154080
720575941556291073,848640,136320,146925
720575941601201449,775064,87896,131895
720575941596164135,244408,102260,201330
720575941556934116,172680,99300,171810
720575941566956598,160276,182900,18360
720575941630471462,122812,144568,40590
720575941689837430,813500,163136,124650
720575941612140265,150856,102412,170145
720575941441269077,865760,116356,117495
720575941645771681,236416,121068,80775
720575941550627105,767928,77864,146565
720575941497765504,870472,134644,30420
720575941517955219,131656,120992,161550
720575941597608069,750572,149372,34470
720575941627082442,808564,119076,176220
720575941562735149,728724,162624,171720
720575941593522283,487536,728288,198450
720575941652633585,467684,298456,112860
720575941461234131,394996,891588,177255
720575941645117304,486532,565984,159120
720575941520258414,600668,641164,168435
720575941452227655,134592,106144,112905
720575941634119328,431228,99800,215910
720575941408800047,428240,929492,190980
720575941541832733,602800,647664,227925
720575941605057901,493692,771964,226980
720575941572453790,561992,625892,162405
720575941529819832,641104,143456,88200
720575941529973892,376832,212832,162270
720575941482233027,500496,370000,120285
720575941550923775,594784,568540,166275
720575941477024564,326088,126972,235665
720575941409253679,451672,178764,213165
720575941533867395,578496,195916,130725
720575941566706327,636844,118748,155385
720575941596087333,648388,160524,230625
720575941577210193,514688,151680,251640
720575941542454876,591504,576188,141840
720575941472888384,561032,170008,126405
720575941476218945,489476,860772,278910
720575941554221595,611004,107852,249570
720575941520265688,620608,107836,246600
720575941688173551,501136,153296,75465
720575941442275931,556296,136016,213525
720575941532750821,518180,217724,154440
720575941563234914,541124,220392,174555
720575941414673556,389820,167936,109935
720575941560602739,538272,193604,182925
720575941589166916,515684,189264,129825
720575941518818220,557332,195396,71100
720575941654225364,535712,145888,59715
720575941516869210,540952,109420,109170
720575941506149445,548152,122032,106290
720575941534360769,531456,113116,213075
720575941428560468,570648,138876,149670
720575941556472292,586476,156760,204705
720575941662522936,658176,144896,91125
720575941460820164,404016,192212,81270
720575941732589611,305960,114788,198315
720575941502272139,434548,209760,35955
720575941559892851,368824,177968,111735
720575941413997340,474840,161532,197325
720575941596904305,450300,154368,197280
720575941603720377,464000,143680,241875
720575941589080900,334564,146036,92430
720575941569772914,429388,106112,180270
720575941515763459,412308,113808,213615
720575941575636125,623040,105628,187110
720575941680379581,345384,138412,238590
720575941536226241,436212,171188,21330
720575941482782659,343280,1011348,292410
720575941581845369,405636,100956,190620
720575941603098814,414960,190404,204660
720575941591874302,416296,112644,214785
720575941535171304,473692,195076,85545
720575941487988021,434872,214144,151200
720575941441573327,391664,141304,235530
720575941516312569,361020,99208,231165
720575941609487789,385408,633996,214380
720575941520564952,312120,115308,243900
720575941572054024,443496,811280,116415
720575941454506547,491640,152684,168120
720575941611650780,326568,168404,208080
720575941438773036,288888,116956,194625
720575941449798222,522688,124272,207495
720575941625629804,328160,138320,125730
720575941592469132,439616,143524,199170
720575941478059114,425572,146720,201375
720575941448741908,556420,150244,137430
720575941441867611,676316,116156,93915
720575941565796759,652252,148088,154170
720575941550563105,315612,132096,158940
720575941539259085,418428,86028,201420
720575941441928639,365180,962420,237060
720575941450874746,451524,797760,116865
720575941429722031,475220,965132,221580
720575941688542191,433128,957428,257310
720575941428920148,406512,954272,195165
720575941568305966,406900,114668,225180
720575941354024240,648412,130516,193590
720575941482725199,670512,128348,202680
720575941516337657,414736,73388,78390
720575940824970810,590668,68968,86715
720575941668979377,568732,75984,85320
720575941530335435,444304,631864,51210
720575941453508423,370424,1000812,301230
720575941687768182,402744,967548,205830
720575941516885395,527268,199756,19035
720575941619317375,593720,70504,84195
720575941633550752,591376,67960,87570
720575941457848301,592872,824052,177975
720575941474404411,399424,961116,303705
720575941434775438,540224,201000,22725
720575941538729877,437808,220416,20475
720575941520127411,366484,1019532,203805
720575941632280224,441620,987316,231975
720575941528581508,589864,80980,78300
720575941565153031,590160,60160,105840
720575941505209394,528424,197596,19935
720575941603621878,524852,218124,23355
720575941485028861,515512,95032,148905
720575941575500687,589916,74064,83070
720575941527874404,595296,66636,83295
720575941411409323,480336,89792,155655
720575941450819918,536832,196192,20880
720575941533658660,438592,632992,53235
720575941625382026,434036,229956,60210
720575941616257177,650920,596348,126630
720575941550959475,587964,829308,164835
720575941446008490,604544,91508,74385
720575941554898742,382196,102220,82440
720575941577571176,373760,1019532,211995
720575941407385518,837736,121896,13725
720575941578364543,528220,212520,14265
720575941556453028,528624,213032,24975
720575941515642105,438016,220676,20700
720575941522250999,438712,988968,249075
720575941638477173,474044,949888,237600
720575941460663236,493748,771692,150570
720575941481125088,612384,646920,279000
720575941547217288,648936,596060,114930
720575941478481438,353768,845252,247230
720575941575435112,497828,144056,200115
720575941629385510,508256,129648,195255
720575941652694769,535828,149256,14130
720575941670298074,650268,614672,116325
720575941549133428,337656,1102464,207990
720575941502927959,444288,802276,112590
720575941474606122,473056,648368,80280
720575941663404156,532640,186168,214650
720575941539981554,293608,168884,200925
720575941433539799,694804,133196,161325
720575941625884268,373044,948700,264465
720575941432912910,632400,178136,216585
720575941527940354,395852,133616,252135
720575941546055785,668672,139968,72405
720575941574338120,412032,179776,180045
720575941495331454,573220,131512,165870
720575941598849472,653204,160380,160560
720575941633988539,696896,167680,198585
720575941530577355,491716,370000,136125
720575941535166913,479956,370000,115110
720575941625301915,504212,633596,160920
720575941522964403,401096,148648,90675
720575941613276134,852336,145260,22410
720575941003800156,94140,131808,72495
720575941613667757,757928,208020,53145
720575941409528238,282856,116596,222300
720575941442897103,474752,59456,215145
720575941627078858,745536,145876,171405
720575941393911300,573280,155472,150840
720575941446349226,829820,74304,131625
720575941443206863,439360,162080,158310
720575941580047705,276240,193680,195795
720575941640404597,745456,152208,52380
720575941485405693,171360,168816,75510
720575941461429318,688064,215552,140805
720575941540010901,428852,120408,146295
720575941613271526,775128,154472,26910
720575941617108949,115160,179608,71595
720575941471278656,150932,106848,111780
720575941498100864,744000,132884,197505
720575941547595400,138512,172208,28935
720575941530752715,108668,177336,105615
720575941669267121,205136,85388,136845
720575941538715029,156440,151240,174195
720575941507777445,802980,133792,29115
720575941658394136,243424,87336,160920
720575941663191164,125624,206428,80865
720575941555191123,176000,94016,56700
720575941537150691,763012,187400,25605
720575941566807559,708296,124152,122040
720575941579221585,123780,135396,110115
720575941643698770,195876,142020,91980
720575941640054815,136252,157940,172440
720575941481392096,755404,150644,121635
720575941483474371,134624,143072,35145
720575941526314317,134868,164596,138420
720575941453002153,120648,171584,132120
720575941352670768,137296,182536,133875
720575941547583337,764440,175196,63810
720575941412713899,744556,136424,63720
720575941459425520,740908,96408,176310
720575941408262062,709336,215100,82980
720575941490568905,760712,80428,133785
720575941537372938,123256,218276,61380
720575941592695948,738420,186464,174780
720575941539268579,776960,213824,81720
720575941597278321,869792,159240,85455
720575941575777289,727296,149732,53640
720575941558901540,317680,106844,108810
720575941454210473,858916,167872,90090
720575941433954702,482752,734144,99360
720575941401852963,356556,977204,275130
720575941658910032,420768,890640,243630
720575941546944444,791452,79456,84015
720575941435244430,527228,603936,159075
720575941540257010,790804,182932,42255
720575941631166917,385876,176796,208620
720575941491624423,433320,836392,253170
720575941409031595,467812,621064,207000
720575941503566898,527040,760544,150975
720575941470382347,469856,629124,134730
720575941437341228,515436,874932,269460
720575941466536214,506956,846420,260730
720575941555575332,586412,674676,236520
720575941549751358,433324,732680,219780
720575941469161494,486572,814296,201510
720575941554040603,512476,599160,93195
720575941685972086,477752,893048,252765
720575941566778263,383528,986080,226125
720575941501038498,567944,796152,198945
720575941467590166,427732,905968,224685
720575941505502231,482560,928244,241695
720575941471041856,389984,196128,220365
720575941543867484,486008,744368,173340
720575941557496691,489540,625472,106830
720575941649926129,610100,621744,127080
720575941482200739,401388,991296,259515
720575941476689713,355648,194432,197550
720575941610969446,404736,205056,208890
720575941400710435,467900,779476,245970
720575941546711073,518020,815864,249615
720575941509700368,608408,186404,199485
720575941487877328,524380,713716,157185
720575941533819162,443948,678472,187515
720575941574184699,425652,692084,209160
720575941637840415,406720,703132,191160
720575941576750991,495408,716856,133740
720575941547115656,407244,912696,202275
720575941540594813,366344,182688,235260
720575941456317087,433036,764460,188865
720575941492200368,485056,966848,216450
720575941632317627,471592,831792,224460
720575941625541787,402184,183336,224055
720575941554768211,616576,192784,215055
720575941614273689,467172,758792,223965
720575941630936251,454072,633716,217800
720575941508537157,205324,134772,49185
720575941613639398,144844,137568,87480
720575941630390498,419956,183616,228150
720575941472825355,429392,745244,178920
720575941470609472,379540,188704,218160
720575941612727370,858560,136260,99000
720575941392158102,156148,214528,26820
720575941669823219,642136,161384,91575
720575941458977695,761076,147732,161010
720575941515388369,713996,142956,89640
720575941440342079,864652,159060,112455
720575941478443572,720992,182976,151470
720575941478355998,805344,190700,26685
720575941405749872,715936,186168,65115
720575941660374608,836304,212120,57870
720575941545934341,745152,209144,41400
720575941541341389,733752,222604,50265
720575941599953052,791096,185244,16515
720575941509233502,858632,120000,90180
720575941527959554,793676,156156,153720
720575941570368244,717020,209832,88560
720575941442355407,701696,220720,97065
720575941409855791,743596,158652,78210
720575941535324504,692008,222196,75240
720575941629512505,775884,103500,183240
720575941482547107,718864,112588,168300
720575941531445432,742016,79580,136350
720575941627749258,807752,100792,61290
720575941491885004,787628,132088,198090
720575941692310424,857756,92240,71685
720575941433414158,799072,171344,94005
720575941525836107,796352,90112,41265
720575941734068779,757648,107920,116910
720575941491229493,747260,184808,90990
720575941515171793,721792,138112,45855
720575941561671283,826100,137852,34290
720575941546952553,771072,92480,105885
720575941403336739,806860,107372,49680
720575941479560042,731852,88712,171585
720575941627284874,772868,107728,156600
720575941591435063,732612,138772,180270
720575941481880706,815236,149392,40950
720575941644635493,780272,202668,53325
720575941509505630,729304,196744,105300
720575941609182061,792628,112880,120060
720575941456307507,863268,135464,91260
720575941704025306,875676,115692,98235
720575941468553238,145448,107892,94005
720575941682340285,769020,85492,137520
720575941565182562,448224,629616,150885
720575941639376245,416100,919984,259560
720575941600532521,455828,859968,266040
720575941442928042,478292,625364,162495
720575941438317100,846864,88700,82980
720575941618427861,868236,148236,63180
720575941522594483,179084,111516,127665
720575941439813311,376324,169220,205290
720575941513750481,819536,85160,95355
720575941585877382,858208,159888,75195
720575941646749384,863372,150264,43425
720575941592255486,760292,171620,171045
720575941477029172,156284,194572,62730
720575941618295167,217560,207072,55305
720575941491222837,751516,152536,186345
720575941503772098,596036,167628,196650
720575941604334326,784208,171904,138375
720575941554899354,741716,94548,165825
720575941505722930,761292,88488,159525
720575941561425646,727496,74320,134325
720575941453102249,797008,86784,111420
720575941596253297,357168,151088,238500
720575941569884206,696776,144296,162495
720575941470825693,681568,178032,115875
720575941496103294,733480,174748,72945
720575941510327312,717096,194288,69705
720575941489521104,170680,102180,132975
720575941478632001,175488,136284,91935
720575941498384097,130696,112364,103590
720575941576135176,864052,96456,108675
720575941659493968,758932,136184,101835
720575941479320385,230376,163708,21420
720575941664037688,798328,127656,156465
720575941468291670,833920,160320,12060
720575941565712640,787408,183264,125505
720575941449459476,181756,189632,98190
720575941460191472,826612,132340,105525
720575941460590576,839360,142384,56250
720575941434709262,725960,91736,111285
720575941555198235,779340,70108,120555
720575941437312032,757896,187292,107010
720575941464088720,827008,148084,117135
720575941412893611,239144,136556,28305
720575941570883442,780520,93824,129330
720575941436817038,768704,148360,158085
720575941413828719,209216,115444,132705
720575941487648774,798952,112844,160065
720575941532773835,143344,156708,159300
720575941479116097,697428,140524,147420
720575941619830399,802924,130752,63945
720575941564932608,746404,108756,89550
720575941646212728,779008,214912,81315
720575941537368513,809124,116128,111465
720575941581568501,899492,87756,38025
720575941393410454,221348,91156,191610
720575941451663950,783964,83736,83925
720575941623182021,728912,171088,51210
720575941406123120,768084,100328,58770
720575941454774185,805736,160832,40545
720575941467999574,391136,148976,161235
720575941452129863,310656,108624,153765
720575941454206791,460084,619268,71280
720575941550683681,129992,129116,70695
720575941461017284,633400,182136,129285
720575941551815283,779984,79504,89145
720575941613602989,777720,91536,173880
720575941616866969,845092,149108,118890
720575941571451124,144376,114568,105390
720575941481512160,592140,107396,68535
720575941482517411,769840,110684,201780
720575941529311910,810160,117864,176670
720575941460426640,252664,202564,61110
720575941543159069,362484,172604,190395
720575941574404253,242160,202116,124065
720575941689383643,212340,178672,120915
720575941537159144,135096,212124,36360
720575941395006358,702844,221096,55080
720575941481138115,321072,209700,135585
720575941562319250,279624,205640,157275
720575941471211229,690260,227084,112905
720575941682262461,807352,85304,144360
720575941587076932,795564,165280,78300
720575941595547269,427844,807968,217755
720575941479900290,643672,204096,85590
720575941611720681,672360,203280,159480
720575941484452674,147284,184616,105255
720575941630927084,837544,120808,14445
720575941631557792,164120,128116,157275
720575941555607460,195200,98992,159615
720575941660054552,134876,144060,170010
720575941428980472,351556,215012,133335
720575941437134354,229108,149120,177165
720575941517264131,214300,90008,180135
720575941507975589,239640,127000,154305
720575941513681923,215320,186128,94050
720575941669459367,200928,203872,18855
720575941625493403,597844,189768,203625
720575941482511613,163008,232704,50715
720575941456970480,216452,109612,87525
720575941513767491,131736,223408,93375
720575941469139063,244336,139036,174915
720575941461579972,246548,164676,76590
720575941657208912,218540,110516,81225
720575941554507492,254204,140064,187605
720575941572722845,221192,178452,139050
720575941593161174,253696,202096,169695
720575941614957020,221620,134092,159795
720575941596850880,245028,150624,191970
720575941669865137,198136,109944,125415
720575941613873683,284008,137756,158535
720575941503934091,210192,140524,203445
720575941660737592,247116,185856,177885
720575941629149497,207036,116004,72045
720575941481993725,238324,202252,48285
720575941395199638,216976,216000,82035
720575941620020095,298124,182160,104265
720575941563087360,220032,156812,93105
720575941553849939,231448,173092,176715
720575941517729529,248284,108632,188865
720575941526474918,192464,214420,59805
720575941537828634,263396,235816,133245
720575941595299461,213284,106788,108450
720575941553187226,284048,220140,85275
720575941689098735,212604,151476,42660
720575941577866577,263508,225100,99405
720575941532605131,187616,139524,66690
720575941431251470,249284,222732,150435
720575941565897270,190776,168380,97065
720575941550638398,167136,176156,27630
720575941488554037,237652,217628,78030
720575941448659805,221000,129888,187785
720575941475752257,229056,146848,93645
720575941618259839,201648,108328,117810
720575941486245382,141284,199184,126360
720575941688864475,199072,156164,138555
720575941433756558,262408,109896,171045
720575941480066467,207872,142140,58950
720575941545599924,243464,129656,147510
720575941578099560,201080,130020,49860
720575941450982478,301080,170776,150435
720575941479589967,250072,236708,127125
720575941506706526,261252,213836,75150
720575941517347833,113136,163440,122805
720575941569273134,161480,192752,94950
720575941656700884,247580,195916,49140
720575941477328436,405356,609492,173340
720575941466046486,672832,211864,88200
720575941594334321,677520,167308,87975
720575941458430022,180456,114808,115605
720575941631419077,728068,170448,45225
720575941581651701,177044,112652,143010
720575941430706903,169728,165372,30465
720575941463203216,167668,167932,31590
720575941558585359,173480,205328,82080
720575941539402389,414520,72252,82890
720575941599343401,222708,153476,155745
720575941476240961,163108,135580,69255
720575941545144508,191592,132436,124245
720575941505707589,184916,123700,187065
720575941521776631,180388,150576,23220
720575941553014938,197012,153668,152820
720575941602477241,175204,191480,98505
720575941589284350,224452,191776,141030
720575941434227854,186688,205952,148725
720575941665028220,268392,137728,102780
720575941531217848,779164,155776,173970
720575941478106420,159004,96120,67050
720575941492910823,706052,181020,82035
720575941497235072,782184,223252,62730
720575941644537957,779096,211696,76050
720575941526407390,128704,132392,113580
720575941526408414,118984,134832,115290
720575941654657297,873852,158420,75780
720575941581610873,161180,143684,41445
720575941584636629,111336,185244,45090
720575941491354057,208628,163424,23130
720575941473329728,777588,97564,69705
720575941541339490,203232,161940,23940
720575941558008996,174604,96896,69120
720575941590684926,192776,83076,163575
720575941561654131,139560,123888,92025
720575941455480627,819884,153676,146700
720575941561005427,206324,80988,120780
720575941515066188,815764,130448,168390
720575941516129859,808528,144980,134685
720575941577185384,795704,138512,152685
720575941458568432,111860,164424,124515
720575941461642707,148348,209940,40230
720575941461985491,125092,113900,45855
720575941556196609,120920,122208,114210
720575941576550543,832704,125784,139905
720575941663307576,113540,165668,78705
720575941546037593,174484,95548,108945
720575941604638649,749748,184864,89820
720575941687789807,239016,112072,72540
720575941460338151,172368,111252,192150
720575941703975386,107748,189200,115560
720575941733177899,134712,110120,102870
720575941555017438,124696,145276,55575
720575941488112134,762632,162660,40320
720575941475017056,846068,99260,96030
720575941541746381,826576,96872,138240
720575941415518609,888352,100796,53910
720575941660909904,728288,159240,187920
720575941613387494,821848,205884,71685
720575941515715651,132592,112772,152595
720575941516807770,897600,118400,64215
720575941483589827,272372,130880,130455
720575941609447789,398140,118264,242550
720575941540737010,780528,176880,109980
720575941691308952,473004,190372,93960
720575941682268861,413660,862428,248940
720575941567089908,481008,595648,194985
720575941413642268,498824,370000,138150
720575941702564314,498424,829236,198270
720575941456851693,527316,592136,104940
720575941554937572,441312,891660,233730
720575941610874598,459468,637144,188775
720575941612646809,443068,708516,214380
720575941498097481,484196,627944,203985
720575941479553987,450172,811288,111735
720575941514047697,437780,181180,144765
720575941689129199,471500,85568,224010
720575941604982462,468608,370000,123660
720575941687774683,500968,370000,130680
720575941484888250,542832,91192,123030
720575941652741593,597888,165632,64215
720575941510277842,419324,100016,163305
720575941497427425,520396,189472,118395
720575941703171802,581656,593904,147690
720575941447596366,562040,582220,139950
720575941451549562,547284,84556,117405
720575941663692344,553824,102968,203085
720575941406487726,445544,885332,284220
720575941445216170,506992,95448,229680
720575941451610951,490072,187768,196110
720575941447170836,497480,215808,28890
720575941512313042,676908,108372,120960
720575941481000134,543740,203548,45810
720575941505574213,448840,127792,108855
720575941572439709,361728,84480,99045
720575941493751166,218960,189452,92880
720575941476304177,515100,247356,96750
720575941474779444,562456,727664,220230
720575941530459851,569668,129420,80955
720575941539320213,561324,171932,104760
720575941409853870,519172,111268,205515
720575941625672505,447476,152324,66780
720575941562572544,687000,93700,137070
720575941547315060,670020,583324,251550
720575941576188086,608848,98456,179370
720575941440219967,357540,163612,138105
720575941409514414,420320,96640,197505
720575941515894627,451848,83372,233595
720575941561759789,405920,175436,116955
720575941667623923,364300,145640,163035
720575941439519573,415548,88716,111015
720575941514194385,367732,119484,125730
720575941579799417,437816,113560,167445
720575941658817816,495768,157800,195435
720575941612141414,350780,146576,226440
720575941521250227,459272,715900,177660
720575941576506216,287420,118856,192015
720575941587908164,370744,112184,225675
720575941628242745,277864,130776,119925
720575941475795306,341800,1014852,288945
720575941595811973,338632,168644,216495
720575941449124116,420712,96736,191025
720575941574644623,387264,150652,87300
720575941453671219,363952,165656,126630
720575941482918598,350424,147400,216045
720575941537030898,448076,166244,103860
720575941685059823,521632,151416,123210
720575941521279671,425268,205764,47385
720575941436894783,437420,174060,209565
720575941409468590,443952,170024,102960
720575941543713724,405164,631156,211185
720575941619042943,428096,265152,74025
720575941637822581,441432,811280,104805
720575941498613577,399692,118032,178695
720575941478334513,449804,811280,110790
720575941723385658,385424,101152,196155
720575941487516934,317204,123492,171405
720575941629322809,670020,584036,264645
720575941482004643,391360,147596,220410
720575941688870006,447768,177940,203985
720575941478080106,379232,926588,265005
720575941556471524,512568,188032,130275
720575941472510731,486780,144112,195210
720575941494860414,320064,173652,156600
720575941531236280,573036,151884,154755
720575941664169016,600088,186000,154395
720575941587218822,454956,981280,242640
720575941560559375,346996,1008896,305370
720575941551176510,487252,956276,212175
720575941528715960,581696,794256,206325
720575941409753003,340372,1100800,211005
720575941651708689,256568,205552,61470
720575941496689536,369008,1005232,243585
720575941550652159,420616,957420,191610
720575941533582723,339088,161940,203040
720575941592148075,405696,614388,171360
720575941589556791,641584,171552,115335
720575941461957828,700708,107140,200790
720575941568342130,436320,87056,106380
720575941633881029,658472,123856,156465
720575941604549622,341916,1010380,293490
720575941553514138,338740,1014448,306450
720575941661562936,350420,1036124,201465
720575941500011081,539928,748364,177300
720575941625853130,524404,217472,22860
720575941553557531,591932,67544,82170
720575941549746493,594384,75312,83205
720575941554247559,580472,825452,167760
720575941534448216,438164,630804,51345
720575941610872906,526696,217400,24525
720575941431310551,441684,634964,54450
720575941544841188,589124,824988,166365
720575941556488868,577900,825980,161460
720575941704151258,409972,941220,226350
720575941499764705,392040,128644,65565
720575941625528731,440648,822356,107820
720575941577356766,395384,106660,87930
720575941526950681,435696,817708,101925
720575941549838196,527584,215080,24660
720575941559004775,438744,217364,17190
720575941633952416,372388,996648,305325
720575941441306453,587140,114656,85545
720575941606798445,697488,564036,262710
720575941474909024,411548,190124,86895
720575941630826476,436504,218876,19125
720575941541476444,406884,619792,173070
720575941568720498,439028,988160,243225
720575941523175243,372640,1019532,206190
720575941564728727,652672,593856,115560
720575941470301047,484060,725732,150930
720575941525714276,531748,178724,209205
720575941427670356,534732,671068,244395
720575941507230268,499508,158376,175050
720575941617507797,710900,76472,134100
720575941496553088,412116,70944,83745
720575941573901726,180732,160612,192825
720575941541468365,435136,273664,85005
720575941548433588,608680,130888,221220
720575941536206424,300540,153044,155925
720575941604840950,320640,136256,66600
720575941563893858,490924,370000,118215
720575941659107864,695324,117960,212850
720575941491176142,413556,74576,82395
720575941534640259,816484,127660,40905
720575941440633311,351232,231936,114885
720575941653886449,197120,82956,189405
720575941561251310,181712,130432,38115
720575941531246027,444372,651076,51120
720575941436766752,148496,98096,141030
720575941514763473,865076,114232,90180
720575941597814172,126980,190300,115740
720575941568999538,508544,133428,102690
720575941439308255,194928,188500,75015
720575941548986913,154428,187932,61335
720575941599916188,727232,180240,50130
720575941522796535,145384,196996,47115
720575941632696480,140428,139820,137295
720575941515420881,780456,179640,83790
720575941612946921,729276,147444,74025
720575941435276430,840168,166376,101880
720575941499572642,734328,113028,74250
720575941517348499,775988,228480,31725
720575941536122049,465740,94800,215325
720575941461592589,614152,113228,95355
720575941642956664,414764,870852,225315
720575941559254254,443092,644440,64350
720575941442920283,785064,190460,16020
720575941519116467,464536,901216,263790
720575941567108722,557988,723508,262665
720575941428373679,543412,719128,205785
720575941533266698,556724,636836,125415
720575941596078961,498980,751084,257760
720575941589878327,394072,955800,222165
720575941527011353,431844,886412,255015
720575941471926592,429880,756428,133560
720575941477900930,415292,889804,175905
720575941553579748,555804,611280,109665
720575941509289232,367504,182128,206865
720575941444630442,432616,730668,153000
720575941721163834,404696,867548,232155
720575941604074174,382220,185840,195750
720575941450573481,468620,766472,229590
720575941565210263,381380,190532,196245
720575941627470188,824836,104804,157545
720575941487526541,854132,186336,35190
720575941575509096,477704,638020,89775
720575941545281928,448260,695616,242325
720575941459045958,593576,168376,191430
720575941595832177,177644,161392,84870
720575941604078782,417516,182396,230265
720575941484251590,732576,178980,77220
720575941474743136,228048,89024,188730
720575941606567102,603368,192200,163890
720575941432333193,241456,150048,59895
720575941506273084,665644,223676,122085
720575941471859776,729164,154064,183915
720575941431172311,602192,181988,203085
720575941538253298,551084,182928,218160
720575941657569048,598328,201448,203085
720575941558676004,896256,132480,79110
720575941559737380,769336,156324,81630
720575941451642461,162928,107424,116820
720575941544366109,214692,171676,83160
720575941525810507,763872,95256,118665
720575941555146375,734344,90868,90900
720575941540314098,719636,139064,162135
720575941561811315,730516,130012,83070
720575941567830582,779552,144352,43335
720575941556978003,173628,158388,31365
720575941479262570,806876,126676,147780
720575941615955097,781556,162788,73215
720575941587162758,819212,197172,21240
720575941632801762,848676,93136,112500
720575941461285190,840880,187432,50220
720575941632165602,770752,161848,88965
720575941645159525,744512,70976,142200
720575941478538289,834032,156372,29295
720575941412841899,794844,171800,82665
720575941534131331,820828,93836,140580
720575941664857724,774116,129280,46080
720575941690667672,147912,154224,101295
720575941645368914,783464,176532,57600
720575941653662741,793160,81644,117360
720575941602202665,801580,92872,140265
720575941600139456,808900,85936,134010
720575941539522034,733504,123200,138105
720575941596473637,794620,182864,69030
720575941576706998,756240,192032,155205
720575941508051479,361152,144576,260505
720575941432043657,308544,76096,155565
720575941498604513,504384,143536,187110
720575941575198459,685928,115616,213750
720575941561574927,233292,121072,72585
720575941415706260,844520,188296,32490
720575941548821684,843040,160256,34785
720575941553921086,593588,115684,156510
720575941474579754,605936,156240,149355
720575941536437475,195720,204152,32040
720575941641846815,778208,117376,65790
720575941565475730,890688,108224,22860
720575941548955425,146900,138428,86355
720575941559178788,746692,152532,48690
720575941534428248,151112,179180,99090
720575941549613885,153756,198460,66285
720575941534740867,141544,168416,129465
720575941482607046,151880,203120,46350
720575941546798516,141600,186028,41535
720575941501411746,818476,201516,18765
720575941621640575,727616,91780,173880
720575941604914878,248848,202428,182565
720575941556081380,145324,181280,131760
720575941354478896,812396,167740,36000
720575941406372976,807352,200816,18360
720575941534356965,781272,198372,14220
720575941557815923,542684,142220,20655
720575941439907602,774360,81696,99450
720575941646361208,878040,108864,83835
720575941507924062,128200,148120,86265
720575941525960217,390976,930304,234990
720575941557351844,449744,705632,178740
720575941591482920,514852,910156,265815
720575941548665480,375160,1007832,225360
720575941481036797,473800,641112,217665
720575941700434394,591920,694352,207315
720575941439017423,532704,733260,261180
720575941391081110,367796,144400,191475
720575941605423213,367164,163312,191070
720575941578634577,607692,609916,158310
720575941430842209,500540,783032,222480
720575941500904427,467780,731896,173340
720575941482762950,547024,678172,172260
720575941569063924,407772,171220,236610
720575941470234999,519504,785620,213075
720575941492506062,539940,783684,218070
720575941502037643,534472,778048,178200
720575941597149376,441252,643772,214605
720575941643005778,424992,669276,192105
720575941438429247,558788,189524,223560
720575941624093548,458076,851748,208575
720575941568412410,513972,803604,235260
720575941535066339,488708,612416,195120
720575941526843558,424320,980736,206280
720575941441007445,227636,75972,136350
720575941403026979,223244,112308,193455
720575941664063288,224576,78848,186795
720575941457935775,445260,765892,149580
720575941478303338,747808,135048,155115
720575941445151914,704784,140492,110835
720575941522873079,209896,110828,187875
720575941557112403,681280,144960,88650
720575941632314082,109616,140760,94635
720575941489668304,864356,131908,109800
720575941467421718,253664,176148,198270
720575941571081330,788680,92144,43470
720575941509154338,844780,176320,103860
720575941579600473,729140,202672,104760
720575941555685889,702756,157016,66105
720575941502291595,839844,127356,92115
720575941517744218,716760,197916,132345
720575941596552999,743708,135608,51255
720575941592522750,802064,89312,183960
720575941492066023,736428,154616,164340
720575941527228237,752400,98872,85185
720575941579902297,708952,199908,112005
720575941575393693,748812,89416,72810
720575941498198144,779536,102300,141615
720575941540223986,831064,117368,39105
720575941498766049,846036,163596,87525
720575941506070210,713432,112776,170820
720575941575082505,726024,142120,53505
720575941631061542,702448,109204,86760
720575941472617335,829072,184716,23625
720575941569567482,669340,174960,117855
720575941463148996,197848,159400,102150
720575941527929188,862544,158272,54045
720575941354386480,783464,151296,48060
720575941413424239,834464,184212,27945
720575941433455575,796716,177660,35190
720575941413699183,142592,144640,52110
720575941537953050,867080,178160,73800
720575941590204996,721232,164892,75870
720575941500780873,762084,190560,107910
720575941482481859,811860,111208,60435
720575941531826398,126900,202136,61920
720575941489135312,705312,208092,71280
720575941579512409,756676,112024,201465
720575941494144176,824460,114472,158265
720575941587892446,739656,123176,53325
720575941557790180,842728,125228,148005
720575941452134734,818636,98704,97110
720575941641641759,849264,96972,159795
720575941689891702,183684,92916,181170
720575941540341909,802492,116844,108090
720575941555606811,811992,184936,83160
720575941566479879,173732,138176,29475
720575941626638956,765888,127140,145530
720575941626218954,738292,144552,69525
720575941631276326,843640,187528,58005
720575941547911100,752212,167692,93600
720575941467541334,116004,168852,109845
720575941402534947,131508,175552,91890
720575941439791916,795044,91080,101925
720575941612532810,847368,93832,159165
720575941606464702,587960,95876,79470
720575941553640051,761552,134752,36810
720575941394340356,896432,81400,21555
720575941575636987,523108,204144,24075
720575941479972970,904916,62488,23355
720575941594283560,162972,168184,65115
720575941561560046,704484,142352,190710
720575941562090611,144148,99156,129105
720575941633530604,875396,166828,49770
720575941656949460,842328,83388,156195
720575941484648646,871676,95476,88200
720575941515567436,839700,92068,172710
720575941517428314,713432,214468,77985
720575941565928551,131788,138844,101295
720575941631257894,683992,202924,112725
720575941440719327,660592,179972,110160
720575941461040595,673512,178584,172035
720575941492836300,646316,204908,127260
720575941553550931,734664,159916,162810
720575941520706158,695668,137040,167760
720575941634299808,756592,126752,108720
720575941447962205,672120,238668,82350
720575941591626859,146300,198256,72045
720575941569199354,261008,132060,131715
720575941626151737,259052,194396,192105
720575941569337714,150176,230140,85635
720575941613884435,137628,149132,87660
720575941562362002,223644,177556,37350
720575941549596296,282724,170528,143730
720575941504407100,202960,162772,189900
720575941557132708,251788,204644,59265
720575941448541262,191864,165964,119835
720575941524385783,258148,179488,61020
720575941415657108,229732,132640,194670
720575941605834605,217920,144748,125910
720575941627193145,589912,824800,168615
720575941662141496,240568,118164,96795
720575941498025122,249856,154416,188055
720575941448556110,263864,210944,49410
720575941497981346,202368,172188,167940
720575941551991175,237092,132808,146295
720575941502854194,245976,130936,158670
720575941721290810,138248,169308,109620
720575941534195393,262096,206212,182160
720575941460554896,227304,172848,48915
720575941618721151,162200,228720,85410
720575941554494948,241024,141352,120510
720575941533355498,187024,92388,132660
720575941601688105,238948,136724,166725
720575941679356349,207044,114360,191025
720575941514734426,168000,196608,151065
720575941602182585,243632,171660,181215
720575941451667881,262192,127348,118845
720575941458295536,310144,195360,128925
720575941624015818,138060,193220,121950
720575941533208754,129832,157108,60570
720575941501775154,199860,173756,87390
720575941351178288,187340,180328,93240
720575941577633128,242984,127364,195570
720575941530550712,204924,92740,79785
720575941689728886,663276,102536,124920
720575941559407405,129808,222364,90855
720575941437536575,251448,200988,50940
720575941524799490,173344,148884,6570
720575941686725388,177896,212300,40815
720575941499722875,232252,218228,44055
720575941515589708,305424,171640,130500
720575941564508840,282616,187240,119790
720575941587196471,208420,195228,66465
720575941547957565,219256,190732,68670
720575941446213908,310356,204712,89730
720575941559882734,228400,158432,66645
720575941448360029,169908,101800,101790
720575941640936309,230424,97360,142695
720575941644494200,213220,165556,131715
720575941552492862,210172,182272,130860
720575941656714969,321840,198788,109215
720575941638915359,235452,96080,105750
720575941452000334,263580,204616,176670
720575941466906134,630476,145980,102870
720575941702892250,720172,99944,145575
720575941506514757,591256,147080,212310
720575941574766518,218888,189504,97155
720575941437696288,226964,178640,72000
720575941558641423,189764,103548,66150
720575941547544609,192584,192392,101115
720575941435278624,141616,113104,150705
720575941506441751,491916,102976,148815
720575941490494414,163036,106900,150300
720575941479222435,279984,155380,147420
720575941679519933,263104,98496,197325
720575941541217309,276480,131520,64800
720575941588032990,654984,213116,80145
720575941604947446,707236,150700,144045
720575941625327612,708472,162360,89865
720575941418245148,734540,147176,40500
720575941432945166,169916,106348,86040
720575941579563865,485112,148336,200565
720575941538892776,111220,127020,45765
720575941536094952,183708,107348,92970
720575941498324130,158376,207428,19665
720575941537599125,147264,222720,31860
720575941597172928,155896,115120,88335
720575941465492310,156964,144044,185715
720575941561809902,196256,176468,30330
720575941404359024,406460,115016,153405
720575941520635308,214548,139564,158625
720575941506969694,179200,223232,144045
720575941436425614,161596,200896,136485
720575941496999547,160192,155200,8595
720575941560020525,186196,146892,194490
720575941553624474,371840,1019528,209565
720575941539261672,254836,147624,102915
720575941568474356,226196,183564,135495
720575941413923476,154100,192216,30735
720575941516999514,777088,180852,121995
720575941580263249,795444,108524,145080
720575941516812890,844212,134624,98640
720575941525028683,211264,149432,36000
720575941561345651,757908,135348,119475
720575941526513741,129356,116688,134730
720575941561178094,763720,102868,207540
720575941435865998,717708,104436,153675
720575941530436280,754408,197260,22365
720575941512016144,866272,84836,118890
720575941354283824,846324,113500,180765
720575941607880557,808452,131872,37125
720575941530190079,156212,176796,17955
720575941537185562,133440,99480,68895
720575941594243947,164392,91544,102555
720575941567614823,825216,173184,22950
720575941472963339,809788,182052,27990
720575941613591142,765944,128124,182250
720575941663170872,192516,82060,161325
720575941546275516,156152,107868,65970
720575941482500431,159580,103308,176265
720575941605679806,120844,180636,35910
720575941633547451,141216,103804,124560
720575941354468144,210516,78988,148005
720575941611736138,132040,119808,67185
720575941509357090,879488,120452,39870
720575941536119218,875648,158700,49005
720575941453907783,802060,124020,194985
720575941548101308,740236,135652,50265
720575941516433667,130744,124624,64665
720575941555952794,823240,203868,68625
720575941522790839,254580,177540,47565
720575941462876868,729172,155248,177525
720575941561955699,464288,720864,108540
720575941543158045,423744,174708,176355
720575941608733673,490780,370000,128565
720575941722210362,541328,247424,119790
720575941527210680,513928,596808,127125
720575941547763060,505440,370000,122490
720575941391038358,515748,125620,151515
720575941731338027,173596,216764,38115
720575941570344186,539820,128844,198495
720575941567552500,613824,220160,97695
720575941554107546,595148,95576,179010
720575941646003064,475108,150360,194535
720575941598431388,613504,171504,220410
720575941432036233,536904,193356,199395
720575941645206904,613168,123376,214785
720575941549987444,564552,606296,141075
720575941625997420,491696,124052,195165
720575941491211470,545028,138324,228735
720575941722115642,480764,156832,168165
720575941520145591,552944,188248,83205
720575941498625403,494480,180728,202905
720575941644359544,539376,215784,150345
720575941656130840,500020,161228,84060
720575941555472612,588680,142672,224775
720575941625035516,515496,116940,97965
720575941436291360,556036,140052,233235
720575941443175887,528064,780780,200115
720575941550686241,563604,59124,188505
720575941488114498,727520,204852,69930
720575941479495648,574084,142880,221850
720575941572851087,573804,630396,187245
720575941577333352,573136,175936,162090
720575941573468667,432584,224388,107235
720575941459722963,444592,244824,103050
720575941442978139,594492,159008,136620
720575941599261340,564096,94500,108765
720575941508671105,527368,150012,33255
720575941669097137,613932,137868,220590
720575941502306498,420144,164224,179235
720575941528645030,417296,127688,206730
720575941627144138,356100,137592,234045
720575941487122896,296264,99072,129645
720575941518556851,474696,160828,210420
720575941515320131,439356,196336,111780
720575941490648117,383452,122752,113850
720575941527245496,430304,736832,144225
720575941456396959,491008,583040,82710
720575941593761131,300908,114984,178830
720575941573911965,374636,195604,123210
720575941490674229,436824,108628,183060
720575941565333511,341688,169384,212265
720575941644353618,390676,134252,144945
720575941476281147,349168,163552,105165
720575941504126258,329816,89104,177750
720575941434197774,322484,138836,229365
720575941457923824,342024,165728,76770
720575941623484156,355496,158612,73215
720575941559371502,442840,81976,190125
720575941536094913,395940,172416,129870
720575941546182917,428520,138792,150300
720575941577655797,434200,106740,210735
720575941469969629,430140,108192,206775
720575941507185317,433680,50316,164340
720575941551151615,385132,200472,77535
720575941448523540,394484,1002448,258885
720575941497358409,272256,95872,197235
720575941516856280,670012,578684,255600
720575941410208111,670016,573264,251190
720575941440823007,670024,576340,263295
720575941530097848,509332,192536,150570
720575941553375003,313852,125564,119385
720575941703270618,332832,133896,216765
720575941661510456,348872,955636,279675
720575941476495646,491332,201176,184725
720575941597870272,533848,138172,234405
720575941662655032,541096,226464,116190
720575941468801302,412340,123756,223245
720575941502821355,602204,191380,111015
720575941462810768,323632,122404,244935
720575941405007984,383664,122696,206460
720575941437730834,654476,169452,213975
720575941687217014,418752,235572,111960
720575941407527471,340424,1012544,285840
720575941525745485,406128,127556,235440
720575941472470539,661148,111308,155250
720575941407047471,248716,145256,105570
720575941561320463,140780,188648,35865
720575941551026548,677160,109276,109485
720575941470936896,388680,125268,66195
720575941507207077,647824,156804,188370
720575941576436918,431708,216352,17370
720575941552583167,339892,1012712,291285
720575941626772281,535148,161816,145260
720575941599049920,592860,66140,89145
720575941702161370,441500,630332,50310
720575941663763256,342408,1084084,212265
720575941411694447,574140,825900,166815
720575941408209455,433980,217880,18540
720575941448851220,594560,89296,73620
720575941431759241,404436,122608,80010
720575941531085240,578960,825168,173835
720575941505000386,390436,150304,57465
720575941584950150,575916,825976,163755
720575941475925278,504576,170084,49950
720575941654659796,588688,69728,85770
720575941507430178,523704,790876,177345
720575941502717931,367940,1019528,205380
720575941400899875,525044,211696,22050
720575941604988350,451812,992532,241290
720575941526958180,586580,66296,87615
720575941687784566,609720,80696,115200
720575941516093612,610820,648288,279135
720575941404916848,593632,68200,87930
720575941512929489,479560,87276,142560
720575941546187956,434880,218600,19125
720575941688066799,591048,89820,85500
720575941480218959,458308,879900,266085
720575941534106968,436836,632776,53370
720575941528999352,514824,217020,53595
720575941477227073,508484,831192,280350
720575941566193303,638784,622280,131355
720575941588710021,657136,614240,109530
720575941652758289,637640,625116,127125
720575941505288252,649400,615308,120150
720575941589434110,235408,167700,167625
720575941498133321,373516,975360,216675
720575941518678894,397504,960660,301905
720575941578686033,450520,644652,61650
720575941625283018,415184,71948,79695
720575941536739265,387936,136248,211770
720575941570049012,671048,118588,195390
720575941670332634,665764,605176,103770
720575941557486244,451280,182304,56160
720575941608655469,284516,124432,183735
720575941569523450,638124,155740,235620
720575941482344899,516384,69504,230130
720575941460332191,551076,175808,128565
720575941566225250,686464,89792,130185
720575941536968458,641796,128048,214560
720575941536149224,171904,144576,17100
720575941661019704,133440,193472,143280
720575941414913681,663816,171960,204885
720575941518546579,651052,176376,77040
720575941523553527,653380,166616,163980
720575941496628679,560528,696924,185220
720575941561024238,573464,157936,155835
720575941557235428,611072,158720,258345
720575941668526067,547652,645748,142020
720575941573480862,594660,127228,233505
720575941580204153,611352,639836,220095
720575941549037748,197176,104824,163530
720575941476594491,769580,133636,118755
720575941478235678,651136,143296,259020
720575941524092151,864376,178832,36585
720575941413552276,437904,810992,104580
720575941476783419,900300,90336,68130
720575941530331780,396124,704704,178065
720575941440092735,184124,81512,128385
720575941600015004,162792,210752,54270
720575941669319857,166532,186224,96345
720575941429424212,782044,180976,17820
720575941461075411,130376,202336,103500
720575941532434891,844776,195988,34875
720575941573834235,121216,174708,119700
720575941410832043,176292,118844,152055
720575941490884814,727888,153440,49185
720575941471007863,785320,152516,129645
720575941567112758,861660,176040,99540
720575941656688340,860784,183584,59085
720575941581626613,790560,144980,57465
720575941633178348,788444,148392,119385
720575941688411355,461872,963976,255285
720575941468894219,583868,561052,131265
720575941480130946,486720,846848,190575
720575941553991998,422384,930984,256005
720575941507218014,493356,910008,282735
720575941684921583,513552,741828,172260
720575941593245297,503020,692908,207945
720575941413893148,470612,725024,116325
720575941429466839,479168,739392,257625
720575941500951383,516628,658892,196335
720575941492197808,434600,953920,255645
720575941428279544,565184,706848,187425
720575941501886146,483244,796924,195930
720575941509461776,445196,619400,168930
720575941474202410,376772,133564,182520
720575941651867669,470736,572192,147555
720575941476134705,372304,923436,184995
720575941543635461,535316,664376,197865
720575941638680437,550860,777192,190035
720575941651485205,593988,189796,228420
720575941426691924,390124,894636,221940
720575941546723208,573612,77872,172395
720575941569138938,585700,171716,204930
720575941441228735,549168,634952,216270
720575941608817261,859948,194116,44190
720575941438613215,474148,864728,198405
720575941543673349,495604,737520,178200
720575941641492818,448888,758224,147555
720575941449147258,441204,780200,99765
720575941561120115,223260,99884,81270
720575941442679231,739072,139760,109755
720575941451484253,876720,144528,35190
720575941566293863,156732,220244,31320
720575941438218207,180224,237120,89505
720575941606281150,703360,144796,128700
720575941567932726,730920,198264,60120
720575941499299553,789004,104336,170415
720575941415981204,904860,101392,103320
720575941581652089,860224,135372,94500
720575941461725907,760284,131188,112095
720575941576575158,697472,222560,79830
720575941543572509,731212,185060,65385
720575941561524595,751488,185664,172170
720575941476295722,774336,64320,126225
720575941663856696,755796,161964,128385
720575941409862830,205056,148668,85140
720575941547897020,791228,110640,126900
720575941452820090,868736,160192,22455
720575941516302851,743496,160280,133020
720575941536424792,801552,176632,57240
720575941440509247,810388,142640,152820
720575941579948121,821820,125232,62100
720575941627019675,876060,130656,52965
720575941500629729,792896,153528,108540
720575941463003280,782452,109836,59985
720575941537751066,791580,100108,166680
720575941669254387,836068,146308,115245
720575941576456713,858164,87808,52875
720575941576855183,773088,146132,104220
720575941484079034,771912,188168,129330
720575941442379967,809084,93336,75735
720575941537304257,253072,188244,204165
720575941463047891,238852,134684,26505
720575941608157293,770728,91964,138105
720575941492154313,719636,135236,68355
720575941575668893,869420,152884,25065
720575941492088009,724692,180492,49140
720575941536475992,775604,95064,202860
720575941633730540,778592,118544,185535
720575941590128196,852296,165492,38430
720575941405383024,164688,118604,179055
720575941628869433,575424,238464,152910
720575941497754567,898228,99784,67095
720575941473524544,401392,184208,137160
720575941541711741,856156,93844,118620
720575941458008045,841132,102244,91575
720575941500034785,801592,107512,84195
720575941516816643,791280,202388,57825
720575941605001657,474452,600016,67725
720575941509863297,701296,163584,172935
720575941482869583,201360,188240,25470
720575941620804716,802272,117696,34155
720575941612435945,167408,138880,34515
720575941569471278,636164,73248,112320
720575941569664114,413424,187664,168165
720575941575841206,850456,130260,67275
720575941431879383,329692,142320,226845
720575941579168593,115792,190028,62820
720575941688134412,156220,175920,52650
720575941538800114,162036,202092,132030
720575941660384280,846260,150116,116640
720575941550380605,659092,169132,102825
720575941549479284,109680,171392,96615
720575941515399779,754832,138008,110880
720575941633422060,723524,114380,175545
720575941690490843,743564,169508,119430
720575941392633604,788376,173656,131850
720575941631150060,613680,102484,82080
720575941659208216,751408,98756,86850
720575941660152088,255140,89156,139455
720575941549471112,780388,100024,54720
720575941533258689,549112,641084,224505
720575941501041643,525080,622980,209205
720575941613458396,562980,761568,184905
720575941450872698,457684,616600,141210
720575941567139630,492924,799820,245655
720575941441206207,526052,646588,203715
720575941470243959,526160,756336,177390
720575941541774621,527096,766484,183465
720575941494984647,450824,761676,192375
720575941529816504,600008,638644,109665
720575941534733800,595184,591360,141300
720575941492463486,627440,624200,164115
720575941436692031,516764,672612,204165
720575941499414155,506560,772576,178425
720575941567123444,449116,814288,241335
720575941519249624,515512,834800,234360
720575941572811663,527744,759828,200745
720575941630748859,505168,729856,252855
720575941545469832,356992,1000768,282555
720575941459558800,556116,761300,193860
720575941526271513,600076,177204,208170
720575941522802423,599500,189516,215820
720575941407598127,474516,733108,122085
720575941540185213,429132,719872,172215
720575941570746184,605720,767632,197190
720575941440622171,411668,925240,257535
720575941534912344,421696,853920,255420
720575941507228545,574092,679512,233370
720575941432274903,380232,931740,175635
720575941538786275,129192,135232,53325
720575941395123350,821372,179936,12825
720575941478700256,281856,161536,62145
720575941484787386,739064,133128,88110
720575941522628531,243820,119608,148770
720575941592493566,751832,141264,68850
720575941509864321,144168,179668,159345
720575941393650692,692416,131328,154935
720575941541548124,414104,170280,219015
720575941658862416,388108,183956,225090
720575941549767969,766004,128772,100935
720575941576814479,758360,67984,134235
720575941585998431,829172,145508,112320
720575941441705557,723284,137480,68400
720575941589056766,220520,136272,38790
720575941532495333,125080,96380,91980
720575941508752965,746132,99384,173115
720575941602093865,913572,105928,22905
720575941538090984,737928,164256,137385
720575941613237734,212476,108660,155565
720575941574946376,847524,177256,33075
720575941515689539,777988,108876,78750
720575941558221476,829216,156048,71505
720575941565765522,804272,215356,76320
720575941515496012,770880,152912,102330
720575941496367303,811008,85732,73935
720575941540543637,738256,104908,71370
720575941491623221,731208,97440,181215
720575941453407866,777716,203400,70380
720575941591488823,760408,213976,53775
720575941536729610,131104,96692,98460
720575941517202179,793992,98900,69525
720575941515200977,780608,62208,127215
720575941563187501,794460,155128,115380
720575941564798632,750556,209712,73485
720575941575872507,247288,132276,54495
720575941508538391,723016,126432,176400
720575941660257104,805736,96904,128340
720575941454268999,745068,115728,176580
720575941596195286,405736,107940,114300
720575941582421246,837532,131532,21960
720575941463492020,704964,223684,130455
720575941518959320,441952,183408,149040
720575941591466295,849580,85104,97380
720575941556078746,657840,178048,150570
720575941525148749,249332,136304,174015
720575941692463835,903596,90996,13905
720575941491440871,264876,178772,75465
720575941651625233,154420,143544,3240
720575941721428026,309548,189652,106200
720575941572384776,230296,142196,164745
720575941602014505,239884,138004,120690
720575941544222237,673500,205596,75150
720575941652887257,649480,204316,129105
720575941534221594,600440,217488,134415
720575941558007055,182020,185828,93960
720575941592349182,750348,123676,79335
720575941591447351,715676,194292,169785
720575941688325784,726288,198488,103140
720575941547258401,615480,180504,162855
720575941685627887,167868,224256,47385
720575941551331956,122456,143916,64710
720575941580516217,257316,87588,146610
720575941493199042,634148,630792,130995
720575941409951915,224116,163760,79605
720575941394670742,224240,209920,137025
720575941475292993,316448,199052,128655
720575941649972757,196792,173020,29070
720575941608405066,457472,788416,120780
720575941479974735,184632,172064,125820
720575941594475303,122976,152748,94140
720575941660603928,208448,162532,87975
720575941514694803,220564,124848,189090
720575941564949607,228816,136960,196920
720575941500241633,179836,87540,154305
720575941480067523,236204,202024,143325
720575941646288504,230660,122844,200655
720575941593394725,210656,227724,112275
720575941643336037,223472,143904,153000
720575941403173232,211500,89440,145530
720575941593570597,202672,151340,148950
720575941566503470,247608,133264,61155
720575941448339293,243232,162212,188370
720575941448412085,247936,247360,92520
720575941515051619,198036,192924,148725
720575941652487697,115704,148032,82530
720575941406769711,221212,141788,61920
720575941540535388,234448,196344,78255
720575941579321333,116456,147304,76050
720575941546069765,153444,211900,56745
720575941575525883,218964,145100,74745
720575941478625922,173996,194852,118035
720575941468806934,222640,197088,34020
720575941519209395,141272,133284,127980
720575941513977946,217584,194948,124020
720575941609437002,279100,150152,128700
720575941502168407,243908,90196,192825
720575941590994572,235744,107444,144630
720575941564730112,403472,117076,221940
720575941438004268,280716,161712,97155
720575941573790622,225272,228764,112410
720575941596827840,297568,206312,113850
720575941537098645,183216,190300,85275
720575941550215167,240068,213768,77355
720575941561283599,165316,184236,161190
720575941498671995,196788,103064,193365
720575941637499253,259136,197676,102960
720575941603783158,208736,133948,77535
720575941492565964,263016,226296,112950
720575941440206683,185164,167340,159885
720575941520269272,563728,114112,119160
720575941475798577,308552,185400,94770
720575941688239884,175696,179628,133155
720575941516511660,302332,208072,128070
720575941690252184,160808,141836,93735
720575941485941254,124692,109060,145350
720575941664914044,727956,144312,88875
720575941563779991,217488,109060,116235
720575941443359183,221312,67644,106695
720575941573614587,274816,109248,181215
720575941541886589,698944,158764,79245
720575941651102961,711792,220800,61695
720575941557183233,687528,189744,105300
720575941583083871,152960,125632,20925
720575941470024715,202124,156904,131355
720575941525459300,192168,135492,173610
720575941541739981,187636,146508,44055
720575941505578519,165636,145628,40635
720575941625541531,146836,167648,146520
720575941408219439,151052,109524,117000
720575941566482439,179660,100452,108540
720575941572094110,131052,214080,109980
720575941672563111,645376,206784,148230
720575941498335394,173784,123648,124920
720575941441195743,197700,137320,68535
720575941472985207,156356,221336,102195
720575941629910242,169612,225944,64035
720575941724904762,188876,123668,145485
720575941507036962,286384,210288,76500
720575941531207397,180756,171276,28935
720575941504796732,167756,189412,24705
720575941481762557,187700,195732,75960
720575941662320508,169024,190976,166095
720575941452868679,609752,65740,128025
720575941562776210,171652,218584,31095
720575941489557705,184676,165532,143550
720575941572993096,169148,203504,49050
720575941536195560,200544,130436,66015
720575941483050435,251508,97616,197415
720575941483842758,880504,94668,119115
720575941582286457,113672,134412,82755
720575941607891565,818728,136704,154800
720575941541138893,794880,187576,34740
720575941559540181,137452,119376,66240
720575941553300030,149304,196660,18765
720575941554226311,127152,142128,42120
720575941653874961,767896,82804,141390
720575941544038336,211940,96452,133380
720575941538594024,277184,189044,130140
720575941505838274,121168,105176,65745
720575941442827455,839136,189920,56295
720575941689905270,720160,191360,48195
720575941645739128,121796,117220,125235
720575941505939650,857616,92456,32490
720575941652709653,200176,134944,58500
720575941529158054,873260,108200,49815
720575941507428773,244172,130016,197505
720575941516638810,186784,118208,75060
720575941724938554,164848,115324,144405
720575941540818325,195736,125160,204660
720575941561646318,836708,212424,53235
720575941453062778,803760,125572,147870
720575941587471582,498048,370000,121365
720575941722224186,484704,370000,123075
720575941603871990,506908,847204,232020
720575941552017663,547028,241128,66645
720575941633863355,553008,653168,169335
720575941483506618,491612,727784,131310
720575941493128935,459000,897680,176265
720575941722174522,607744,633044,236520
720575941552203930,378836,870760,252990
720575941431577007,507592,588392,194715
720575941551911935,464228,670360,205650
720575941458473965,539972,596532,165375
720575941441928539,605652,185740,124110
720575941626793017,389188,235936,64395
720575941446655252,495088,612820,163350
720575941452918394,360228,159316,144450
720575941524380235,376096,132676,143910
720575941658829080,451744,190160,176355
720575941432524046,651744,168384,125145
720575941439805013,377112,202152,121410
720575941630286306,643872,150080,244215
720575941610296650,545628,140484,41805
720575941485181136,549664,603012,142110
720575941565634606,465712,154212,192195
720575941486595906,464592,150896,69300
720575941620010111,637300,106148,218295
720575941630252002,538224,180636,166770
720575941519179480,514408,897236,256140
720575941401716003,447184,122004,161595
720575941700779226,485580,134556,207360
720575941503882327,589260,146004,231435
720575941531003621,543088,188004,81495
720575941485747718,524112,80120,191925
720575941644269650,355388,154240,108360
720575941662748796,501940,74292,226440
720575941612288614,519960,122648,225495
720575941504697794,576136,117432,267255
720575941482098618,538356,129748,159255
720575941512718546,601832,165164,220455
720575941436112160,695072,117892,162225
720575941501358219,531320,140300,240435
720575941392807428,322848,126104,208710
720575941470016221,412988,76852,191160
720575941457762029,606128,148004,246735
720575941610969162,445616,160984,236340
720575941654533393,452648,86292,241425
720575941730689835,491200,156068,167400
720575941478645583,495544,151856,196425
720575941490072014,514784,135384,185130
720575941472083063,469672,180740,176670
720575941415486356,438772,143828,198675
720575941618300629,453464,81472,239085
720575941448441166,450380,127772,83115
720575941614688153,454928,125408,153315
720575941643315538,314844,127052,166770
720575941589983300,337856,111112,172530
720575941595785174,323760,168860,200880
720575941499850914,295268,164348,207990
720575941528277380,387328,189236,82215
720575941452916602,333824,123392,256590
720575941507253527,338648,156700,155970
720575941492221644,411480,106956,130365
720575941511546578,387856,188992,74970
720575941478057602,412524,93124,95085
720575941546063721,402812,156692,121680
720575941594510705,446076,114616,126000
720575941604903353,373448,142588,100395
720575941527795366,466864,149520,37845
720575941399364899,440460,811280,105030
720575941625418634,313756,128472,169695
720575941488639182,449416,811276,115020
720575941440375637,579884,675260,195390
720575941536351576,296768,139340,122265
720575941573724168,340840,167908,210645
720575941655183577,430888,161324,222075
720575941632513952,481968,192340,188865
720575941456796397,346028,124248,196020
720575941595829381,510452,256208,99315
720575941520463576,324800,131140,128880
720575941549519649,299072,145896,222120
720575941654594009,459544,181700,131040
720575941351530032,445236,978780,239985
720575941575801501,431748,132544,235035
720575941519658884,471048,963592,208755
720575941603875006,503580,122724,188910
720575941458314822,517232,127032,48375
720575941604343334,409428,630936,171585
720575941564199063,335580,1065392,206055
720575941589762444,247244,193388,57600
720575941471032075,228620,208964,63000
720575941463546125,564532,766644,189270
720575941461511123,414016,171320,206235
720575941505118658,413664,937776,185850
720575941669080051,437272,964472,281565
720575941633870277,333928,108296,226395
720575941474153312,401012,101056,252495
720575941581009273,487340,173024,187065
720575941627117164,339320,97188,160110
720575941596358437,581768,175952,123750
720575941411438251,647164,102276,187290
720575941563219858,588692,89948,71865
720575941533382629,353596,1015116,306765
720575941722498874,601480,72504,86760
720575941560641262,441120,987988,237330
720575941669908145,432336,934384,188955
720575941470969664,434508,174984,24705
720575941527692290,436856,136652,22455
720575941455065907,590224,69988,88560
720575941454683305,110464,114348,135180
720575941643680594,459604,957476,225180
720575941448820149,535008,203220,18135
720575941577071286,492088,324352,157410
720575941573778077,586708,598184,94455
720575941440349887,432032,936136,285975
720575941545591657,413952,72176,86580
720575941620213887,585860,74880,81585
720575941658109008,554908,153636,7380
720575941392711684,362664,1019532,198900
720575941477639745,413084,77268,78030
720575941578443097,435488,903720,262485
720575941638477429,441400,120092,86355
720575941653205265,567284,83024,78255
720575941687803766,448344,989220,228465
720575941563793554,443056,987956,232695
720575941517802412,439812,647660,66195
720575941690622360,347480,141728,250695
720575941546279860,451748,651928,48735
720575941594463851,413668,74144,83025
720575941602782137,364776,1010736,291555
720575941460058309,203456,197148,61110
720575941462868749,539128,692008,187020
720575941486038082,431744,625408,191610
720575941463599760,588096,106452,225495
720575941567874358,665344,129024,83520
720575941669764017,523672,216932,22230
720575941408836911,633700,178204,216810
720575941560306447,678784,187392,186615
720575941575605917,682048,174848,198360
720575941507068229,671232,144564,215010
720575941467453462,552528,597072,149220
720575941434192910,268928,121728,212715
720575941451625806,669824,132096,250380
720575941565403794,850108,90516,59625
720575941440861407,233620,217880,41310
720575941443214287,586704,153088,148860
720575941596309617,753488,158976,50310
720575941487666242,550144,799396,175635
720575941522697395,784940,111908,194040
720575941451924814,207056,144208,86580
720575941472882187,685472,212416,135945
720575941480529571,123132,205588,47970
720575941467357206,861052,120048,86040
720575941477141022,184272,111856,164610
720575941690540952,124500,168276,119250
720575941585650566,790700,153800,97425
720575941413720431,776492,212764,42750
720575941504181442,814828,125868,121950
720575941561240302,838988,106748,126225
720575941540068301,771604,141564,107055
720575941530271160,725060,165208,184005
720575941640251679,782992,146540,109035
720575941471299083,843500,148508,90585
720575941597145457,722900,150092,50310
720575941557188516,780228,203456,12825
720575941671601841,757852,154080,171315
720575941558426532,811676,123364,79065
720575941479127873,867544,177572,63045
720575941472950135,870488,147224,82980
720575941432473263,143380,191752,30735
720575941619865727,464952,930700,215325
720575941438469650,542944,781956,261000
720575941477693408,404908,911904,241965
720575941524962585,499044,775956,233550
720575941390135044,493300,621632,208980
720575941457073478,496004,648288,198720
720575941588018942,509828,715560,244440
720575941351912752,596076,572288,135090
720575941546638625,528340,655308,158625
720575941531450853,588404,740976,224370
720575941607586157,568768,762088,172125
720575941519993527,532796,635440,148770
720575941626062956,509192,744088,177210
720575941562458887,504060,639532,117225
720575941477668320,438872,873756,251820
720575941589513470,371088,191292,201870
720575941431091081,565696,184128,237060
720575941578771537,382704,197816,204795
720575941430321166,513324,704336,232740
720575941511369938,592408,190944,231975
720575941563335478,442160,695688,226530
720575941501944514,412532,913880,197910
720575941503141867,567092,173340,229815
720575941556621139,599176,189228,215010
720575941623130314,473872,601072,172395
720575941559370285,493128,621584,209610
720575941657552464,489844,928684,219420
720575941414326673,460796,909704,189900
720575941595051627,808616,196692,84915
720575941429447252,216316,115980,67230
720575941513293146,447792,757692,135270
720575941504788037,415724,175472,213750
720575941455967213,396528,173852,212265
720575941528850086,207404,218600,131535
720575941520727662,764124,160144,50085
720575941433083745,842688,132500,153270
720575941627728492,745796,191940,36585
720575941507768645,723780,191556,129825
720575941499342305,732464,201524,49815
720575941604119030,734928,206412,93780
720575941456379443,214256,110192,186885
720575941505004082,785088,144232,84870
720575941544517149,201164,145200,166050
720575941601787177,745948,199228,55395
720575941561634831,835868,80640,97920
720575941580949841,719772,194008,69165
720575941484754941,732608,200248,50625
720575941536215640,735128,134560,60705
720575941499504457,719380,111092,86175
720575941469436438,173560,109296,108225
720575941566403223,839596,152964,110790
720575941690559451,727076,207852,32445
720575941487798534,736196,172400,128160
720575941704192218,752592,102148,66420
720575941576349705,775216,190208,106560
720575941554651015,156612,191520,35955
720575941538908131,873228,93176,11655
720575941505372503,785396,219872,26730
720575941733964331,842496,186884,69795
720575941634629792,732688,130488,169695
720575941451119197,704048,226596,67005
720575941441856085,813096,96216,70695
720575941600378560,832320,207424,24885
720575941624963324,799848,168652,24030
720575941733404715,821736,88872,132975
720575941439795775,751092,79724,122265
720575941587080926,773868,172604,68805
720575941462717907,855612,130604,56205
720575941534796419,724392,91808,174870
720575941442093659,779944,101688,90225
720575941724738362,803076,116004,49230
720575941575993865,738472,142600,50310
720575941467273302,750384,117100,166275
720575941540884605,765548,108064,102645
720575941463061392,690372,210528,62370
720575941492559310,799984,111876,47835
720575941669664755,842728,152288,113310
720575941442461391,730416,202340,45495
720575941570611450,750540,197892,156240
720575941509617502,764352,88116,69930
720575941723827770,781852,168240,27450
720575941620514687,747596,106524,93960
720575941529649540,757312,233536,82440
720575941570481396,757844,189524,30150
720575941408236974,139408,199136,24255
720575941509769250,798200,183780,7785
720575941605062585,756472,199408,50940
720575941724837434,838324,109968,75015
720575941580655185,290048,87616,200160
720575941574116859,272768,74808,155205
720575941464635661,690816,112832,230580
720575941625300682,471900,370000,120285
720575941533107685,413836,71068,82125
720575941541669325,438272,109184,262305
720575941487571778,335632,136992,131985
720575941416238612,397440,71820,99225
720575941430047369,164552,102228,102510
720575941492122062,484188,126936,210780
720575941458776816,329812,1018996,307665
720575941426382676,313888,121600,122535
720575941644359032,147952,202888,72495
720575941723009850,171280,206676,85770
720575941639129461,145200,222012,77670
720575941479934944,124332,209736,74880
720575941490974156,730124,154444,47565
720575941462045072,107268,183344,98595
720575941575738294,121776,223164,91305
720575941496264832,695224,229760,68490
720575941547844232,181448,128088,93600
720575941536282906,156492,202780,39420
720575941490531017,735092,189592,106650
720575941557201828,824688,145820,30780
720575941473398592,775916,166344,19665
720575941645640018,809384,201760,11655
720575941393312662,795060,203180,58635
720575941515221969,833600,110352,135720
720575941567938102,818080,158248,20835
720575941611918765,395508,919376,253305
720575941603004406,371212,140984,178740
720575941551622023,438928,669560,235215
720575941558256173,543208,734344,250785
720575941479474818,517868,803188,251775
720575941529821368,406800,877496,191925
720575941642472865,549184,746376,215685
720575941436943071,346560,995712,257715
720575941575420559,423664,948928,262485
720575941630831008,440672,573464,104895
720575941592865576,460492,621476,105390
720575941574024808,484920,591468,128070
720575941439366975,421032,885432,218745
720575941545509737,562400,728140,189045
720575941532810072,414820,183100,232515
720575941623454875,401320,906856,200160
720575941559261555,451280,705896,253620
720575941546719265,442684,847716,243135
720575941454566451,422316,182416,221490
720575941551598234,445104,663136,241290
720575941623326572,431828,713700,225810
720575941486961872,355716,175584,225945
720575941501051627,441676,631848,110340
720575941527547748,765848,110464,60795
720575941436966798,726228,86076,144855
720575941608429386,440376,619568,107955
720575941540544242,457576,618048,149895
720575941437547552,849676,106236,109890
720575941515331025,623808,193088,96165
720575941575819421,739760,177456,36360
720575941559548964,209632,183380,35505
720575941566767255,776732,178824,73485
720575941540378354,715640,199288,154710
720575941520483244,744052,149900,184905
720575941458895775,756152,176660,166050
720575941453255849,182316,107148,166815
720575941641869599,133104,167008,49590
720575941436304672,206544,106072,178830
720575941451622493,772712,106168,165330
720575941523047927,717348,194080,145440
720575941484233414,749756,177496,30690
720575941555871898,727316,244740,78795
720575941506243378,754420,154004,187020
720575941566956135,791100,121688,58050
720575941476358193,153752,156092,93555
720575941579840857,239288,158596,75420
720575941691166683,866972,80356,46305
720575941434078734,811732,181856,94815
720575941408617902,118744,97428,93060
720575941473466688,748504,83496,137925
720575941669190899,823776,151028,13365
720575941553634110,781872,179388,18540
720575941512483538,735676,90364,181440
720575941536786776,715476,118100,139410
720575941561460718,771228,91872,189450
720575941394450436,109028,119072,47970
720575941413132911,830612,119012,32040
720575941536397746,771548,137728,112095
720575941505496919,789424,131464,176355
720575941560260879,851492,117068,125775
720575941478737258,866708,147100,74430
720575941605286078,788140,140428,108090
720575941522115511,727232,100204,177795
720575941550503229,762064,122596,54675
720575941597478513,766744,136972,120060
720575941644559698,776856,108612,206730
720575941619827071,727716,167428,165915
720575941576320157,744544,69624,161190
720575941441354581,851252,167024,34875
720575941456221747,734712,139864,68715
720575941484602621,839584,88044,32355
720575941484319418,849024,100668,55170
720575941551326781,779056,206524,109530
720575941472931191,235412,145644,27450
720575941432639841,118036,162324,58860
720575941591983614,179088,105392,165825
720575941592357260,869360,100040,113175
720575941478969886,837576,85888,163215
720575941538118938,537708,78544,154485
720575941442893915,865616,87340,144135
720575941573509115,135772,150800,140760
720575941452078249,222896,219764,68085
720575941460549535,830840,120064,133560
720575941544636957,817788,82976,157140
720575941591313975,752348,88664,156600
720575941592974732,251292,168284,26865
720575941557896420,833164,127620,64890
720575941627899756,786792,160268,66600
720575941567642422,815852,101572,165330
720575941569841966,821456,116740,163665
720575941576038664,848100,97252,88380
720575941640906357,854124,100724,74565
720575941548895009,388356,134708,211815
720575941482265763,847892,65012,117585
720575941506812289,181128,95704,103860
720575941528008804,246936,213208,61560
720575941431717624,198084,156396,159570
720575941481607042,237160,71400,147915
720575941691877784,855628,93252,152145
720575941509685538,734220,122180,59580
720575941555397796,259980,220480,99990
720575941490697676,141940,147316,87525
720575941599597353,577136,825596,168570
720575941587946564,146720,164608,146520
720575941579899381,798020,88848,125730
720575941575083848,654292,206660,118305
720575941503062578,561088,240576,152370
720575941575725238,156764,208592,105840
720575941555696282,762176,168692,93870
720575941541152973,230060,119548,206505
720575941632531643,234656,191832,61200
720575941643789688,131360,142408,92475
720575941407320238,277820,170844,124290
720575941514008922,258228,121780,189315
720575941470251275,206004,132208,71415
720575941572437499,221284,90856,113985
720575941561574771,122800,117168,157005
720575941503064555,139352,130064,163080
720575941464998230,244708,84000,156510
720575941630145260,205268,111756,188595
720575941410841515,187948,164504,134865
720575941437817823,248256,213096,43110
720575941557974799,155924,220692,109260
720575941478738562,270864,220436,151560
720575941561774893,290744,156176,134910
720575941567885938,201748,109748,67185
720575941391126276,241792,155876,187920
720575941524339191,227132,98144,197055
720575941461242820,122404,194188,71235
720575941497262153,235928,153192,196830
720575941406877870,210172,175768,22455
720575941484801602,243732,210184,47025
720575941497768673,166060,193172,133920
720575941450301262,216944,125504,178830
720575941653210329,191332,119128,180855
720575941516471363,241528,137328,70425
720575941612776723,246152,131264,154260
720575941460696223,663972,177720,98235
720575941549601672,235196,179072,153810
720575941630101740,291316,228140,60570
720575941626268985,250944,121720,99315
720575941535865064,185792,222264,89820
720575941546964660,294064,159836,106965
720575941689800566,203768,200464,64260
720575941566635623,195224,185244,98820
720575941491063271,186324,201872,71145
720575941509945616,235656,204124,94455
720575941636998773,122528,191876,69480
720575941514153059,306752,172736,73935
720575941663758972,153636,197860,31725
720575941565685302,214452,213004,106245
720575941529447371,262272,221696,47475
720575941459902916,299852,152996,152055
720575941574245046,261492,213500,70200
720575941542988805,261892,213332,66375
720575941539058813,165980,219404,81630
720575941535145704,261444,184256,129510
720575941497107017,245872,212876,123930
720575941610319846,218028,93716,166635
720575941656711892,119156,178828,100125
720575941403371299,382064,108532,76590
720575941516690835,218496,212608,165150
720575941595417639,305792,191336,80955
720575941535196648,297044,182208,109395
720575941618026197,229148,100096,89595
720575941652073201,146196,191068,85050
720575941629813542,651064,124004,155385
720575941516878227,369424,134260,162360
720575941552355355,246484,112980,106515
720575941627403722,689008,150008,177120
720575941478383153,153728,164256,3330
720575941553203610,239124,183956,153270
720575941476003131,203244,117368,94365
720575941612335337,209116,162992,185175
720575941612634387,311648,199420,97965
720575941544378204,326360,193120,137025
720575941461909700,672400,218824,100035
720575941596271141,849808,107036,7830
720575941492460236,812912,110816,107055
720575941485423366,188644,221348,120825
720575941561661096,206796,175940,101385
720575941560507763,567448,145036,67140
720575941603627510,165620,113140,67500
720575941489771726,168708,103336,136755
720575941566587031,195652,148428,73845
720575941602538998,172020,129872,63360
720575941534970394,232432,142940,104670
720575941510904080,149244,206844,131580
720575941616424857,227424,186680,82350
720575941518966126,569516,238192,148230
720575941631713184,159908,115776,132030
720575941438822741,172052,163712,44865
720575941616138709,132516,226648,52110
720575941565918567,145420,121600,87120
720575941517801944,135896,123392,53055
720575941562731565,174080,150912,193230
720575941472485216,177088,187008,115380
720575941450663349,682076,109504,225225
720575941464984845,216940,167012,161280
720575941442117071,348184,98748,160605
720575941533759922,202708,153252,177570
720575941489972430,180872,197664,114930
720575941597059996,819632,127588,18000
720575941477259882,227232,164408,160335
720575941493751678,177972,184948,100935
720575941477826353,230888,95232,106560
720575941523120307,116488,99056,89190
720575941498319744,752856,151336,176265
720575941656367833,830320,134868,142695
720575941532874329,127996,105564,144180
720575941535402462,115420,122720,86175
720575941490957109,746808,170336,80010
720575941476154154,809468,111280,56880
720575941523708151,792556,200864,13185
720575941548762722,183076,178464,15525
720575941354012720,793152,156240,19575
720575941528799876,226088,126688,49140
720575941537501722,203644,167988,32040
720575941479279425,817056,148092,6930
720575941587190238,163188,86176,116370
720575941557740260,788068,143248,169965
720575941616207257,191896,116248,195660
720575941576011446,192912,86152,121095
720575941393874436,822792,186648,36180
720575941646382200,222088,91312,185265
720575941601262633,202968,92024,90540
720575941497942656,131472,151968,45000
720575941545828962,206340,189576,17145
720575941516833795,135252,118824,28800
720575941602454201,185352,120948,201600
720575941565127168,204072,116408,203760
720575941703818714,220032,95296,195660
720575941644904865,154872,118180,177075
720575941561121039,835508,105376,64530
720575941538716648,727944,122016,146025
720575941652303089,221408,163012,39015
720575941612906729,824768,87808,30510
720575941394678166,914936,82584,23805
720575941659899416,843804,93552,39510
720575941512502226,192496,100744,127080
720575941507495440,127472,142464,30645
720575941402884387,190348,197496,156915
720575941516639578,222508,113400,65205
720575941482931279,163752,149320,43965
720575941669856945,504620,730772,207180
720575941433210977,533772,544180,108360
720575941564833938,542884,263136,84555
720575941583368543,559532,614608,124425
720575941431111087,518652,234372,48150
720575941593520747,426672,930236,273825
720575941530045624,471212,862284,198315
720575941432966432,516724,609544,104715
720575941628267321,518272,675180,151650
720575941547700585,353900,157088,214920
720575941641370962,497792,370000,120240
720575941645365960,494832,370000,127035
720575941605091518,456832,273424,109710
720575941504157675,447420,742896,233955
720575941465765206,520080,918320,266580
720575941632828357,433008,122820,155655
720575941663124092,427348,132468,220230
720575941546550377,567440,139844,226440
720575941516868442,597588,195924,155880
720575941561338127,669700,133552,140400
720575941469035286,599900,141676,155205
720575941489183285,591516,214176,130320
720575941462925837,543376,173240,205020
720575941432152824,515848,122460,212175
720575941489777639,432588,125468,166095
720575941639506805,537224,160464,222435
720575941502849623,498704,888604,277875
720575941598492969,585288,161624,194490
720575941480395599,552024,194008,106425
720575941523356747,564716,96872,172575
720575941415310993,526032,146148,200115
720575941591800104,546572,789784,151065
720575941657855000,387740,236060,77085
720575941593214504,581492,101792,195480
720575941454023495,447736,121620,123795
720575941533662083,547024,142044,47250
720575941616644309,530036,125176,84240
720575941492121038,557680,151560,80640
720575941452175226,608980,86164,165465
720575941687177455,329976,178420,204120
720575941690123276,562848,130048,155070
720575941540414925,577104,84096,208935
720575941624269194,439644,110696,169425
720575941580141301,394708,107504,156735
720575941597988032,409548,116184,88920
720575941662507320,469416,81700,215775
720575941609521126,498744,154380,193635
720575941613561308,442160,114100,163305
720575941620133503,447136,94080,162315
720575941638577951,442640,196404,169020
720575941569185012,385556,148872,109980
720575941479513312,366576,123264,216675
720575941541655388,564896,102128,166860
720575941590701708,416288,171928,21420
720575941519124396,483204,124156,173295
720575941486620482,389432,205316,132390
720575941610064102,386056,894280,203265
720575941529585592,392716,117320,170775
720575941497036257,428680,180348,141300
720575941449802062,422460,121464,163125
720575941562524167,434076,189516,197730
720575941633771963,445032,188228,117090
720575941508655058,422052,97936,113670
720575941452641193,485872,143752,197550
720575941500020642,609916,86624,179415
720575941664870524,486568,149892,158220
720575941514268563,670004,576056,247725
720575941611829165,327176,103780,135990
720575941439560511,307340,131244,99945
720575941505012389,557832,155168,240300
720575941535198808,589284,134668,233010
720575941353913392,366124,142720,142695
720575941577401960,563248,93292,178605
720575941551124339,551928,761208,168750
720575941506873916,470532,623684,99495
720575941619749602,483640,653604,96435
720575941547517033,426164,832044,103410
720575941439710431,425512,133416,105525
720575941611301037,589368,168544,119340
720575941441500095,404748,163388,190350
720575941514760339,608308,164760,90855
720575941449613390,452684,657940,111195
720575941553905409,509888,101824,142335
720575941490855143,514624,99288,162180
720575941439564588,362352,93904,205965
720575941432374967,440880,629576,49770
720575941437138450,434628,219756,20340
720575941472518775,397356,961464,300105
720575941591618444,414548,72876,80955
720575941567185710,337800,1082652,215640
720575941431443704,600604,71604,87165
720575941439208210,485644,585336,75960
720575941505926995,443092,631452,51075
720575941413783151,585480,68420,85905
720575941537392906,576204,825956,163800
720575941593424424,430552,638224,76230
720575941658862616,415668,68008,87480
720575941564198656,438508,220444,20385
720575941611776870,396488,133836,64035
720575941671605927,592764,78312,80775
720575941612493532,449732,227580,54000
720575941508073239,439764,905256,265995
720575941591869992,435680,931716,236835
720575941536313322,362720,1019532,209115
720575941406021744,197120,157644,159480
720575941640433525,278396,133852,138195
720575941563827090,650644,596648,115290
720575941655221521,435380,956772,215505
720575941534800138,712524,187332,120420
720575941688141551,659156,107884,126855
720575941596197745,312192,102032,211410
720575941518862552,410608,233164,106830
720575941575676937,560744,101284,182430
720575941415317649,525760,43264,170370
720575941478549313,269632,107072,138150
720575941538019354,327064,129820,233055
720575941580669777,630876,104660,184410
720575941439421970,701824,94144,185265
720575941588985655,691980,567820,263925
720575941451289722,405528,132432,69120
720575941466812246,464936,73884,103275
720575941409903663,202200,133020,71325
720575941415078548,859180,89548,126405
720575941632119532,319184,130576,185535
720575941455098163,579568,128848,79695
720575941604465086,120996,184732,49500
720575941618704085,210588,163988,162225
720575941487344080,145460,200732,58005
720575941540183282,153228,116608,143865
720575941638753141,136640,132036,154665
720575941690066294,248644,186764,63225
720575941554707847,229504,132520,83700
720575941476939550,787184,165828,92790
720575941523069107,718232,209020,100080
720575941567993654,165404,208372,83385
720575941415892113,808484,120744,51615
720575941505601623,742300,126256,78660
720575941611804845,733252,178604,130320
720575941462795219,728624,190444,40995
720575941430781065,155412,182088,114525
720575941539741788,441416,677996,244170
720575941594868438,401212,913884,246330
720575941484818429,508608,947072,259785
720575941573261051,474920,801928,224865
720575941494974919,564516,698772,144810
720575941656289360,422704,601572,158265
720575941565369490,556160,643692,94050
720575941583270790,501108,778928,236430
720575941539355517,501004,698464,179955
720575941505223845,398624,915184,185445
720575941569355258,464488,893604,253575
720575941483854146,478956,635988,87390
720575941603694777,479840,757772,169965
720575941507811969,594932,202068,206595
720575941437142048,424220,963108,269595
720575941516473923,385220,938024,224460
720575941644129953,507968,648760,94455
720575941565830198,565204,177412,217440
720575941476443956,501296,703144,224325
720575941595970161,397448,940996,253305
720575941643047112,586256,201420,211725
720575941472097066,534612,750168,187560
720575941507313954,435132,728968,225000
720575941554466183,444792,697456,251415
720575941533310145,443672,868192,212985
720575941431656545,153020,201612,86850
720575941521977015,852744,165328,93105
720575941492877287,851556,90192,67950
720575941487692806,785256,151176,100665
720575941516259907,260200,180892,127485
720575941626211722,737164,102672,132840
720575941528903812,778928,111096,183375
720575941489302480,140436,132352,116820
720575941560959470,831484,206360,41355
720575941544865029,786680,165312,94230
720575941432755375,714396,105328,122535
720575941551119677,688832,194680,65115
720575941579904089,773808,96600,74970
720575941496254334,272080,141340,148680
720575941517165923,134512,140732,94590
720575941551826687,166312,152576,172080
720575941512897746,720304,126700,71505
720575941432307671,251928,191528,60660
720575941478777649,704568,123528,172800
720575941689513334,884988,154356,44955
720575941645388408,721676,156668,190620
720575941546681532,758336,74152,122670
720575941506630716,698376,218124,76275
720575941454399657,785320,187472,65115
720575941433252449,829064,114984,158175
720575941454919849,796992,132788,137295
720575941586808966,836580,114856,58725
720575941505803202,856528,138444,16065
720575941599664320,845692,139912,74160
720575941612566346,824292,109364,71730
720575941475653984,848160,158604,23670
720575941490978761,726852,106212,85815
720575941601106473,762292,185580,83250
720575941564368040,740776,95532,117900
720575941450189493,219768,139560,43695
720575941503533451,795308,206404,56385
720575941615358684,790768,210572,27900
720575941599497884,788736,115788,189000
720575941660126488,215708,138036,100710
720575941597573509,742264,172396,119070
720575941723611962,686652,151656,129150
720575941463805328,889516,131556,56070
720575941551346292,814720,104676,156690
720575941462325444,779880,126540,49185
720575941682585789,846600,129776,77400
720575941555055258,735372,148908,166950
720575941576054537,781304,101664,96975
720575941454424647,821652,138420,109395
720575941449096724,843628,179480,63450
720575941691270040,420716,59048,121365
720575941634217925,410880,70484,80730
720575941631158310,759856,175464,173745
720575941531918565,488728,311304,112770
720575941664458620,533392,199296,18675
720575941640380021,432896,45312,166860
720575941065141997,125984,134828,138825
720575941475901738,282944,90688,204795
720575941599997120,839964,89260,160470
720575941528372761,760988,163116,112590
720575941583109497,782756,126472,34020
720575941408767150,728016,89408,131310
720575941537376010,471632,626324,71910
720575941485110970,325108,150416,113040
720575941539187427,845740,150448,72135
720575941529337254,246972,154356,166410
720575941482613667,137580,140124,149265
720575941564786530,153488,165004,152280
720575941554868819,152128,142108,125190
720575941569477108,164576,159260,74925
720575941611543526,181280,190296,72585
720575941569016058,132984,159892,139680
720575941595371889,152520,190200,31365
720575941450209614,123300,186724,67185
720575941486114882,154156,205232,70695
720575941658281240,123300,173904,117180
720575941432248568,151904,150032,108945
720575941440026197,157144,90728,66645
720575941508055646,142092,201416,25020
720575941547796360,117312,144016,137655
720575941574403229,197052,128988,93510
720575941660015640,714272,184016,179460
720575941536966378,871836,149016,105210
720575941612460205,715192,175036,181620
720575941653981681,867564,166012,105885
720575941451077981,762656,96380,103455
720575941432272009,803524,172092,126675
720575941566196278,552228,597852,135495
720575941414906001,140324,105608,48915
720575941573749406,832240,167892,108180
720575941580633425,376312,197432,213525
720575941477256257,373476,168612,199305
720575941574183163,427344,947880,285570
720575941656304976,456260,615416,124515
720575941485406274,426912,949940,237510
720575941476261172,500424,837028,216495
720575941469720541,469680,767360,155385
720575941475722033,584416,659592,228330
720575941626898726,557796,662044,164835
720575941554512794,477628,756444,126990
720575941485704454,383100,194788,229860
720575941505457954,460468,669348,252090
720575941493165799,545968,718960,178560
720575941555254244,415992,963432,249390
720575941532574339,461960,936852,221670
720575941451143593,372480,176896,246195
720575941517719980,439776,925996,199845
720575941505919909,402728,897560,210240
720575941535609354,368468,164928,188910
720575941513657955,375156,179608,198270
720575941456231327,462452,582160,87660
720575941440657375,785356,158076,82125
720575941660041496,706372,217400,112770
720575941577552054,715600,117900,141525
720575941542314757,486660,883420,296775
720575941588004676,479236,665556,178290
720575941634320837,733308,88820,160020
720575941544821021,746744,130640,201105
720575941578355033,779288,107248,83250
720575941653443857,785444,180112,33525
720575941510862352,329228,166832,176400
720575941556985380,252140,174404,61920
720575941602155510,200736,214788,32985
720575941529184422,772820,163812,45360
720575941567125655,767976,203316,49545
720575941437161760,737484,182676,66960
720575941581656821,189200,103700,163035
720575941561686766,658964,175544,104760
720575941542511389,610152,192016,201375
720575941432577528,213068,98844,106335
720575941492639950,863760,126020,73845
720575941659928088,782980,192848,33750
720575941506785861,399792,170172,225000
720575941413135727,797504,135424,23715
720575941537230346,816632,102268,169605
720575941458286829,748068,142668,92025
720575941483534790,724980,200224,171810
720575941486978310,756280,113924,201690
720575941478113585,778040,143392,129915
720575941597446769,734556,124872,52110
720575941518025619,165472,126172,122985
720575941671450023,730736,181024,128295
720575941500522313,830348,97204,50805
720575941481081986,803452,117812,175545
720575941553042431,848268,141336,53595
720575941527845732,844224,182912,68670
720575941494455216,717532,193276,165915
720575941587734238,204288,94744,113715
720575941508897058,788244,177196,73035
720575941551343677,792540,63680,101565
720575941539071203,780620,155564,152415
720575941689728524,755996,240024,46440
720575941552845567,802516,108892,113895
720575941516262659,779420,85732,106650
720575941561936243,741000,151276,57465
720575941562107693,685380,200004,98685
720575941493430503,774912,120704,198315
720575941634823611,280932,235376,87660
720575941417283612,119024,161516,149220
720575941431771017,147200,173244,17685
720575941668932083,790156,81700,129150
720575941602262569,514956,215956,179460
720575941414549140,395764,102872,115425
720575941434731808,199196,154480,157590
720575941438309599,194368,198016,162225
720575941449402190,181524,198796,78255
720575941550487849,408432,725584,147105
720575941563042706,212240,180580,125865
720575941465045773,854188,103924,127035
720575941609103981,767200,96832,92115
720575941484490950,748096,118912,48735
720575941455067699,156200,211344,30105
720575941592525822,820636,109416,110745
720575941551693428,861004,88000,83610
720575941621167557,830356,62028,117495
720575941622452677,850004,115448,6975
720575941575783931,759008,135884,106200
720575941520933486,859320,94348,149310
720575941548655284,196552,202368,17325
720575941613499155,223100,96516,129195
720575941596754332,211652,91784,190620
720575941631992763,236964,146176,178740
720575941692488155,199976,128736,149670
720575941545055081,224340,139224,130905
720575941561235950,160244,187748,159660
720575941585192926,209720,182488,93600
720575941612622410,696232,208176,98280
720575941540526428,190472,153488,76365
720575941488152130,133444,144640,68445
720575941631855803,281512,232412,116370
720575941516197779,664964,198756,100530
720575941656228569,689756,231924,101250
720575941515057105,251556,114752,115245
720575941582565215,223356,213152,33435
720575941451307847,217948,174424,79065
720575941519208883,221068,183756,79650
720575941642364447,250884,181752,43740
720575941649974805,172756,168460,29520
720575941454516807,237500,216996,41625
720575941631159237,198744,215308,49185
720575941609325386,247408,145572,190530
720575941392220932,293868,168200,172755
720575941489707216,229192,109976,80730
720575941654374673,221612,91544,195930
720575941544576700,204212,161496,197865
720575941624258459,173988,96392,103005
720575941641705317,169384,196836,106695
720575941425742932,267156,220416,82035
720575941498810953,183120,154328,133470
720575941496660091,238720,172528,183645
720575941472811306,307580,173024,147780
720575941548404084,239196,101916,95760
720575941655241684,169756,213532,83025
720575941440101839,278208,223860,71415
720575941451642793,270244,215564,59310
720575941643355297,246904,193152,59400
720575941643666376,195344,103656,191925
720575941688942811,235572,167084,40815
720575941591903230,164768,204876,106425
720575941548283784,697984,179520,189405
720575941496371067,113444,200120,91395
720575941551688839,295552,210052,100845
720575941459294675,194380,125472,112815
720575941493209982,200388,161836,102150
720575941440138581,164596,130632,79515
720575941495380935,128600,165612,112140
720575941556779009,251548,103388,115155
720575941458206704,140216,197376,41625
720575941622490876,274944,242112,106785
720575941574408335,145688,172140,64035
720575941555704403,297344,206144,185895
720575941432229295,163072,161780,85320
720575941547995197,185840,166484,136620
720575941429435988,148988,124984,156420
720575941513404113,132780,201596,40905
720575941525921446,217216,95808,67410
720575941553147393,215576,232424,81810
720575941399911203,152876,224924,99045
720575941497284295,154792,145744,45270
720575941703214554,600460,68568,89235
720575941600360233,321136,201136,112995
720575941436732178,189264,130960,38025
720575941555650724,212296,124564,56475
720575941476015169,199708,164544,186840
720575941459751620,243048,176380,176310
720575941610425190,245168,160444,186120
720575941633001147,352368,167120,173070
720575941439637845,631136,157816,178515
720575941460685011,295160,186836,124785
720575941594849413,221184,71808,100080
720575941667979441,219280,138528,72630
720575941515540739,236316,112732,92115
720575941494911664,269872,189428,121950
720575941691854488,186828,176632,99450
720575941498994505,204208,178528,36810
720575941489809358,164032,133260,47970
720575941440134747,152500,118772,79740
720575941412395179,165312,91132,146160
720575941565827730,168848,108912,165150
720575941408133294,175416,131532,128565
720575941547181417,138528,110256,62820
720575941597636508,138212,127816,145665
720575941490782158,143844,167176,129825
720575941548507060,230980,169340,66105
720575941552959642,137856,227904,97200
720575941548783476,197428,229140,81945
720575941613786726,168212,190012,141030
720575941572035912,168012,148684,26145
720575941689427163,146800,207192,22275
720575941429718447,222616,152304,148815
720575941515462905,122320,169728,136800
720575941430714209,221884,167952,150840
720575941536386787,175792,140800,182340
720575941535122714,138812,105588,102195
720575941603602366,149952,124264,24705
720575941497563209,132864,113856,64890
720575941653641945,123944,197816,66285
720575941599806364,604568,114928,157905
720575941530032004,336808,119500,140895
720575941634589088,141412,174880,48870
720575941415251740,212956,175684,96975
720575941490524469,650132,127436,105975
720575941616650137,156872,180924,31185
720575941568423282,207464,203540,28350
720575941626733881,218972,185688,109845
720575941554233683,259476,208984,62415
720575941596510678,181620,178312,110385
720575941430797409,224556,137600,151740
720575941393847812,258868,135224,186885
720575941431780344,785556,144988,122265
720575941520771544,813760,103488,189045
720575941520283308,122244,121936,114885
720575941536556736,237248,80080,136575
720575941561489646,824476,103588,107775
720575941614792467,742528,135744,148635
720575941608828525,807632,132352,71235
720575941441315925,857128,100304,60885
720575941538313699,132176,127336,173430
720575941612915177,149084,126592,60390
720575941627462508,879676,166148,71730
720575941505226583,754996,91856,163395
720575941543964761,133640,106772,149445
720575941594071665,250056,103872,103635
720575941577592146,177020,199604,31095
720575941460736582,789988,189036,62730
720575941664063612,205216,93056,177705
720575941504803819,180008,106552,56295
720575941604605430,116984,146964,87255
720575941608625951,155776,87420,125055
720575941628555833,789100,101520,32040
720575941520272556,118644,107596,58500
720575941612046922,207444,200088,12645
720575941498405760,792844,128136,170100
720575941645804408,116016,150052,144720
720575941524157431,883844,109224,40770
720575941520025004,846360,109236,49815
720575941526635597,890480,107412,32580
720575941514605777,116788,172456,71595
720575941469599254,201188,150992,177615
720575941442866367,144208,102968,156285
720575941605686262,124672,124428,109845
720575941497229952,770240,183528,146475
720575941633312492,784448,106428,165870
720575941535925018,506848,370000,130860
720575941557352686,470864,370000,123660
720575941480969123,510720,643456,172575
720575941472609632,490140,860532,224235
720575941548596340,170980,178392,36675
720575941486815494,303516,127464,232020
720575941556531201,478208,370000,135000
720575941507811422,564668,643408,134190
720575941659653712,460756,370000,125865
720575941555640986,432404,108332,173790
720575941566181218,288964,105076,197595
720575941408363950,525384,597160,114525
720575941512261443,458264,915860,196515
720575941552300954,394296,132232,85905
720575941589440140,402752,166848,22635
720575941483810490,513744,186088,204165
720575941458727123,528740,116584,173295
720575941407710511,389200,147628,88875
720575941531720933,613308,161852,88785
720575941407709743,611464,156952,75825
720575941527427768,451732,193336,196110
720575941563542838,518276,120148,94860
720575941564135848,614932,162460,149265
720575941566668898,545172,95436,122490
720575941564588800,580160,245952,86535
720575941627278137,567560,84176,122625
720575941461786256,613364,182256,127890
720575941609800934,532060,214244,179505
720575941631048940,562112,193344,238095
720575941505415874,510840,245508,83250
720575941721860410,538472,132340,159795
720575941459263647,559084,157368,119385
720575941688844044,556224,144068,112455
720575941452977479,433932,190140,45495
720575941531523019,530956,151528,66780
720575941547117748,520324,112416,178155
720575941394433174,371104,226828,170685
720575941554144410,433096,122624,155295
720575941658848848,426144,218084,176940
720575941497911625,441956,132008,180270
720575941499939297,427500,809244,109845
720575941536956426,542076,214168,58185
720575941480654210,356956,97348,178290
720575941592097320,302640,108508,124335
720575941596075121,458768,72724,215910
720575941612774886,432876,72372,182340
720575941526317337,443244,192164,119070
720575941459504966,480192,47936,197100
720575941641679954,510464,136704,159030
720575941562378408,411256,181760,165330
720575941499999561,348048,182600,154215
720575941488244169,403176,970616,289620
720575941544877829,312856,118256,208350
720575941477111345,357268,121748,254655
720575941603989494,392244,189024,79875
720575941547429300,371720,115468,206010
720575941496664289,384100,232608,65565
720575941498310985,314968,168408,121905
720575941645967521,347476,169516,211140
720575941440672597,378216,167944,168435
720575941481225039,427872,80688,123030
720575941663741240,443700,122376,137025
720575941414587537,401476,119904,240120
720575941460396703,452780,127440,82215
720575941509529872,387580,139964,226035
720575941517266691,298032,151504,169380
720575941481726973,450068,159072,147510
720575941468862742,673176,104520,104760
720575941559275379,448764,811292,114930
720575941666597107,293620,105208,212490
720575941415463708,670032,580440,263250
720575941610901724,428032,206848,213390
720575941568394030,485108,184068,71505
720575941518544055,443600,335312,104085
720575941658218264,461248,161280,239985
720575941569097204,356936,98748,180405
720575941483969277,544512,91380,129240
720575941505829180,380672,152312,146475
720575941518062252,415560,239472,108675
720575941439645247,433480,97232,205425
720575941579387637,697956,221336,60345
720575941541123277,212548,105156,45765
720575941589224190,530852,130384,235350
720575941513732326,667348,598184,111825
720575941522093747,398736,140400,245430
720575941549450785,378512,998304,239220
720575941438425043,438616,928352,257355
720575941457468653,155888,206156,42030
720575941573025864,592532,128368,223380
720575941625384842,400244,131020,65250
720575941576323727,341708,157568,159930
720575941681746877,671916,87488,148185
720575941520220014,359588,1009576,308295
720575941474574890,368664,996244,306000
720575941555316964,394504,253344,79110
720575941552763527,354476,1042964,214740
720575941470807671,650844,601892,115650
720575941459354271,599460,72888,86040
720575941430248184,413292,75256,82170
720575941433219086,598980,71332,87300
720575941512823505,594724,823904,178605
720575941515837331,441884,228360,44325
720575941723095610,338904,1014836,289170
720575941625272202,342452,1062400,213570
720575941487810027,524656,214640,22410
720575941486733122,413208,76104,80460
720575941435032864,433720,219744,12510
720575941565504098,589868,73000,83745
720575941620477055,414180,74076,79920
720575941510308818,579748,825768,163080
720575941538867358,675648,612316,121545
720575941556385444,406700,618800,176715
720575941565068178,435716,219008,19395
720575941538144242,435716,216068,16380
720575941477787754,476076,98752,108810
720575941688318582,436256,219404,19710
720575941514699363,436492,220132,20385
720575941722220858,541872,748732,175275
720575941411561387,530968,209480,15570
720575941589437508,429248,148076,2340
720575941479385568,523856,104816,82800
720575941641218405,433068,817652,113535
720575941556985089,385576,972396,201870
720575941573981192,664448,125512,187965
720575941450672565,318140,120440,209070
720575941525601611,677444,126884,142290
720575941505921842,240340,138260,124965
720575941565298176,546880,143296,264825
720575941592240012,320972,152392,221310
720575941540594893,605656,175952,165915
720575941577367656,691712,92672,128250
720575941533908709,641728,226624,74790
720575941536477418,321024,162148,209295
720575941541538253,864428,185016,58095
720575941627470218,844704,97000,165060
720575941656324313,591256,653180,180045
720575941629419065,555708,139180,29880
720575941542047101,902060,96252,48285
720575941509777281,720544,94640,116370
720575941627515756,799364,67328,122940
720575941565229575,564960,156160,153540
720575941567624246,421476,69644,82935
720575941449179573,119376,174816,102825
720575941547628980,714272,125292,119070
720575941627691577,178412,182380,120285
720575941554133146,139664,193960,136305
720575941471943691,690124,212224,152235
720575941430830328,127488,134336,167895
720575941576130408,188296,195544,155835
720575941553491995,139740,195528,67320
720575941587006342,228080,132364,181530
720575941515329891,153548,192912,49815
720575941450045262,432836,816064,100125
720575941533757413,296596,179164,134730
720575941552310846,120768,195560,102870
720575941475033659,104964,167884,93735
720575941435858720,719616,202596,79650
720575941605034486,863924,164632,100845
720575941543589917,722572,161032,184545
720575941432728334,112160,208380,63990
720575941584287071,770304,139304,133875
720575941612912742,858560,196416,39420
720575941605135289,788104,198292,11565
720575941611915366,124664,154508,97830
720575941493279152,444264,913752,191430
720575941563939687,409220,927984,181395
720575941627256940,441396,931072,198225
720575941471266912,514480,737080,144045
720575941457149510,513720,699260,189135
720575941601150966,493936,619228,209610
720575941551432254,504036,737200,195075
720575941475991345,382144,998400,292500
720575941478498846,396568,988028,227385
720575941545450120,405804,839372,222885
720575941563013015,458760,801944,240210
720575941518468279,403096,963036,258255
720575941597814313,587028,754252,226125
720575941459004612,387460,1002276,236745
720575941496088446,476336,646444,143865
720575941502694635,509680,655528,86040
720575941572051101,383348,903800,241560
720575941401753379,554832,648264,180720
720575941471190368,493280,741676,213705
720575941415639580,599196,174928,205200
720575941523066615,403532,921160,243945
720575941606676589,537740,760432,197325
720575941511235856,433944,777328,141255
720575941506446405,551660,181868,220770
720575941541511772,597424,192864,195615
720575941496630400,438604,588372,163980
720575941596251350,721272,156772,58635
720575941571493108,127644,224744,44325
720575941478257204,863280,154740,30510
720575941502223339,170524,108056,57780
720575941535950058,800260,158636,100710
720575941456459757,796320,161260,120870
720575941502307159,141968,125892,43650
720575941431378095,356984,179508,221535
720575941440111404,900472,80988,20790
720575941432264289,766812,157556,96075
720575941413915759,790384,170432,60615
720575941646788552,749040,191004,89505
720575941506311218,765300,142268,95130
720575941575068061,796136,162592,75195
720575941662339640,752116,133068,146745
720575941669793457,133204,96588,79380
720575941639489653,129776,102432,107325
720575941570596466,836096,67900,127215
720575941535563096,707576,111724,129240
720575941646468808,809332,116524,56070
720575941450131125,747580,76936,142785
720575941495270014,814364,137032,101205
720575941431528184,819948,156992,105030
720575941626228938,784260,205812,50355
720575941354403888,898472,82192,16425
720575941506629029,852712,158396,73440
720575941527556685,830040,139044,132660
720575941576970088,760936,157552,178470
720575941654703633,818160,109356,77850
720575941555239559,867828,179672,60525
720575941539900914,825312,131944,146070
720575941560529902,804444,217428,53370
720575941443658447,771072,72832,79695
720575941576148488,785692,143376,167895
720575941405419888,116500,126200,174510
720575941597147761,796492,99540,158580
720575941535016067,842448,69900,101925
720575941576251037,787996,112040,146835
720575941507946263,855360,196160,32130
720575941527773186,775352,187744,14985
720575941535657962,745496,145020,68085
720575941600117952,833644,168524,23760
720575941555113863,704796,239832,83385
720575941402413603,826416,103224,78390
720575941648423892,446584,989220,232515
720575941436632462,455872,132096,263655
720575941545844485,541376,197476,189360
720575941640929311,614828,210232,130590
720575941588409924,434628,200548,168075
720575941576320143,650248,124056,201690
720575941646260129,421952,155328,239535
720575941658961944,667624,189916,164115
720575941487746054,289728,81472,138465
720575941557907428,675184,149336,162855
720575941480167274,878028,88812,85995
720575941460542367,788776,114636,53280
720575941439285311,466240,178480,177435
720575941566528354,573312,155568,148230
720575941596106710,720400,178688,176445
720575941617168597,191280,205708,104175
720575941461189828,147220,133848,171360
720575941483348989,146424,155184,147645
720575941416178716,139676,170292,106425
720575941611100137,764480,163084,171720
720575941550007924,212444,175116,40680
720575941529371780,650476,176240,185535
720575941438239532,787648,153884,98550
720575941520911832,760860,85428,149310
720575941526868902,505960,614956,97785
720575941566846050,593340,123452,101295
720575941559315245,379328,962816,195165
720575941412247700,361464,168156,223515
720575941614413209,405088,71332,167535
720575941555228161,415776,991140,270270
720575941449266554,422512,979292,252945
720575941609058413,477524,878820,210015
720575941436628799,458948,744156,113220
720575941549478945,557460,670392,226440
720575941642506952,446684,734740,106155
720575941562899607,497624,706876,179550
720575941539585149,387032,186896,194400
720575941556977828,591104,201024,228600
720575941515341658,598812,636928,158760
720575941457134918,543784,763032,205155
720575941447898388,603624,558644,126630
720575941461644740,576000,726016,272565
720575941688300662,599252,195400,222885
720575941574728201,427300,924004,270315
720575941596256156,597496,195616,198720
720575941498244065,386716,169956,206145
720575941625099419,371516,116320,169380
720575941553057563,479964,834812,211995
720575941599410844,805836,172240,115110
720575941412624811,764940,112332,197370
720575941577008232,803128,165352,124110
720575941609398893,744076,139612,170550
720575941443358159,106624,124608,43515
720575941527819430,149628,151352,155070
720575941543768668,134408,132048,105075
720575941472718455,140156,204348,9315
720575941689388527,862996,141728,65700
720575941642229112,445312,766908,152235
720575941469100822,765068,181296,86400
720575941494674814,116476,149908,125955
720575941456431597,869264,163472,81540
720575941485436157,230564,202772,27585
720575941528747942,720296,145688,86265
720575941531329483,756312,127328,73035
720575941554588039,792448,89612,92250
720575941590293559,867780,146012,75150
720575941524680439,817120,193920,86130
720575941433332439,777116,121248,159480
720575941428050004,692224,148544,69885
720575941559487780,763864,74752,94770
720575941644563557,835792,132432,127935
720575941443209679,155212,161060,139545
720575941544591133,691560,237572,105030
720575941565536000,720820,132676,105300
720575941576908687,771272,214260,42300
720575941575128840,832356,86248,59355
720575941415964564,210960,160412,25155
720575941518180243,830608,151932,45495
720575941431868408,143408,96060,80325
720575941405866352,735716,140680,178695
720575941505606850,836252,97876,86265
720575941618480597,822056,124724,93870
720575941641755167,714712,199740,135495
720575941452205646,732028,109220,96165
720575941442691931,799080,105812,86625
720575941692025563,785180,115540,41175
720575941496968647,864824,149832,60345
720575941594768235,837848,122896,132435
720575941509702494,807164,194304,29250
720575941646400417,219780,90984,184635
720575941618050687,224388,91156,159255
720575941451115613,773872,197632,48420
720575941565835618,759496,112620,51615
720575941414959761,176232,115196,187245
720575941590929732,856404,117396,103230
720575941575052872,547148,184680,128520
720575941460354288,145724,100344,161415
720575941460469663,847024,98592,128340
720575941596077861,441540,132704,95625
720575941546292997,832412,117032,171540
720575941627756396,835284,99332,99450
720575941567031191,841684,83668,116055
720575941430541304,134972,136280,76365
720575941485374461,859380,175660,59535
720575941488946121,264904,195392,39690
720575941626171449,233880,114652,72000
720575941563357741,237376,142044,114120
720575941485388240,739192,188208,102240
720575941689509359,651708,171728,135990
720575941611397450,678472,167952,115065
720575941546520581,642844,210176,91440
720575941531191499,649964,206976,127170
720575941448712629,608828,620232,255240
720575941654497809,736488,203756,155520
720575941656521177,670152,181212,124155
720575941625331452,653056,162176,87255
720575941461545229,236148,157900,125235
720575941672349863,219820,220032,45225
720575941507268190,138672,129388,121185
720575941558097423,231180,145732,171945
720575941524971341,305196,180196,94095
720575941506474018,209164,127596,187335
720575941476693610,228580,149544,175545
720575941351393840,234060,103672,150570
720575941457308831,240404,115376,84240
720575941576485128,132540,144368,129690
720575941469834048,222328,193472,99090
720575941631873211,255452,94288,143190
720575941513923587,233672,107064,95040
720575941688776411,245088,127536,85275
720575941406857390,251928,178552,189315
720575941572443899,212272,107724,177165
720575941662289720,503928,740364,133740
720575941543869981,167868,212528,95310
720575941529561803,314624,220224,67500
720575941620011391,225364,168852,201780
720575941550530081,235508,143432,48285
720575941689171608,255044,157524,196875
720575941540551154,226624,197244,60660
720575941637506165,269912,134832,176355
720575941627336842,312960,195976,155745
720575941626797606,208832,213584,55395
720575941593640485,254484,140732,187155
720575941519972531,220892,194252,57690
720575941588389431,267432,231116,100935
720575941584342662,247368,213740,124560
720575941612676883,216164,103584,105300
720575941475700545,116672,147056,139770
720575941629350457,312036,196140,162990
720575941562345874,225428,185332,28170
720575941503122571,271484,182980,95895
720575941633209248,228108,159740,172575
720575941489591244,259260,232804,123525
720575941451348405,272616,209992,90000
720575941459883460,298336,201720,111105
720575941517262083,217548,185820,102465
720575941574399645,178996,119620,79290
720575941520479671,418148,70008,88515
720575941561331694,213960,160492,90135
720575941516906330,591452,58540,117405
720575941650821361,249624,214488,80505
720575941566169902,215540,153336,171450
720575941476023105,216404,165952,144900
720575941596756892,230744,136544,144000
720575941544713833,241088,181312,172395
720575941555697306,695764,174616,147555
720575941522536631,738276,188004,100395
720575941646079649,284584,155564,99855
720575941514817882,124828,206196,98685
720575941564227218,192684,202656,94725
720575941631307717,263936,90368,195480
720575941457015792,207764,92752,99945
720575941611692764,216348,122700,119475
720575941701622490,269076,175608,109260
720575941650434581,674848,218944,65070
720575941459726291,243340,188948,37710
720575941553227418,156124,209732,45405
720575941574657019,587584,179488,155250
720575941545963269,704796,201964,52110
720575941430579553,228000,206048,118620
720575941462406413,132428,116476,79065
720575941492914636,294652,158540,167895
720575941689683724,177632,120828,159120
720575941590306372,204952,140172,140085
720575941528105400,203072,71616,102465
720575941702002138,223160,178004,81180
720575941514738010,181068,171348,154035
720575941477136746,168564,194892,122400
720575941503868555,145724,118636,123975
720575941434358030,190512,123252,65340
720575941519707831,143160,134008,163575
720575941440372268,173516,108416,188325
720575941563661202,305188,118264,196470
720575941564500114,672644,165508,192015
720575941513259340,787476,211388,78480
720575941455879408,221352,176432,129825
720575941410948011,149328,100736,125055
720575941457399024,255336,131904,137520
720575941500670945,656432,178088,148500
720575941535089178,171328,75648,96255
720575941566834734,218968,174076,81720
720575941557350995,197516,142388,111285
720575941554187347,183104,229248,133875
720575941596719143,664800,205536,120240
720575941657703504,194252,111084,134415
720575941480284835,151476,212676,40185
720575941578530293,204548,178476,124560
720575941440745951,828756,89228,74565
720575941481999034,193200,179956,15480
720575941476095018,772444,136704,114660
720575941645191250,768416,160064,103095
720575941576425885,120104,211044,64260
720575941561452815,857400,93368,129195
720575941529858692,189240,86016,168705
720575941512910802,802432,133464,162450
720575941566968930,851208,108300,54315
720575941559670543,196244,186844,32400
720575941585064287,798368,134164,190395
720575941575039739,872968,90440,32445
720575941499161467,214224,81468,160740
720575941592279692,894820,119556,76230
720575941561063795,168604,110672,56160
720575941576823990,113360,198444,70605
720575941634121413,137324,110300,96795
720575941627057516,800308,141328,47070
720575941472950027,832544,124012,78120
720575941475277152,154444,93732,125640
720575941554770842,830260,133784,39465
720575941558793769,855732,74012,101565
720575941612943206,895424,126336,83880
720575941402926371,684144,195172,148320
720575941472168567,852484,192192,28575
720575941550785342,162192,87272,147690
720575941566270727,190916,156204,183870
720575941655715545,177160,155564,30375
720575941612888806,801020,88228,64935
720575941622449605,765544,147936,32760
720575941508059205,125680,156572,152865
720575941509074305,811092,105188,60480
720575941515824707,172584,112492,50085
720575941596009686,733128,125824,152730
720575941581648761,462120,370000,115965
720575941411740817,502820,825132,277650
720575941455074099,533936,638160,144990
720575941515872003,440516,170456,121050
720575941573992776,464628,643396,163395
720575941630020134,450088,873280,234090
720575941599276585,162160,206428,116640
720575941516943982,397544,175552,202320
720575941474880308,522724,559072,98190
720575941515329859,483552,589064,166950
720575941392768150,425484,222808,149220
720575941576370777,543160,180672,204705
720575941653538065,552880,649940,130905
720575941511473996,491780,370000,127530
720575941583758726,530240,247992,128430
720575941608929389,374312,193624,118035
720575941581555701,647780,147140,153855
720575941514762316,472328,68488,211725
720575941482354115,512088,136076,220230
720575941520523480,514016,160488,133515
720575941526239001,473780,154396,164430
720575941503179755,571968,185860,204795
720575941577519953,576116,94248,167895
720575941499377531,544872,136084,223875
720575941533921546,584052,145244,230130
720575941439739359,438660,218292,40725
720575941462601104,500616,152108,69885
720575941553778311,628464,181796,132300
720575941577774937,562556,208568,98325
720575941585244767,532160,169664,236610
720575941432415369,645288,155540,152055
720575941623183612,413716,940520,292140
720575941474788138,449836,127964,109125
720575941645844385,677204,200524,113355
720575941457052575,591440,145708,234630
720575941450388149,525540,113516,167760
720575941405862256,349764,213248,122850
720575941651808753,570956,212460,134010
720575941498333051,550516,158660,138915
720575941530034052,364140,143332,163125
720575941481199183,588736,91576,197550
720575941548266164,341328,98736,193995
720575941353886768,635752,150388,252855
720575941482344131,602272,135620,219780
720575941437808672,561644,166800,103905
720575941629809702,607040,136688,179280
720575941491384270,634100,188476,165780
720575941500456521,642480,176060,165015
720575941566816098,441868,175348,204210
720575941497827041,479820,578792,107865
720575941599277980,472924,112608,120105
720575941549819710,456904,592144,117315
720575941575356342,311860,125708,71550
720575941485389565,337500,126084,106380
720575941502503307,437364,177084,207855
720575941587459550,440704,131144,140220
720575941475473460,464176,104272,229500
720575941477288222,354400,150168,227295
720575941551072372,308752,135484,84735
720575941617734613,320688,141328,84690
720575941722428474,347728,124500,165960
720575941483857850,434844,142204,45810
720575941617217749,401672,156500,96255
720575941601587702,360400,179980,87750
720575941552168447,409012,102408,171045
720575941669349107,432524,126040,94995
720575941554442980,367636,186840,154665
720575941480003714,423244,198116,202950
720575941393691908,337532,179732,103275
720575941596883825,442540,110480,108180
720575941625402476,353684,169352,132750
720575941414599569,433212,161808,75240
720575941590417662,349416,126120,240075
720575941559686515,393652,210692,91215
720575941483767738,551972,171756,193455
720575941569762974,352272,1015324,287730
720575941442226127,417568,148384,220185
720575941628935737,440600,173212,52560
720575941577446225,442892,811276,104850
720575941537935080,670016,575724,255915
720575941633127621,508916,116464,208980
720575941633538235,394476,959728,291735
720575941573687049,423204,751900,139635
720575941516639993,339044,153452,98595
720575941521870071,158548,107592,125415
720575941577750888,248504,190560,58770
720575941497473403,340368,128944,227025
720575941505525783,558856,163252,202725
720575941393245956,447304,174396,144630
720575941483722694,570944,802784,190395
720575941578311761,210692,157644,96795
720575941569799838,586576,833120,167580
720575941553654407,346432,863852,248310
720575941568734766,577420,828032,176715
720575941575125608,433024,229120,162135
720575941490167246,485232,946156,213705
720575941505741893,250684,129428,160425
720575941573133320,231168,122584,164430
720575941644395738,623496,612376,112500
720575941563196562,362600,1019528,202680
720575941478460906,400472,114664,84375
720575941512051216,638284,165940,152730
720575941465822038,582652,76484,79740
720575941446411284,494528,153376,255015
720575941481600195,585180,79220,78435
720575941553646910,340448,1012964,290970
720575941558861839,598188,691004,213030
720575941535019096,591052,78892,80010
720575941687874799,434004,217976,18630
720575941482869757,360964,1019528,207765
720575941501769099,593372,71224,85770
720575941489518133,584492,66368,87120
720575941513121123,438096,819360,105930
720575941611228137,537996,203160,29610
720575941541599068,348756,1007788,295650
720575941528027012,404916,620568,173790
720575941658052120,514864,101716,109890
720575941465843286,436952,219104,19260
720575941392321686,171544,201204,80505
720575941447006740,525604,216096,23445
720575941539067285,478400,925740,229320
720575941591769342,428584,919320,308745
720575941440438975,423040,925472,228510
720575941643208274,446084,988060,226395
720575941630763244,431616,218204,19260
720575941593904517,581552,825800,160695
720575941687054831,371008,650376,211545
720575941628893497,570816,167384,208350
720575941594931057,447092,988628,227610
720575941510751760,581976,163324,145575
720575941646299080,605644,158244,248490
720575941551926527,477512,823720,246060
720575941518188691,289448,105356,193725
720575941459791600,610240,220096,168975
720575941646167969,417484,771276,114030
720575941609292141,652264,159252,234900
720575941670305969,671720,111560,181485
720575941509916801,849284,95508,158760
720575941534972353,445748,802292,111915
720575941460336543,813648,126192,146340
720575941432552952,140100,233872,77445
720575941468268374,803876,125692,89955
720575941600161984,824932,107084,142515
720575941592993899,302464,126752,154755
720575941514966225,400912,103288,117900
720575941487779078,311280,151664,124245
720575941494800071,587808,154048,145035
720575941560188687,487584,171040,171675
720575941503034859,129704,140684,85995
720575941490414025,161180,185804,164250
720575941498638561,173152,194452,89235
720575941478127210,142024,190224,116685
720575941589646903,168620,83704,68895
720575941468095062,150384,207844,60840
720575941613610854,121144,192496,111465
720575941459584070,137240,148888,128025
720575941352678192,115824,195372,93240
720575941526358786,142316,192092,124515
720575941574287262,113556,186708,57645
720575941539990653,183044,130064,53100
720575941587165830,822168,148288,125550
720575941481305568,846816,100876,149445
720575941599812800,720056,123840,116865
720575941514919500,746816,133204,151065
720575941573391774,862976,170768,98190
720575941461044947,794964,107684,94500
720575941443075279,785712,121720,190980
720575941653803505,142104,218880,41355
720575941575791773,805844,53564,130410
720575941644567928,141720,174424,112950
720575941458529773,153376,98004,105525
720575941609382253,796184,164688,35550
720575941486727234,387784,202444,208125
720575941498468731,433212,819748,221760
720575941511000908,405652,931644,234855
720575941411197867,473948,882472,216180
720575941457122374,511312,821424,218970
720575941561429805,499264,734284,167985
720575941405891246,507152,597868,112320
720575941536628568,432536,714428,187110
720575941594776939,499696,626580,96165
720575941543893353,565724,711660,253980
720575941506311589,540548,774976,160020
720575941496701056,458796,908460,256950
720575941561424274,515968,683456,133965
720575941473744682,491624,708824,168300
720575941630131909,516648,632436,118845
720575941586003422,426944,136064,266400
720575941610870118,176588,109708,84330
720575941480390991,553124,191912,224460
720575941652912340,382380,893716,232830
720575941433053966,375232,917156,238725
720575941616467157,594724,195172,197640
720575941411271279,374456,160772,202500
720575941556622931,472568,873196,193635
720575941513680131,414088,723072,118665
720575941556611492,552964,183616,221940
720575941430294703,521908,813864,250380
720575941488772300,461776,580996,142875
720575941477323316,452544,612944,149310
720575941574229755,462756,853056,210060
720575941450588238,489480,745752,135360
720575941508192023,719172,138584,91890
720575941577932136,832948,178472,104940
720575941608250954,481148,678468,181485
720575941575682920,541588,755164,211995
720575941521620919,778792,212824,27810
720575941557078867,734716,148164,47970
720575941569544306,765480,173324,95490
720575941483346627,794824,159144,65250
720575941625804187,747980,79236,126045
720575941581903225,873852,109292,69255
720575941627187355,712824,113772,73755
720575941569410606,768344,143728,98955
720575941541607293,158688,168848,32130
720575941597663365,744544,132352,154260
720575941492229065,720340,126120,113895
720575941478318132,791440,73372,108090
720575941516104707,726408,144156,196470
720575941557950948,804376,202048,56970
720575941660122448,219888,99212,67545
720575941582748793,749692,88468,92745
720575941537443338,795820,88420,98100
720575941581003601,729544,124108,66735
720575941454372167,840924,105228,116685
720575941484751046,881944,103668,114975
720575941580810741,113448,154480,31095
720575941659021592,792988,182768,60615
720575941537621441,815300,116148,165240
720575941645043282,804568,130824,120510
720575941517990803,787852,106196,87750
720575941478878516,808492,107392,56115
720575941492504012,136780,136272,106695
720575941654373137,725024,141476,161820
720575941631576546,768948,233800,60525
720575941569341998,795956,121584,141435
720575941644921701,787028,172044,89190
720575941655448281,715904,186716,169470
720575941402729251,807588,131068,141975
720575941483405766,690196,139836,170100
720575941599709596,842556,161444,77445
720575941402374179,785376,188976,61515
720575941478390814,831540,140676,98595
720575941487656589,825216,173480,53460
720575941646210209,700856,130948,156330
720575941630945830,733868,180932,121995
720575941646737569,699828,196188,84645
720575941555864036,511180,137628,158400
720575941549258273,178816,109460,182790
720575941539997682,683072,115328,116640
720575941633015276,438080,178240,227475
720575941492398540,590116,663932,173250
720575941382993154,837524,130448,136305
720575941434034702,662328,140256,150120
720575941528063876,443932,631108,57870
720575941625329916,853972,71016,117765
720575941556942163,597964,768408,174915
720575941462798992,395968,106480,127035
720575941505396674,859648,175840,62730
720575941606255550,463776,780096,110610
720575941503458955,167328,168412,37350
720575941471781952,134312,226008,42885
720575941598399168,858888,134928,86715
720575941632587680,118120,192988,53280
720575941441283163,135840,225836,57825
720575941612533225,199500,163696,87705
720575941416252700,128020,170960,37530
720575941504984555,144960,230812,74970
720575941551099425,738492,136668,73440
720575941704402138,861720,137304,34560
720575941634170053,141060,208204,34650
720575941432713742,108888,182912,111195
720575941722804794,687152,210204,64260
720575941690679192,123424,209800,32490
720575941432783886,279920,209412,51255
720575941449785949,804704,220372,57600
720575941463140036,813360,140256,162990
720575941613362605,794832,107428,122130
720575941526574850,241172,124552,133290
720575941643287653,146632,134028,123030
720575941498440576,747208,96260,115785
720575941657210580,779600,112740,46080
720575941664606844,386692,118852,70605
720575941564109154,528000,784952,243270
720575941469218838,828012,214528,33165
720575941516958979,768600,132120,178155
720575941644573048,118484,215800,68490
720575941681455037,690808,166932,194895
720575941552316990,171108,192296,91170
720575941689845366,598828,607012,114390
720575941537832317,600960,735876,220860
720575941478527311,612308,626576,174465
720575941621629692,540516,679472,180720
720575941614291987,425880,930716,258165
720575941645457746,562284,652804,146340
720575941478509903,514004,711164,172575
720575941447051445,444260,836040,253215
720575941431374295,390012,156428,249120
720575941618468309,441440,838496,193545
720575941563358774,486156,626100,126360
720575941545143688,609900,647844,183915
720575941625963419,465088,728356,185490
720575941527005977,513432,804288,223290
720575941514845137,429608,847136,224730
720575941640132127,372088,177164,200385
720575941650717717,589140,67228,168345
720575941540274381,428364,818768,209520
720575941540166941,403536,965896,246600
720575941561426834,391280,967660,240705
720575941474529310,419912,926864,251550
720575941441541071,374780,191156,217170
720575941508402561,151844,131492,164160
720575941458665968,217364,92928,132795
720575941454933673,807016,199268,35415
720575941540082813,241928,92652,93555
720575941574404168,729316,160948,78705
720575941485560838,379300,192036,200835
720575941634194336,241604,133164,174240
720575941487740738,165352,106228,146970
720575941509476446,106188,146132,135675
720575941547527612,855656,135356,52020
720575941432613513,213552,154212,170910
720575941499411529,754036,142792,44730
720575941613941724,206808,135744,58950
720575941472006923,793516,200168,13770
720575941520893400,737500,209716,116685
720575941521536691,786276,129932,30060
720575941653667057,773160,93360,127350
720575941528329060,749944,182624,42120
720575941566339426,788368,83472,111780
720575941605022398,796116,192052,76860
720575941688925964,737424,185092,65745
720575941506207938,858632,155432,108540
720575941512506322,148528,183660,2610
720575941489560784,864808,124680,69840
720575941549208456,840608,93164,71820
720575941441620415,635200,222336,91935
720575941540563661,791068,166144,139725
720575941567622966,800460,92480,63180
720575941499591497,725736,192740,75420
720575941663486844,212896,100400,79830
720575941477611313,798424,134612,28440
720575941518309779,843316,123112,18675
720575941617960149,652792,204164,110115
720575941616635801,231800,186804,200745
720575941627016394,761732,145528,53955
720575941537777674,801980,111092,186930
720575941602129705,769320,144092,65115
720575941431906735,159832,143892,31050
720575941615311379,719536,158496,54360
720575941571206644,422044,53224,139005
720575941587958238,397076,139572,75825
720575941613483858,366412,132848,65385
720575941436826766,818928,83552,93645
720575941460394480,855748,99664,8280
720575941631202274,466928,173152,147870
720575941497406151,168576,164544,9450
720575941564783016,876284,90516,13275
720575941565788562,834188,108044,65160
720575941486093965,143872,140948,119205
720575941459350598,171440,129800,115515
720575941664809084,220904,194308,45630
720575941460595856,244764,183228,63270
720575941442662863,159548,189128,17415
720575941543965276,733268,195172,83790
720575941460274416,662172,180716,132120
720575941516784131,144108,122632,119295
720575941477016426,728268,215808,38250
720575941528668804,189540,219348,59490
720575941506496606,228472,89700,145260
720575941467874269,239788,99656,151110
720575941478203441,211340,144812,41220
720575941553780542,207076,92560,133650
720575941467959005,243672,97544,117810
720575941574774632,222604,100172,181935
720575941564782183,232464,87820,166320
720575941537132274,184288,185828,87480
720575941529464011,282944,192448,54900
720575941537238977,263152,122704,120555
720575941469179511,114340,142980,84240
720575941522394699,242388,192848,153720
720575941528709252,233128,165640,72675
720575941460096326,496224,124768,204930
720575941575777974,474496,656088,112725
720575941563351085,222368,118076,202770
720575941456376883,177876,108040,86490
720575941734103851,229644,198316,60975
720575941465179478,248472,147420,183420
720575941512198353,252460,145712,68535
720575941615902933,254052,127684,160650
720575941561520296,239436,134736,161640
720575941610324653,238624,141460,181845
720575941597475008,242148,98096,122715
720575941681326781,661816,143884,159705
720575941478962656,319744,203648,79920
720575941624162715,206920,105024,173790
720575941572532987,266676,221144,141480
720575941497415623,155204,172088,100935
720575941598342848,113352,195940,112500
720575941615627989,169012,184876,113265
720575941571526472,260588,176672,62865
720575941439551711,528228,214172,13635
720575941561361134,106620,124512,43380
720575941494490800,249312,181292,63045
720575941406722990,247840,154352,45090
720575941432180984,239516,108856,195390
720575941571626654,600924,70840,87750
720575941572426760,209028,229304,86535
720575941391477910,234972,202444,77895
720575941532234883,266412,152156,110745
720575941559730980,156588,102120,162765
720575941518285996,233092,211468,63630
720575941517726201,214036,82708,140670
720575941452426574,311080,198904,133515
720575941598982185,176284,213608,115740
720575941491134156,329792,210188,132615
720575941598766121,313864,194240,101970
720575941629274338,204576,153208,143325
720575941543140357,240500,195764,55620
720575941610945894,198672,157820,132030
720575941546112261,579376,83652,156465
720575941528443417,390008,107840,113310
720575941434631182,639776,221140,106290
720575941645586002,658136,189096,111150
720575941505777202,225124,116120,65430
720575941558086564,265456,130724,183690
720575941637598581,264448,119040,201780
720575941612877331,172404,188476,24120
720575941567985206,211048,188184,88695
720575941527690884,133248,125184,47385
720575941503323698,207124,216560,29295
720575941553158554,222444,104624,152055
720575941492956110,197676,123904,102465
720575941562633896,130576,111228,95220
720575941606218349,151356,128260,63585
720575941594445937,172316,151300,30780
720575941654953684,180836,150868,54810
720575941440202770,174148,177972,159480
720575941592033899,729868,104296,189900
720575941546817416,140840,223776,43605
720575941594625393,174856,196912,81135
720575941516205635,205464,95736,158400
720575941502885867,128936,103732,167580
720575941557549796,151040,118720,32580
720575941449066574,176980,116976,69030
720575941508409111,158320,211180,121050
720575941597661297,172116,205856,40680
720575941555989156,179716,120460,184185
720575941478621726,157592,157124,136260
720575941653096213,684944,223288,65655
720575941450944349,589236,135564,175095
720575941458528838,200904,165932,95895
720575941536133864,170344,193560,42525
720575941669930151,190336,200048,38115
720575941569308916,112512,162048,11745
720575941442400191,146428,122084,110520
720575941492744368,129164,190296,59535
720575941597026460,153312,191220,44955
720575941426380372,215212,199664,59715
720575941429789688,215992,148612,127170
720575941502585943,225268,156092,151695
720575941543438341,244380,210140,103950
720575941477739569,792104,129868,110160
720575941660534096,782388,149288,128880
720575941551270772,869136,149228,43200
720575941486277261,146844,96132,85725
720575941487298114,179060,118960,170460
720575941627180187,189028,111240,191115
720575941412620203,772068,224176,26820
720575941536740800,189968,103388,132165
720575941580591185,860684,122000,78030
720575941536093874,857564,118356,46935
720575941528828070,861992,175456,35730
720575941488148109,126908,129308,156510
720575941595090283,760256,82496,180810
720575941734177835,858180,119592,90405
720575941542952793,131528,223464,48195
720575941586958982,735476,184740,114795
720575941501967243,214864,169708,26865
720575941595805477,126656,145032,150930
720575941576194703,170176,123536,48105
720575941505248450,123476,145464,155160
720575941566049122,116924,203196,80910
720575941626599323,180640,173164,17955
720575941517150979,784948,161416,142155
720575941631643618,175936,107248,186390
720575941570212318,175920,105180,191385
720575941612618214,150244,118220,171540
720575941612093417,905404,66596,19350
720575941692018584,846616,168804,21510
720575941653447409,111812,183416,56295
720575941654470673,178904,100608,187965
720575941508625431,882676,122704,85905
720575941507857943,164580,148980,23400
720575941511370256,153920,89028,106470
720575941514468172,788212,115684,171360
720575941516502627,219576,151260,33795
720575941551192097,195180,107928,128385
720575941482684323,174080,201984,164475
720575941515070284,840892,159940,34965
720575941552013055,483816,840360,210915
720575941585890694,476328,370000,129285
720575941529738955,476016,781004,222795
720575941448018196,484556,191244,81540
720575941603685817,485828,889704,189585
720575941563338664,500272,650028,169470
720575941417243164,478828,370000,129375
720575941562443362,485220,783976,192330
720575941412626799,455648,856032,235485
720575941569505394,524924,196268,170415
720575941650852113,431780,789660,223785
720575941440184895,508884,133172,156825
720575941516268378,525972,130000,180135
720575941574713608,626112,138932,219150
720575941430435721,560372,177060,202860
720575941627076251,566424,154928,104580
720575941684802287,617668,558352,132615
720575941539999693,406708,950588,254565
720575941633352352,505620,76804,223515
720575941471507008,442440,104080,216360
720575941645053304,568320,191740,124425
720575941431917015,554432,186080,210645
720575941575595919,535856,53344,174285
720575941507758103,433996,900604,242100
720575941692494555,728452,224388,55350
720575941449643357,541680,135344,226710
720575941671047857,561460,129704,237240
720575941451614030,555528,153068,204750
720575941599987648,561156,78864,135630
720575941628625721,591664,179804,74655
720575941517240942,527696,166000,175680
720575941644674760,635724,187388,164610
720575941612770012,597628,127736,116010
720575941564429970,494332,117388,220275
720575941558912164,551472,140944,46125
720575941527157785,500268,135928,203940
720575941630147820,299988,111676,181215
720575941519906476,534720,123488,112185
720575941503564860,433788,163184,198630
720575941688603611,424588,115204,213570
720575941445207722,543656,107492,132390
720575941519512536,523564,126552,116730
720575941668618483,441592,116240,205425
720575941471410039,380844,86464,182115
720575941501207531,460836,83268,238950
720575941562559021,378448,117824,224325
720575941575463311,330344,166376,210825
720575941391007126,453872,193200,197775
720575941535386858,407224,244260,124515
720575941471747595,401776,235200,98010
720575941498701435,392500,204132,74610
720575941459255711,375296,190552,162675
720575941642586232,359424,197092,102735
720575941517217273,393744,138840,143595
720575941585597918,395804,141984,220815
720575941483619581,412320,102408,183780
720575941501549451,377136,79588,189765
720575941584019039,432176,113912,196290
720575941595810437,464812,148976,87030
720575941411709073,445508,597848,135585
720575941631443104,420648,182324,180360
720575941589529598,423460,212096,177030
720575941505265829,385420,632340,213075
720575941602404030,433352,801188,114165
720575941439673663,455372,185340,135945
720575941438943061,371220,198168,110205
720575941505092695,670020,579744,251685
720575941481031075,443608,124880,166545
720575941559694884,670020,579204,264960
720575941554894727,604128,639296,216900
720575941535548650,480000,148304,171810
720575941629292012,431664,798552,224595
720575941429636233,656016,604936,108000
720575941500052553,428944,184940,195120
720575941504117483,660480,216188,81855
720575941502691211,443372,897396,267390
720575941653774065,312300,114940,173025
720575941686459375,477084,237548,81495
720575941404271984,440632,238156,104220
720575941394693782,345892,1057500,228555
720575941439721746,642512,164080,187785
720575941601281065,595552,796756,183105
720575941733593131,582884,125580,219240
720575941645715361,440596,966840,259245
720575941480152800,667640,121468,192510
720575941603825337,589476,131372,116055
720575941488130512,438908,133764,58320
720575941504524226,633824,133052,108585
720575941448469941,433940,217804,18450
720575941566172679,601288,91680,73530
720575941409992619,572532,825528,174420
720575941421365719,571276,825808,171090
720575941629235238,138352,96600,148230
720575941576329398,599584,74820,84735
720575941507421986,597448,93704,71280
720575941520119991,529096,196976,20205
720575941645614536,583616,69956,84465
720575941611240038,395192,120544,75195
720575941515139577,670020,583152,262530
720575941584420191,438024,220784,20790
720575941488193488,415452,70496,81945
720575941434547854,400608,613084,175050
720575941589030199,565344,234408,78165
720575941440868831,357956,130172,75780
720575941473819178,445000,988624,232425
720575941528969912,527920,212980,24435
720575941401627427,433040,218888,19710
720575941588545932,582716,683396,172080
720575941559233518,392236,120728,72900
720575941638972789,440720,987144,232965
720575941589609271,442312,988212,236025
720575941483534787,349108,1007208,296235
720575941433022990,443872,641060,59580
720575941461195987,321640,110540,164385
720575941661438776,646804,596232,117630
720575941538058901,451616,642224,59220
720575941644007250,422896,109896,115065
720575941480342496,697144,195728,122625
720575941478055274,675904,146112,82800
720575941627106412,628828,126856,240795
720575941608669293,518912,278848,84735
720575941641957151,668192,127384,206145
720575941652978161,666204,131892,182205
720575941517769363,596968,132540,220680
720575941438639634,725888,80896,194715
720575941607297133,433184,229032,40455
720575941514942307,517732,94936,149130
720575941704265946,673800,196996,82395
720575941489703733,446812,183924,47115
720575941654532881,661464,128616,211725
720575941483518659,856480,173108,42660
720575941615770899,714892,186068,113625
720575941604120822,278336,120352,188325
720575941599936960,753552,91760,135450
720575941571037172,793280,202064,11025
720575941436559758,775920,106368,77670
720575941480997539,420988,58080,174150
720575941536299498,726688,171984,77625
720575941544040540,769336,101560,142560
720575941498617929,138976,188344,107730
720575941660618520,137964,142900,156015
720575941434982030,150860,187964,62280
720575941431940311,154236,190360,116010
720575941546206809,109524,162768,114030
720575941587655646,751848,89636,165105
720575941555377050,831260,152428,99945
720575941444569514,166996,116984,93780
720575941437887776,277552,150444,156330
720575941600291625,713772,229384,94725
720575941554374042,826192,137572,35010
720575941500338913,826220,199908,86985
720575941553571583,864856,182236,75780
720575941505148139,841936,188132,42345
720575941595961221,631364,167044,152775
720575941596308263,389900,112212,78930
720575941460795295,718764,82248,110340
720575941498783355,735772,108352,71820
720575941533234819,752396,91216,107505
720575941496993505,439936,916928,236520
720575941554199962,131184,222288,49815
720575941492739815,820464,138200,73800
720575941430940920,378924,171268,205200
720575941528976004,443584,964992,261585
720575941522797899,458648,893188,269505
720575941472739168,474116,718088,233325
720575941542291973,576992,710124,238590
720575941632040645,393152,179112,203625
720575941494460032,364192,181796,232425
720575941491202510,379416,170592,209700
720575941547347572,459016,662024,226620
720575941497835081,550752,777060,192690
720575941626911882,608524,636344,191430
720575941536513000,402528,875136,235890
720575941605174718,584584,164084,193230
720575941507208005,415492,992112,245115
720575941485798406,592564,198208,196965
720575941484300550,598936,148860,196740
720575941517735852,595976,177572,236295
720575941575597725,556736,184228,228735
720575941518105710,512020,832920,246825
720575941630319330,599240,179572,201780
720575941451566714,389280,869668,224775
720575941576517465,490556,628372,172125
720575941537821821,448392,633128,150300
720575941492073417,800056,133204,153450
720575941536979434,820712,210776,67095
720575941581099601,760928,156312,94005
720575941569518068,594752,201984,227115
720575941555577601,791908,154108,98775
720575941615817747,847524,163316,95850
720575941416629020,448272,774860,156690
720575941596829735,231832,189204,32175
720575941489940172,387732,189600,196335
720575941691055512,710972,215480,90135
720575941461586372,773072,140612,136440
720575941401541155,671504,230624,79155
720575941429119316,837952,155692,35730
720575941440014047,800372,111628,104310
720575941639811189,766828,164668,78120
720575941590459703,720236,186828,158265
720575941415009172,731000,175824,62370
720575941507876898,555284,192440,226125
720575941461229382,809736,159176,74610
720575941586980574,739428,87320,158580
720575941604322038,729352,150704,180900
720575941570453492,743796,125212,60390
720575941476310587,754652,103140,143325
720575941451520349,665536,188260,148635
720575941590161732,752180,212808,43740
720575941409004462,741896,202424,52200
720575941513846275,244180,92312,176805
720575941593049228,174052,154908,189315
720575941489098697,195008,102244,154485
720575941411233707,875840,122288,84690
720575941353292592,829652,183152,49590
720575941512216336,719328,238500,63540
720575941482035619,880360,89528,106380
720575941482197378,775252,173192,164790
720575941613797549,784004,119304,40230
720575941481946447,825372,198388,90540
720575941642311711,831716,196280,41220
720575941484134342,763160,186356,103320
720575941437790752,765336,141264,146565
720575941634788000,222848,89584,90810
720575941566534039,771308,140320,105300
720575941477604894,231764,153060,35235
720575941555599361,787672,127380,196335
720575941645286226,757548,106572,193320
720575941539042275,773632,222400,87435
720575941527963906,744872,184280,90495
720575941691793048,760144,135308,105615
720575941441132767,728392,106336,164610
720575941582938745,828984,161084,108135
720575941536734986,170848,155480,19350
720575941509627682,785692,104024,66465
720575941613780326,913448,103840,92475
720575941505823026,837660,101208,142245
720575941575967887,698840,173940,175590
720575941550815549,848792,168920,102555
720575941541485005,724944,135940,168795
720575941565733010,737392,189140,96210
720575941570438132,772672,190144,122985
720575941549454984,755920,193764,23985
720575941463357584,163328,92672,149985
720575941615444499,773704,164056,35190
720575941495943550,344832,75456,142470
720575941586839430,870224,74932,61245
720575941691900123,882076,130256,80955
720575941692091099,844976,124424,125235
720575941497996928,564916,130724,250515
720575941576162230,283648,137504,108945
720575941478436404,157876,156288,65205
720575941429026132,619528,632984,234855
720575941503467659,197628,146608,148680
720575941440653631,121284,137628,130455
720575941498380617,131200,128000,92025
720575941662128952,727248,191752,40050
720575941438839359,144492,161256,37350
720575941724640570,744128,140376,45855
720575941526515481,141896,113124,149850
720575941556178074,146756,188496,94995
720575941512739026,677860,161776,87165
720575941476862494,181268,204388,134685
720575941553701147,161736,100328,71145
720575941499428770,134148,216472,30285
720575941477431361,794900,112228,128835
720575941452820649,145572,162756,122265
720575941512961234,889428,114596,16245
720575941687457775,152008,183564,29340
720575941433397089,805340,196544,51660
720575941463509005,718796,127372,112815
720575941494763952,829664,204548,57510
720575941625961324,757312,131368,148140
720575941527934745,772736,174252,130950
720575941505355570,209132,82944,166275
720575941634578875,146100,102176,75960
720575941495727230,124164,213120,28305
720575941434233614,768092,178772,36855
720575941655015385,438668,986716,234990
720575941606636909,473792,619360,134010
720575941521588043,480200,877676,249705
720575941692156123,397360,953820,269775
720575941652652561,505636,692732,232290
720575941479291587,439552,974016,204570
720575941408422318,463020,938564,229275
720575941555226369,425736,958360,269460
720575941670543783,430156,928872,200790
720575941547781052,387148,959804,224370
720575941592166614,435008,759068,151515
720575941574723081,508036,802248,211500
720575941438458386,447444,891728,212670
720575941403825008,495956,624288,110475
720575941571537659,391716,863568,199350
720575941638556703,369772,1000164,264375
720575941609520742,433868,725532,221985
720575941504505925,547520,621364,215415
720575941518533486,451744,958280,282915
720575941415563804,552012,187952,215370
720575941623353755,465308,664988,252945
720575941565380910,477664,709736,184230
720575941556244644,527640,759132,242595
720575941731208491,477664,887944,228060
720575941546457349,781752,183488,18630
720575941439948239,262596,241676,112455
720575941616953301,393928,195244,201330
720575941447732756,412516,177268,210600
720575941408102318,165684,124080,56745
720575941482410319,280212,156724,67320
720575941557679268,708964,127804,81495
720575941507272577,194324,146364,57690
720575941523606007,759684,117960,202455
720575941532865995,727056,106692,107865
720575941566952802,782568,82520,65970
720575941652992474,123088,184440,56565
720575941451677518,862704,167920,52245
720575941639604853,792740,218160,58455
720575941476050474,219420,128248,71730
720575941734130987,156620,232592,91485
720575941609340525,770200,209516,19080
720575941656600020,735312,180900,63990
720575941543642972,752440,175368,97110
720575941632474348,741332,103024,82530
720575941492775655,856612,149080,111195
720575941481237155,696444,212248,68895
720575941633862816,893696,108160,15885
720575941487977282,806752,111140,145260
720575941432147081,826332,80472,55980
720575941515369169,838224,87872,32220
720575941483285955,769188,133236,180045
720575941682088637,720820,206096,81180
720575941460237126,843872,149308,67095
720575941556554468,754816,154768,92565
720575941570945906,734328,111360,87975
720575941535472216,767920,151060,157500
720575941566918498,873328,73520,83790
720575941563207981,755112,133676,138915
720575941601688617,752008,160332,117180
720575941605359350,806856,140716,141165
720575941512273424,770936,96368,83430
720575941558511780,754320,125540,62640
720575941450587997,757616,179540,38835
720575941651582997,831140,63928,124785
720575941505976626,108236,146956,134010
720575941472597367,423192,72360,82080
720575941570796282,586768,60596,145035
720575941604830966,602168,85616,122580
720575941471747851,562392,54744,137835
720575941477636889,572220,59288,114840
720575941561901427,580272,132384,66960
720575941517240569,322544,101328,157005
720575941574885960,782140,112976,139905
720575941734511659,769212,187352,70830
720575941598396060,465832,122400,223470
720575941479354945,780512,129232,125595
720575941664925052,808588,133940,179685
720575941500026081,225832,137844,147330
720575941528363597,730888,128428,176490
720575941597665649,132488,205392,79605
720575941482928058,220392,229152,91530
720575941449016340,214824,104056,119565
720575941454871021,209776,185620,74970
720575941415934353,732692,87760,189765
720575941587092292,244416,181540,176220
720575941544234940,579972,195892,173520
720575941613347558,647984,198212,139365
720575941501704354,640480,186812,129780
720575941528202777,681136,182064,173340
720575941564772706,643036,195256,93555
720575941481341152,724340,135472,94230
720575941482637391,678804,182416,118350
720575941576127133,713432,156220,66510
720575941477097758,227916,134016,159705
720575941438338322,654308,196784,126540
720575941605268470,228392,87164,132885
720575941633116832,117832,175388,57240
720575941450778439,248432,113296,145170
720575941505257893,600400,615720,175995
720575941505992471,471016,864240,267570
720575941559457395,420384,179392,218115
720575941515101905,234296,99116,123075
720575941441946709,233044,168320,38970
720575941460598160,212952,141632,130455
720575941615793621,238084,189388,147735
720575941488525621,219376,172872,135585
720575941475896641,241976,150284,195975
720575941590977847,221156,189256,32265
720575941537146005,227608,153804,182565
720575941605260473,169408,122732,154260
720575941550396671,223420,121556,188910
720575941459376595,228544,97296,96030
720575941567673594,241300,128060,93510
720575941589654924,204460,100108,114885
720575941592164566,235180,191336,63405
720575941660319056,217528,178564,76230
720575941491965385,226368,73280,130410
720575941627519114,241812,201720,139725
720575941462208781,237860,212016,107055
720575941595352689,116680,186124,53550
720575941415531153,766448,145316,89370
720575941463460240,171268,213332,39375
720575941476969537,284148,163192,150795
720575941517411288,136400,126040,101925
720575941513743363,190364,192028,100305
720575941537760449,241740,97464,194805
720575941600297766,402944,619672,180135
720575941465394445,244520,109800,181890
720575941732710443,255136,196036,118035
720575941530919653,262632,145124,72810
720575941687423471,248216,169128,112905
720575941432290441,266152,169912,177525
720575941450800199,297264,167684,164070
720575941605277088,225520,156552,37080
720575941590038526,311136,197252,131625
720575941562915986,306324,194292,115740
720575941504315964,211492,174832,117945
720575941584405982,221308,114028,87795
720575941460414879,176700,189320,115380
720575941669577127,195240,121768,117720
720575941524512612,328320,203200,82665
720575941472493431,293880,203704,113265
720575941548137588,217856,238720,128700
720575941521263607,218516,182280,73485
720575941612798026,176508,102872,157005
720575941590151748,163060,114032,153585
720575941434323982,542516,75640,103635
720575941566956898,590204,67804,87390
720575941563069184,210608,145752,65070
720575941624290459,262544,209284,53955
720575941434344224,194784,148956,86715
720575941482859087,110548,196064,111465
720575941643626952,180716,100560,112860
720575941442858431,282000,152512,130410
720575941612707302,614668,178532,219285
720575941448062484,280112,152376,122895
720575941553477511,168148,154192,71280
720575941527614029,134008,128048,83790
720575941513631299,667392,243776,83385
720575941569376558,158504,111020,137295
720575941437078060,227112,175852,144180
720575941482158077,249152,234880,56520
720575941639534709,278232,154728,117810
720575941436997262,183272,208672,35685
720575941400360739,164388,141356,45315
720575941671092391,136528,136520,159075
720575941566984502,216492,151112,129960
720575941525708388,153936,229560,86220
720575941627950956,190084,183032,32040
720575941507028002,194288,111452,78075
720575941560070771,283940,175648,169875
720575941594841383,689140,129612,147060
720575941588655684,120456,175508,123255
720575941687169804,219224,170456,49005
720575941497000647,663600,89584,168345
720575941487674832,200852,152572,165690
720575941575694006,151736,215104,48555
720575941623688700,146952,163516,37215
720575941508970256,165292,110356,102825
720575941667047411,220812,163296,152325
720575941504040023,740256,133456,46530
720575941548671156,228392,149608,174150
720575941679862461,186932,114572,182025
720575941503388466,218812,154496,137565
720575941414130065,209504,174776,88155
720575941519794611,228408,194592,90495
720575941591000360,244120,210152,108630
720575941534649281,203804,143404,57105
720575941437439776,170608,158080,179865
720575941481134466,145036,164640,31500
720575941509737310,875016,153040,43065
720575941599525020,876764,102600,113130
720575941634440352,772752,199816,13500
720575941519989208,153344,92464,151740
720575941478026548,198112,155296,29025
720575941554065543,815104,84620,119925
720575941533456094,128720,146840,173475
720575941484487165,117672,135864,99225
720575941522287799,775644,123388,87120
720575941616928665,809520,143520,167265
720575941538251496,182484,160260,25920
720575941670942897,834028,159904,22050
720575941558016932,198224,76928,137700
720575941560617487,137188,113864,157635
720575941453700679,862592,116608,14715
720575941453956009,800192,169792,122535
720575941552755199,813516,97992,123525
720575941704213466,788316,168292,79515
720575941403170851,214124,142072,37260
720575941614291932,895424,119872,53460
720575941645256786,134896,111888,149400
720575941579223129,209016,77364,154035
720575941409558702,841920,189888,16920
720575941459995551,238028,76276,151020
720575941555363482,208864,119972,206820
720575941565946631,132524,96272,134460
720575941546872665,136952,138656,51435
720575941506176421,152072,143192,31185
720575941681686973,237632,83908,183150
720575941688708847,225892,107220,78615
720575941688868847,860044,112016,77220
720575941612617446,196316,117052,196965
720575941354071344,881744,111920,120285
720575941691812248,152600,95380,165780
720575941559558692,769528,193964,55935
720575941602199081,846804,95088,158850
720575941646005704,222252,92492,184140
720575941561334643,760660,92400,73890
720575941576444047,869040,101524,11385
720575941659316816,877392,85836,42705
720575941559230756,808948,140240,153765
720575941586006111,583436,148296,143595
720575941510651152,382024,104520,80235
720575941596424581,479276,370000,128835
720575941413189999,529216,562932,128250
720575941478187316,714740,163000,147555
720575941604886457,691648,210256,91035
720575941515579747,541328,244592,82395
720575941513674131,456620,370000,118620
720575941689667547,501052,636660,163710
720575941393196950,436624,195660,170820
720575941450360757,455908,847132,236565
720575941563563879,465944,627832,186705
720575941441701467,469012,637268,199890
720575941416119324,436800,204268,102735
720575941593759781,543632,580792,148545
720575941621878268,670012,579524,253440
720575941515913827,436412,139148,172935
720575941628220729,552860,132448,133425
720575941493293543,633192,102984,171810
720575941577278809,208516,153432,149715
720575941588099140,392704,235408,56205
720575941529127044,628816,195984,172125
720575941435404942,530420,111976,180000
720575941565832295,512968,254116,108540
720575941501135191,566096,603896,187650
720575941623743996,511580,80912,241650
720575941411463339,496248,242436,63855
720575941535119809,509280,772664,272520
720575941532249547,583980,129780,220950
720575941588841100,529660,122812,82305
720575941437432364,593152,246528,119385
720575941548085172,503792,132900,158805
720575941549456673,476568,928592,262890
720575941681948349,484936,90104,191520
720575941593895382,554864,182540,185625
720575941608894061,548112,213680,156105
720575941522438391,589072,93068,228060
720575941559708019,554336,92652,222435
720575941479519106,537452,164880,172800
720575941491407024,584064,107884,111420
720575941494497456,504508,179504,167535
720575941620218495,395944,119608,177660
720575941445211050,467612,108628,239310
720575941661352248,468544,147648,249660
720575941641623327,424904,811280,110160
720575941539210226,313240,115516,108855
720575941626938250,380856,146164,221445
720575941615483033,282112,187904,201375
720575941552229631,262400,78016,151335
720575941537012161,310436,185760,137025
720575941550238269,304268,114528,220410
720575941436693280,417780,193212,71595
720575941431194031,408392,261884,93330
720575941625871498,403168,155132,96975
720575941579524697,459336,113276,187785
720575941668568307,401064,139060,106830
720575941486552386,342652,157976,213525
720575941416875804,382144,117368,211770
720575941452187770,415716,161128,178425
720575941596632768,413644,165392,135225
720575941529890488,426632,132580,107145
720575941654735121,446212,152064,34920
720575941645056376,468524,170884,80685
720575941461168653,390380,633812,213165
720575941497088162,436888,811280,102465
720575941655995160,444380,811280,104040
720575941488487733,496544,150036,197010
720575941541582205,437824,198464,215640
720575941538210965,407656,114436,160740
720575941404117104,308556,153032,225090
720575941732779051,657172,127112,102915
720575941515726659,598768,642688,204075
720575941434760590,573604,97320,204885
720575941410714027,410924,123144,217665
720575941523215607,603512,145224,235080
720575941517711832,473084,226700,80370
720575941525317890,221092,192104,68445
720575941508020247,514176,196096,208305
720575941466034262,549856,139216,183060
720575941486123586,123788,210356,70650
720575941472517239,410720,111912,83205
720575941613730323,570784,192348,191250
720575941671121063,442544,987424,230535
720575941528902072,342096,1082084,212040
720575941451060090,431168,215412,16470
720575941458795078,432236,217540,18495
720575941529208708,412044,77440,83835
720575941431388847,512848,112632,118935
720575941611027629,535860,203084,18225
720575941496133831,524264,212980,21780
720575941504258866,529208,212204,25200
720575941482445242,785408,561044,248670
720575941488171721,610916,647636,279225
720575941507628417,430772,218196,54720
720575941509210128,435588,232552,52335
720575941413377169,437624,216252,16245
720575941494260167,401708,125816,75105
720575941449625437,443828,235308,66060
720575941687688566,450544,918276,208755
720575941517879980,380132,104268,79110
720575941680262333,367044,1019532,214785
720575941432248334,494884,154108,255015
720575941352534576,432552,218656,19575
720575941551127551,354264,1019532,199845
720575941448805301,579132,825008,176265
720575941535543066,656760,616172,117900
720575941412137839,515264,110796,115335
720575941559214125,670032,580552,265095
720575941516073875,436740,215832,15975
720575941616762837,649972,608852,115920
720575941631121900,445428,988816,232605
720575941444049322,450340,991248,236610
720575941596168128,657428,592780,262170
720575941616395417,408976,617924,175770
720575941533923050,198148,126752,64980
720575941509905281,304040,119152,101700
720575941467201558,418668,239800,112635
720575941525943885,579472,823972,182385
720575941632332741,439852,212372,30960
720575941487352205,627576,126752,200745
720575941595751126,297396,135584,228825
720575941442748351,752356,136060,199935
720575941537011393,685760,115072,236520
720575941640177525,716672,98688,207315
720575941393657348,669216,143432,222570
720575941437627680,727040,79168,192060
720575941643671890,309676,119688,72540
720575941517000185,449080,138612,143235
720575941482761213,456612,768748,98505
720575941411405995,486924,682348,157365
720575941585219718,579312,158464,154530
720575941548487348,553748,174244,128520
720575941483855555,651932,167948,168255
720575941583795295,540448,212960,156015
720575941519885422,565232,158080,153180
720575941603627449,113552,167868,94410
720575941418336540,156320,167976,47160
720575941623889404,127360,116416,180945
720575941552311102,112536,210076,90765
720575941611411274,318524,168904,167670
720575941431654241,148436,195384,42615
720575941592374379,161048,143676,123345
720575941498722785,199192,94408,136755
720575941526580324,250128,167492,94860
720575941631769324,766956,198540,53460
720575941732187947,167192,110264,83430
720575941486879750,726576,159436,181575
720575941412382063,730188,154540,182925
720575941612532042,756256,105652,91440
720575941542868828,681332,234064,88470
720575941418059804,726024,181620,72900
720575941519906670,661112,183312,116865
720575941669548209,198984,183748,79650
720575941551035527,512008,909128,265500
720575941452291123,501212,779128,235620
720575941558827279,545728,648832,163845
720575941588919863,558152,660824,160695
720575941498662818,406324,992424,257625
720575941483732410,411872,178544,211005
720575941576029449,547532,748332,174915
720575941476011806,566916,713644,213885
720575941542483804,606656,679808,237465
720575941644131704,608776,196920,207900
720575941476124721,370292,167604,190125
720575941485377602,441364,717924,240795
720575941642536609,561748,712692,197955
720575941403216163,497568,733740,151155
720575941501922699,571524,181096,206685
720575941546337980,564668,186400,228960
720575941446429354,822088,146500,150660
720575941653753105,410012,183476,231480
720575941537631181,432596,677864,202185
720575941390268164,479956,757508,105480
720575941479417962,194328,108128,195165
720575941462753491,769248,190804,30060
720575941567822390,125044,218116,47925
720575941602518518,167984,197420,32310
720575941480358624,268224,188672,202545
720575941600031936,136736,140588,146655
720575941512631762,221192,132356,55890
720575941487956432,806748,173160,84780
720575941411616683,618792,200204,133695
720575941595226757,193928,215620,20160
720575941655153681,841372,136236,9135
720575941441932479,138248,142008,32310
720575941613479597,799448,77372,141030
720575941641795615,760264,155276,77895
720575941434989600,365988,185116,207720
720575941446376362,747844,78748,105435
720575941536510986,770212,153348,84645
720575941485301501,739004,120168,77130
720575941546782652,781336,177316,60390
720575941554113598,747320,233328,52515
720575941597148529,729024,141068,61155
720575941641666335,720556,207208,99945
720575941476073780,171056,134792,80280
720575941484283334,750036,153000,180090
720575941509801857,765528,174932,166365
720575941566960279,749932,184396,22005
720575941482374735,792264,219128,89595
720575941613684838,743512,197876,72630
720575941461628115,758996,83960,127035
720575941652879345,835512,96968,127935
720575941690009612,754384,104200,104535
720575941494441648,835300,117036,158085
720575941540154098,140500,139232,67500
720575941449388052,744176,180848,40725
720575941672684711,828272,106888,151515
720575941432408161,800652,92368,109935
720575941507665221,820564,107284,52650
720575941575701903,769208,156244,160650
720575941536719704,759712,164516,98640
720575941653867761,776920,136520,119790
720575941587402206,844980,112356,62235
720575941402598435,159176,113952,186210
720575941434478350,848704,169700,56340
720575941490466357,604404,92148,73935
720575941568297774,589868,67168,87750
720575941621338751,253716,101184,128520
720575941605083638,849352,128240,139410
720575941509231650,318272,137216,237285
720575941442795099,837356,65608,113940
720575941664705148,829184,114332,78255
720575941597257841,419776,54572,117090
720575941561279859,790880,115872,141300
720575941639473525,538848,168000,189000
720575941433592023,503280,620824,72945
720575941451332189,552524,797024,181125
720575941464993037,459824,951604,218340
720575941503640715,382592,103456,83115
720575941522338487,670896,200704,105075
720575941574842781,657052,124052,185355
720575941513137873,138792,181656,105300
720575941406039664,144696,159052,43335
720575941543629148,219204,163212,106965
720575941542017116,118104,165928,103455
720575941430765999,137344,218952,65160
720575941451620474,160072,165144,151200
720575941613135068,124112,128500,115920
720575941479525738,796472,167316,72855
720575941669351601,107168,181092,95085
720575941538586610,143876,156624,115830
720575941407966382,687812,229092,85635
720575941506964503,167332,141188,75465
720575941491559221,768288,157436,171090
720575941467999510,745768,218644,29565
720575941566026752,711296,166640,74520
720575941446651818,825580,160564,46800
720575941476446779,727040,125536,72315
720575941463332036,807128,175752,110655
720575941472596288,125136,178620,28485
720575941501579426,722068,183732,51300
720575941549329407,536228,608196,87075
720575941549960052,493532,899716,219870
720575941496338145,470452,893812,246915
720575941547331444,478632,624080,90900
720575941609413862,540352,685432,251415
720575941509090258,467504,902312,205110
720575941516797075,419272,913652,193815
720575941515706515,391528,946892,252405
720575941508572626,498328,778912,245790
720575941678538173,521312,629844,123705
720575941650593553,520144,622736,211275
720575941480846266,486432,597632,99675
720575941668716465,554968,735908,172485
720575941654592985,531264,683208,255195
720575941515924058,464860,859064,269910
720575941526681933,564396,605104,152145
720575941730011947,538732,625176,213075
720575941489928393,579688,79364,185310
720575941424912468,472160,819624,241020
720575941489409228,594744,197124,195480
720575941626940710,472512,715900,227835
720575941505835137,440352,809324,243990
720575941506720279,486196,842904,249165
720575941667196593,507064,888452,219735
720575941476922161,784812,150016,96750
720575941472421239,136952,201088,145800
720575941609030765,127824,148928,81990
720575941616355797,383404,179836,203715
720575941479921315,387064,194344,198315
720575941412136875,768776,138900,105975
720575941469079062,838840,163908,19125
720575941473034251,232128,133692,86265
720575941437308178,587172,194028,192780
720575941474413098,183984,131384,44595
720575941517554169,727240,160616,43830
720575941439644946,160644,108464,183690
720575941561507566,680600,237064,87615
720575941411172779,167316,81108,75870
720575941654781201,240140,106272,162000
720575941416585756,588804,202664,197055
720575941433493006,729356,82892,127170
720575941702057434,153580,148528,100980
720575941495318398,762484,143720,185895
720575941518405267,714552,228668,67815
720575941657107156,752480,102440,124650
720575941481403872,725356,114656,77535
720575941575597832,816072,139420,126360
720575941532709835,742112,122516,49590
720575941432245679,725512,178504,167445
720575941605156281,744964,124636,80820
720575941520884696,740468,119124,132840
720575941507794597,755556,98004,161865
720575941477498142,855652,129484,102330
720575941408746414,788440,148704,36045
720575941646592161,800764,123120,119070
720575941632678626,815108,130712,164070
720575941582590841,809788,117052,50490
720575941612187978,803612,89960,141570
720575941507882405,823180,200816,22455
720575941534224101,757864,159136,126720
720575941454777001,895260,91672,13455
720575941457514221,717836,201220,76005
720575941591020501,235348,119456,64485
720575941564758016,764600,139772,131490
720575941478232369,826548,126612,118845
720575941480843906,821660,94612,95445
720575941498944891,729756,118172,125190
720575941550956577,168748,113288,47610
720575941691868056,854236,97592,129825
720575941470728157,757440,134732,144135
720575941575215099,782624,188836,71505
720575941544395356,864564,92560,76140
720575941475275562,795736,94924,147510
720575941645686866,784396,215384,71010
720575941530640260,863732,187340,73125
720575941561483535,797620,88944,95715
720575941454093127,391520,216848,114750
720575941463731088,583992,58532,144855
720575941451947598,531444,80808,130275
720575941612748009,540604,72772,156690
720575941541864829,791676,74332,104535
720575941415939473,850132,125232,57510
720575941460560287,902728,88632,26325
720575941475526089,858532,85864,139815
720575941567742567,190052,118680,152415
720575941566973026,216848,129944,80640
720575941534810755,806232,128400,145485
720575941551438452,723620,112624,75645
720575941565608594,815404,71920,108675
720575941501185512,861064,82472,137700
720575941531428792,830224,92100,169560
720575941534776810,134176,190264,141930
720575941692351451,851860,92044,62640
720575941481194182,218932,202380,97425
720575941548431284,579036,217196,97290
720575941512066064,697712,147668,145935
720575941439716699,771888,144544,133965
720575941467371030,120648,138232,108630
720575941431215886,249180,100600,149490
720575941425786452,224820,157296,38475
720575941587397254,708408,139024,123480
720575941506493278,229596,128544,61380
720575941597255104,197120,105716,194085
720575941587178052,252812,103176,173160
720575941506510174,232604,86064,149850
720575941544380445,196580,113428,60930
720575941508585744,209144,111548,70875
720575941550779647,188664,97860,159885
720575941473028138,244484,157992,182745
720575941603196350,215532,124116,86310
720575941647045576,174828,135660,162315
720575941540531548,144644,180592,129150
720575941687076214,258412,132548,172755
720575941538807272,191988,94768,118035
720575941447701780,242484,189360,166590
720575941508692496,236940,144100,113445
720575941563458055,266796,135112,132570
720575941591810667,273140,217284,58635
720575941514505306,205100,223936,42975
720575941653539033,206680,223008,43965
720575941629499874,322944,209280,80550
720575941631231429,255580,219176,105480
720575941409816494,252188,212072,134550
720575941563540231,246388,213420,142695
720575941592266892,199892,186324,176850
720575941538512277,245876,121384,108180
720575941441808469,118212,171944,78615
720575941521218295,122216,185732,95985
720575941478617218,234208,209560,96525
720575941411607953,192804,198404,123120
720575941627067082,220840,148376,59580
720575941534173121,150176,93008,139275
720575941477333057,210776,179432,120915
720575941701257946,161716,206612,115515
720575941481656194,286432,147616,165015
720575941627879718,288648,183300,154305
720575941489753397,145248,133068,147420
720575941513693795,172936,208832,80685
720575941518966382,206492,200332,84375
720575941650631665,235340,141420,174330
720575941563316322,279232,220272,55845
720575941477058612,170440,101672,128385
720575941553119231,230604,126008,67770
720575941509868578,219960,164116,157275
720575941643686088,202040,85044,135945
720575941512802124,246824,129264,154080
720575941440677717,566288,153636,106110
720575941479063105,704160,160016,134325
720575941488145158,663828,182252,165510
720575941538708941,239468,135144,71010
720575941577749608,137364,185672,34830
720575941450123386,224832,84352,99585
720575941548182644,836456,121772,7785
720575941491164213,204324,104080,106650
720575941522588083,231828,198840,76590
720575941525937830,264560,221776,91440
720575941530366340,220300,120956,95940
720575941567770166,851056,108216,7830
720575941553446145,852020,108920,7830
720575941593736997,252844,189288,192330
720575941441193695,188176,113652,129510
720575941487268816,512648,82440,121140
720575941615355356,683644,189304,95220
720575941669975975,251364,108788,145665
720575941565543314,675872,158600,105795
720575941518874540,166244,145324,107370
720575941497510217,142784,119168,27675
720575941477083422,195436,168560,57015
720575941414387601,525204,181820,146385
720575941451278151,214684,169848,64710
720575941411300719,146928,99668,130410
720575941489757646,164900,217188,46035
720575941574069903,185128,175464,117585
720575941495363456,182044,168960,40860
720575941489371849,235532,201708,87840
720575941579972729,228276,219516,39285
720575941579546357,160116,212544,120105
720575941586098310,664124,119268,183330
720575941416979228,616944,108304,205020
720575941431694350,196324,160592,45000
720575941624917898,189748,199180,29655
720575941596049797,663428,115580,201060
720575941541362524,232484,149048,161100
720575941512990418,177804,212280,25695
720575941477590836,791508,183948,95715
720575941430836951,201224,172720,101835
720575941498440354,215612,183632,93420
720575941514661113,255724,215088,104805
720575941504871228,187056,204200,70155
720575941591596072,221536,187736,112950
720575941448685844,803476,120980,76680
720575941573183240,212176,177424,98865
720575941565320448,280880,144240,189990
720575941480467330,156320,94748,133200
720575941480806735,138780,109636,141030
720575941531760824,140708,164132,20160
720575941671522225,773728,87992,180360
720575941471466205,867040,130284,72630
720575941478499946,207044,115636,84285
720575941571039994,850628,104508,50490
720575941395134870,241776,139020,28665
720575941573136286,798684,162084,14130
720575941553899070,794336,170384,75870
720575941669606131,209688,82148,172890
720575941681799613,801108,161760,33435
720575941639796597,762496,189120,129870
720575941536855488,189576,81952,157725
720575941497201863,776576,176528,134550
720575941570328178,150868,123012,185715
720575941496695675,115928,156816,49545
720575941644383314,764048,80480,98280
720575941541360994,217880,155620,34650
720575941539335257,117236,202112,60840
720575941409612718,749352,76392,100305
720575941590807038,142152,117548,65565
720575941453906345,160532,124100,43110
720575941499259259,115652,195416,52245
720575941499960905,158064,145624,31725
720575941442391231,808288,213968,59670
720575941553331006,154404,101592,141300
720575941563654869,134100,130068,51705
720575941522678707,816244,189460,95130
720575941570445044,734504,159880,155565
720575941554744603,240836,147012,43290
720575941587899614,812700,216420,60975
720575941597281669,870608,148660,82170
720575941484737222,774600,145668,49995
720575941566920246,128440,109988,47835
720575941556294995,207132,147216,35055
720575941692312216,110708,174692,88020
720575941646604664,829088,143628,54135
720575941670889393,769396,175780,14490
720575941450736309,233440,141640,156645
720575941653359633,131376,112444,94185
720575941475800362,872160,179056,51795
720575941724381242,851492,129556,43200
720575941507738647,123308,125804,106695
720575941507786263,235180,82588,184770
720575941633737452,849292,161892,77445
720575941516475139,175740,191260,8640
720575941596769573,149380,129556,171135
720575941613486950,784532,183796,66600
720575941574768392,491684,685596,126720
720575941574538504,486816,579456,154980
720575941487325325,455488,170048,77265
720575941507205143,432468,144524,87345
720575941440764127,531420,716356,152550
720575941544522525,541632,624848,139410
720575941441615963,533256,167728,89235
720575941469716445,424336,225464,60435
720575941502734475,522112,178784,106245
720575941537940506,121696,121820,67410
720575941544541364,488972,370000,123210
720575941415987228,493500,368976,127440
720575941475085633,429252,794556,226710
720575941513864401,559248,126836,221535
720575941472130315,425544,958420,289260
720575941575553787,550400,204900,138555
720575941531723493,513696,207008,63585
720575941470534007,550064,108412,173205
720575941432132961,533184,101416,121320
720575941661254712,611144,197944,212040
720575941526964249,579012,570632,167175
720575941720492346,584444,575736,134640
720575941537888282,470264,76128,213300
720575941390518788,556412,167164,128340
720575941402006819,584668,91136,205245
720575941415879196,549192,66824,198765
720575941470479680,168180,126580,194985
720575941415036700,511992,163744,37710
720575941440867675,562792,191108,91080
720575941428953336,524428,139012,55350
720575941556245156,575452,737788,216675
720575941667758579,592528,192000,124650
720575941671630759,346640,79424,170460
720575941529127300,445104,245192,99540
720575941352877616,565620,88504,121860
720575941479399904,596792,129300,115020
720575941539293333,569240,116316,220230
720575941463581840,505116,158724,199305
720575941596670912,510220,98736,168390
720575941686365423,547800,122388,105345
720575941569677562,681424,113460,163125
720575941538633955,442548,239052,101610
720575941640794399,321596,98084,136305
720575941455152691,376928,140792,108000
720575941475314016,263268,142060,198405
720575941452034887,410592,130688,202860
720575941564752896,458380,80264,231435
720575941432284553,349840,138688,151065
720575941502287499,479708,162416,204345
720575941664348028,444004,119864,211590
720575941611572201,311188,147580,156285
720575941501585899,507108,168940,18450
720575941586891654,421876,152756,190215
720575941433523671,312472,129380,109080
720575941620008575,340064,109380,151290
720575941518359662,337852,125740,243090
720575941567928308,316196,121192,168930
720575941416797724,396580,142876,148950
720575941583939423,432320,112116,192690
720575941574718728,396112,175032,135000
720575941625221740,352920,160312,71955
720575941477267230,285544,164724,178605
720575941438031890,341472,166924,209970
720575941613492700,311920,133856,92340
720575941625803402,314048,148304,97875
720575941449992373,423620,220868,46620
720575941540295629,423612,129660,130095
720575941453712199,457252,258816,99675
720575941597306245,525356,124556,121545
720575941402863216,394440,209460,37350
720575941512989772,391444,205980,131490
720575941390326532,497680,655376,186840
720575941611226698,452752,94292,115380
720575941555493121,444276,181312,84780
720575941427792724,450580,128356,78210
720575941480189664,387544,166992,132390
720575941483951613,404416,113768,150570
720575941561673075,670016,576888,258435
720575941509394722,334340,157280,224010
720575941497002951,342020,962460,280305
720575941489868236,529472,146896,196200
720575941595042437,334336,156684,96210
720575941415585169,635048,150932,243495
720575941409042603,584152,747616,217125
720575941532507267,435000,157628,155610
720575941522671027,630260,194760,177570
720575941468474646,373808,996296,303660
720575941700564186,619756,618204,256815
720575941548090145,522620,124020,52290
720575941633306272,664424,171224,180810
720575941643072101,399920,169936,62820
720575941470432832,407784,609448,177795
720575941544706845,509452,201304,203895
720575941444306090,428404,650596,186300
720575941515192899,307268,120580,183825
720575941641754655,660784,603988,117945
720575941633357472,581680,115776,256995
720575941652612369,397356,960892,301230
720575941530280139,373968,995884,306000
720575941466670102,521420,93916,92520
720575941431296649,455116,96788,83025
720575941533640484,490524,623552,71280
720575941490355404,575784,739988,164835
720575941702814170,438712,220540,20430
720575941432020439,524216,211916,21510
720575941515790947,588016,78280,82755
720575941536697832,413996,74416,80145
720575941545588841,528444,213084,24840
720575941489801422,480828,959528,211365
720575941451866439,435728,630856,51840
720575941561384237,480796,613052,68040
720575941498210948,649896,611900,116100
720575941485442370,506724,628876,84645
720575941524064184,599548,673812,196920
720575941487714370,773472,553668,255555
720575941451913287,432628,216504,17325
720575941523208011,436856,917428,171225
720575941493058736,524760,217892,23220
720575941604800502,400780,135556,65565
720575941527867236,602276,653716,182025
720575941590959940,198184,169392,121005
720575941525864013,451312,643964,60885
720575941515882051,448464,989980,232965
720575941491318069,394844,129616,66690
720575941574348701,434968,219432,19935
720575941526117913,521788,239640,67050
720575941439451477,608448,555536,139410
720575941639330004,445796,989812,236475
720575941565527047,654336,132096,219195
720575941463379856,659840,70784,171045
720575941551701876,803396,192732,16380
720575941564226194,548608,95552,72720
720575941576065545,664192,107304,128475
720575941478561642,305552,142800,105345
720575941478323562,406164,125336,236205
720575941461584198,666368,71680,138555
720575941402858787,595912,191844,199485
720575941415325329,581936,115864,150075
720575941497312896,528064,202852,22275
720575941633966267,691184,174500,195840
720575941432733176,698680,122068,148365
720575941596588839,263348,125472,146430
720575941434191630,265600,152832,202230
720575941451535438,587844,654276,182610
720575941531568824,670728,156256,236835
720575941495845755,556664,569212,146610
720575941436568462,726752,152168,185400
720575941541650301,436124,625132,71460
720575941551243837,115040,116512,151785
720575941566546018,187660,137132,75645
720575941575428091,191712,85684,121635
720575941469150998,867632,97864,69750
720575941475287904,773632,98048,62010
720575941528006425,577488,58232,149400
720575941547784041,794288,108192,75285
720575941500406497,889644,93552,9675
720575941524554571,752208,151808,43380
720575941520437976,712608,153600,56790
720575941535127474,374556,173664,109710
720575941537203944,190608,165152,106920
720575941526778137,149408,218112,116550
720575941654986257,674000,190948,66645
720575941560827693,151020,138232,156510
720575941581473145,193824,178960,27450
720575941657328596,142236,102012,130770
720575941566277479,134752,224708,85365
720575941467249174,122320,219548,53775
720575941575100488,843460,152112,37170
720575941519628760,767804,133800,124965
720575941567488566,799588,125736,198810
720575941612519270,820988,110644,80370
720575941646082760,792320,146464,81180
720575941686988015,494428,951744,216900
720575941440648511,232008,125200,111195
720575941471460061,844340,197412,51615
720575941476404276,567056,180852,230985
720575941623269628,382348,187876,195795
720575941724498234,140672,146420,174735
720575941545509052,373268,195440,202995
720575941687660556,485240,914800,214515
720575941475773290,496676,791168,250200
720575941579262841,499204,780320,252675
720575941559704100,481628,874528,196605
720575941458136991,529824,648812,156285
720575941730003755,609880,620568,126000
720575941504860354,585140,625560,220995
720575941428396169,537000,643416,147780
720575941504551218,562412,759404,225540
720575941529001604,512356,818192,218430
720575941532476248,444216,719220,222165
720575941350354224,477532,712992,217305
720575941477446762,542592,655528,200070
720575941479084227,538060,651596,197865
720575941606516333,619796,192248,214515
720575941479160771,412264,884164,215595
720575941505888350,471556,833940,224595
720575941623411611,462124,807536,231930
720575941601884918,365292,180384,236250
720575941504881346,705748,188400,89100
720575941432634287,748800,188992,167940
720575941614301593,405488,723528,129420
720575941643292754,416164,182316,233640
720575941528163917,827480,139612,144720
720575941613116077,805372,193272,17280
720575941491372341,649396,166384,157635
720575941587360580,182880,184944,26505
720575941594657899,145420,205416,68265
720575941595775089,128984,148256,87705
720575941477513009,791780,81004,118125
720575941635090619,182000,117852,171945
720575941491102668,134472,222736,52065
720575941504055787,773832,159552,157275
720575941451162805,741340,137412,155295
720575941467183446,703260,213992,119610
720575941688975884,745784,167868,43740
720575941573045256,195232,191744,13815
720575941550466081,757040,166692,107370
720575941539243491,766748,137700,104400
720575941482718799,854532,163224,13050
720575941546160133,224176,150208,52470
720575941536980929,858172,128868,108495
720575941555967130,817996,127216,157185
720575941547963497,821400,156776,128520
720575941482864463,214936,116260,207585
720575941704615642,837304,175492,105525
720575941614843356,794448,111948,137295
720575941509837346,156976,107676,85320
720575941522635703,784024,101212,134865
720575941606087358,809992,184992,79965
720575941458294765,724960,93900,190485
720575941545966085,824244,94912,93150
720575941539166947,781504,102900,99135
720575941522314423,734080,166420,155925
720575941611707881,771056,86272,91035
720575941645304184,869508,101276,103545
720575941483071683,801356,166560,109215
720575941417395228,128240,106000,53820
720575941462712516,851688,106228,80235
720575941548066184,480596,256420,101070
720575941461187027,585672,825360,163710
720575941613017702,520256,111552,266895
720575941615553811,893696,90128,21735
720575941571486452,142040,92744,159975
720575941415794836,304320,72384,169155
720575941505875506,800036,105816,98190
720575941520548056,753248,130928,44010
720575941352201264,298928,122176,152190
720575941616529817,709376,168704,95805
720575941492611276,835864,119288,53415
720575941439675967,429432,100600,176940
720575941441384795,744448,171760,105930
720575941483774717,645024,168520,208980
720575941555398483,158176,151144,79740
720575941548051892,212776,187772,36450
720575941513478220,127672,159852,119475
720575941395197078,160768,157052,175410
720575941603544310,150672,146580,140265
720575941534476120,114360,152380,110205
720575941477809969,241592,173400,30015
720575941597613169,867872,151164,84870
720575941394629782,789644,157228,31680
720575941613711974,806264,215000,55485
720575941591765544,401856,911640,260280
720575941501021163,444288,791296,121815
720575941563508224,470876,874580,275805
720575941569566066,518204,819708,257175
720575941518442156,531860,726300,168390
720575941624869019,604860,603916,164160
720575941549151231,461016,726280,170100
720575941498979657,419244,921944,263700
720575941480396998,484384,575996,147780
720575941610550236,468196,717128,124380
720575941633107104,454288,894988,204345
720575941534843073,432600,803000,218115
720575941562467426,557788,703332,195480
720575941508359262,570432,180000,237060
720575941402032240,476708,679964,229275
720575941562545197,456104,821572,209385
720575941544516276,534616,588328,85590
720575941610577628,504724,602520,185445
720575941428324344,446900,840048,239400
720575941447445853,425592,649220,145935
720575941567039732,432952,740668,186210
720575941504937303,208756,228808,54540
720575941508605509,175444,96868,167220
720575941470250251,241424,198300,41805
720575941404662896,180924,144576,92385
720575941605094134,202364,212808,27135
720575941549402657,757936,142276,48240
720575941451188346,355716,176444,224415
720575941672501671,158572,128196,14625
720575941701851866,252536,90344,140445
720575941405651568,681712,155196,163890
720575941461453382,690132,237852,70875
720575941508611934,764988,102124,183915
720575941507684773,736964,94720,118935
720575941582130041,777280,85696,53100
720575941439111468,815088,88116,129780
720575941691359384,753784,157288,111960
720575941432521720,792892,118556,184410
720575941575722141,798580,106972,118575
720575941574442312,781624,217188,100845
720575941438994450,177252,156968,41715
720575941497766599,808312,183904,20520
720575941446687146,245116,166344,25110
720575941645607073,788068,111080,177255
720575941626300315,753548,72140,126810
720575941482445219,896448,140544,53055
720575941484470202,742484,184444,97695
720575941489044944,859940,148644,91440
720575941539643378,792108,186260,81675
720575941595918119,728476,223948,111870
720575941599319744,768960,186752,132255
720575941692136088,815180,119404,166005
720575941393089540,816280,194044,103725
720575941626621578,802220,168512,102330
720575941534623363,755044,172776,40905
720575941620445311,726268,141408,194985
720575941463269520,178564,78164,145215
720575941537725706,751580,154016,59580
720575941353389616,746548,85848,152235
720575941629499961,848388,101304,25785
720575941516879715,603532,131384,171135
720575941481554400,823240,186692,14580
720575941546887868,767620,71212,158895
720575941548788541,169204,166684,113715
720575941410125230,263500,160116,31590
720575941441902933,823084,114936,123615
720575941692284379,463084,83920,102150
720575941558050319,275968,201536,51300
720575941451913594,815436,156020,32490
720575941503517323,894212,67852,10350
720575941544796701,788676,80060,109260
720575941615166428,228116,146400,25425
720575941615966739,847668,188084,34875
720575941488098882,717756,105440,119385
720575941562821522,681212,128044,181665
720575941564930358,202524,187520,67545
720575941496499838,854116,78176,58455
720575941531577528,799928,114036,199215
720575941426024532,251660,130040,164250
720575941630917414,214712,127608,170370
720575941533101034,167148,97876,116190
720575941564447239,193492,199436,137250
720575941609407977,743512,110868,134235
720575941429068425,714760,157516,119520
720575941559252269,639476,216476,87930
720575941459278291,259644,97000,170325
720575941561743917,213676,106844,109755
720575941610214374,760624,130436,135180
720575941568968494,850232,103860,146745
720575941537094805,849188,123184,108000
720575941598295744,186224,129828,153630
720575941643874680,840868,125788,60300
720575941573832606,311808,220160,65070
720575941566103447,204312,97956,80910
720575941673052583,254068,123376,107190
720575941525991078,264788,215968,68130
720575941481628358,216784,211160,110970
720575941430706936,226540,113224,88920
720575941563344391,255056,206056,171270
720575941508405271,151448,142956,183735
720575941444610218,165888,89216,53010
720575941541083677,290620,164668,171720
720575941505220375,233684,137160,176580
720575941469690891,245056,129912,151470
720575941504490661,248516,123624,82935
720575941409214123,235620,87556,185445
720575941461459213,155108,188028,75510
720575941475273824,226116,106192,190845
720575941657153104,236924,208440,130500
720575941537107349,184548,181144,96030
720575941721320506,123592,182268,85230
720575941528101816,230460,115308,105705
720575941531738243,252436,171524,192960
720575941432210647,480444,919512,191385
720575941621403263,123324,160144,39420
720575941547969313,246340,102688,109080
720575941609773898,200292,159600,90450
720575941627621275,256964,97532,138510
720575941574690959,231500,216448,98280
720575941573548808,821496,120820,17505
720575941480281283,248892,172864,191205
720575941650260757,236544,143368,173070
720575941657152848,203264,230976,116190
720575941400143907,246552,134368,181035
720575941539259112,193136,141088,159615
720575941577785169,247336,214220,91125
720575941504325029,125788,194348,100035
720575941481800611,625172,102660,184815
720575941624348042,199392,169064,97155
720575941469262199,236588,204676,118800
720575941503210327,148084,116696,134505
720575941456025837,413700,73076,85680
720575941640184607,150848,142632,134640
720575941522323275,286912,229812,73350
720575941612285161,167948,108740,131940
720575941491538352,277736,235040,92610
720575941434723086,272300,141176,150660
720575941588847870,280020,235912,131490
720575941452986025,250548,180628,102735
720575941540456946,194208,137136,29835
720575941564257431,226344,144844,109620
720575941519133111,171604,198248,94320
720575941668057587,118144,217296,71010
720575941454963881,298540,192852,98910
720575941570887418,208812,169664,31995
720575941482430287,280476,225084,72225
720575941686826102,257760,96356,180900
720575941488743733,238796,201516,139095
720575941564358407,391972,114792,78075
720575941541982845,390200,119880,89100
720575941435217294,222972,134576,133785
720575941566522887,234768,139472,87840
720575941588725559,210208,138900,64530
720575941562833664,200068,208580,158805
720575941536062179,250476,185780,59175
720575941459497171,223616,67200,122985
720575941618229631,225004,145288,168120
720575941473322560,640152,101860,191070
720575941460315792,245980,150968,66105
720575941644901202,289304,220096,157095
720575941610360678,212272,104580,123525
720575941591537463,201804,120244,160155
720575941440176335,280524,143904,134955
720575941552500763,162992,173460,64080
720575941506311986,741412,135340,98100
720575941638024565,196072,167124,177795
720575941505780293,176620,152016,88650
720575941555660827,175860,122592,195480
720575941580378201,144316,199832,10890
720575941532255179,428656,85484,181170
720575941412773291,225064,142304,121950
720575941590688580,157748,114524,95895
720575941479411363,225300,184304,139950
720575941561915816,178136,180092,130140
720575941479700586,188660,127896,54270
720575941484871354,275456,74880,158130
720575941458518431,419408,105688,80820
720575941493692542,202868,154352,157365
720575941480571215,163124,127544,171990
720575941528120578,204484,137856,64575
720575941547984929,152456,201100,146790
720575941578376693,203536,187008,30060
720575941456825325,563032,152280,107460
720575941465488214,202924,158852,45090
720575941468415709,131244,135704,43245
720575941594458481,196684,161872,45675
720575941643977160,213924,178344,110745
720575941545020009,146560,101136,94410
720575941512665553,210764,136092,138330
720575941553804545,217624,132196,139950
720575941426295636,182684,167948,58815
720575941679953853,225880,185852,83745
720575941668452017,181564,232252,119475
720575941634252448,634360,180996,167175
720575941480549711,259348,169908,201465
720575941481172866,136608,167076,163485
720575941481718095,800176,145568,175590
720575941608863341,204376,226428,101475
720575941615390739,756988,233216,52290
720575941484755910,836096,124096,13005
720575941520330668,789932,96336,75915
720575941527903490,821460,130172,131265
720575941432793225,125044,97164,115425
720575941565177344,844728,132792,89505
720575941554164286,850244,153212,39240
720575941546592345,124628,154384,70425
720575941546746713,105676,199184,89910
720575941546873177,127632,129832,46080
720575941462442948,840884,187796,18000
720575941566841910,165792,170640,19305
720575941703053274,170124,84844,122805
720575941703955930,110472,195024,114840
720575941612870886,734568,170744,69255
720575941640056949,108284,188336,116280
720575941538574797,202036,84284,175635
720575941669407219,810132,98524,141210
720575941591228471,825744,81280,68985
720575941651689493,125948,171064,47115
720575941600128448,717848,146908,82080
720575941543585116,843892,82420,142965
720575941634657696,816048,111532,181350
720575941500848713,116888,158860,122760
720575941646678984,523692,634080,185445
720575941652845041,482812,370000,122580
720575941531484619,490072,751756,214740
720575941611944668,417888,654448,220500
720575941482323651,544952,722472,270270
720575941527672066,425460,108116,115290
720575941439615199,349768,116668,226305
720575941451320910,461444,371340,128700
720575941466319382,532240,737788,242325
720575941531528421,476232,829252,215010
720575941554228481,506452,370000,132300
720575941584961246,479508,370000,114165
720575941611603475,539124,616064,146295
720575941564288263,564304,243220,94095
720575941393488790,531944,716048,216945
720575941540535069,534464,236740,66060
720575941536651496,536788,613992,146925
720575941505929506,457856,370000,137520
720575941535550145,447740,250088,98280
720575941540237461,404240,224004,101835
720575941571316475,562248,611516,141075
720575941478220596,627568,138736,179145
720575941516448505,510548,80288,176265
720575941552456475,514004,80084,239490
720575941429198932,549324,154420,203985
720575941516255066,551944,153592,189045
720575941551002740,516764,134940,186075
720575941415851292,535688,189316,193860
720575941437367328,539004,150772,239940
720575941431087374,481068,154724,170955
720575941630464709,531728,183496,210780
720575941688903798,451812,128448,117180
720575941681966013,546160,116476,168120
720575941536596722,553408,211456,216405
720575941531380453,555188,192076,216360
720575941580152821,575332,198256,138195
720575941393538966,543396,109096,191115
720575941570473466,515884,245032,98235
720575941644546149,649232,162264,212895
720575941350979376,550596,106632,176175
720575941503975511,539132,139436,230175
720575941496182654,613260,138604,209565
720575941559829619,653016,132116,97155
720575941572548873,345624,88144,165105
720575941555632804,348300,85148,165780
720575941611132077,447684,219852,55125
720575941626801190,479644,590048,157680
720575941575562397,369572,90420,93510
720575941625144778,431492,110908,191700
720575941471345015,452756,125912,82575
720575941523242999,435880,144544,200880
720575941592056062,448832,144900,100530
720575941554131995,354148,116016,222705
720575941537879538,420072,964404,246195
720575941586594182,397708,141312,87885
720575941470643677,354376,75820,141795
720575941539291378,393288,128016,140355
720575941546556009,330824,161908,151740
720575941547474281,382080,198704,117900
720575941406219182,373724,205784,114660
720575941498983074,408240,100192,113895
720575941507549474,426220,149472,64575
720575941457937136,360608,195288,101295
720575941625866139,467732,761208,217035
720575941575062024,464780,762076,213120
720575941543731644,430316,188672,197415
720575941611413993,446508,201824,187245
720575941671532199,447036,118800,169020
720575941599759552,396416,169376,204885
720575941624790012,387548,636548,213075
720575941506057566,434092,811284,103005
720575941560330734,620304,126852,120690
720575941441907803,377296,89024,199755
720575941524064759,321864,114928,218745
720575941412950420,328668,113848,183195
720575941531521995,398568,135848,237015
720575941535663898,670024,578944,264555
720575941615235481,397552,132168,63360
720575941595095766,434680,136576,141255
720575941500839074,289920,120568,187155
720575941474113066,330824,138216,105975
720575941629172716,487200,700628,210060
720575941554422785,549292,137664,219690
720575941509128542,625732,127392,234900
720575941493093058,657740,615132,114975
720575941444841130,434968,656472,53235
720575941507397410,627556,104964,149175
720575941453820266,379760,974736,217305
720575941443616426,247604,208032,44550
720575941453374889,416256,87924,134505
720575941640332063,603196,132332,215325
720575941480502402,360040,1015648,252675
720575941465811030,430416,147832,4140
720575941578801233,448156,990512,236970
720575941570442610,320816,131132,110655
720575941479663746,591648,73660,83745
720575941433744910,370524,1000340,301725
720575941687791734,371604,997384,304650
720575941474841403,507500,811088,286290
720575941689638156,453760,983252,238635
720575941629118777,447344,960464,245700
720575941412948369,442692,632120,51750
720575941485863746,593476,75708,82710
720575941634118560,392668,128632,66015
720575941495123582,591548,88216,88380
720575941426814292,670032,580368,266490
720575941534541400,595264,75192,83475
720575941477612906,550848,75696,88785
720575941525847810,369048,995608,306630
720575941558006564,661372,605512,118170
720575941531671013,535940,92924,78480
720575941525803853,600604,630200,231525
720575941611348457,439648,647952,66555
720575941515744403,440980,630092,50220
720575941617728981,415332,71236,80640
720575941511961872,416500,65424,89415
720575941533708836,441976,637580,56790
720575941545352584,452396,645148,61740
720575941400875043,447488,990688,239625
720575941565176727,416568,66696,85635
720575941501180811,340192,1081984,214470
720575941613365011,405592,618876,178335
720575941578376575,527256,212912,14040
720575941578889205,526172,215000,23625
720575941437256492,437448,590408,60750
720575941539332557,572608,825756,174690
720575941393893892,437732,910892,274725
720575941543853853,580580,825784,162135
720575941533823576,212352,124132,198630
720575941486524166,650016,178468,206280
720575941572530504,445668,989400,235800
720575941504885483,493172,163212,142110
720575941482104227,269632,95616,148365
720575941614356700,577984,135104,58950
720575941598249408,637248,62208,145170
720575941644640082,264384,97408,102420
720575941431820558,168896,207104,159030
720575941627720603,190384,177004,130365
720575941613508710,152864,95096,170190
720575941517020665,347712,75200,139725
720575941541671549,398440,615728,175680
720575941595828694,838400,107188,147015
720575941537417482,866716,118992,115875
720575941570819060,834108,95088,170280
720575941473043467,878656,94800,105570
720575941587835870,223812,147600,26640
720575941553055294,614384,122848,136395
720575941436797216,146796,208860,23940
720575941439308306,849464,133880,25335
720575941514486339,791028,144172,40365
720575941469266397,144576,186136,65250
720575941440932699,162836,173924,55665
720575941548198761,727496,110876,83295
720575941460631536,128564,130684,152145
720575941516770650,862676,171772,63675
720575941434217230,198408,173284,75150
720575941523755595,121924,154772,150930
720575941501794443,180480,85376,79425
720575941526429442,146176,168784,150840
720575941438283026,798356,180684,72360
720575941528407140,769080,139708,162495
720575941537248232,761072,197344,53910
720575941510039681,725828,102328,127125
720575941518496940,117660,217028,82170
720575941538485736,885824,137472,68265
720575941540584690,837864,203416,34740
720575941644617592,162440,198100,141795
720575941546022405,252908,175152,195705
720575941509758814,765008,161256,177840
720575941472644416,203176,77988,133560
720575941536107969,389220,186636,215955
720575941563646098,121828,182676,14220
720575941401776931,476928,628828,172260
720575941413977116,606768,638796,109350
720575941503592613,613008,559588,153000
720575941414333073,596372,708924,216270
720575941505784926,528164,648108,153855
720575941431100553,513732,628492,176175
720575941518535022,501184,685312,132165
720575941572720015,462308,596108,172665
720575941402059632,463720,721900,226710
720575941482969085,556136,186788,218925
720575941440073813,568340,188760,204210
720575941555718995,581744,195008,219780
720575941668619431,534356,649876,163980
720575941570694514,359312,179284,231975
720575941565993472,717416,176756,177210
720575941477874818,507452,684392,171900
720575941503921970,379848,199944,207225
720575941582920569,781916,89312,98775
720575941618411647,597256,201068,220410
720575941353211440,773748,99512,60930
720575941576813416,149532,117804,136665
720575941512746962,795104,108344,125505
720575941612809961,759764,112884,103410
720575941607581293,750520,166112,74745
720575941478879262,710760,200896,45360
720575941504862914,148164,141688,123255
720575941565140578,757644,126568,122940
720575941544244509,712212,200084,152775
720575941466725974,740796,208504,156780
720575941516470874,718852,209312,101880
720575941663681336,733732,150984,169740
720575941565578247,748108,97756,112005
720575941462274259,715388,216020,92835
720575941516999770,733768,206976,46170
720575941394374916,720588,94096,141345
720575941468994582,781420,167240,30330
720575941485115066,746736,97940,123030
720575941570879994,728328,209816,77985
720575941592702092,717552,178868,174015
720575941515278668,829520,84832,113445
720575941408879790,708188,190772,55755
720575941504969922,737796,132012,160785
720575941544090141,875212,149428,94005
720575941497533312,818064,101592,151515
720575941601651753,858040,117036,81585
720575941431403145,785876,92368,148635
720575941530336184,768840,145712,36990
720575941433429857,156944,158424,4815
720575941494524080,196092,154872,34650
720575941575854601,859820,178560,59220
720575941567722806,732416,105964,176985
720575941497857664,766512,204304,48195
720575941627850092,765320,91804,158445
720575941561784335,752088,92572,93780
720575941595837910,739296,186844,84735
720575941544092189,889280,139456,96795
720575941520555374,845148,150448,37260
720575941494141872,837012,116684,128610
720575941640752757,759916,154628,107550
720575941644523602,708260,200160,68985
720575941457875693,767156,111556,159435
720575941569732142,788328,97620,158535
720575941500767138,789532,143528,132975
720575941625800700,731968,174412,77310
720575941522466739,768704,100916,171360
720575941660096592,771008,200672,52155
720575941612655946,794032,162624,80415
720575941487669133,741288,167536,125055
720575941656567001,762048,122548,68625
720575941433139415,489332,142796,257310
720575941407672494,563548,93764,180135
720575941613060013,676352,109760,87840
720575941483593469,467840,173124,154530
720575941441949375,594048,90048,146025
720575941478541889,259648,133824,202320
720575941440751583,905716,90888,48330
720575941466660694,843760,100976,62820
720575941494841470,441808,854944,186525
720575941492672204,453440,106064,77760
720575941470843659,166556,128972,102510
720575941622245829,753216,105456,121545
720575941536158898,710848,194960,90135
720575941563402152,393136,120432,263250
720575941603223737,127384,169000,25065
720575941549247112,121224,177964,30645
720575941538571669,116200,152756,74565
720575941569537268,148532,153592,130365
720575941535031171,772536,124812,141570
720575941483254458,138912,166920,170145
720575941595013415,177404,166012,150210
720575941482604963,749516,132580,54135
720575941484540602,462132,105172,188415
720575941611810733,795008,148564,99225
720575941528233241,753112,134408,115380
720575941640182815,168480,201652,119250
720575941516531459,818332,195552,21555
720575941655868696,499520,736044,194715
720575941439127503,540800,726276,198270
720575941446992565,538788,694772,198450
720575941556410020,411260,952416,261765
720575941454295465,465264,772196,234000
720575941547377725,390756,921920,182610
720575941479865539,473756,927020,243180
720575941478304992,484852,929652,218880
720575941528522955,466060,721528,140400
720575941621367679,387272,187600,194220
720575941470395915,562124,780088,188280
720575941474332987,584132,614776,109710
720575941611552173,585088,206380,198945
720575941613547539,592492,198416,225135
720575941557280420,477836,893696,259875
720575941500673505,715664,203100,43785
720575941508327191,920768,107392,39555
720575941553733182,794244,225352,71460
720575941619008469,867440,106872,84915
720575941568196722,408576,181336,207315
720575941644175461,177520,103652,126180
720575941463137732,411992,209800,171720
720575941454813677,226560,105112,112635
720575941657096404,782020,212364,47070
720575941470114013,756948,127644,92205
720575941634571424,764696,93324,159660
720575941553530367,127592,150732,139140
720575941646363336,772688,183716,78390
720575941547470441,754872,193320,80145
720575941633134572,741904,90616,162720
720575941451945641,166252,145312,28800
720575941575081737,775888,167988,13455
720575941478697502,776776,100236,132975
720575941471134173,730120,120836,126585
720575941549894945,769840,115996,188910
720575941672486311,699660,209172,67950
720575941403043363,791156,88464,100485
720575941655467481,775672,97580,82575
720575941492805070,729228,115300,103860
720575941571230452,769556,215360,88065
720575941641149727,776832,177920,132435
720575941537315098,758420,137748,149085
720575941724645946,786172,130828,151200
720575941547431017,140124,140248,24210
720575941600077248,758028,126056,49320
720575941670778545,780348,96204,91305
720575941510939664,780892,125176,148365
720575941557602212,840072,162668,107370
720575941550307444,781128,147728,102060
720575941553715518,795368,135840,164655
720575941573545630,757184,229952,65925
720575941524533751,803104,126748,182160
720575941524622327,751540,91148,117720
720575941478463793,760736,156324,177390
720575941579438681,851632,163436,39510
720575941457924589,815940,115904,86760
720575941596976517,770996,153272,32985
720575941529069222,836552,157672,17460
720575941545622789,781560,142220,109980
720575941558468260,810852,116944,132750
720575941543534341,179252,213356,140625
720575941500678539,173824,185216,174420
720575941501375138,581280,59804,147555
720575941660517712,535460,101032,85680
720575941451304373,844112,98484,105345
720575941451549277,260100,156600,32220
720575941508249633,588432,152048,142965
720575941654934289,588456,68876,94365
720575941529138854,444320,66036,88200
720575941451346013,839744,85180,45540
720575941596824613,686648,218724,62415
720575941566752263,819712,199936,38655
720575941569732654,857160,90564,31140
720575941438906943,295488,145300,205380
720575941482464163,911076,67424,17865
720575941618093183,264704,241152,124290
720575941485100038,211264,98788,178200
720575941475037489,327360,226496,104130
720575941543384325,222640,220548,41895
720575941509484382,202248,101004,187425
720575941547843945,237092,178672,178290
720575941547071849,330512,194680,143910
720575941571205704,671404,159484,136350
720575941586666206,669420,155212,111465
720575941568552692,692644,189528,107775
720575941544286469,120436,98180,154575
720575941531646339,191428,91944,172620
720575941595287079,191132,138820,173385
720575941660131096,124488,187404,136665
720575941489408718,255960,138532,73800
720575941478481120,234216,91840,164295
720575941596697536,224668,93908,149805
720575941553029274,202456,214604,25965
720575941450071930,190712,168828,116775
720575941460362896,187076,171124,117765
720575941409161643,196116,226184,130500
720575941458545133,247944,143308,183150
720575941525163545,266208,221444,81495
720575941630340844,236992,193448,148410
720575941550742846,226320,110636,69750
720575941536815192,238244,135728,198045
720575941638872607,234132,199104,29565
720575941476572010,246044,193948,57960
720575941609129802,208760,150204,125325
720575941596541852,172172,190120,132975
720575941469600631,218180,125696,187785
720575941429380489,237520,186560,31860
720575941625018988,141224,170884,75915
720575941621408639,300604,198512,173115
720575941556541988,231688,136992,130680
720575941602032118,254164,216880,107910
720575941551148833,262220,172852,65745
720575941489441742,243756,210896,58410
720575941591845995,233284,166436,169875
720575941558479854,241656,138876,173025
720575941642302034,263000,220236,79290
720575941484520333,131936,187468,107235
720575941481756090,259160,220316,96480
720575941679171773,135336,149196,73665
720575941414507665,258476,189164,99135
720575941448613710,227984,192768,129870
720575941485446653,154084,123472,165240
720575941592111870,132152,201520,39555
720575941566741351,298716,166420,158895
720575941452427086,301336,177308,63540
720575941529446347,185800,215488,92070
720575941515463683,220128,156500,53145
720575941574701160,186180,166948,34920
720575941469675531,286720,168784,113715
720575941551771015,192604,197348,91215
720575941517629912,249376,101912,169245
720575941606643134,189008,221396,110655
720575941444807850,222976,78592,104085
720575941489984972,153144,189308,35640
720575941493436542,233372,119648,83970
720575941428670968,322880,212452,136440
720575941410921387,296392,179940,155475
720575941563327330,231664,93164,157455
720575941491132391,367776,165192,178605
720575941459865503,221632,147624,163440
720575941591083575,247828,203916,157725
720575941492251849,700820,145184,110970
720575941411322479,159704,220692,96615
720575941497480417,203236,121608,98010
720575941493394407,650468,193760,111105
720575941442477759,225996,100264,115605
720575941555587226,181056,97360,129420
720575941645217125,220916,179520,78435
720575941437978175,120896,174304,137520
720575941438179039,164684,180772,27315
720575941530899659,128764,152452,149040
720575941505079787,158216,120428,109080
720575941533938917,218032,97356,122580
720575941491611593,411200,72164,80640
720575941539188685,200464,151572,145305
720575941612896531,185664,131800,89190
720575941689684236,236260,154004,163665
720575941497744763,135944,108392,153450
720575941486557136,181576,127948,191790
720575941610597293,200640,155588,148365
720575941472997239,192064,108416,48555
720575941577631336,247772,217316,111240
720575941517015289,535536,148816,190530
720575941450605946,217488,174204,46080
720575941460456095,177540,149168,45270
720575941559957549,214896,182676,93330
720575941450568826,156032,187136,13860
720575941502243819,164992,192704,171675
720575941610935882,155780,216988,108450
720575941499442850,213640,167104,116685
720575941480859360,163944,125240,160290
720575941570844410,881724,112468,67455
720575941625286652,214316,212404,60840
720575941526512350,128892,127772,135990
720575941580799477,179128,136860,193320
720575941442771151,123620,132904,159795
720575941601822249,772552,165528,38610
720575941541375586,190296,169060,26775
720575941561011983,825612,108644,99315
720575941597065329,822800,206488,42750
720575941586652294,134632,121856,121095
720575941589786948,767356,100136,96030
720575941451449934,112696,204684,107100
720575941536219992,788724,130788,182115
720575941492910542,896064,108096,17505
720575941618982843,189336,106044,125505
720575941618986939,146964,91476,123615
720575941592190860,161240,220920,34830
720575941594263766,150312,173456,45360
720575941595432150,767656,136016,107775
720575941576829110,130048,159084,27585
720575941556326226,196980,103756,150705
720575941616860057,816460,184628,112365
720575941634126533,205444,198820,33975
720575941603704822,197492,128964,38790
720575941644240485,808316,184852,32985
720575941559791652,915852,61964,17820
720575941655693785,199032,160744,21465
720575941566564247,847276,97572,176850
720575941433866455,833428,96016,170955
720575941653389073,797100,67976,113895
720575941663075896,773468,166940,22860
720575941442867903,253280,110804,157005
720575941534881368,541220,187636,113175
720575941552896830,453172,184044,73260
720575941639763999,466476,370000,126090
720575941632241900,483560,844500,203040
720575941534911832,525004,198676,74520
720575941721815354,175052,171544,42435
720575941479634851,237344,159476,171675
720575941644058706,479200,370000,128115
720575941592612903,480164,370000,114660
720575941434874912,494444,370000,139185
720575941519974104,361044,841296,245700
720575941512043218,498440,370000,126180
720575941475341610,528612,193212,170280
720575941513362252,396896,745316,173340
720575941443072170,399300,165800,92385
720575941463372432,314776,125600,211680
720575941583244895,204664,142772,131040
720575941477897346,472400,838508,261945
720575941626167916,626012,162584,176175
720575941483966406,538468,224528,141930
720575941533712138,513796,167736,98595
720575941444669610,423548,164616,207630
720575941644226248,586644,578728,171045
720575941620309119,497612,77720,230220
720575941482848710,586252,146584,226890
720575941524228866,536804,179144,207900
720575941612918937,525244,156560,22770
720575941401022755,500464,151340,55710
720575941611333450,473484,212388,58815
720575941440440661,528172,177008,61020
720575941565725079,414256,162560,194220
720575941495174270,628012,141892,100170
720575941479969219,541160,172592,168075
720575941613479853,294444,114996,199665
720575941630052066,582576,73340,137970
720575941484063042,568092,196116,94320
720575941530349515,543408,176244,22860
720575941645592776,532692,139956,235080
720575941480264672,353468,177176,148365
720575941515870355,451004,241220,70695
720575941535131224,350984,120236,192960
720575941643279442,366928,173272,106335
720575941514118403,315368,103580,93375
720575941575551240,403848,152356,101700
720575941545616745,358444,194652,101970
720575941524378649,472096,764340,215955
720575941563530647,501104,148168,162225
720575941495968896,291232,128532,230985
720575941506242583,319128,103328,160650
720575941608330605,404268,945620,294075
720575941691009755,453908,166900,141615
720575941498287689,415416,83884,113895
720575941567831854,372472,124488,198765
720575941449010613,444456,211060,90360
720575941448180558,435148,112132,166500
720575941628917986,440448,115036,164610
720575941391873540,450540,95960,120420
720575941549165823,464916,759856,214740
720575941469137015,478012,105232,120420
720575941552245895,448716,117080,170190
720575941505889218,443060,811280,105705
720575941496417761,446672,811280,110610
720575941623283146,447532,811280,109485
720575941501961666,455752,726416,95850
720575941460198384,670020,579912,251055
720575941448131092,320792,127488,121140
720575941488846544,435200,203328,216540
720575941564697856,311084,128504,203805
720575941551002173,325184,116140,198990
720575941515763705,569124,173924,124515
720575941688796684,305220,111396,199440
720575941474035296,410600,95272,171450
720575941566672487,581288,145488,179325
720575941490679497,412536,204676,92340
720575941610957414,222068,134876,137295
720575941352743472,406780,892876,265905
720575941564373346,567640,650248,143190
720575941516156762,627548,195404,138195
720575941439905983,671444,125836,133920
720575941498684283,611836,133020,128700
720575941691713176,379632,941440,246555
720575941547133545,402016,125172,75915
720575941671235239,670020,576960,260595
720575941564765447,603696,163692,178290
720575941440513877,645812,93216,143865
720575941514656465,296232,139568,122400
720575941515305306,585640,72100,83430
720575941573844745,443992,332588,104085
720575941457940127,527216,213648,13770
720575941462495245,436632,220124,20385
720575941663119484,446480,988948,231030
720575941605048510,599048,75896,83880
720575941486825990,541040,69908,154665
720575941573515080,415124,70916,82845
720575941436366624,518184,171044,60795
720575941618958207,599556,69296,88515
720575941514984401,592968,67568,82125
720575941534955457,342232,1009980,293895
720575941488751312,392288,130592,63945
720575941549518113,524824,210808,21690
720575941523272011,450796,645752,86130
720575941547383657,599604,80516,80820
720575941604108734,431020,215976,17100
720575941526116121,436184,219224,19530
720575941663659064,391620,122132,71145
720575941616773158,451420,646320,62955
720575941537068298,278364,139804,141750
720575941626812966,606964,646208,264240
720575941578915061,428996,919184,308430
720575941580715641,466572,969984,220680
720575941446076330,349448,1006076,297360
720575941491068108,355920,1040828,212715
720575941532265091,173236,193060,114165
720575941508607301,349612,1006028,297405
720575941688309878,432032,138448,230670
720575941532969859,441140,234976,48060
720575941514683395,650672,613240,116325
720575941492632524,183292,115324,77310
720575941629647654,463476,776880,232920
720575941553010687,346944,71424,151920
720575941550359073,416136,120476,213840
720575941507510145,467752,154128,164745
720575941519566446,688588,120192,199215
720575941543129117,593968,74908,83430
720575941522814899,806720,140320,170640
720575941621021567,630272,63872,141210
720575941516220227,603284,658588,190215
720575941557286483,822052,151552,40275
720575941556873299,223028,208824,53865
720575941634993851,181224,184656,81675
720575941432695544,917252,79868,24930
720575941507527077,767856,102272,201645
720575941508338501,869012,81176,119385
720575941441634901,810460,69264,109755
720575941689022703,726992,93168,158805
720575941602763484,808784,102640,97110
720575941603539385,814864,141488,142830
720575941469085974,868192,163824,100395
720575941409662767,819056,171488,34605
720575941665002364,187456,125624,163530
720575941690083803,162152,169988,51750
720575941507977637,104812,191540,84555
720575941600015913,139704,158540,117855
720575941506174373,629788,171004,121680
720575941653343249,763252,134072,52875
720575941547489972,126472,156028,136395
720575941460427423,165300,180352,39555
720575941535466433,163648,191600,59220
720575941575864502,143896,123872,84285
720575941554384538,758532,136688,145035
720575941644972114,794788,154040,40095
720575941505688882,741860,81120,185940
720575941551751679,824844,115696,112320
720575941414361236,764384,64240,128160
720575941509439070,721744,207884,106200
720575941557844644,799072,162516,103545
720575941469447389,441100,234816,51030
720575941500555081,842156,173356,107865
720575941653923057,479280,907020,207945
720575941653755121,372824,968008,259920
720575941572848271,458508,724856,170730
720575941609399782,462924,730684,159030
720575941558378797,535676,707232,158580
720575941487880656,427260,923628,194535
720575941430124247,577896,593216,193365
720575941655896344,410688,912888,205785
720575941531522789,561872,596424,101745
720575941486469954,499220,626536,150705
720575941558995471,600708,612544,136800
720575941629353196,542848,709992,179460
720575941499404683,585272,729324,261180
720575941478544719,435504,671200,203850
720575941687899611,422384,746228,189675
720575941436172562,421504,181828,222525
720575941511197394,414260,627660,113850
720575941595782556,469640,704408,242685
720575941568170798,399336,897264,202815
720575941603052473,366388,191348,217395
720575941484863686,147896,125156,185985
720575941500765769,834400,151972,54900
720575941593423723,207032,96032,125100
720575941474030537,878440,106440,98415
720575941517388281,96804,137892,89595
720575941507131964,859288,155428,109080
720575941535094194,801408,82908,91350
720575941547483580,764552,111808,150885
720575941646547400,227024,115560,148230
720575941562198162,137624,164884,83970
720575941482842298,377836,198908,212355
720575941514807395,386816,185592,199575
720575941496734592,591676,175020,206145
720575941581042421,287288,182588,178380
720575941537888794,234512,132592,159300
720575941554451610,760512,119848,55215
720575941492144437,180724,201704,73620
720575941545888617,690816,226804,117720
720575941543968604,704256,149048,70380
720575941456357683,791860,159216,122445
720575941481660546,768176,214916,63765
720575941560330541,612780,198332,207630
720575941520528600,746312,209808,30465
720575941434403086,747788,93564,66870
720575941504877911,728908,149400,43020
720575941415469969,786052,87212,161055
720575941627352684,745696,101232,156555
720575941455882291,735568,110508,179865
720575941477325361,754388,168496,62730
720575941534269669,728004,184124,45450
720575941665121148,710860,142288,70965
720575941395154582,802260,179808,74250
720575941488083341,827760,110768,145305
720575941437595424,814176,191352,38880
720575941581532405,854356,172448,34830
720575941496880071,835464,109064,58725
720575941508242967,161476,145052,123705
720575941505129778,778500,111324,184410
720575941487913222,755040,121764,141570
720575941547516604,731284,109084,131715
720575941682329789,809480,105348,121005
720575941561660910,821908,198036,49635
720575941571091058,816092,119516,90675
720575941505581506,793280,221936,72360
720575941431409545,844212,101264,84330
720575941537546762,894484,93004,54495
720575941488125250,804560,136016,137115
720575941534250371,850600,124164,114885
720575941539077347,777668,87848,99765
720575941540872829,832356,81108,81450
720575941489719760,147892,120244,33435
720575941478117940,819400,119108,156240
720575941494402992,737816,112300,64080
720575941467300182,754956,155556,135000
720575941443187663,794704,159068,95760
720575941443606991,807012,113668,153810
720575941431800969,208708,85292,170010
720575941612973926,766228,127208,176895
720575941538144405,655000,594916,116145
720575941505975063,611040,651076,278505
720575941646271176,631296,157440,254160
720575941514761292,601164,153992,216675
720575941597539973,649428,150824,246240
720575941555450010,652164,155264,231300
720575941655967188,669312,181440,187245
720575941448329236,725312,84032,182745
720575941409494446,266112,93248,186480
720575941616616857,158128,83500,101835
720575941520676056,208588,141356,41580
720575941441338831,309200,170848,114120
720575941565413127,284800,120736,155385
720575941587827678,161296,95560,164295
720575941581452789,637824,160368,149715
720575941418243612,681308,164456,83340
720575941722651450,158988,166136,38385
720575941690411483,165764,224068,79470
720575941520030380,166272,210472,94905
720575941487067910,731996,205132,45585
720575941491082188,169896,221672,57735
720575941453174394,122012,216804,48555
720575941453823145,157440,184516,40635
720575941691145691,161544,201708,107730
720575941436596768,763916,187612,61110
720575941441310299,145856,107364,135225
720575941441309135,156504,129516,131850
720575941561165357,807896,138592,34740
720575941440225580,747056,92212,171945
720575941482081154,800920,175512,111960
720575941579526737,805364,146052,171585
720575941451775815,360064,920000,236025
720575941408442542,390028,924156,200790
720575941524205133,442944,188928,25110
720575941463565968,179332,203632,82350
720575941649726705,421292,929608,181980
720575941449293946,411648,915780,187065
720575941457135686,468656,883336,253125
720575941519283416,599212,600992,135000
720575941592242902,564988,763780,164925
720575941505095740,430028,880628,176220
720575941464929046,470132,906320,250785
720575941537774717,570192,749180,179505
720575941536957333,490928,843832,243675
720575941573334344,392780,933432,177570
720575941569838750,463540,617940,126090
720575941652542961,451820,811256,122130
720575941452913321,613568,199168,198360
720575941449938101,385376,169812,200475
720575941572047624,414264,180304,213615
720575941534062821,507076,710820,203715
720575941573561501,596320,199584,223245
720575941436750911,545748,639392,185940
720575941537621475,556608,765140,179280
720575941689741208,389704,940580,241335
720575941610611558,434488,937440,246240
720575941632874437,417488,851828,237645
720575941512882243,559176,173944,225495
720575941493243568,589092,72484,166230
720575941514778179,584292,199424,194580
720575941498061385,582660,81464,172890
720575941558545709,552004,741696,170415
720575941474746420,463184,707712,131400
720575941477180446,413432,987696,253035
720575941408049070,403348,690172,192465
720575941569701108,107192,143932,35820
720575941431681784,728692,143736,38835
720575941503526027,771428,152720,134505
720575941563161512,451868,623244,182970
720575941456146335,492420,734328,150660
720575941487507085,587448,202220,213480
720575941460442271,476036,759872,124650
720575941454883891,187512,92524,95355
720575941584409183,771956,83520,130905
720575941432034991,791356,116152,106965
720575941460362736,814748,187900,100800
720575941538179098,836096,164628,34200
720575941484597958,761412,132292,126090
720575941492860108,152376,112096,129060
720575941555166977,747436,201324,99135
720575941459944262,787136,139756,116325
720575941471075549,137816,186372,132705
720575941456954861,798236,136040,40095
720575941481596290,266716,161296,128655
720575941508274049,823792,109284,127350
720575941441170005,679468,212056,61020
720575941467621718,790080,195880,97830
720575941654168337,765360,141648,177525
720575941533900163,761328,131684,52875
720575941539158499,233760,91544,196290
720575941574188190,762712,154012,168345
720575941535896664,863044,160284,63630
720575941655003409,732660,185816,43155
720575941408795951,135692,94772,101565
720575941498341504,769460,88396,112590
720575941549378440,883216,139020,57195
720575941510892304,846152,173964,21780
720575941563528104,764108,158768,117810
720575941519776878,747356,129840,136485
720575941431620600,646192,165572,176715
720575941626398666,771572,97964,138555
720575941432504824,796196,160292,89055
720575941607964781,718816,99824,191115
720575941436536206,723040,183336,151560
720575941665022844,771484,209624,91125
720575941630927910,821132,95668,82575
720575941486893890,748656,218316,28440
720575941539258339,772760,117872,32715
720575941605053686,757836,112076,63315
720575941483853763,770544,169508,26865
720575941632978668,852308,100956,132975
720575941468472342,164296,87124,112770
720575941432841313,249092,95512,197865
720575941471057885,602064,89320,105705
720575941592783500,537416,79508,95805
720575941612745961,446120,82788,73215
720575940919613763,483016,213536,178515
720575941354331952,768660,89564,126495
720575941496420990,384736,142752,88695
720575941443679146,241464,168276,178065
720575941575690248,196224,233536,50535
720575941605059769,807980,120504,98145
720575941587515526,850808,97120,167445
720575941483741123,812564,132124,58860
720575941574550098,202188,164028,88785
720575941352181040,229908,88820,160920
720575941465239382,263692,223368,108045
720575941692791960,166192,127876,141390
720575941574065416,161832,154108,57060
720575941507515452,141316,124876,138285
720575941557377508,178260,159756,167850
720575941613086182,651840,168592,89190
720575941603354297,721304,133376,139995
720575941488049037,643772,181196,132975
720575941660350008,793988,87204,131490
720575941596525445,697740,162168,133155
720575941460333471,417904,222160,168660
720575941438185746,121004,201328,118440
720575941625959835,582972,825656,161550
720575941516417347,672680,155244,157545
720575941524197451,601792,658880,130815
720575941644049313,249748,131628,134730
720575941537573618,658000,173272,137160
720575941568044794,216852,174876,61110
720575941462451411,208600,100452,84375
720575941490140620,200840,144540,141390
720575941534163466,259652,201676,47025
720575941493328254,250792,157920,54585
720575941594061352,164224,235328,79740
720575941544900869,308292,152076,156330
720575941721303354,236848,142924,173430
720575941642943608,239608,147320,183690
720575941517156524,226612,144800,166815
720575941548276073,216560,116692,175635
720575941484268486,188744,129216,139455
720575941574273950,249980,144464,66735
720575941354546736,219628,117684,206865
720575941351407664,285252,232776,136125
720575941403510819,286700,187524,93060
720575941451420253,424112,213376,167940
720575941463713424,227348,143784,114390
720575941630441964,253052,107444,184320
720575941476078913,263424,93120,212895
720575941470207040,246460,89032,154980
720575941430311639,181136,185732,90405
720575941610212582,230516,184344,166185
720575941733806379,193672,185032,121500
720575941439598098,190940,94960,137565
720575941567826676,177444,171444,9090
720575941559541293,203376,214308,132210
720575941520912823,241372,163244,116055
720575941475278634,279972,231184,78480
720575941439829695,274980,183520,144495
720575941515954531,356416,136060,235845
720575941473710139,304484,194308,115155
720575941587663070,239172,147704,45585
720575941534786842,213060,160536,135315
720575941429775241,192728,136496,70830
720575941514967443,214844,85504,169290
720575941431266830,224848,158852,166365
720575941521040055,206656,155704,35685
720575941546160264,239572,180064,172215
720575941454742765,233836,141320,168885
720575941534341554,190616,164428,154305
720575941403251568,260948,175244,65340
720575941472399991,204852,176848,116595
720575941516222457,539716,150432,208890
720575941610455782,255696,88248,160965
720575941570650526,195752,89188,155565
720575941514118915,219588,207660,63900
720575941573895675,210664,130300,98955
720575941435272992,152900,112552,138960
720575941645429409,711348,160368,75690
720575941442526671,190648,87648,173385
720575941617966719,192912,111360,103770
720575941661888056,170788,136632,168075
720575941519365848,595588,86748,90450
720575941721594170,249504,133572,55080
720575941482232317,675116,153452,88560
720575941466050582,702260,176680,68355
720575941572873224,702932,197808,55305
720575941528486532,155728,175032,44820
720575941653758225,455788,246688,74520
720575941413559697,135872,105440,144135
720575941527733636,165636,94840,57060
720575941454364231,681908,156620,161010
720575941568421620,175400,125464,69840
720575941528316548,126544,127876,118170
720575941470050827,118724,207160,74880
720575941589788300,216256,101376,202365
720575941564771847,230724,201296,82980
720575941483286723,236032,153440,39375
720575941642372127,164840,159120,50355
720575941450454650,161728,86400,106020
720575941539031245,166416,192892,31410
720575941545257148,188944,126588,30600
720575941597041308,188964,131668,38160
720575941458491462,176320,137792,16245
720575941488876489,200080,160348,173745
720575941599980073,129496,154284,90225
720575941630745324,216388,185288,36900
720575941593711830,174160,222348,50265
720575941453148585,163968,161920,183060
720575941732014123,632192,208128,143910
720575941589438263,110568,134356,55755
720575941652463889,176808,175780,177075
720575941565469238,233920,190604,74475
720575941509094416,175052,175280,107325
720575941492003504,179168,212744,34920
720575941434250126,174260,205312,61020
720575941653717465,231744,190964,77715
720575941653630229,720768,185544,97875
720575941480907343,236948,97900,198900
720575941472043275,794136,157432,105840
720575941417133084,788892,151456,120015
720575941526330846,137752,117712,110295
720575941538751464,825812,214632,65700
720575941464232205,759424,234176,64395
720575941580257625,861488,169188,102375
720575941448638228,789860,158676,85770
720575941496817607,138356,143804,182070
720575941576214537,781008,162836,91125
720575941538500835,234260,152932,32130
720575941653346837,832764,210660,44280
720575941574101576,206908,177460,22185
720575941575420168,201220,130100,60390
720575941481397122,190528,213052,62415
720575941580081497,829704,171608,27000
720575941593830952,138160,122776,174555
720575941576003471,125232,178976,29835
720575941556480339,134372,116452,75510
720575941556555859,148904,185068,33435
720575941566328471,142512,147672,145620
720575941615888915,808616,133244,36315
720575941604645305,235548,168704,27225
720575941631705570,239860,114000,77715
720575941632791456,118896,144952,125775
720575941537791002,870500,115120,95220
720575941451030109,823216,73456,130275
720575941628955705,824696,104208,168930
720575941480064106,742160,171856,115785
720575941576371464,885392,87464,62865
720575941506525756,871288,95068,82035
720575941658421016,139200,109468,77805
720575941596401703,732200,151428,178020
720575941460291568,844764,91084,80415
720575941484219334,240900,175864,36450
720575941663584056,876448,113104,80685
720575941536120920,855716,180944,30060
720575941579632721,852384,71240,126720
720575941507219781,173072,99932,76185
720575941412433579,718720,158544,183825
720575941492976846,138240,119332,61020
720575941576007931,321300,211776,89325
720575941588236254,227092,186292,139275
720575941532795851,782952,108048,77625
720575941575958793,807496,202440,68490
720575941491222729,732408,141116,50715
720575941521454003,546396,121612,197595
720575941626118252,517196,617592,142830
720575941542664284,508092,548672,146610
720575941578497369,452480,810048,195930
720575941453274025,512824,624472,108810
720575941586697438,507624,789028,202275
720575941680312253,352824,177928,112275
720575941470254400,486328,370000,128475
720575941626299530,434872,269020,107190
720575941538257635,548608,617168,169785
720575941503926871,538240,165504,246015
720575941465924886,293668,135684,144000
720575941631398892,323340,169864,152505
720575941595188261,479828,821900,251640
720575941354427696,606932,86860,78120
720575941640667679,585784,90804,200610
720575941723503930,605904,153456,196020
720575941437649708,556076,90592,197730
720575941460024902,550176,169396,95535
720575941437249312,580208,162148,167130
720575941529742520,646356,105680,108945
720575941556277988,521036,176324,207000
720575941480262991,557604,125476,232965
720575941503824805,462232,139512,154710
720575941539011477,444416,929344,265860
720575941486650690,458908,65500,175455
720575941508468258,443712,91388,250155
720575941656256336,462412,736952,130320
720575941491470284,690768,110128,167895
720575941414153327,565440,189944,195750
720575941628738342,587280,187376,215595
720575941487501965,525484,122524,80010
720575941617531007,538736,135320,228060
720575941571989662,550860,75968,210825
720575941552789505,428552,150756,71325
720575941653713937,410808,123680,97470
720575941394439574,572508,142392,228915
720575941507392802,537276,115912,171045
720575941439308607,591184,189792,122760
720575941439507519,619504,130924,220095
720575941531368139,567792,127924,117450
720575941538530792,561404,151148,107775
720575941553987482,372644,95204,173115
720575941461683526,422140,118088,216945
720575941526749698,276624,148576,195525
720575941613365212,550568,222468,140310
720575941471143031,466624,613392,151425
720575941611390538,447536,62816,158940
720575941553768327,375788,152912,223470
720575941439631701,369824,99488,208080
720575941686128758,447496,166508,209340
720575941463407248,348728,114824,138240
720575941611944934,483608,69316,166050
720575941475625002,320384,180616,161910
720575941612348234,283840,87296,191475
720575941545764232,393644,213040,42300
720575941457310111,358204,150372,221400
720575941667537651,453396,278552,103095
720575941402474352,423784,108612,184455
720575941552099839,336080,170520,213435
720575941478570561,355100,160348,66825
720575941498114017,389312,173632,67995
720575941516702355,339884,157216,169425
720575941480335267,418448,207236,48645
720575941505167420,406052,100452,114075
720575941503804395,459116,156768,101565
720575941506249089,472300,240296,63810
720575941579765593,235616,181016,133605
720575941483962822,371604,159364,237375
720575941510825488,430212,189864,16740
720575941641680978,523548,125556,118035
720575941547411817,435028,194964,171270
720575941583745758,448744,127484,80550
720575941632338924,399404,210968,141165
720575941499056290,468600,143808,44955
720575941551473947,385416,632972,212130
720575941561347822,484532,814536,201240
720575941470852363,448696,202832,184725
720575941438364204,527720,214668,18585
720575941596341799,311136,145048,120825
720575941557445796,478932,192856,183690
720575941586071430,294752,105492,162540
720575941551121031,348884,961108,280845
720575941603764158,448512,250700,98280
720575941638577525,569496,105772,218745
720575941520516012,647904,144464,156600
720575941587733828,209756,152248,108090
720575941499428731,670488,152528,213975
720575941555321828,579868,108016,175950
720575941560550951,606000,647488,207765
720575941610567597,521100,910216,251325
720575941413203567,550956,743636,150165
720575941520333815,604160,646336,242910
720575941555209956,352756,851504,257220
720575941519056044,680140,93512,141930
720575941507296535,658336,82416,152415
720575941483823555,516492,157744,63360
720575941497638881,235148,148932,99180
720575941411961771,628932,622712,120465
720575941557322660,426528,897488,184005
720575940666302530,604756,92036,74070
720575941517920172,602408,75220,85095
720575941435046176,340392,1015360,288540
720575941632818373,337896,1009604,294570
720575941375769891,401064,133072,68040
720575941530250628,584664,70676,84195
720575941554316315,516672,162128,130410
720575941643965522,623384,131132,198000
720575941527652941,611124,127256,159570
720575941507871105,504764,97632,134325
720575941547288456,398560,962084,300555
720575941538966421,593268,86892,74970
720575941545943476,188864,177408,106470
720575941436617870,627616,157456,135000
720575941503149451,458352,954848,218745
720575941512900049,520264,218664,50715
720575941573643677,421920,810836,102915
720575941505288613,589292,824648,171765
720575941548424481,662084,611412,118665
720575941475946794,423340,948176,198135
720575941638477941,425480,919776,308430
720575941644224929,586316,71628,83925
720575941539827698,449532,653664,177075
720575941506017815,589136,824676,171450
720575941539343997,647772,604972,121680
720575941559552371,364628,1019532,213660
720575941493274032,444356,989512,239445
720575941565115655,672724,597888,108360
720575941510309842,441084,653016,51615
720575941616855590,441660,643896,62505
720575941451533946,466792,973288,222210
720575941618989695,346444,854784,247230
720575941520119223,435472,220204,20655
720575941688165784,578500,825892,162450
720575941485530253,414340,74448,77895
720575941472093815,345792,70848,170055
720575941640375071,679912,200016,167715
720575941437549600,846920,86696,33480
720575941634262176,189312,205200,23985
720575941408549167,335576,83524,214920
720575941645140562,670912,92928,186390
720575941628872761,688768,80960,174690
720575941724209978,659968,150592,250740
720575941484118781,650628,127612,174960
720575941588978500,473208,852316,197865
720575941624424700,408560,84816,125640
720575941658066456,477268,370000,132975
720575941560862835,415764,70424,80235
720575941619200639,476876,97260,103140
720575941556704001,200672,185432,80685
720575941640395381,525824,161152,247815
720575941561990771,791740,166672,27720
720575941551703869,242752,65344,153225
720575941578380633,870736,128432,34380
720575941587755486,472700,106260,98505
720575941469189597,485856,179680,147060
720575941613241062,414536,88464,134415
720575941508286487,880060,143400,52155
720575941557538020,593052,97352,70740
720575941574709064,186324,129192,158265
720575941492941260,838928,121720,5535
720575941623053765,745120,183504,29250
720575941629453369,862564,181408,60030
720575941505448130,350896,160624,119430
720575941630428130,395628,71872,91440
720575941556913124,161288,137728,141660
720575941604292854,807780,175212,96030
720575941654521049,138660,147356,50040
720575941532199141,174804,178764,102510
720575941474996027,122600,183272,80550
720575941542448157,717500,193020,60930
720575941535501505,128032,153916,148500
720575941430567855,745256,126680,58230
720575941667859955,134764,178648,42660
720575941504265922,779024,157392,146880
720575941432781743,720388,214088,160560
720575941568008246,219564,116132,126720
720575941587276766,771156,152796,91530
720575941460254163,420480,974172,259470
720575941623396763,402808,975456,257400
720575941642464613,475756,915080,218340
720575941593847766,491500,782388,219645
720575941611712531,547204,631744,93915
720575941489315024,447892,755108,184140
720575941444933546,394244,968552,223200
720575941549465121,589440,572072,132660
720575941569480094,518280,601356,86760
720575941561403538,455364,931888,256455
720575941528097561,606204,622300,123750
720575941576784209,487900,572532,124605
720575941451925114,387828,969228,224010
720575941511345617,519612,781756,202680
720575941399251235,541908,639456,187470
720575941611988582,420480,723120,165330
720575941629325292,463676,702560,154530
720575941424933460,467168,727936,145125
720575941508384606,417704,183892,218160
720575941644077473,377596,114428,171990
720575941629446892,402984,902304,175905
720575941594405413,401660,178452,206640
720575941410937455,360112,172848,213480
720575941438713567,374448,171532,227790
720575941560966189,384180,179204,219330
720575941440933973,118048,100356,91215
720575941589992759,157060,120904,88605
720575941530966219,122096,164084,141660
720575941653644785,787240,163356,36000
720575941513763537,406372,189136,227025
720575941599882688,185692,225404,94140
720575941450416989,715736,127292,70065
720575941550598945,739380,153464,83205
720575941646517192,724224,99616,170460
720575941576109469,667184,185196,102015
720575941482036675,728556,164344,47835
720575941564804359,396368,80380,151200
720575941486157709,143104,103636,91395
720575941529288614,701268,137904,89145
720575941444809130,821576,194184,93060
720575941594083691,716072,207076,80415
720575941532513227,767284,169640,45900
720575941412536175,759836,151740,119115
720575941613542758,816692,116960,25245
720575941581405173,730740,96396,148095
720575941480082282,768432,96720,79425
720575941451353181,718196,154436,194715
720575941541550973,750012,80552,134010
720575941594476072,866060,166384,46980
720575941493481959,231168,147968,26100
720575941448087060,151936,161748,61065
720575941477677620,722704,178348,72630
720575941509426210,833588,134300,156735
720575941566032640,805956,79400,159750
720575941500134267,768988,86268,160560
720575941503785099,832716,102548,168300
720575941555226247,833696,162272,66465
720575941475163178,744476,199272,69885
720575941502583691,803700,78792,93330
720575941583410041,234288,106604,180810
720575941550704673,722024,118920,74610
720575941596707185,820400,98660,45270
720575941659225936,642772,209772,95850
720575941605160377,742600,186188,88830
720575941630889510,851352,198020,59805
720575941604840377,123372,195016,70380
720575941659149592,676980,187456,164700
720575941566403847,242452,120696,114210
720575941533895043,815268,94740,56565
720575941470969207,250976,205248,52470
720575941528054297,764340,208624,45225
720575941491432935,786828,168784,75735
720575941541170780,450656,806404,239265
720575941663443324,493992,659332,123165
720575941493480391,426976,886220,176130
720575941492355966,571352,767920,175365
720575941461235088,534488,689148,201465
720575941692342680,505416,911336,243045
720575941542483292,446324,853244,206325
720575941526721380,421908,831068,224235
720575941608309322,562272,753180,232785
720575941671138727,559800,675832,236745
720575941506490021,373772,140492,190170
720575941481885382,354588,178920,216855
720575941525792356,464532,725176,123615
720575941479851683,497084,749780,142425
720575941415411996,415324,175144,211455
720575941700554458,538784,749704,193995
720575941512020178,589208,775956,182205
720575941552220222,620004,188408,217485
720575941651861269,432608,738024,216180
720575941413336980,591512,203176,212760
720575941478183843,425012,956704,267885
720575941532368106,490408,733604,191745
720575941560429171,526476,632432,126675
720575941566889210,460384,619368,120690
720575941574549000,510468,621596,113535
720575941617530837,602640,200564,218970
720575941536142529,369928,195632,206775
720575941533758234,485952,739244,139365
720575941652080149,368672,189940,225675
720575941614419676,311928,189156,92475
720575941507406908,172612,181324,146340
720575941588912708,375672,162604,202230
720575941403076643,718668,128972,66240
720575941562795053,684744,224060,125730
720575941569831214,781720,116944,166860
720575941481853920,289712,187588,144360
720575941660847184,766364,134452,191250
720575941451054941,792192,117092,107820
720575941600280256,121756,200364,120015
720575941504066391,754632,183520,42795
720575941432767663,853660,90892,47745
720575941462752467,718492,136584,77040
720575941412360363,707604,206616,127845
720575941663532856,705928,181820,68670
720575941606039230,152104,112736,56970
720575941597579141,758072,174384,73530
720575941624676860,788248,98212,75285
720575941551469117,785364,106668,77355
720575941596448295,718704,152032,83520
720575941432078217,193000,147488,70515
720575941557076563,740928,103924,83340
720575941461590086,767544,163852,75825
720575941515373132,675948,209924,157230
720575941517131866,148432,168956,45315
720575941528526850,799052,157380,52470
720575941559970084,694944,215528,94770
720575941505723186,917140,114504,47250
720575941453073223,774884,112600,46125
720575941616526489,784944,95888,78390
720575941570486010,787312,113324,170100
720575941491476681,828576,94932,47205
720575941546733756,790752,78500,116775
720575941536821994,783408,91404,74070
720575941484044998,754328,84964,148140
720575941574724347,716844,211748,93780
720575941528170754,851544,132732,111285
720575941613474790,830568,122436,48240
720575941415788945,854260,163768,108720
720575941663199612,118456,121260,72810
720575941659085848,714268,211032,77490
720575941482306383,786136,153432,136665
720575941471431901,869916,130696,60570
720575941590222660,709784,207280,64080
720575941439701804,804468,181400,76230
720575941596755495,765248,112448,38610
720575941574238878,815516,123952,35595
720575941627697546,788612,123336,157320
720575941460820127,279908,211968,174915
720575941415450257,835064,135820,47205
720575941394120964,801140,147460,61740
720575941429058644,584664,59672,148410
720575941394939542,844748,80172,111105
720575941616796569,828428,145572,23670
720575941622902213,846048,114648,3960
720575941575085896,686840,201564,109980
720575941489471184,724880,123724,67770
720575941573438216,841936,116160,12915
720575941508922437,849004,106808,9360
720575941532758987,834388,135832,20700
720575941534175717,760776,212328,48915
720575941576838389,213236,178892,117720
720575941436092434,329644,212208,139320
720575941486053382,308208,209088,127080
720575941472290935,670068,184732,107595
720575941505889445,643736,191720,101880
720575941572926365,191084,216520,100125
720575941402513776,681076,211048,136575
720575941655018513,640928,197228,141885
720575941554256612,807348,181876,94770
720575941508523845,855576,175824,87210
720575941547788424,585248,181764,227385
720575941596441814,710944,156752,109620
720575941476900923,676468,168572,173385
720575941414646044,135656,206212,118800
720575941627376010,251588,119180,117720
720575941582975097,201732,191580,59895
720575941602143785,596968,94148,86130
720575941476265793,151552,137664,27720
720575941588243511,217836,92664,187650
720575941522677751,127820,196684,102465
720575941508968261,233532,130348,148905
720575941596656028,230732,150448,180540
720575941602094265,208112,211104,17010
720575941473084714,254340,202840,162765
720575941528352845,216156,77120,146520
720575941517074092,229776,211144,44190
720575941563462498,178756,92244,91620
720575941613557913,198268,100576,69705
720575941513774691,200560,113112,70290
720575941351183664,163100,139808,97470
720575941473106474,232600,107776,97200
720575941496662651,168740,192600,94635
720575941533218392,184776,225196,54315
720575941604662969,286116,143132,150030
720575941528821636,211840,74880,130725
720575941491654064,242204,202412,54180
720575941506291250,279176,183076,194760
720575941551739252,239972,211968,179865
720575941484713613,260000,217604,74925
720575941624574858,307312,190464,109080
720575941558545935,256524,110696,188865
720575941505103447,227616,141144,167085
720575941429145336,113688,160808,86625
720575941508483088,115276,119524,111510
720575941542184653,184572,199580,77355
720575941434150432,311320,213088,139365
720575941483087046,198140,88132,97695
720575941514975123,291432,237356,74250
720575941472539255,261632,187776,41175
720575941552130075,118920,183600,135045
720575941430271447,215732,204288,71145
720575941478458592,257124,216964,99045
720575941429234680,246760,208960,128295
720575941507841596,172128,91976,157095
720575941513269969,159116,182692,61110
720575941506867329,174316,120324,121185
720575941473522752,185276,116604,54495
720575941513942627,230484,137292,68625
720575941446319018,243012,157412,70560
720575941525186916,240708,212328,120465
720575941562413458,212760,170356,31590
720575941429436553,268588,207976,51030
720575941573791646,220876,115256,106875
720575941527485517,243636,132620,156780
720575941541648333,237764,206616,104760
720575941653352153,255032,227940,76140
720575941575291913,214180,100464,114300
720575941605256950,302176,197668,109665
720575941479323555,682244,213260,62370
720575941484597190,669956,196180,120825
720575941446061482,640612,173252,132660
720575941485321734,164244,148960,47160
720575941519057006,175204,220616,67095
720575941569724410,180160,77696,112095
720575941621144703,139676,156584,18360
720575941486397904,829520,155864,107865
720575941553738497,163604,159628,31950
720575941624611483,200668,122940,182115
720575941508309026,154896,114908,57465
720575941509857490,138200,151732,171000
720575941549631368,192820,144356,184635
720575941514454481,252904,167040,212490
720575941545923252,137952,143884,68400
720575941565304423,215860,177660,109395
720575941513651779,159780,104240,114840
720575941503449906,181836,149148,180405
720575941537742741,213724,162588,114840
720575941653684697,218996,150868,107100
720575941403698544,227348,180044,146835
720575941632608226,843852,156104,84105
720575941561694223,790676,193228,8730
720575941655177489,822008,109416,52965
720575941485010106,741300,177480,45000
720575941596465447,821800,138500,21510
720575941483629763,777344,180992,147735
720575941492142537,726128,148624,61380
720575941585188447,182800,91612,178740
720575941478964586,775464,184564,136665
720575941488822480,883912,130328,86490
720575941442157403,762348,135492,187920
720575941567974966,107524,113448,45045
720575941634639264,879796,141796,32580
720575941558144164,141932,190748,15975
720575941561641454,127788,150384,36045
720575941552699135,800656,216936,28350
720575941633900731,858480,132696,119745
720575941602390825,136496,142408,36315
720575941545699333,132400,147180,53280
720575941561326830,198392,100156,86040
720575941433459553,891840,129152,82440
720575941458833567,151980,138104,41310
720575941555169690,231896,104876,199530
720575941668747251,247524,93544,154665
720575941672117927,218068,148716,32760
720575941439907372,102072,124588,68085
720575941546578777,117136,191404,81495
720575941626713290,131468,195380,25335
720575941627026570,195424,103716,128565
720575941507113276,188968,82768,109845
720575941463149712,132184,101816,70380
720575941632750060,243588,78624,152190
720575941454228039,815352,150948,109935
720575941627157612,775796,139984,113670
720575941625610492,862056,167136,86715
720575941487556614,784296,72920,125325
720575941500543305,758836,165644,95625
720575941537964570,854428,85012,140040
720575941602353705,810292,155896,140895
720575941661615228,201896,131424,50715
720575941531086027,834524,135848,126855
720575941590920759,875200,107908,87660
720575941575168072,197024,157792,129960
720575941640482677,851604,92484,139905
720575941585497183,759336,228416,61425
720575941595827158,529260,489288,119925
720575941612980070,513612,414132,145890
720575941671438247,463552,146912,100800
720575941533541720,543596,635004,179820
720575941477099313,428756,204164,51435
720575941579101009,165128,127972,128925
720575941639363871,469376,368748,115785
720575941514537731,461444,649972,208215
720575941498788258,461072,370000,131355
720575941557487396,592500,153488,164340
720575941453311657,437228,644236,177255
720575941628704994,491840,842440,217485
720575941661428280,487012,370000,138195
720575941582729311,316892,104392,131310
720575941536205539,333468,122208,206325
720575941592233612,495588,135420,136350
720575941460146672,546452,158684,232200
720575941641035295,577904,151332,99810
720575941688187119,612976,173280,183240
720575941667553779,469192,138460,127755
720575941566495127,465636,92492,173430
720575941471641099,490608,104232,241470
720575941497182336,534984,119020,222435
720575941483726275,583344,191904,169560
720575941596230769,553316,153472,201285
720575941585935494,488344,773872,204345
720575941565138327,520840,128640,100260
720575941621007999,530776,129232,84690
720575941599311004,532604,124368,160650
720575941552329729,499920,770204,228330
720575941534443139,538940,81432,199755
720575941645294200,554528,75424,121230
720575941439719119,590140,175096,195750
720575941412840559,532232,108420,190755
720575941641409381,551676,247516,88830
720575941562518784,518464,210072,91620
720575941550174836,511952,179740,28665
720575941702584538,528928,126560,86085
720575941559075599,589620,211004,87165
720575941469852893,550260,123640,93015
720575941496256128,582740,93156,204390
720575941450456501,565684,138072,90180
720575941681328829,596116,168816,189630
720575941499692667,552880,156120,224460
720575941592102654,624620,131156,183555
720575941595394161,507528,707912,207270
720575941547435188,334768,98740,170370
720575941611396426,530856,266796,121725
720575941506062174,525988,220008,185850
720575941663672188,332640,117996,91215
720575941451713351,518756,143228,184590
720575941517055598,458772,83808,239400
720575941613011302,304412,132980,184095
720575941417767452,371108,124516,213795
720575941537498138,302232,150524,159795
720575941501276043,320048,156560,153180
720575941516965848,477420,99724,169470
720575941439876319,342012,962272,277425
720575941567844967,397244,156508,94905
720575941688181743,432324,165516,96390
720575941459991366,430700,95252,119430
720575941537666842,436548,811292,103815
720575941595747798,416052,138352,220950
720575941504619458,328956,161608,217575
720575941425718868,473112,134596,202950
720575941502567915,470492,158428,178605
720575941498748489,372860,878336,237870
720575941556351972,379084,114980,236025
720575941505527895,649968,186304,139365
720575941588611520,439392,225792,46800
720575941521013751,428092,200692,24750
720575941551257203,538480,702224,165690
720575941465428054,461308,983152,250650
720575941679645373,369460,956496,268740
720575941574200221,588280,92392,193320
720575941512314834,659296,131212,103860
720575941632191468,335944,127808,87525
720575941478472001,601644,124380,211905
720575941526015588,538352,101292,176175
720575941701879258,529428,805520,277110
720575941661026872,844232,109868,7830
720575941619000703,435764,919520,281700
720575941491903408,441912,636484,75555
720575941414541201,604128,159424,186165
720575941471349312,652912,106268,185310
720575941350764336,435760,218356,18720
720575941559584548,661740,92192,142605
720575941517926828,374040,1019532,212625
720575941431680175,399356,138920,61470
720575941528930232,441672,647520,53640
720575941448945757,550324,562160,116415
720575941472156023,597744,91540,71910
720575941515862618,599084,78020,82440
720575941547282568,494460,115800,139590
720575941460200256,349024,1053064,204255
720575941468427542,371968,1019532,204570
720575941554641747,576316,825824,165870
720575941556396516,530968,199288,19440
720575941472958093,527936,215400,24975
720575941573240392,451788,991300,233595
720575941595143717,397988,123480,74565
720575941526038041,405608,938948,195930
720575941625184458,608656,85116,52650
720575941531591652,577896,825640,167265
720575941533476132,442928,635916,55125
720575941437367840,412968,75632,83115
720575941452277673,442788,634180,53550
720575941572425800,368724,1024992,210150
720575941505924668,407800,618972,174240
720575941474926944,394024,943144,236070
720575941469310941,443348,98464,81945
720575941451821390,405900,131456,73035
720575941608731757,399868,959168,308115
720575941427755348,394788,78908,124515
720575941618423935,431892,213872,14760
720575941602933750,400520,618792,177750
720575941631165627,654300,608964,116865
720575941444035754,427372,919592,308430
720575941536140376,388736,129188,62640
720575941494055038,352724,1018112,278685
720575941476241706,435748,214748,15030
720575941611543981,604036,204912,113580
720575941439244511,502100,113488,200070
720575941530018948,590584,92204,192870
720575941518751404,422168,953820,198000
720575941673516271,649708,598604,115245
720575941564864914,452368,635620,72405
720575941685015258,449500,644080,61290
720575941535110666,670512,573244,259380
720575941696307162,408308,617484,178425
720575941575991222,478960,813968,254655
720575941414485652,431168,962880,200340
720575941626153866,678016,95296,183690
720575941487328909,664000,91584,204975
720575941615559955,518856,623912,166365
720575941576319375,638008,132908,140445
720575941601935401,294712,108180,239715
720575941567275054,530672,750604,151425
720575941493082800,558348,79904,79335
720575941513085004,493880,819320,200250
720575941549151112,106696,111084,147825
720575941047819142,191988,112464,97785
720575941441207381,675200,118912,247230
720575941492941516,772412,210380,45540
720575941476601630,589808,91788,83340
720575941641640223,802784,187696,27765
720575941554030142,578456,85320,78975
720575941618749653,523172,203364,19215
720575941498612347,548416,155312,149220
720575941576638095,431592,59284,105525
720575941483143933,142672,196144,78210
720575941412294255,265068,144448,89820
720575941551602687,124608,177156,68265
720575941507768866,144408,170980,94455
720575941607184237,164496,173148,81990
720575941491110887,149880,141852,153720
720575941465126925,725844,214188,131355
720575941627706681,168124,103860,122400
720575941479331137,723320,138096,97065
720575941548974984,744184,173160,81900
720575941655733209,822648,144904,147465
720575941586033247,778624,122132,162180
720575941617427669,761636,160288,134100
720575941574565789,839512,134892,79605
720575941414938769,170296,84140,117315
720575941592855080,426824,880628,230895
720575941540232829,171288,176792,108450
720575941520970094,183104,201036,75735
720575941687916015,529388,653472,166590
720575941689089398,855524,188240,85320
720575941634842043,858740,181812,47160
720575941477415473,455788,823244,252540
720575941509566046,480544,941360,204390
720575941439137877,432776,882908,269460
720575941623307628,509652,773056,237330
720575941502040971,456400,629776,107235
720575941472573499,521404,695256,225270
720575941564678551,617884,592136,123930
720575941603813054,477696,926540,243675
720575941583663070,602308,624592,171360
720575941608442442,563012,616140,128340
720575941452199475,589972,671776,236070
720575941410053167,591848,753744,213930
720575941557617011,545332,768244,142515
720575941624839882,494068,597940,130275
720575941624924315,616656,609564,158310
720575941630991074,427456,924104,285030
720575941461460179,601860,178216,225495
720575941667236785,413492,890640,200655
720575941526646786,379732,965984,244980
720575941515172451,591152,193876,194040
720575941528657796,603260,178364,203625
720575941451584334,554436,188624,229590
720575941540185493,419276,771496,111375
720575941533210890,426848,761020,188010
720575941691009688,454068,846800,236295
720575941519786679,402664,861528,238410
720575941530367947,567776,171172,235080
720575941515046905,371364,151720,192780
720575941539204813,419852,177604,229050
720575941449343925,371832,194672,203580
720575941610961897,602916,195776,226440
720575941481839043,849400,186044,85815
720575941559876388,749544,80816,127575
720575941692263643,198576,122156,113445
720575941525502027,222964,137896,78525
720575941624067068,749356,179220,93555
720575941463308944,694160,141476,93870
720575941569687854,668588,190408,142290
720575941476814651,756300,209364,50130
720575941503419735,370208,197100,207990
720575941672785063,751580,181240,58050
720575941540085234,805236,87484,153765
720575941478986270,706328,217708,48600
720575941403071779,175316,139168,195570
720575941489293264,238312,76848,144405
720575941599952540,741080,105144,192285
720575941542457117,313472,228800,73620
720575941458477037,736880,161612,146610
720575941664225916,824616,135924,150840
720575941689315567,765220,99776,76770
720575941660026648,768820,79024,140985
720575941499261513,760112,147080,160695
720575941655384281,698564,217308,76005
720575941485026490,811148,180216,26775
720575941483947206,848744,148596,58095
720575941509719902,711584,129620,67320
720575941520126636,723612,103840,181035
720575941528305410,752080,74996,159165
720575941575480072,892480,150080,49995
720575941565885282,757116,170476,87660
720575941459850992,812856,93332,164655
720575941504637527,660468,127716,209205
720575941462616004,452224,186752,202185
720575941481236899,669440,126736,186525
720575941453681833,727040,85632,202005
720575941544114012,711872,92288,177390
720575941519177838,154468,151368,69570
720575941505449410,292928,108160,237915
720575941473432640,870316,86052,98145
720575941633377516,842516,106964,24525
720575941563276845,847984,171520,19170
720575941450365306,452168,962200,216450
720575941429188180,850372,98636,159075
720575941393784324,810848,131024,34830
720575941555246619,435040,54212,147150
720575941555659347,646512,107392,150120
720575941625660571,172748,108564,93510
720575941574300425,149632,153144,109035
720575941453822121,135604,189456,44910
720575941478133866,112016,202480,77445
720575941540004221,160480,108404,151470
720575941671385009,773044,124436,64485
720575941576453385,824900,152948,118215
720575941621285759,762188,200028,12015
720575941440137260,726952,227956,51255
720575941483102906,148784,155864,157005
720575941504120555,804640,170260,22410
720575941450275918,181736,171128,115470
720575941528482562,755296,95092,75780
720575941492147431,730284,79284,128745
720575941576405608,629172,570136,158580
720575941437233452,469424,834220,221760
720575941656327504,375772,970860,248040
720575941573038843,486676,717040,191565
720575941540729885,543164,773096,247770
720575941556207076,603336,635436,121275
720575941614282393,563748,651788,146205
720575941573188278,460540,745536,250740
720575941502635243,450084,813144,216720
720575941483830338,463480,580200,162360
720575941516663768,586696,624368,164115
720575941631102758,563092,730072,235620
720575941490345673,381832,197616,208350
720575941513125881,536016,740028,269595
720575941451665991,545104,741856,204210
720575941729958699,444972,717772,223110
720575941476452458,460112,768144,221940
720575941601790454,337280,140224,249525
720575941475882545,596152,145848,189855
720575941390702742,386080,892892,213030
720575941504127723,389100,943836,175680
720575941652030481,481212,641136,80595
720575941413213329,583696,141400,189225
720575941507386402,412856,175820,212895
720575941436862527,439296,609156,148410
720575941430465550,577112,608116,117495
720575941502210098,471452,734092,125415
720575941585746015,718396,182932,167580
720575941660196120,758340,136964,120735
720575941492308606,463760,687964,228015
720575941628624166,468800,764752,126090
720575941544476957,402312,744196,133605
720575941354498352,724420,129672,88425
720575941459845075,164096,203020,119340
720575941692495768,822824,170020,40905
720575941519700151,146248,149444,44325
720575941582710623,243332,99116,197415
720575941566401687,828824,186680,99945
720575941481218528,127360,124320,119790
720575941536239594,744268,201880,108045
720575941492502988,196696,170136,85320
720575941630644194,368620,185804,234315
720575941646636152,733852,145724,195165
720575941472036160,405644,185476,206865
720575941450338126,106216,154020,37125
720575941433349079,258356,126648,151155
720575941520741592,748108,75704,125505
720575941613797805,788388,59852,107730
720575941507312805,757580,207112,106155
720575941440397023,747848,154836,83205
720575941478937706,719040,126320,188190
720575941586024031,770604,118076,69435
720575941432772961,858464,171236,55620
720575941451446094,826272,120732,41670
720575941481873282,819536,137396,103545
720575941441520063,745352,190696,101655
720575941575997192,754148,93564,100395
720575941567027042,828496,158344,67320
720575941565917184,871940,96452,98505
720575941529736580,803356,159004,7920
720575941560806259,742288,82916,149130
720575941415896724,789148,117572,186480
720575941558217636,808352,140420,64845
720575941630410022,798364,133392,87795
720575941511073808,778028,111316,49590
720575941657246932,825664,177728,9990
720575941482894927,195972,83496,116730
720575941587160966,812904,128872,119475
720575941595659222,844016,115032,42165
720575941516366179,743456,189104,86265
720575941605318902,916200,106368,57510
720575941516573433,765588,128104,37305
720575941644972645,819664,97372,93645
720575941517472249,777676,190436,57465
720575941580110681,752152,203116,26055
720575941405419376,227192,76472,152865
720575941575912886,795844,141988,26865
720575941549183777,153172,221356,119430
720575941512525009,197772,161360,86265
720575941493213159,562540,55924,133965
720575941541899389,392368,163128,77445
720575941463931280,369412,125992,66510
720575941464158096,851224,63260,111960
720575941575780617,743312,221168,49815
720575941553281690,120488,135632,72810
720575941615659283,826648,99208,70515
720575941539118819,873628,137152,40545
720575941600357568,250860,161416,29295
720575941625491196,872084,178272,49635
720575941479402049,298224,168972,164610
720575941566054656,306624,115888,191610
720575941543361385,211260,175936,108000
720575941651743729,287748,169716,165195
720575941413839215,508904,176164,200610
720575941471793419,449620,212444,91260
720575941626786186,700644,159768,137835
720575941459775046,650676,214616,114570
720575941484615354,656516,172688,131220
720575941571075698,844256,188272,47385
720575941631750075,700932,220740,81810
720575941450947450,454892,237756,130770
720575941548247869,258116,220480,121590
720575941528293030,695204,242432,73440
720575941655251673,744364,113196,98100
720575941505686807,749348,181008,143055
720575941500138123,823708,163640,27315
720575941470800247,629524,165896,125010
720575941612417299,148308,180208,96255
720575941443656874,202504,155464,62865
720575941537280227,577728,825600,167850
720575941557948836,244792,122964,102105
720575941477856577,222160,94892,128205
720575941564760162,142704,178104,71910
720575941406588078,174844,106328,103185
720575941602880697,535912,327696,119790
720575941557122468,247704,144560,178110
720575941562955944,234580,139984,123165
720575941481912829,196588,162176,126225
720575941588730622,224076,239436,96885
720575941485420797,129456,138448,66060
720575941450217294,133044,188868,94275
720575941545276348,195716,204780,65205
720575941624504202,227708,148464,38655
720575941496371579,205596,155356,132345
720575941692123867,183732,171160,167445
720575941477492330,270800,145712,118845
720575941545522612,253096,202560,48600
720575941637492085,215296,73344,192375
720575941490867150,207852,148372,149940
720575941519386291,245520,176704,180990
720575941568148583,135816,208160,65475
720575941416122516,132328,196060,55710
720575941549490804,131996,196888,118980
720575941589777804,271180,231340,99135
720575941446313748,276216,239804,95940
720575941391492246,241568,201528,139275
720575941512038476,272764,214160,141390
720575941594164261,179932,175908,133425
720575941629028665,236832,186676,172530
720575941488577077,209772,100088,97470
720575941455383091,113452,141468,83970
720575941589840183,299560,203312,96795
720575941453005383,339608,154280,222615
720575941586720734,272352,158148,170730
720575941433419479,279688,134472,178470
720575941469477597,139724,139116,82125
720575941566954550,132096,156816,148185
720575941596635505,598732,121544,69120
720575941517847130,177016,228132,46755
720575941513690211,199556,186500,120105
720575941506578561,160492,216156,99675
720575941650007061,164652,193404,149535
720575941574185225,777704,132016,42885
720575941567738618,292284,195576,172935
720575941627246886,290236,178524,90945
720575941475073632,251892,84260,179955
720575941569310708,101764,196640,104850
720575941534843162,256108,100012,173205
720575941406692399,298612,213300,128025
720575941558568686,244756,203480,75420
720575941595311237,258652,222388,121500
720575941630320620,188876,102004,158445
720575941528295961,209244,122864,106650
720575941520226670,401008,102468,78120
720575941629051174,653212,158716,142785
720575941566343063,272264,161244,150885
720575941478427444,129888,194872,103230
720575941619925119,714444,213716,160515
720575941515129041,681084,233676,85005
720575941545324649,214312,163376,177975
720575941651174421,150600,146908,144630
720575941520627116,164148,130572,124245
720575941427938644,647392,139200,94095
720575941655762644,129180,190724,141030
720575941482348998,125356,168096,106515
720575941669650855,217028,140120,69120
720575941507573573,598220,68472,88785
720575941526425369,681244,184776,174330
720575941440154715,177192,147612,190575
720575941563872000,154364,133400,84870
720575941643852705,188336,166468,38835
720575941515447761,150672,185116,23625
720575941666827507,129920,223616,98370
720575941403410467,160864,223792,84150
720575941526518950,154036,119644,189675
720575941609258605,159384,135444,49365
720575941484419526,172548,109968,152550
720575941490581710,146584,139060,97875
720575941526498073,625400,188148,145620
720575941440063167,186432,170844,180135
720575941539161469,215676,163672,138735
720575941453909063,244920,174604,139185
720575941575836168,204144,177052,189630
720575941550914420,758904,161276,113400
720575941439936319,766160,217492,39375
720575941689624588,775120,172056,135315
720575941505844786,121824,117612,119520
720575941442109631,203888,113956,204030
720575941450376885,230424,130132,66735
720575941496876416,235948,89732,116775
720575941541029837,139348,199556,23985
720575941538270696,115064,130792,57060
720575941538508771,212540,87404,118035
720575941559217877,186352,118632,84465
720575941589939511,112852,159044,90900
720575941573235614,128652,165432,40140
720575941463681168,784392,200960,92790
720575941433585678,790708,206392,76815
720575941545015385,116256,198868,70470
720575941451608157,769584,190272,77265
720575941459552496,135284,153836,26640
720575941682067901,703844,215204,79470
720575941599545536,239036,216408,41625
720575941670807985,237032,112336,204885
720575941672097703,797536,116740,63540
720575941557076708,205240,115236,51615
720575941451234653,119184,114296,42030
720575941566920530,200924,104380,68310
720575941436325262,892180,84652,13680
720575941484938493,858864,155844,80550
720575941589325380,851060,141948,24210
720575941641472543,257356,93284,136935
720575941645480410,121424,191436,34830
720575941565499538,856100,76864,117855
720575941433613015,831324,129716,168480
720575941514507985,184632,110760,195885
720575941509872418,111612,203512,67140
720575941505606487,181352,98860,54315
720575941558807411,580328,227368,77220
720575941660948348,436084,207676,77490
720575941567589686,510216,659400,144045
720575941536685400,545280,635364,137565
720575941447163317,507032,725920,147645
720575941440529493,508656,628072,198495
720575941538209229,520696,267288,110745
720575941405005168,509892,509912,109845
720575941702043354,510492,469220,124245
720575941599532188,394956,214204,139095
720575941558110579,567924,159636,104040
720575941477649729,582336,144008,248670
720575941509081182,315592,76148,167085
720575941467254237,479864,619644,207990
720575941721763642,670016,576964,260190
720575941658677784,297828,139888,119790
720575941393731478,333632,117380,207720
720575941506552997,325456,102148,233190
720575941536150810,569452,108844,240885
720575941400930851,536956,124340,117090
720575941492238768,593428,204972,218115
720575941554379265,531432,193648,139545
720575941412207787,574660,155384,155610
720575941492829104,557008,169040,221085
720575941569923230,519336,177672,187515
720575941468701047,537828,188864,207225
720575941464069264,527496,199732,29340
720575941474747434,603472,96428,227655
720575941438439487,476372,153716,164925
720575941427731540,607016,158668,138960
720575941589212215,515640,185772,28575
720575941481447075,554404,190892,88470
720575941656121368,522308,148636,190395
720575941432410583,532600,107996,193500
720575941520689075,552816,107036,88335
720575941580906485,368852,976764,241380
720575941496970880,534932,118720,212895
720575941478687907,609156,93244,203985
720575941514760524,545936,112820,111870
720575941611542249,605384,163300,129780
720575941472842048,517184,212176,93150
720575941520271320,315148,141180,83835
720575941483923453,513628,212784,90000
720575941498937161,634704,120384,211185
720575941470570816,411200,116700,161910
720575941452982599,413408,171628,207000
720575941533612005,581712,198576,180720
720575941634053829,428748,692240,238410
720575941508604033,293672,123804,125820
720575941681243837,349428,142280,224325
720575941527977293,317644,123336,128475
720575941461423315,296876,164316,186345
720575941546654908,383368,139336,192465
720575941439530796,674744,112144,132975
720575941480123043,441052,160060,112140
720575941507490850,392200,179972,34515
720575941502162226,452688,108552,175410
720575941536787944,388528,185444,81360
720575941671545767,390328,91064,201060
720575941493296615,418120,81456,117720
720575941527572324,330868,188968,184995
720575941688694390,301996,119116,187560
720575941468788502,409116,135020,259380
720575941496745441,429708,251752,111195
720575941531470821,380948,917080,219960
720575941566606183,414636,95744,171405
720575941630884256,462612,100712,172035
720575941413112943,408676,183564,196200
720575941550689825,417200,119620,208620
720575941538485453,399148,131276,210915
720575941590522764,433808,65336,184905
720575941539355285,606084,140600,214290
720575941409531183,623680,90464,154350
720575941692620440,423344,225964,40185
720575941607843693,411504,129720,143820
720575941596426021,590340,171640,151605
720575941460141638,406468,83012,207405
720575941627489388,670004,579664,252090
720575941442837674,670032,580500,263970
720575941490261705,498280,135448,183915
720575941531876811,618664,89580,89595
720575941521740107,443092,140680,218655
720575941496109511,447136,161448,192105
720575941478196017,433688,138512,198405
720575941659071824,653200,111808,104850
720575941533641394,471952,137936,199800
720575941442137807,633604,165848,233280
720575941426165588,599600,647088,126180
720575941560827431,609584,648144,125955
720575941612413083,650072,603288,113760
720575941489391561,333812,852700,262350
720575941604192246,344944,129420,177615
720575941639298335,474336,101572,101925
720575940558854362,341280,963964,279630
720575941524479307,636916,198236,130545
720575941560492077,535776,102624,166365
720575941483978438,598120,151780,229950
720575941430281464,366740,998176,304200
720575941522443447,569624,804024,157365
720575941450546857,671868,596988,119880
720575941527841305,558324,59760,152910
720575941534127338,493996,941612,206685
720575941610898506,527864,216536,25200
720575941604101310,521516,102164,94950
720575941509897655,395244,125456,70785
720575941544489245,401652,622896,171450
720575941570740980,600288,72760,86310
720575941472840288,577568,825684,166860
720575941430189961,431580,216948,18000
720575941450095453,590744,80712,78660
720575941501171851,367808,1019528,210825
720575941680275389,373044,1018948,213255
720575941428578900,369696,1019532,202860
720575941560886311,649980,593188,114975
720575941503278987,394728,114376,80460
720575941577379944,390224,964080,207135
720575941616494630,440516,647220,65700
720575941563234706,525560,215876,23355
720575941586058462,443244,987640,230265
720575941440393407,609928,649312,132750
720575941562887981,597056,138372,173430
720575941660215608,670032,581220,266400
720575941575292936,525580,650784,121725
720575941480403424,383472,222284,94320
720575941704112346,573904,114732,139725
720575941659699480,548224,41728,177120
720575941521494711,544592,154352,231390
720575941393824260,313016,128188,206865
720575941556042835,722880,88960,202365
720575941530001080,262144,134208,198990
720575941539718037,348704,853136,256545
720575941531578404,448340,632128,54720
720575941627497068,164616,181936,3240
720575941551619700,233608,106292,126900
720575941608916589,236732,198976,80640
720575941557202515,862836,73488,98055
720575941589783863,407924,71844,85545
720575941554902407,555664,139932,26865
720575941505854914,491412,912264,192240
720575941505945394,509184,636240,74385
720575941691183512,556816,164704,149985
720575941440011839,128532,132660,146160
720575941514511825,836284,186624,46530
720575941627384633,209844,189832,120150
720575941412111215,148760,105432,162225
720575941440752575,135328,183188,121635
720575941533093251,197960,187892,79515
720575941723103546,126428,207532,116640
720575941438972223,142852,168320,144855
720575941549059873,142244,171384,141390
720575941632466373,121812,186080,79200
720575941546825140,706716,197524,50310
720575941407948206,124644,126852,117045
720575941611127273,252660,207116,72585
720575941437640224,796608,200480,59175
720575941565716066,721292,158020,190935
720575941615144345,779500,139684,111915
720575941516558739,140180,148516,171990
720575941478711617,744572,131104,143325
720575941478442561,849924,189416,81720
720575941733095979,811804,91464,162000
720575941561116275,792104,157836,84555
720575941471818615,127844,117628,46125
720575941566940154,394516,257112,109485
720575941611778150,147800,219188,113130
720575941539139989,179060,178968,128610
720575941542480476,474164,847832,288180
720575941724391738,443456,732440,193590
720575941482065862,477448,639948,97110
720575941537860989,454596,772508,154845
720575941573997928,468280,903044,256230
720575941445270804,528000,667392,130590
720575941642657697,435476,939700,279900
720575941509418512,454472,905304,198405
720575941473014112,396136,184164,207450
720575941543397737,524840,704476,260910
720575941412443540,486164,718772,208485
720575941568969722,457532,642832,149310
720575941629371116,452504,703932,154935
720575941623317659,393064,942848,251685
720575941413914652,454604,668740,179415
720575941552229767,404344,712300,179955
720575941521652983,611504,198068,207945
720575941536288405,465388,717448,115830
720575941456208031,533364,648692,166950
720575941438207711,429888,721232,147060
720575941576555407,822016,153484,122940
720575941579372277,596088,196204,201555
720575941633833120,854100,109628,44055
720575941527588006,163196,197316,93825
720575941455181037,584576,61392,166545
720575941627046764,746468,77528,95355
720575941515493635,225212,98708,180855
720575941499971195,725056,239808,42795
720575941605103294,409152,192064,236070
720575941469313046,753832,154112,46755
720575941464764429,791204,75364,101115
720575941442773695,804112,117212,130905
720575941524479479,741184,121832,97020
720575941520477400,726648,94172,177615
720575941537245889,749360,170660,129330
720575941438946834,721604,143328,208440
720575941512670930,739872,182968,121860
720575941523105203,794932,104352,125685
720575941475244896,130656,219724,81720
720575941556830035,758356,97272,141975
720575941598726336,191988,160784,34020
720575941558463652,776776,86952,123435
720575941505403698,828828,123652,175500
720575941478360350,847356,126084,65970
720575941570915698,771848,170320,68445
720575941632023266,722208,155900,78705
720575941594531435,714716,204028,157680
720575941402234915,770084,86684,99360
720575941632848098,748808,89820,79830
720575941461640262,853208,138812,25380
720575941642113311,768008,89388,138780
720575941574723067,836332,129264,155610
720575941434728718,167912,191176,26820
720575941514354252,799388,158960,41085
720575941432706953,237992,149020,28575
720575941672743847,769096,120108,194310
720575941645514066,811392,123580,115920
720575941560525038,800948,189716,66375
720575941415374996,831272,125880,138780
720575941428460628,122012,124132,124605
720575941500158626,646172,128984,223605
720575941600145856,654948,131496,221310
720575941407841071,549168,180280,166005
720575941492588976,487680,370000,121320
720575941614906387,476340,162228,151695
720575940607983865,127352,152476,105795
720575941460291999,825860,144328,130230
720575941445883818,673856,114300,215055
720575941478719025,884772,91752,29430
720575941435437344,549700,105044,72315
720575941550843937,419940,74520,75285
720575941578499573,694580,134160,124110
720575941432162808,372240,164264,220185
720575941507305637,635056,161440,149715
720575941477178929,598000,163472,225675
720575941640578165,785936,133520,169605
720575941575633416,671600,222272,99630
720575941496421760,188320,141744,39150
720575941476502577,120264,143852,74835
720575941489811253,719980,108096,109260
720575941563624082,730240,231972,70785
720575941478968094,767272,141656,39150
720575941466518102,724652,102584,135945
720575941486154893,238012,232492,122805
720575941613824429,175784,170700,67410
720575941690070390,808044,195320,25605
720575941565580386,849972,200344,55080
720575941505893436,147292,174820,132435
720575941615122963,829424,213804,66960
720575941559557391,125460,185800,114210
720575941669641203,850148,151888,89055
720575941444579242,125320,134168,83385
720575941652307441,672752,162476,106515
720575941471104779,111976,161628,118260
720575941498304635,819576,192180,93780
720575941619765887,771292,145576,140220
720575941597059697,732692,155976,81675
720575941733827115,714244,103928,136260
720575941392633092,783660,86012,146295
720575941441996123,686840,224656,73620
720575941559399695,594440,67488,88605
720575941557049508,173100,188048,130770
720575941544566452,553272,758212,168030
720575941522354355,400120,954248,237870
720575941548921917,407748,926784,180135
720575941566895098,499888,780752,254475
720575941498017097,419092,916920,256410
720575941508353490,458840,746424,113310
720575941474395166,518700,673968,203580
720575941642302840,608048,602784,146475
720575941544594868,467332,734848,154935
720575941518109356,394148,170036,212670
720575941443884202,471656,832580,224775
720575941508255266,547480,655068,195930
720575941543674629,561972,667224,228600
720575941512339779,467648,765844,218925
720575941440692447,461064,845228,249390
720575941639617311,595816,179040,213885
720575941532493187,357076,180540,214380
720575941482335823,507044,758704,224865
720575941429462999,404224,922756,208845
720575941574970216,600400,179664,210150
720575941534893912,430112,870544,237240
720575941604952429,437380,757956,154935
720575941414464660,430688,656192,238590
720575941505254204,604860,201880,221400
720575941432223369,457572,804988,239580
720575941352925744,463288,792300,210060
720575941692482779,842420,196084,53550
720575941574672271,408528,190416,216135
720575941487867088,103384,140372,89505
720575941500229193,756888,79900,131805
720575941483763642,654624,104208,223065
720575941554236058,193576,186940,78480
720575941545384124,137180,138440,114750
720575941586211679,816896,135872,105750
720575941614539283,591388,152072,149265
720575941552471358,728472,146772,184590
720575941536688872,636352,193216,208395
720575941610901834,780320,151060,93600
720575941512230416,240324,189100,35010
720575941564845575,128604,208184,118620
720575941443019355,841652,189888,59535
720575941592290558,243576,158848,48825
720575941506259506,855908,167952,76275
720575941487803654,807244,98304,98910
720575941443518159,847732,170096,72900
720575941462662084,783492,98800,159390
720575941704596698,839864,173320,72585
720575941547989692,794340,112440,137925
720575941576304137,804612,124608,162945
720575941517201923,769104,94516,184500
720575941591253815,817280,98920,157140
720575941724373818,779812,113008,143190
720575941555046427,825776,202944,82620
720575941621743999,798724,130348,56115
720575941655172113,675680,175568,64035
720575941505931714,745488,109736,161910
720575941554365211,749420,138400,91350
720575941591144702,749704,174076,37035
720575941440439615,763496,95772,77715
720575941505508914,871136,99364,72540
720575941689081071,207952,156896,200700
720575941527655780,745112,170120,79560
720575941431686831,751704,186796,59850
720575941512488146,823032,93748,134730
720575941585890143,821056,145692,153540
720575941482193282,660452,168596,109440
720575941623054789,840112,121604,5355
720575941462556627,193620,110760,112860
720575941461425990,822156,110704,127710
720575941468491862,186532,94240,132795
720575941556865107,184916,104880,88335
720575941541868237,391944,85004,123930
720575941517408505,874196,96700,7425
720575941471423095,675468,105356,130545
720575941410231599,683268,164472,127215
720575941553325939,863264,105964,8370
720575941491306702,676284,125340,200745
720575941481523936,785532,150412,23805
720575941507731365,825912,109380,31050
720575941520337580,835344,186360,15030
720575941495658439,180668,195936,85905
720575941539691645,116892,107720,108000
720575941351323440,231568,200624,152865
720575941529328038,310596,187992,120870
720575941590922536,308604,198420,126540
720575941484131837,654560,179908,104040
720575941643672481,225148,130156,195480
720575941656078036,767728,103532,161865
720575941669245095,780700,94436,136665
720575941612551187,771212,152124,140535
720575941682619069,660780,218344,88290
720575941469141111,228752,180888,146970
720575941669430439,255352,112564,104085
720575941451163741,224336,126428,188865
720575941532885221,252868,135648,87120
720575941516916995,135252,222268,36450
720575941542987269,232944,76852,162225
720575941609097034,220416,163976,84555
720575941437663807,240480,111700,186075
720575941415803793,229132,177800,45450
720575941624281243,172516,96364,103905
720575941465792790,248432,228704,135135
720575941615798741,240412,106868,94725
720575941540690012,243332,89844,142110
720575941662488632,279020,183920,99540
720575941412835220,269916,222188,138150
720575941351711280,237572,142744,117585
720575941432156513,251096,89148,147600
720575941599467676,170056,124596,109575
720575941514899802,127640,148940,104760
720575941685909743,239552,91072,97875
720575941688757772,259688,203888,104355
720575941631252640,222724,161944,84285
720575941480296131,254432,207620,151335
720575941457148144,244724,120272,193680
720575941482915151,121376,177976,105930
720575941514722769,298248,153024,161685
720575941553380379,168564,168480,86670
720575941525656653,175168,211456,150840
720575941613574886,665020,170968,125460
720575941625765019,177680,190836,124200
720575941574739304,209596,169892,85905
720575941459258835,258144,222604,101475
720575941561805550,213056,90440,156285
720575941552717978,253972,135800,179910
720575941542173901,271708,228260,108540
720575941486021072,139240,205440,99855
720575941401905955,285432,164576,114885
720575941575835899,301852,173652,143595
720575941497805730,214348,194688,41085
720575941472002400,248540,193136,100980
720575941584453854,229312,219120,41805
720575941572380667,191240,142716,82755
720575941589779012,279716,177952,142875
720575941526119334,195148,109348,81000
720575941626103097,212232,116720,102555
720575941454787053,275368,219292,56160
720575941490351049,148944,201308,128790
720575941611560156,255676,198024,55665
720575941475022395,129068,204528,46980
720575941437433120,150176,204184,65745
720575941543120901,220816,117004,116460
720575941550505332,303636,197220,139770
720575941546871688,194592,129724,57645
720575941447980469,213076,182096,17730
720575941534609601,195288,153024,31545
720575941650900465,248060,200628,161325
720575941534066149,230564,223944,51615
720575941506292574,169136,175496,60210
720575941701586138,217804,169976,76815
720575941448905550,250176,212732,91890
720575941517814106,266028,116756,141885
720575941455984109,127344,125012,141120
720575941482836989,437880,219324,19350
720575941548223112,279488,156608,64350
720575941483753146,653252,204220,133335
720575941439177183,139952,196312,27135
720575941594582568,669836,175928,113940
720575941503151410,161232,205304,29880
720575941535590410,110344,155540,82215
720575941430791561,153508,114968,86760
720575941572754939,722284,203548,41400
720575941536251619,219156,217332,28575
720575941487579970,156184,210592,122490
720575941481980323,591352,122580,215640
720575941682033085,585280,120628,245205
720575941528142594,286080,169760,106470
720575941611541677,657936,191732,108090
720575941528419000,179652,169400,45855
720575941507007036,175736,127128,30510
720575941561706408,223496,133624,90630
720575941434543648,173212,123096,22410
720575941452047182,147040,116344,117675
720575941455268333,109244,168712,77130
720575941578238801,165500,109600,86355
720575941609724746,140864,108288,68670
720575941721796154,180256,134336,170145
720575941580406609,131264,226176,70515
720575941491882160,156312,205608,137610
720575941448485301,218992,160220,85590
720575941647044808,161280,115456,26055
720575941558689518,166612,129240,83115
720575941475686961,202024,138500,46575
720575941587827934,172372,92332,95265
720575941509179152,179992,179816,115020
720575941429766063,224304,192000,115065
720575941472018272,282492,228292,77310
720575941690054774,181736,225728,39240
720575941545221481,652620,211092,106020
720575941477880369,218976,178100,33660
720575941525026635,146032,155708,3105
720575941625490428,831516,181200,14400
720575941536855232,205556,83260,158535
720575941570436084,740440,154988,147060
720575941436877966,840748,86156,115425
720575941571488500,158396,141148,156555
720575941559121444,160616,97292,107775
720575941586846854,859984,148728,60435
720575941591625726,831212,127112,141570
720575941442831451,287760,170128,144900
720575941500710818,218912,175752,27315
720575941567809846,231700,144252,38700
720575941599527872,187372,126672,203670
720575941564575656,903264,127400,42750
720575941664067196,132984,169720,156555
720575941611890921,155972,198088,14355
720575941537628186,849732,96380,35550
720575941429385812,834520,114332,11745
720575941654055921,827816,180388,55890
720575941467285782,860148,172312,28440
720575941656297172,195028,92896,175365
720575941553623039,840136,104268,66870
720575941574819656,746588,173748,75510
720575941509551745,841816,179376,30825
720575941512029650,217880,79468,161775
720575941574368072,796820,160780,28845
720575941590262596,777596,107824,162900
720575941673069735,440916,96372,253980
720575941672568487,814924,195228,20790
720575941644582501,419612,211436,134595
720575941658941264,514796,265452,87435
720575941415497617,501792,370000,135135
720575941512782947,563816,584308,108045
720575941570733556,499712,767424,174105
720575941558304164,284824,109364,191700
720575941488722894,670004,581460,257985
720575941661415224,539248,261632,123300
720575941498736034,525968,728136,170685
720575941573599646,537372,178824,12240
720575941538466802,578116,191284,133335
720575941515445907,192628,205064,59265
720575941597604997,555728,121940,243945
720575941498255433,583400,198260,193095
720575941430926606,595924,199984,221805
720575941502109634,520896,160768,250605
720575941526238820,510024,249164,98730
720575941733974315,568164,157656,190350
720575941461945796,470984,160020,200205
720575941532708440,541420,187636,190305
720575941499158345,525520,140756,205110
720575941452862535,637640,160488,225270
720575941578696281,574096,106784,202230
720575941633129376,526616,179232,147870
720575941475962474,597856,182916,136755
720575941578096885,559104,193344,196290
720575941559336493,489888,151864,194670
720575941470640395,567360,163776,260820
720575941597601669,436480,92520,113715
720575941438573356,302684,95536,131940
720575941439568428,619428,98444,130275
720575941438537535,563684,222332,105660
720575941551678747,542940,188552,187560
720575941566648583,552352,197060,139500
720575941515495267,444208,213128,92205
720575941463838477,548088,142820,69165
720575941586909764,577972,111560,104805
720575941480118863,553668,115476,115560
720575941645584840,530260,177168,24525
720575941474022954,511448,186204,28755
720575941442192079,571916,178608,109485
720575941479442400,496876,110796,208755
720575941521625847,545764,187448,186480
720575941593137704,384300,126748,120510
720575941527147801,378644,165608,104850
720575941570584990,313300,100692,92025
720575941588544055,554912,188404,214065
720575941468897856,448592,686856,206370
720575941411440043,286632,123876,124425
720575941574936221,336700,155328,87660
720575941611750419,429308,735744,146250
720575941511496658,455560,149276,188055
720575941609591469,489552,86224,207180
720575941498276065,479376,188596,161235
720575941526794317,352384,198632,116325
720575941462617811,427500,91140,181980
720575941573149193,395764,200088,94545
720575941479690114,336384,78848,130860
720575941534007128,418260,82756,116235
720575941615090140,368880,103872,99720
720575941687672332,396176,108036,173835
720575941577633525,406256,197056,82395
720575941508309282,434588,780700,149805
720575941410034859,367624,975700,207540
720575941662588796,457760,203808,182475
720575941646498209,671992,92116,180540
720575941523200759,415248,193056,173475
720575941432664974,437000,955236,261810
720575941561505170,443412,811276,114435
720575941555797540,446292,811288,114975
720575941571861256,448824,811284,114390
720575941577687222,369424,137280,203580
720575941643549010,325140,113604,199170
720575941446265770,427616,823116,105840
720575941527988557,361968,924872,266085
720575941564348306,325248,167636,172620
720575941503404482,475784,162332,170505
720575941631267013,314164,127960,213885
720575941480171370,536372,171120,141750
720575941568385070,530548,176364,27000
720575941564893750,757964,188468,22455
720575941632232940,566040,104052,227745
720575941597957788,545732,181944,184230
720575941584957406,655444,607752,110565
720575941500644491,680156,603676,116370
720575941455761971,417132,147132,235710
720575941458181101,646104,183644,123390
720575941447770388,356192,1015340,247095
720575941475356000,182792,132024,80010
720575941588611461,632444,598264,114750
720575941554220827,649656,117692,134280
720575941554854810,637720,187192,187830
720575940600555991,526188,213480,23265
720575941565244258,587072,67268,87075
720575941522260983,534952,113508,93150
720575941589444151,661936,127216,123615
720575941614132633,341804,167688,211500
720575941573697544,441260,986936,230445
720575941563205522,531192,112172,77040
720575941543884573,364200,1008672,293670
720575941545205253,441276,647256,65610
720575941687810166,344808,1044532,204615
720575941657774360,396316,138224,59940
720575941573903369,478920,96996,106020
720575941546176873,398900,623176,175185
720575941480913338,594880,673756,178110
720575941640788767,431744,215456,16425
720575941625078939,402248,140696,61965
720575941401912611,586784,66916,87210
720575941655192788,441908,636352,55665
720575941467250966,436372,220768,20295
720575941549916927,670032,580204,265275
720575941487016912,392812,121416,72675
720575941480105195,356868,1043016,221040
720575941540026829,403996,124860,77670
720575941644402632,428236,225612,13365
720575941566050663,651172,601016,115695
720575941689687670,683644,174580,121950
720575941469945821,673448,123036,190440
720575941646202785,278528,80576,183870
720575941442669503,653356,172396,206550
720575941633245600,691700,116348,209340
720575941643969874,660080,135300,204435
720575941353298992,717632,89664,205875
720575941432800175,252812,161840,29700
720575941652920085,580344,137040,204660
720575941558814628,839468,73948,138105
720575941415765652,831564,97580,169425
720575941454610601,851664,153536,86760
720575941653865745,843760,137280,99000
720575941497121659,332608,135008,134640
720575941565570967,332576,108816,122265
720575941518599640,136124,129212,119160
720575941441002943,187092,171888,117675
720575941557275812,138840,188788,115605
720575941658471504,761816,205484,103320
720575941682341565,806580,83280,152505
720575941534422104,136180,162916,87570
720575941669488817,121180,218396,33615
720575941690865560,150576,126788,183240
720575941482354255,839672,204740,72405
720575941492057545,801564,192688,29925
720575941554326407,787092,138668,114165
720575941505955634,200532,131880,203085
720575941574877704,850940,197920,35685
720575941655715801,122108,173736,149535
720575941427379540,172360,107980,93420
720575941574452623,517660,799880,249480
720575941687565942,508288,696396,188775
720575941436378898,504760,719004,214875
720575941554469255,534560,665472,201510
720575941482015171,456084,601820,141300
720575941518579054,380124,172096,198315
720575941652974809,382308,155012,198495
720575941630894630,435656,953224,305145
720575941626120505,250160,103188,113895
720575941640954981,446368,758736,123750
720575941477385834,447608,759272,146340
720575941527241656,438380,889864,254520
720575941595437701,558192,621456,121230
720575941478608926,580840,619364,116595
720575941493980030,593228,173900,232245
720575941430407928,578440,205372,198765
720575941540244429,403368,926780,248760
720575941456323821,377288,938040,179910
720575941525810020,616832,197528,214470
720575941579577169,617516,195816,211680
720575941476181278,448244,751280,124875
720575941514111043,485704,765916,183915
720575941550863871,553596,176340,229590
720575941587385143,453788,625204,109890
720575941627417243,150996,165064,25200
720575941602286633,838584,164116,114300
720575941591571752,184320,131920,52695
720575941484828090,790128,162652,110610
720575941566497543,153528,174336,30285
720575941552481598,795844,111060,174240
720575941460685894,125248,111696,64305
720575941520524979,699852,212604,73800
720575941499777403,689444,130040,98550
720575941564858210,135208,207764,71910
720575941601488681,833824,163188,80235
720575941497240775,127388,217820,89910
720575941689582604,264820,186112,54675
720575941483259075,726196,179588,68895
720575941602403881,117328,128108,160695
720575941487914050,735984,154448,146070
720575941534605699,728384,132288,209205
720575941554069383,812440,87016,124110
720575941530202040,722604,150548,50175
720575941689166319,758708,153164,170865
720575941437520160,770092,178552,31860
720575941581296117,771136,213440,92250
720575941646565832,786512,140792,176310
720575941413576303,717964,129936,181935
720575941576907919,788724,116664,20475
720575941632377314,820896,90024,106065
720575941463983117,755264,86868,106425
720575941550856481,135548,109148,101610
720575941527568996,816888,165152,25200
720575941574034846,829024,147000,84420
720575941530614456,809964,213388,50940
720575941463088324,171736,148592,156735
720575941616167321,872276,107080,40005
720575941611539018,763648,90808,77310
720575941575260680,768108,168968,34200
720575941570305138,820592,121196,142650
720575941522354871,763880,120192,203445
720575941414945428,701444,136696,193905
720575941574652155,760160,171780,71280
720575941704171482,726036,108324,103860
720575941491097801,716380,197452,145260
720575941597317745,736912,89232,131310
720575941575596189,719608,105380,112860
720575941522467511,234116,85864,96750
720575941613517542,245636,166104,25245
720575941500543457,776680,195684,99810
720575941691282139,785332,110492,162315
720575941528180100,463632,906628,211230
720575941468311382,396060,131868,65520
720575941479783530,685024,96220,139815
720575941653367573,183224,100608,152190
720575941468843030,453624,905344,256320
720575941595585575,625292,149896,243225
720575941442237631,402368,110080,265140
720575941596912241,429120,44800,166500
720575941499906017,509696,58240,219330
720575941471282909,705216,76864,163260
720575941525252171,592664,96416,84240
720575941671231153,592184,678596,217485
720575941555427611,229704,159092,27945
720575941570507890,794288,108688,177615
720575941508587077,703424,176960,118260
720575941460495007,572264,60720,120465
720575941536996328,155716,117872,177210
720575941451197021,765852,191328,58905
720575941414270100,807308,172224,87120
720575941555941274,182456,138120,92970
720575941688532492,120024,172580,76500
720575941439926357,158112,189096,25740
720575941478271850,712456,237656,56925
720575941483630022,859636,180480,58590
720575941564673378,127696,148684,80145
720575941439302623,140028,175284,135090
720575941557236307,715972,118444,114705
720575941434364174,127960,215964,110520
720575941553056767,687776,176000,86535
720575941418339868,247232,131904,52875
720575941431054328,854312,111820,108090
720575941520490456,850512,108528,102150
720575941509801822,800352,123824,81135
720575941493504743,755168,134088,106380
720575941512975459,443124,784628,246915
720575941528511053,116352,221504,103320
720575941576175625,761080,90476,194895
720575941521587019,464200,893780,253350
720575941545353352,497976,718232,223155
720575941478101667,497008,821240,203580
720575941405826095,581232,625940,128340
720575941402823715,571396,624248,123705
720575941636364917,528932,720240,169560
720575941632126661,388908,935548,225180
720575941523220555,392512,1000576,207630
720575941499420555,590752,676036,233595
720575941471546176,563756,621556,190305
720575941575588456,494964,717328,149805
720575941535970241,548624,618052,123300
720575941519987127,491124,617424,125730
720575941557318927,448856,624228,113175
720575941567651186,581088,780576,190485
720575941527045732,613736,179216,214470
720575941579971417,567340,748832,220725
720575941624229628,423912,829904,244755
720575941494962558,418408,856764,252000
720575941473619498,373652,198444,212265
720575941625102332,463192,702816,171360
720575941629397996,413932,744528,192915
720575941474289450,384340,133436,182025
720575941555116772,413516,627076,129420
720575941575102095,595820,195956,198405
720575941532883544,576776,170296,208755
720575941594253863,594580,194120,195660
720575941495072126,383656,167148,193905
720575941507246370,378624,204288,207720
720575941642936696,489976,645304,185445
720575941554807041,597268,145860,194580
720575941497654656,474088,593016,102960
720575941625961068,811924,74640,110430
720575941432271497,843712,191412,37890
720575941723491642,359164,180864,185400
720575941652146449,420588,182612,227565
720575941656734169,224128,157120,45225
720575941482408134,139176,189404,29835
720575941517196537,153708,143644,98325
720575941393887492,705160,129948,154575
720575941629158201,192388,114132,103860
720575941432715256,742188,200768,63585
720575941564253864,714972,182160,65655
720575941555634074,777628,86168,100170
720575941518426284,355672,183628,227925
720575941516148483,759464,101680,150210
720575941592532364,722996,109988,206505
720575941429098836,734556,103948,92925
720575941528454244,722792,99940,173970
720575941411538091,764216,160888,78300
720575941580389365,862148,171724,43560
720575941602207273,758532,179648,166590
720575941575718651,737304,146944,194175
720575941451325877,790788,89268,189810
720575941627828076,180440,101844,124875
720575941512355282,768624,194012,56880
720575941475743328,217588,205028,170325
720575941605408502,829460,159156,118710
720575941507967909,871964,134148,24750
720575941460424944,819868,154160,55080
720575941596071207,840340,80952,110610
720575941536830954,746020,83560,132660
720575941439853612,777240,137452,187605
720575941583039865,220588,106164,166095
720575941609136493,728476,119836,200520
720575941654504977,718388,185508,142065
720575941615184659,755564,107300,69795
720575941595753765,697856,247232,69435
720575941506313266,707120,245732,71505
720575941516963683,758868,101108,179280
720575941660478232,814504,147928,158355
720575941615070873,747980,145840,139140
720575941612080486,771164,174844,24345
720575941601482537,895548,117732,69300
720575941536827114,804184,101536,100440
720575941672476839,745004,174576,110295
720575941484995514,753384,188032,97785
720575941433557857,165968,114248,122175
720575941409642926,766352,160672,112005
720575941646411425,797404,82696,150660
720575941536607169,728860,171852,75780
720575941432724873,249744,149540,29205
720575941456072243,421336,54388,124470
720575941549292680,316592,229452,121275
720575941543944028,881720,92788,23355
720575941571478772,212296,165988,46890
720575941576014088,890548,95004,57195
720575941583323513,852640,68756,112005
720575941483963843,126424,150944,53685
720575941489361616,782180,146936,93465
720575941664195128,828216,117300,96840
720575941512969426,686388,155932,121365
720575941517066899,640532,184996,136395
720575941565930286,679316,226612,71190
720575941587352900,297956,213960,163845
720575941564319488,248764,94764,133605
720575941612569261,611204,195676,169020
720575941547421217,664680,230188,66555
720575941545085445,667760,157132,132885
720575941629498169,805640,199788,67230
720575941557323091,795768,161168,132660
720575941461840653,671948,237408,76005
720575941570650618,229104,175604,77895
720575941615625235,255092,174636,66870
720575941672346535,154576,168436,111150
720575941469716701,415768,636848,170370
720575941491072743,281524,169600,119880
720575941643964242,220892,92208,123390
720575941656203481,218428,115856,58320
720575941456841712,256608,105168,165915
720575941630118636,233048,158156,180495
720575941482513405,162128,215736,31815
720575941579700825,189876,201848,142965
720575941437001260,241212,138236,180765
720575941500850761,238056,103336,174240
720575941351260208,246348,126312,71190
720575941560011556,247720,150040,47430
720575941520605879,146596,160584,59760
720575941459210963,206592,230744,136935
720575941563129746,819524,208832,26010
720575941610870758,117380,157564,91575
720575941623918026,555904,647488,100620
720575941502743895,115724,154016,79965
720575941505925445,250732,214816,107595
720575941702020058,179980,166480,154305
720575941506664738,239920,124744,184455
720575941534374117,559144,225220,158400
720575941469066518,192304,113832,139005
720575941668074161,252520,202916,165240
720575941571775560,251072,233920,55215
720575941644553377,204060,186336,175410
720575941473766715,246272,209116,132255
720575941574171656,418204,601356,153135
720575941626991771,194068,162804,115830
720575941613416601,119392,163172,90135
720575941509238226,205300,173896,88740
720575941652156437,166876,185172,52110
720575941469724427,213440,102784,106740
720575941568143860,225036,182532,159525
720575941482887759,233724,131972,49275
720575941468522070,110624,213248,80730
720575941579693301,291444,194464,114660
720575941569254906,308452,213960,119970
720575941482465478,290216,163072,147420
720575941502786866,228120,223640,69615
720575941599081664,301912,185524,115740
720575941501888855,172524,202532,92610
720575941566670074,166188,201180,113085
720575941410447275,124488,173880,102060
720575941563791767,209324,110956,151155
720575941518578323,184124,101572,170730
720575941581021429,181620,177216,29205
720575941536264426,157544,109236,128520
720575941570361594,611160,130652,236205
720575941526768516,317172,194704,105660
720575941561789864,221468,147420,168570
720575941638676255,185632,182748,130410
720575941354132528,207236,135364,202230
720575941589849412,213832,125964,58185
720575941594076456,214576,209560,56295
720575941653744857,248696,117116,110745
720575941482463567,284208,153260,100080
720575941527661444,115276,173144,142290
720575941575481595,288020,181584,186030
720575941610309037,226108,117432,101160
720575941545901061,305028,181528,116280
720575941488353798,133608,191404,125820
720575941454942957,224020,90420,125370
720575941689896310,202448,122768,122850
720575941579732213,681452,245088,75375
720575941476072756,154448,138376,87075
720575941491284711,151940,165184,128835
720575941629447974,178296,220900,112455
720575941438689343,127640,133228,67770
720575941644615112,138064,132096,140760
720575941499433851,660824,215224,93915
720575941490002380,151712,177476,164835
720575941584718431,584288,94564,203805
720575941579833177,217568,174540,86535
720575941652200465,212764,194712,96705
720575941609921513,249908,143632,190080
720575941506887809,227220,181744,68715
720575941533714666,158824,106664,173700
720575941450486906,143064,135168,71595
720575941524305227,697928,109336,101160
720575941527723140,174232,179760,147150
720575941537651605,184708,166284,167490
720575941666911987,230572,198432,105930
720575941569347698,200420,154996,145035
720575941491902128,192372,158872,154665
720575941593433558,162012,109064,133110
720575941528495032,192240,136292,195705
720575941623681532,150584,175004,33345
720575941555939226,139520,99192,158220
720575941652281105,221216,178492,120060
720575941515778650,661768,199216,80190
720575941437041708,287100,218776,146610
720575941508004412,178532,212092,43425
720575941646216568,206612,223800,118530
720575941393299716,770468,137912,129600
720575941497206471,751020,148848,185355
720575941689847414,756756,121620,178650
720575941525477977,126692,155436,14580
720575941605879230,747000,134076,101070
720575941534153859,178668,97620,173835
720575941488523728,810816,104576,23085
720575941491408585,171964,162308,17730
720575941536638296,113160,109776,53820
720575941537382120,151724,107732,52650
720575941538407139,146400,142652,161550
720575941563987112,202068,105256,63045
720575941545482594,206792,137820,35640
720575941593785640,209564,193576,15345
720575941492562126,891388,119604,85275
720575941402393123,818668,93756,107190
720575941627592044,856184,193424,51795
720575941575591432,825308,137660,122760
720575941604347577,132804,120448,160425
720575941504925163,858512,118568,129330
720575941587904478,808716,134064,90090
720575941433275607,789788,81120,140175
720575941665114236,873560,81788,93015
720575941590140740,852260,85236,45225
720575941511616978,838312,97280,116190
720575941567853415,878200,164892,52470
720575941547592892,870592,147952,61650
720575941508068421,192916,86272,147465
720575941514819404,320768,90216,174060
720575941692662747,214972,115404,61560
720575941418387740,220780,87808,188190
720575941527871053,785076,166832,156195
720575941512194832,812912,148520,137565
720575941535975873,452216,213196,78795
720575941611833577,458156,370000,122175
720575941569105658,420672,607408,151875
720575941690788827,640320,215840,73980
720575941680648893,401768,238576,76995
720575941612311981,570384,642712,194895
720575941551015997,474700,781012,243405
720575941671571111,308160,128892,219420
720575941589107012,315916,122916,209205
720575941539987442,456280,170608,129510
720575941547492788,587644,90740,200700
720575941442190015,334028,110340,128025
720575941505056235,680916,212320,167130
720575941431509752,528620,182120,142425
720575941440223295,493428,165100,202995
720575941573257103,492040,99308,175095
720575941516247898,578356,162400,120645
720575941484066557,611968,185536,166500
720575941547337789,602888,565952,123480
720575941561644147,569924,142200,228870
720575941610533450,486476,146524,199620
720575941557572772,553164,104680,173610
720575941561977088,603288,575128,153000
720575941631135202,444376,101664,211320
720575941490457038,536060,189196,75060
720575941399501091,550424,206368,131985
720575941469702720,547592,116976,118935
720575941491075248,515848,117016,96210
720575941475226464,564624,76096,110070
720575941452313415,508100,149020,193455
720575941572872264,278816,133976,140265
720575941613300188,567760,123624,242055
720575941557578148,550252,139212,227295
720575941668553639,567624,779580,225990
720575941502266507,567776,103344,188100
720575941485684109,544968,145096,73440
720575941625086972,562744,97528,196515
720575941574224797,584612,169792,122715
720575941499171809,636320,188532,153540
720575941476230203,606536,166256,170280
720575941627113324,581600,123928,218475
720575941471405376,498848,145744,162360
720575941510800912,302352,114020,179460
720575941508364048,525576,125952,113490
720575941520416940,543572,160844,228825
720575941559559725,343168,97024,179640
720575941529446091,379256,174312,113175
720575941521512115,472240,87268,190080
720575941535797731,426996,132644,223830
720575941570441842,351520,180236,141345
720575941644210514,388572,189144,165960
720575941604983742,385260,950140,275940
720575941574031113,319652,113000,225135
720575941565142418,386728,86656,195975
720575941585466334,391280,161168,126045
720575941481344130,404484,124012,204705
720575941532247243,507000,98760,193815
720575941505065303,355808,142824,107370
720575941548047977,347288,174384,202680
720575941526546532,296700,145880,196695
720575941688177647,427828,167212,86130
720575941629912102,307840,195904,187875
720575941583564678,368764,206908,108135
720575941555700307,428896,87524,107685
720575941520784631,480700,101160,171450
720575941438751317,433192,110972,185625
720575941592101739,436512,160732,146700
720575941439759634,443892,811280,104625
720575941612786585,447836,811284,110475
720575941437701973,448828,811276,115470
720575941555666515,353492,109380,154080
720575941664582780,670020,579896,250515
720575941593671537,670032,581460,265770
720575941690722523,610048,98984,78615
720575941644360018,312884,129208,103500
720575941564643240,436152,201076,166860
720575941575630749,325852,114364,126315
720575941609578342,380592,637324,213885
720575941479167850,429624,121944,167805
720575941623285450,397848,191068,30960
720575941633943456,436056,140032,200025
720575941486870736,475348,636432,73800
720575941601585705,327460,119912,126135
720575941638589301,582424,140048,113760
720575941412858479,393580,104360,256545
720575941451917481,516280,552148,62955
720575941451592782,524152,107100,177840
720575941590944908,575392,136304,122625
720575941486797574,634336,170756,177930
720575941554163539,454548,956208,218430
720575941521758647,451784,982480,225180
720575941538283235,419136,913872,242775
720575941499569633,548464,779520,194760
720575941466547990,404588,620296,175230
720575941556493028,430676,109744,85590
720575941593053803,586368,77316,80010
720575941431818671,587840,139968,77130
720575941468972566,664892,605356,118890
720575941561160237,606944,85264,79200
720575941433144590,596340,69788,95850
720575941568432498,206348,139064,57915
720575941432221143,373516,1019532,212490
720575941554575873,594416,67708,88425
720575941430880248,437420,220576,20700
720575941558695076,542124,76388,97965
720575941495388800,372908,1019532,204570
720575941606662509,656428,594544,116415
720575941600036288,575968,825604,169650
720575941479552642,582844,779860,152280
720575941487706374,403496,622520,169605
720575941478232350,575160,825360,174510
720575941594035414,437844,987644,242685
720575941612150858,623292,604968,134685
720575941476542260,398120,918664,243225
720575941462806285,446484,990128,238455
720575941687813238,473280,947976,235665
720575941511170576,407608,143472,66735
720575941619015807,435612,986156,238500
720575941590400254,437908,220704,20745
720575941574383247,584604,723240,191655
720575941460823251,451636,125020,179955
720575941658561560,540696,164880,139635
720575941604694969,499904,145792,231885
720575941579568217,329980,103260,159885
720575941429905033,734500,213252,124290
720575941468855574,607556,119960,236970
720575941393650180,702144,94784,187605
720575941520762478,775824,160596,81405
720575941655553748,626196,178808,219465
720575941469660279,493120,263868,96525
720575941553011739,526520,713696,265995
720575941566336822,565120,605460,135720
720575941592504427,601360,655452,189900
720575941626809034,413568,119104,51705
720575941537147841,483132,104840,129870
720575941657193684,850044,123512,49095
720575941555164443,388784,95452,117450
720575941508616773,474688,184480,169560
720575941596518437,798808,115696,192600
720575941656886484,415036,70516,84465
720575941520487603,285136,117536,140130
720575941574115997,150416,171200,32040
720575941555748068,116332,190080,46305
720575941477959274,126852,186988,46440
720575941476462897,175348,185144,42300
720575941520871859,116928,171140,112005
720575941512547026,140132,208192,62415
720575941614882713,132392,200560,72045
720575941625616842,143128,217460,52110
720575941688171276,174928,169912,95310
720575941461224644,113216,195304,65025
720575941627686201,130824,218764,103770
720575941596474582,779280,96908,60615
720575941594995751,176308,209296,76680
720575941733029931,119336,137404,136800
720575941589476151,134588,152972,99585
720575941690357622,827060,145692,61605
720575941462333328,857504,139020,107640
720575941555911763,802900,189884,71865
720575941722980410,719620,185636,160335
720575941494725296,804488,147204,30735
720575941516447379,208584,176812,25290
720575941527166564,691556,221180,76005
720575941614802329,362168,188308,222975
720575941593520235,483912,905844,252225
720575941572231177,481196,934324,259065
720575941488419790,483164,897600,212805
720575941598321820,522268,652892,90675
720575941498470267,607656,630732,124695
720575941410088047,467328,884704,252540
720575941404452720,556796,660880,225090
720575941458954822,355424,180004,227925
720575941535618842,374600,169168,227295
720575941574161147,408512,967168,305820
720575941663471996,426136,861788,198000
720575941434871072,410704,917188,201825
720575941610408169,405616,923368,205875
720575941473686058,561200,782692,185040
720575941579783157,347200,1011840,266355
720575941565097223,545892,794884,221400
720575941458003615,355132,183608,216045
720575941609335213,444928,738756,162945
720575941403983472,584660,145328,193140
720575941542787333,376088,172740,213885
720575941407535534,374336,947616,254115
720575941436698943,454724,797152,201150
720575941542966557,585440,174300,205875
720575941653563153,515760,613444,201150
720575941488015312,449880,823296,233190
720575941528014105,455384,756432,250245
720575941595653020,484112,617744,204390
720575941536803160,120832,188164,71595
720575941535635722,124132,164956,127710
720575941572424264,454172,796868,209970
720575941475380027,421868,950788,277695
720575941440818267,407032,181124,207720
720575941554574931,400556,173920,216270
720575941522259639,278780,194080,155565
720575941508741249,253180,80636,156015
720575941491963701,132616,214444,106515
720575941491027918,870664,159960,93420
720575941440994751,113944,178276,139545
720575941596370033,745828,197072,79695
720575941642133535,699184,220696,69750
720575941490940725,827188,69944,114660
720575941627453642,739064,193660,33930
720575941476885051,849260,158020,9450
720575941584775263,759400,168408,123705
720575941484214013,740976,148868,192645
720575941646554488,765284,141140,31680
720575941405037936,794412,181844,68940
720575941483093190,792660,102324,132075
720575941592482188,209332,202132,59265
720575941462243524,741632,175420,77085
720575941522810035,849616,186920,42030
720575941472943936,749812,197796,120285
720575941614489820,799912,172368,74430
720575941608931693,750472,118012,88020
720575941409584558,768032,103640,85230
720575941536375018,731236,89464,112995
720575941405785968,780064,119364,35325
720575941595658533,659428,185224,151245
720575941517536346,752936,119396,82395
720575941634316704,826320,66232,116235
720575941559362340,755596,158496,89370
720575941439868735,719812,207064,101700
720575941450386525,774428,148748,91935
720575941501058466,737236,99280,66735
720575941703631834,790664,89324,96390
720575941432580856,809460,204952,29970
720575941516277827,750984,82560,167310
720575941409041199,745508,95380,190080
720575941566564194,834372,134912,57330
720575941613343661,752892,123136,71325
720575941415332756,108800,173972,111780
720575941464590605,868476,167440,77400
720575941560950031,687616,90816,204615
720575941483160774,405832,162408,189315
720575941483834822,757040,201528,12420
720575941621211007,811796,92188,163755
720575941451626062,541888,131520,271710
720575941518106259,300620,147520,160155
720575941472405879,531952,746432,165735
720575941440304940,885004,91680,70740
720575941496711808,220352,202588,93060
720575941465279245,844824,91876,173160
720575941481243104,728880,155616,43245
720575941478303540,691008,228440,71910
720575941539223528,174820,105956,129015
720575941546284476,126892,171616,126945
720575941440112981,160892,117352,89460
720575941588644932,135360,174652,141750
720575941522815991,131980,190196,50985
720575941625548187,134508,140868,114570
720575941667881715,124648,162928,81360
720575941584161887,200536,146616,67185
720575941449436597,167092,105484,150705
720575941633791648,831088,192568,18090
720575941432209801,841024,147780,83655
720575941655899092,731708,178032,74970
720575941562777901,715580,197872,54630
720575941538905320,175844,204600,87255
720575941539000552,806284,175232,95760
720575941598569513,607600,193732,204570
720575941457821680,384716,185220,197190
720575941484327677,349304,951372,275985
720575941720436538,575372,645260,133380
720575941603895542,438268,883836,271710
720575941528095769,425400,915908,191745
720575941539619164,561300,692876,198135
720575941513164291,424188,745292,174735
720575941524327705,409236,906220,234225
720575941508506753,434704,861860,180945
720575941552783495,466172,756164,216180
720575941523083767,631624,611376,160920
720575941516789358,615832,604544,157185
720575941548728968,627152,621044,163800
720575941478444879,416200,957608,273960
720575941516768472,489904,718296,212400
720575941572860047,542496,745288,165510
720575941640440607,451716,667480,181305
720575941511066700,559428,620684,217350
720575941612398044,377968,165852,190485
720575941636372085,462456,759152,128025
720575941447343709,505348,632896,161055
720575941555233793,604948,680136,233055
720575941408441262,371620,980380,220050
720575941505235260,601044,168744,200925
720575941501807191,450800,611472,144630
720575941435272590,484020,786796,248535
720575941476123441,369856,184556,201465
720575941556735827,859684,185664,44145
720575941476384810,316160,217536,65475
720575941671239857,145596,220164,54720
720575941522757303,726324,227648,99720
720575941430677719,371044,157600,198765
720575941432174862,600660,201384,205785
720575941477452593,762396,110388,61740
720575941668537331,705124,224544,119790
720575941515356236,794188,110840,59670
720575941625186044,685732,138960,117090
720575941612247370,797904,212116,55755
720575941565979904,731164,177684,183465
720575941583521657,693448,207100,119610
720575941514747089,703932,225996,42930
720575941554811015,838744,150208,124875
720575941581326325,816764,129244,166140
720575941451385693,722400,176164,164835
720575941478629428,698436,187664,54990
720575941618477269,714576,188664,64305
720575941481467778,176396,137000,88380
720575941546899900,751576,122688,149040
720575941689044748,713688,201496,141525
720575941644918373,723492,108156,91395
720575941576422045,756932,125004,178515
720575941621676159,734208,130112,43785
720575941553072958,765212,88060,171315
720575941501384610,752276,108100,121680
720575941561825069,876484,106312,59850
720575941532485861,124928,102216,83565
720575941642150687,834696,147176,50985
720575941654235121,163408,208516,49185
720575941659852056,706068,211208,125505
720575941635244731,750204,182240,120375
720575941536879130,794284,111936,174105
720575941440884821,802304,67008,126045
720575941440754239,742548,126900,110610
720575941515557452,747440,159752,48240
720575941627427274,792596,134644,91395
720575941478711348,817508,112000,61335
720575941599560348,755212,235496,69705
720575941439689260,693100,222304,77265
720575941539333091,813948,172460,16470
720575941682504893,180252,174364,179145
720575941564728466,720228,197708,57060
720575941576125960,861128,107336,122490
720575941393295108,768792,176496,24345
720575941530226616,758068,105740,70110
720575941416038804,851312,76100,65295
720575941415977876,762076,154240,45450
720575941621180799,747596,167620,127530
720575941406255984,815196,123156,13545
720575941534556138,521728,140976,202950
720575941631028006,594264,87136,86490
720575941549388936,843512,154472,64395
720575941551578996,830476,189456,24120
720575941567879015,764668,178076,91305
720575941509600350,858880,95580,135900
720575941515527756,796276,135908,28485
720575941644557217,194224,194164,72810
720575941478377268,215496,156148,144090
720575941535265290,144420,180100,79200
720575941690295003,131160,149776,144630
720575941539080936,581896,182772,161865
720575941437874976,601472,227520,160245
720575941481588221,692288,187304,151560
720575941610180966,849772,143240,107100
720575941463615888,224180,98100,92925
720575941689547247,648668,184360,92520
720575941533316696,275772,128860,150660
720575941469643275,247196,130112,106650
720575941615749845,217816,208092,22860
720575941496382331,259444,156332,65475
720575941566484839,315988,190656,133875
720575941434136864,314324,219676,83700
720575941473688672,244396,145288,104895
720575941482586365,152144,115476,88650
720575941505849906,239612,93800,180945
720575941530797029,259360,171360,201150
720575941554954323,141264,155368,38970
720575941672573863,160368,108096,150615
720575941465792534,236196,135156,157725
720575941629365049,250060,135292,129735
720575941529160376,187572,162972,158400
720575941562869760,223200,217756,86625
720575941486087309,294544,154856,160740
720575941517118892,203856,116368,184410
720575941475375409,226960,143936,164295
720575941439292479,338632,155296,170190
720575941449857117,704532,219964,99135
720575941534293258,233664,228928,48285
720575941520009900,319364,212384,117360
720575941631273120,194140,177024,95400
720575941559535396,243456,247872,92610
720575941508788752,243788,180388,65655
720575941582776159,214980,151304,109980
720575941400138019,243444,156084,180630
720575941661846908,228796,203668,163575
720575941393543684,256568,133860,74385
720575941514705811,240296,231864,76320
720575941458675871,126356,139424,100260
720575941507937118,307996,133020,96075
720575941447706293,149400,158480,102240
720575941653311193,210272,186480,130725
720575941559689764,225060,112616,113310
720575941618486399,348464,200856,138870
720575941614191123,187372,183904,27045
720575941721421114,279488,190016,49635
720575941563217159,187456,189812,122670
720575941486101968,366548,116844,163485
720575941517218476,303248,166944,111060
720575941686930038,278484,220216,55440
720575941595993221,279112,189188,166095
720575941612950246,217008,206320,48240
720575941483231162,104048,215536,55710
720575941580628981,595544,123568,70920
720575941479380131,171812,96548,71325
720575941540408213,215424,92340,58590
720575941506472738,203456,236800,76500
720575941571145972,234512,118644,120375
720575941643182968,309900,188736,91080
720575941632233186,206636,148512,29475
720575941535811560,201360,115424,70605
720575941454950313,282248,183820,124335
720575941580502393,276628,156392,97425
720575941351388720,225200,115588,144090
720575941426101844,237204,109960,193275
720575941440405845,454336,145036,230310
720575941653263577,255488,107596,161415
720575941438325823,129008,148212,103455
720575941680759741,173624,100524,149355
720575941459287366,214556,225732,111555
720575941548220092,129088,125696,176535
720575941642778469,124492,197528,33615
720575941440974399,197288,141236,187020
720575941404982896,714580,236484,91800
720575941631830715,222352,196732,62235
720575941477096554,160396,131236,43605
720575941453154473,134168,206268,45630
720575941481544134,229028,207792,29790
720575941415729297,232476,184840,76185
720575941452413262,158212,128944,69480
720575941592138238,268964,207260,141120
720575941414288495,149916,150584,50040
720575941408488622,579772,137688,205155
720575941479761743,211832,148856,101070
720575941573579017,198780,144816,144585
720575941643238264,182788,103120,78030
720575941539138173,192048,163896,171405
720575941505420226,654144,102908,125730
720575941494709447,171144,109484,180450
720575941476896542,166628,152084,53505
720575941574687670,124676,207620,120060
720575941409659951,157472,121108,165015
720575941572999163,190688,162052,144990
720575941689263835,179188,112784,174690
720575941567788647,208840,172904,90855
720575941457700511,166864,199088,122715
720575941632571296,132484,194548,80550
720575941444332458,156528,166420,116415
720575941498302080,156032,103876,174870
720575941588233182,155508,214804,19935
720575941426332500,202980,157424,182025
720575941572919547,271880,208664,58050
720575941524243199,173832,176244,17280
720575941533781592,181236,107936,131895
720575941580214865,804912,192556,16425
720575941596552561,810376,190828,18315
720575941527544420,790016,130620,191160
720575941625723388,836984,85996,92430
720575941619039189,785692,101584,207495
720575941536190450,141276,157148,76410
720575941536732170,178924,133444,35460
720575941612211689,249540,185164,111780
720575941570327666,153132,111844,179370
720575941448368324,149168,94508,77085
720575941482095490,791900,170136,37125
720575941542959449,136996,193172,55845
720575941538167016,790784,133084,177975
720575941586702982,134832,124720,37665
720575941590024516,871624,174652,89100
720575941574014203,134396,115276,162765
720575941704703962,788748,121856,144315
720575941492778215,828352,64392,94635
720575941505216706,108304,161276,85905
720575941647052232,187220,89432,129420
720575941540220053,873156,127284,60165
720575941554430106,183476,206412,25380
720575941599050652,162396,89668,137025
720575941663394428,211000,103932,87885
720575941546615641,136228,158452,102735
720575941580385617,208784,137256,57555
720575941489569488,815008,200728,24795
720575941691529947,202400,90428,184680
720575941632878060,219708,101668,189180
720575941459759007,111156,157744,97020
720575941432547721,844864,101184,26010
720575941511771602,881812,74076,11025
720575941465372429,756660,187356,70650
720575941631290150,908772,90852,48150
720575941655684569,212856,117820,190125
720575941558387876,897460,86592,14175
720575941505317463,815132,84240,118890
720575941627162523,810568,102164,187335
720575941567575655,824216,104896,71730
720575941632661474,822096,115664,157725
720575941500847945,401636,118316,238365
720575941463764368,550332,649624,120015
720575941595237157,421440,921536,254970
720575941537701347,484252,370000,114705
720575941504354754,418032,617788,127350
720575941627244396,486812,675580,207180
720575941456506015,472588,261220,81315
720575941578746713,488028,370000,117270
720575941495775431,505140,271892,112050
720575941569405342,488032,251948,75285
720575941721640506,551200,216964,110475
720575941610332636,527868,781272,258705
720575941615440793,587424,116896,154710
720575941530471096,498288,370000,127980
720575941560414579,554224,620520,126405
720575941549063167,495916,370000,117765
720575941494817712,552008,140848,224055
720575941518969267,586784,191416,232425
720575941612811753,198208,110272,36720
720575941541547356,546120,85916,216090
720575941567427175,412860,169076,124830
720575941427621204,594476,573316,171765
720575941626042570,533096,188016,183015
720575941401795619,557104,615792,126405
720575941438093586,533676,143428,201195
720575941439551788,561664,143228,92880
720575941593800299,478496,181700,83385
720575941497597819,548196,154220,206145
720575941526246681,572916,181504,96930
720575941671236775,557468,163984,131085
720575941392817046,499824,257972,95445
720575941492532912,558164,125332,221040
720575941447120660,537868,168864,209475
720575941597557125,545424,72844,204300
720575941450253149,542740,128308,104625
720575941526948196,474172,150668,196200
720575941462603664,493860,260364,99450
720575941617774805,603848,203916,122445
720575941491409358,518688,116676,88740
720575941643117394,620608,176248,214200
720575941611023081,548856,179564,33885
720575941626089627,492492,104956,171990
720575941640743967,427032,142484,142650
720575941541689293,457616,109504,153045
720575941495885952,420052,134964,146250
720575941518435255,489864,602128,140805
720575941456025069,514576,129604,183375
720575941612270182,427064,129560,108900
720575941482124111,284192,128636,227115
720575941547612552,366632,123676,214515
720575941564353170,392252,174400,166815
720575941531739109,449372,249264,99540
720575941457947888,428208,151668,201555
720575941442944207,357924,186460,139005
720575941530522315,355964,125384,73395
720575941579662161,462580,111544,148635
720575941530926979,369776,204724,105660
720575941515782755,429436,216800,179505
720575941560645165,414588,154404,144765
720575941573444534,437444,811292,103860
720575941451114362,313444,108232,186435
720575941507065217,321764,125832,84015
720575941507931920,670024,576556,264195
720575941606209726,376164,902584,221355
720575941404847728,465248,148636,191295
720575941629859622,434016,175552,206145
720575941505555138,378860,992156,296595
720575941598601628,424000,133068,191565
720575941409824559,396416,168828,205200
720575941470931242,467204,770084,112770
720575941406987311,480060,247636,84285
720575941479664719,621536,625860,115470
720575941558432783,587356,141136,226485
720575941549602621,421324,246572,105525
720575941487218128,310596,114280,146790
720575941578636377,628740,178404,213030
720575941493405159,533996,204812,14220
720575941507491141,627584,119392,191430
720575941591036670,638432,118092,99990
720575941553975450,223600,185984,90675
720575941470596875,415352,912684,185805
720575941480185579,378748,992632,197145
720575941454833833,432296,216436,14535
720575941448315573,401544,936540,240750
720575941704199130,241324,135308,167535
720575941613478675,604588,71392,88245
720575941498128201,665764,608732,119250
720575941512584524,383132,871600,256455
720575941503614258,370644,1019528,212535
720575941670599345,598812,93112,71955
720575941628863526,442032,230244,47700
720575941460740672,570724,826020,168075
720575941432225550,511744,185624,42525
720575941539831282,446252,779120,137835
720575941577508953,582548,825660,162180
720575941530437579,451920,80384,140265
720575941574186895,542540,200204,32130
720575941611404461,526372,208568,10845
720575941583009913,552428,99412,78660
720575941465815126,431968,220956,32985
720575941472330359,662188,606300,118395
720575941406039408,431540,643924,101385
720575941481525122,176948,183360,146610
720575941478485866,402848,116480,239895
720575941669503665,544384,179264,220680
720575941549120116,446016,989120,233190
720575941541466972,444040,988364,233010
720575941461215302,428772,110520,203850
720575941503767019,569792,74456,201780
720575941602948086,652120,591736,115335
720575941696355290,404424,618720,180810
720575941659730456,297244,164460,187335
720575941509225506,301336,119964,202230
720575941672493479,332288,168960,227115
720575941392605956,429708,761708,101610
720575941432719608,675692,128860,189450
720575941524083447,338212,158688,98820
720575941566609255,296832,198464,189720
720575941474073440,268864,94592,96660
720575941652866069,674948,129668,208485
720575941538542312,848032,95652,24120
720575941528482306,878456,92068,130410
720575941618855381,748504,111268,55935
720575941536676184,882764,115232,30960
720575941520567980,736992,170708,145755
720575941522366643,736848,89632,119295
720575941458780912,539680,724656,147285
720575941413865583,412884,734468,139770
720575941443506127,402656,140072,74295
720575941505635890,812896,81872,125775
720575941631370220,428096,150896,144945
720575941487396304,117872,140596,61290
720575941499787131,755360,123376,109935
720575941555231571,132768,191184,24840
720575941588635460,132104,121064,130590
720575941535114883,122472,219448,59985
720575941528456473,157732,139076,167985
720575941553705471,714820,227936,108945
720575941644785864,227568,179892,103455
720575941512916433,438532,928968,263610
720575941463935501,302804,214136,155925
720575941443229391,115164,211940,97875
720575941559015406,493968,613952,90090
720575941440865231,431584,891564,171450
720575941576075446,473296,927780,217350
720575941474806068,535144,729560,252540
720575941518437486,567476,736672,204165
720575941412591275,500920,893968,247365
720575941666985905,437076,965376,257445
720575941551357467,532312,643572,170550
720575941450628218,485440,691328,196740
720575941504444354,450120,743480,179190
720575941584466527,453240,740528,169560
720575941411550319,475012,930604,223875
720575941496031561,494360,671784,195795
720575941562310407,462324,732580,159885
720575941496972450,535088,757900,211140
720575941470693643,412180,87668,174375
720575941645326280,508676,725116,169470
720575941477561568,490976,598680,141435
720575941557419246,497332,589824,88200
720575941450008391,538576,733264,268515
720575941631004908,524904,788228,205245
720575941599668777,608096,184596,202905
720575941440620379,530504,638192,232740
720575941557345295,395612,859916,227115
720575941447809812,393112,851512,213435
720575941476383540,457236,637680,90405
720575941537913749,574648,186404,234765
720575941352941360,459492,862216,207180
720575941553286535,564696,181608,205920
720575941547461921,562524,192012,211185
720575941516388755,369756,174300,206235
720575941548402868,129556,142168,56700
720575941496923520,160660,99956,129105
720575941481942211,205784,110068,84375
720575941625498267,420204,180912,224910
720575941461359174,125668,205748,72810
720575941478237492,659364,220788,127080
720575941576087478,785496,191008,108945
720575941504782530,818284,107752,40905
720575941441162837,842960,137036,83655
720575941555582874,789228,151096,105390
720575941477394993,728736,132268,62145
720575941565351314,667932,177968,132840
720575941531653323,713356,202248,145125
720575941598784668,768236,178144,59760
720575941515302097,770412,183940,14265
720575941579833689,756192,183372,16065
720575941590254404,381088,186244,209115
720575941482373827,801072,124652,144810
720575941463082436,221444,204612,52470
720575941439821356,263380,123392,165150
720575941570773242,724652,111900,189405
720575941596384625,692804,225824,81180
720575941607503981,287416,184452,122085
720575941536325386,754756,155688,183690
720575941499704738,131780,205812,78840
720575941592498942,767680,190936,99630
720575941440084780,795712,154816,172710
720575941530377400,780336,111572,182430
720575941523409143,827376,137688,139410
720575941473005579,752552,117244,64485
720575941645883809,815508,187620,93375
720575941535406258,781872,131896,115380
720575941484879357,767732,129004,108090
720575941565701895,788924,127924,35640
720575941664631420,771944,88384,168435
720575941458483437,849468,120000,104625
720575941550319933,814496,88508,127935
720575941590417975,728848,176992,157140
720575941537711370,755584,76388,150660
720575941512030736,821036,90260,89145
720575941566030178,785848,113824,88650
720575941566743559,876288,122536,10710
720575941583146105,189888,73088,147780
720575941506856357,161908,132072,150210
720575941548848564,731772,175020,42840
720575941473002507,684624,144816,132480
720575941509402497,815280,97340,141435
720575941476092202,728500,190936,118485
720575941575941007,678288,189592,163800
720575941612145994,786964,66424,85185
720575941441176511,649360,134172,245745
720575941497687751,689664,93504,124830
720575941523558391,722688,78464,180090
720575941508022551,700672,102400,218790
720575941553330687,731136,72320,156240
720575941455776563,670856,168840,163755
720575941440948447,587820,102484,75690
720575941430132216,478340,753996,106290
720575941520582360,731444,124996,152325
720575941565792914,796048,144976,168615
720575941597197169,461796,966364,217305
720575941529923275,450240,990272,229860
720575941633396384,827280,113120,115155
720575941611964646,411440,101720,219465
720575941585880927,410792,78124,96075
720575941548077940,217280,97504,189630
720575941689629935,157988,202668,65205
720575941462218128,139556,171960,115650
720575941564252672,767084,155428,83835
720575941441381327,152524,200156,108360
720575941473288288,153856,147384,119880
720575941623827964,129448,201168,114795
720575941431742423,125544,139404,114525
720575941508005541,114164,203184,30825
720575941559156772,174340,121796,98055
720575941514450252,690100,202048,119385
720575941560177523,854232,152532,25965
720575941594758181,133808,170452,79875
720575941480771663,142212,191332,57060
720575941558981028,711900,203956,135765
720575941613707366,880640,126720,103680
720575941691568603,784780,88308,101340
720575941478735134,817664,126780,159660
720575941499354337,718692,181328,180450
720575941456303411,859940,137180,45405
720575941580075345,705312,202292,156330
720575941686952175,600164,162724,193815
720575941534861505,482652,872148,293805
720575941414897041,461996,726780,254520
720575941592901416,417928,935248,262215
720575941572687247,454828,935856,253350
720575941543739653,557640,617884,146970
720575941571967389,400632,886564,219105
720575941533345923,399800,916464,197055
720575941557510771,628020,612120,157095
720575941574704649,444416,668224,141255
720575941461384774,360028,1007100,234090
720575941458475504,588648,182940,201060
720575941471706379,358564,180492,205200
720575941604997997,458552,711644,245790
720575941583692127,595524,181808,201735
720575941429067512,606608,199404,210060
720575941501961410,482560,760492,234360
720575941587113527,456496,619252,192150
720575941503644581,505180,615164,145890
720575941733568811,853380,115500,107190
720575941612645340,386336,200480,206370
720575941537073418,681276,221304,124560
720575941566366774,714268,232160,109755
720575941616589977,767180,115808,151380
720575941491615029,739032,161952,134685
720575941528137986,131828,213752,57510
720575941490817228,752512,148656,46125
720575941514898508,753308,143904,138465
720575941476950833,600436,199200,220320
720575941527894274,749848,217280,32535
720575941449376605,580540,196064,194850
720575941625267964,792984,189672,110565
720575941505347159,774080,99104,195345
720575941484744134,768676,115720,68760
720575941537708737,692048,205468,65520
720575941482351183,148948,148812,113580
720575941656408020,655536,173648,168570
720575941509894494,748088,99548,158850
720575941572881310,807004,176228,105345
720575941501247138,831000,85268,124560
720575941506124226,752736,136044,63900
720575941472807031,849404,102808,35775
720575941449028372,817312,136496,155025
720575941570222074,868684,170284,94005
720575941615549715,732144,172268,141435
720575941535645362,835008,76928,128295
720575941553149951,895488,119552,81225
720575941528072013,689652,244208,65655
720575941654475025,857000,113020,88470
720575941481678722,153264,101860,140175
720575941550326845,803932,121036,14580
720575941670722481,852792,99476,152190
720575941704540634,784440,106008,85545
720575941631116070,787040,146904,28530
720575941482363983,750420,160864,85635
720575941501032354,728100,191532,124605
720575941561188879,867136,106488,71820
720575941471179997,761688,130756,53460
720575941546096645,765612,144500,158265
720575941590919223,774284,92064,167040
720575941553413375,729728,177304,136665
720575941577631080,873720,103180,115200
720575941516920154,750596,141992,163125
720575941454730409,749536,194376,154350
720575941394264836,869172,124960,26865
720575941592456588,777612,145908,132885
720575941567952182,718572,104428,157905
720575941681611709,878948,95240,7920
720575941461689158,892548,98396,35415
720575941564452008,843928,138972,54315
720575941656723668,823224,129056,152775
720575941583090297,826688,166568,25065
720575941621318271,309896,162416,144720
720575941613445734,581012,72588,89325
720575941644793957,618944,224320,159030
720575941085087451,732436,100624,112410
720575941591283767,602524,115900,69075
720575941448559285,835568,124944,14670
720575941509954064,116696,153820,105435
720575941559131251,246960,195748,64350
720575941487812560,572640,154400,149040
720575941622118085,843820,74004,87165
720575941525240395,856288,102668,137340
720575941562552365,293444,161868,197055
720575941563088941,790124,120412,187650
720575941663251068,260308,210356,57105
720575941531571640,765744,105932,205155
720575941611268828,686068,187480,110655
720575941510392848,182440,109272,150705
720575941481826178,206656,80640,180900
720575941537859555,290384,176468,186210
720575941651954705,240964,116768,75420
720575941458825200,195332,214564,110430
720575941437743839,230472,102536,98100
720575941543037725,559732,117496,162720
720575941517163923,648944,185100,100170
720575941614363868,673068,174040,117585
720575941538648957,196936,96600,184725
720575941430680239,144928,173832,57780
720575941590306344,477120,713024,111060
720575941546193288,759064,135228,134145
720575941547880820,197732,171908,44055
720575941667870385,797132,170360,104850
720575941498984777,573176,834804,166770
720575941566569063,315612,202696,133605
720575941553993278,245096,75360,194355
720575941391511446,233488,95476,179460
720575941554766490,216956,146072,63090
720575941536264730,120672,209292,65925
720575941450991797,237140,70248,114165
720575941473547840,304516,197288,94455
720575941627856422,214832,158024,187065
720575941553770323,240192,157024,189855
720575941634391456,128568,206632,89010
720575941490700341,296124,170328,175635
720575941451027125,144716,226396,65205
720575941546400648,259788,181388,61110
720575941598304192,161504,210236,81315
720575941544369852,222544,217296,45270
720575941547988541,233280,186696,64755
720575941507111458,180352,228352,81405
720575941668717223,429184,893696,254340
720575941602200566,239544,142260,180720
720575941593564197,247048,139788,181035
720575941512480977,203452,157760,102780
720575941493183719,265168,181732,56340
720575941626386489,212340,136736,196065
720575941500283873,706228,164312,161460
720575941527389094,188980,192372,104715
720575941514770681,185528,181268,131445
720575941478702560,255756,217056,103140
720575941448202589,256492,99844,153585
720575941574412726,249088,213620,134235
720575941517763731,321356,176840,154215
720575941533076714,161924,156012,100980
720575941594469995,650736,137596,131715
720575941582703993,617276,120820,155250
720575941614588124,129892,128992,123615
720575941522762935,215604,213776,139545
720575941440009051,262224,103232,181260
720575941428748681,304920,206168,160740
720575941469872247,201564,191968,23400
720575941571111794,247100,231288,112365
720575941627754022,173604,216416,72765
720575941431801815,236120,235904,119475
720575941443235242,324236,201404,110115
720575941412579729,216636,96244,103635
720575941575464118,292076,174668,98910
720575941460165279,140604,164836,57735
720575941400071459,197656,111040,154215
720575941680532669,119536,127112,61650
720575941434349326,190848,159380,21555
720575941631185093,193472,114788,79200
720575941521201880,235712,147312,87570
720575941534816538,236116,159912,170010
720575941565300583,213296,163480,155835
720575941545628596,210268,170152,30825
720575941484867581,303752,203248,120645
720575941403016995,148268,157616,137340
720575941460534995,133672,140848,84780
720575941473983274,96768,138496,68985
720575941553527041,301272,167184,125190
720575941536032232,701204,161424,98010
720575941454204999,189612,209476,39690
720575941535029379,670408,167044,131715
720575941544875452,186328,140660,114840
720575941626576953,199972,217000,58635
720575941633231291,182764,194288,78750
720575941732374059,167536,139972,159930
720575941611849948,161864,125392,69525
720575941657316120,196364,169968,100080
720575941613050342,208424,162524,96615
720575941490373863,181536,176896,28485
720575941564757863,155532,204452,139545
720575941472428663,135936,143896,178290
720575941575801083,160332,113876,84510
720575941642744146,169708,111884,63225
720575941534354610,675272,205120,136845
720575941689685516,203164,162256,184635
720575941533784754,222960,156564,194085
720575941553496455,187796,117848,124155
720575941517843546,138284,156220,79785
720575941639222559,208164,168756,115020
720575941573349533,215684,158528,135495
720575941500710283,227336,181880,79335
720575941512543308,204068,173656,116370
720575941503242123,266644,130700,153810
720575941484388861,121204,183676,36405
720575941488646352,187412,118084,182205
720575941467757654,772312,199196,62955
720575941526795289,122392,159180,146430
720575941654509841,751924,188124,62910
720575941580583761,153884,148240,184140
720575941580676853,143228,150668,151560
720575941585187423,189372,171508,16425
720575941597680517,732912,181408,77220
720575941492690124,834068,87796,114570
720575941403084323,836512,119272,58725
720575941504270679,815396,127972,179145
720575941459781023,125616,165360,150615
720575941555431066,258936,96376,189855
720575941596506757,116472,217600,95985
720575941546577241,123500,184604,83025
720575941624150218,201656,90720,118125
720575941604555766,126904,149384,167850
720575941630331942,256368,90824,186120
720575941508989534,175580,162780,19755
720575941612804966,124288,113072,56925
720575941487821965,846920,68224,129375
720575941476353339,816772,74244,104805
720575941484704509,924168,73260,37665
720575941652523285,154300,104568,60435
720575941538620392,833620,135652,101340
720575941608738669,789588,80672,77490
720575941454040391,711148,187568,66465
720575941498614859,807848,89036,76725
720575941534550403,252604,179744,63135
720575941555944493,876832,91144,109350
720575941540799637,119440,142212,134730
720575941514357201,147924,85012,99135
720575941484910278,289936,155284,147960
720575941505642546,766452,109184,187785
720575941625038332,516052,649360,100800
720575941624214780,485592,832136,207450
720575941586445534,546916,616876,170280
720575941479604643,485436,370000,124470
720575941433110369,433428,87436,110295
720575941491895271,616528,183092,145440
720575941584007775,552988,193096,220770
720575941537542376,542504,616184,140310
720575941558298660,559412,657872,127350
720575941480942499,503852,370000,131985
720575941652750321,587224,80276,116865
720575941532990642,607104,217024,159885
720575941515346778,649104,162608,127035
720575941515533667,571196,80956,133020
720575941573158302,508808,212596,178110
720575941520057783,573020,573944,145710
720575941545891772,519456,194444,107460
720575941456024304,575836,571772,162675
720575941631237090,444288,83832,232605
720575941407975471,453728,214216,117450
720575941604639934,523712,741548,174870
720575941644417912,558960,169600,206100
720575941488656332,398908,981036,276255
720575941535209906,410224,169536,123660
720575941478653802,535832,186996,178875
720575941587790558,535896,218824,190485
720575941536212970,545180,132688,227115
720575941502815211,421300,91256,180990
720575941352470576,373172,165768,131805
720575941629774374,540504,186512,192060
720575941607017581,546924,226688,168615
720575941611462121,402752,98016,134595
720575941564454498,435120,156720,183060
720575941450683061,546656,100768,183690
720575941651202837,555764,182724,143100
720575941663480632,561296,180640,200835
720575941496309888,590420,130948,185670
720575941447991828,555044,105848,172170
720575941504616471,555200,197708,184005
720575941574339400,627720,197752,146790
720575941628354598,587204,174392,133920
720575941475866666,571656,129004,128430
720575941612353811,504276,97464,157230
720575941575819880,576436,90584,115515
720575941629786918,526772,126180,132840
720575941437061695,515444,126360,177435
720575941594037105,393072,191780,97695
720575941565723799,392092,201424,37800
720575941511450577,452376,174360,210780
720575941594661671,432044,57560,180315
720575941493537712,335564,125528,94095
720575941633001964,295636,77916,153180
720575941520213932,343496,107700,117315
720575941499167817,320344,129424,120150
720575941509097054,344252,103708,168930
720575941474703665,347468,90488,207720
720575941703359706,392432,107680,228780
720575941641606757,450600,276224,102825
720575941612045997,305212,115584,194490
720575941586674142,394448,180608,72675
720575941515956067,330020,187084,115560
720575941542184477,348884,957484,277965
720575941540589693,299548,142840,228285
720575941454798505,358192,174248,112050
720575941689695094,700396,222308,159255
720575941462816656,439320,124336,147825
720575941633159621,657500,126760,95265
720575941645099640,440472,211408,179820
720575941625549211,398496,897904,200250
720575941483835133,292976,135208,120690
720575941431359736,457720,180808,204300
720575941500838306,329304,137876,84735
720575941657471824,501820,154852,189720
720575941430991831,142944,147196,124155
720575941506516037,712228,128704,154890
720575941470721035,419532,242400,114840
720575941595769381,375036,951000,235755
720575941527952228,425480,133996,208170
720575941612083942,674140,86616,150120
720575941573091080,355996,972476,252225
720575941482069133,543724,94712,143685
720575941509584257,438048,187964,220320
720575941585022598,436168,630072,52785
720575941413384849,539760,735364,161460
720575941392874902,605472,131988,167535
720575941596309799,611980,129664,168345
720575941431097737,445860,227588,90855
720575941610427722,509800,172524,157185
720575941451531642,430364,216052,17280
720575941562201901,338092,1009072,295110
720575941631109868,436828,231376,69075
720575941561001966,582088,117152,213885
720575941575613853,607792,156588,249840
720575941545233513,634532,149844,109890
720575941554625363,593992,68268,87975
720575941639513631,446036,994356,230805
720575941689063151,389848,958068,231435
720575941544963333,598168,73040,85635
720575941497798784,594132,83860,77445
720575941462980916,573220,825868,168345
720575941471740458,476544,738960,139410
720575941592182635,179776,185088,176895
720575941625913994,439688,820136,105615
720575941498654587,412760,76036,83295
720575941493812656,409784,82712,83340
720575941504976956,436320,219928,20205
720575941594293031,450020,990140,230355
720575941479376096,439668,932252,209565
720575941625200236,624980,649228,142380
720575941560379118,554912,150544,7380
720575941490730702,497396,146640,255015
720575941441805775,525364,211584,22275
720575941595480689,341280,962980,280260
720575941506003479,451024,651520,122130
720575941460352467,435528,921168,172485
720575941502024587,350276,632352,217440
720575941490792654,656156,593072,116235
720575941659777048,613696,79424,183465
720575941470228491,716116,122612,140175
720575941569139758,477376,138752,253350
720575941531171531,262784,78528,181440
720575941664639612,524816,76688,215685
720575941478512692,669308,113080,179190
720575941682002621,602312,133752,176850
720575941565110674,705344,80960,165420
720575941426483796,197916,152208,37575
720575941606222782,680152,125320,206010
720575941616620185,169148,154328,94050
720575941616649113,848688,111868,6660
720575941590088503,570880,152960,151650
720575941576741263,796408,114764,90495
720575941660097360,735904,161136,45360
720575941536146866,663104,175856,88695
720575941587242118,777280,230656,49410
720575941406364016,883752,95772,32805
720575941440832223,162284,211748,83700
720575941559483118,138528,178788,53550
720575941454158407,138188,181380,80685
720575941480267370,727168,133308,58905
720575941393098134,145336,153968,49050
720575941561301775,158704,83952,66330
720575941669823475,690124,146600,120240
720575941611947622,120368,189468,99990
720575941471314699,782084,163600,100440
720575941486199106,822196,116752,78705
720575941595695911,727032,97444,105570
720575941500162121,840680,140476,15300
720575941680876989,739648,155564,155025
720575941539667186,772756,147552,90630
720575941471944567,141016,111576,127350
720575941507794085,872500,156696,102195
720575941438445631,374244,149304,189630
720575941484388870,361856,220800,106920
720575941452847226,852440,165556,83790
720575941478385743,534580,593040,85500
720575941474355242,422680,922108,256905
720575941592869928,519460,871848,277830
720575941642681761,435580,974872,256680
720575941521516107,485296,817980,205425
720575941667138225,447360,719664,135180
720575941572465566,430504,952444,274545
720575941478397802,588980,669520,231885
720575941526505092,555860,778644,157995
720575941473850720,525516,619028,202005
720575941496638592,458656,599852,161955
720575941610031434,544272,783616,238050
720575941507596673,397792,170528,211140
720575941591285900,458836,714624,108360
720575941601266678,514036,633800,213705
720575941583186566,498756,632056,173835
720575941639781663,606400,196896,224325
720575941503095019,365956,172692,210960
720575941499233097,599748,173848,235215
720575941505978497,400216,963164,287775
720575941610493404,463324,760252,228645
720575941403864432,483400,645496,75600
720575941614629139,601248,176156,211095
720575941429623544,609712,597708,151830
720575941413262481,465800,690744,174960
720575941652059353,461096,618064,134235
720575941513695441,516832,734720,147600
720575941411196075,444336,730152,180405
720575941533631770,490948,616920,208665
720575941573044808,451452,823260,211680
720575941597732741,722016,166240,186795
720575941669396979,805536,102748,139410
720575941505977026,823776,155820,140040
720575941579198585,478296,677724,180450
720575941439780187,213944,150136,114930
720575941518672044,859140,180848,43155
720575941441924443,803312,154660,20250
720575941607467885,220576,188868,42975
720575941462916292,259624,107600,155610
720575941591002935,198536,86932,123885
720575941731789611,604716,176480,213210
720575941484250042,126032,131944,52245
720575941462734276,802612,97196,103500
720575941463093648,754152,121212,124515
720575941550405492,708408,126968,114660
720575941484684998,839008,204672,44550
720575941586897374,771484,135484,100755
720575941416082580,775804,156716,40275
720575941528233828,734964,146756,195075
720575941672405159,836584,194704,38115
720575941500490057,824696,64256,140040
720575941491374540,150956,88368,93420
720575941505331543,895156,73464,18720
720575941597663877,745816,138096,160695
720575941530440120,811284,112328,145395
720575941461406278,783004,140840,60885
720575941478161985,752756,147628,64350
720575941614635228,799840,97244,154710
720575941551200116,800740,122080,76680
720575941615319260,755856,131360,147960
720575941581327861,657984,202304,67815
720575941528229220,733860,131256,88020
720575941415612564,734136,205716,79380
720575941595884069,770468,165744,76590
720575941518182803,732020,182336,123750
720575941500191305,775496,152068,146340
720575941497710464,729848,88700,115650
720575941478282036,826908,122188,148500
720575941688714735,750084,177300,68805
720575941576227997,675492,175368,111240
720575941475943466,758004,125900,186615
720575941555419546,776364,219164,39510
720575941613730477,805304,107528,67140
720575941476088874,799208,184500,73485
720575941432259832,798528,174492,75915
720575941498233984,776068,224644,72360
720575941626998986,727820,158072,189810
720575941632380101,607940,77988,66330
720575941482684930,590340,75372,82260
720575941548491297,656908,613264,117675
720575941589894142,403168,622184,172935
720575941568705394,438228,220812,50535
720575941551185267,588872,824724,170955
720575941651871253,438388,220904,20880
720575941571551902,527644,216560,25020
720575941432116238,419292,822376,97695
720575941518227416,428956,919564,308430
720575941481638851,392272,130812,63720
720575941596425841,648516,129344,206055
720575941663805052,647016,170984,150615
720575941528252674,700220,120636,73935
720575941354219312,142408,193544,40770
720575941443298511,741328,92872,85590
720575941444718250,893668,91764,81810
720575941482736207,868140,100888,67860
720575941689928822,428536,798756,229860
720575941494679216,424816,70584,84060
720575941534788995,431156,71496,81585
720575941587875806,444564,53016,115605
720575941613425510,817360,68136,115830
720575941518218643,172076,216008,38655
720575941522646711,829720,101840,133875
720575941632289477,657936,162596,160290
720575941453009991,623544,127200,230985
720575941607427949,717968,123904,104400
720575941481352899,154516,143720,96030
720575941554056858,135824,163808,36315
720575941564849671,148112,214780,57960
720575941470417117,118824,168376,145665
720575941581333881,139240,162104,144675
720575941644697208,114232,202444,56160
720575941449336852,749108,104424,122715
720575941431913175,311560,190804,101385
720575941509925470,782836,143464,123615
720575941453512314,790216,179472,34830
720575941548979336,782828,212984,80730
720575941570311418,826000,119852,87795
720575941441786197,844400,183328,80370
720575941471206775,724696,110664,177165
720575941507235422,420004,866412,191700
720575941549839166,435996,895288,235755
720575941610763082,142532,146324,158805
720575941625372985,500196,818728,193320
720575941570823752,499868,714568,201555
720575941442385834,558284,634688,148410
720575941583317894,439680,976192,239085
720575941524093540,469580,694436,202410
720575941431072137,558608,643780,230085
720575941479040591,549544,618916,151560
720575941564218631,378372,951692,258885
720575941488512974,397972,945456,228330
720575941474319419,473920,713436,104850
720575941392658582,461848,803964,214605
720575941445299732,603980,626172,173835
720575941730009643,508848,657732,150750
720575941449911879,519528,640448,119070
720575941512795089,484960,708392,153090
720575941495221374,359860,184048,231660
720575941505936001,585276,632420,126540
720575941552510465,468568,730096,137970
720575941449005149,447512,641148,156960
720575941475788906,373972,988360,236745
720575941480432582,385860,856584,238410
720575941491506997,560692,664008,145035
720575941577395801,592888,111060,170865
720575941612963942,360012,169516,239310
720575941594918513,418468,185676,225900
720575941495634816,492272,651900,180855
720575941469657408,420340,698772,213885
720575941631157408,464428,829756,208170
720575941585435358,350208,147344,247680
720575941569551860,355412,182788,207450
720575941590867819,497196,741268,144450
720575941514909649,115480,219980,50940
720575941570561650,762304,127040,29250
720575941688490870,797564,178604,85815
720575941574352783,577084,205524,199845
720575941520864110,864564,132596,65385
720575941432944888,242460,113140,184140
720575941644263781,860548,150268,55395
720575941557280484,688012,150696,136530
720575941522589367,740528,75492,115110
720575941556828929,726440,198504,108585
720575941505494103,800976,138380,149220
720575941540503957,785464,167376,112905
720575941503348619,831072,172400,43695
720575941604711097,796584,100740,161370
720575941487385741,764124,85324,142605
720575941589597252,759940,236816,65295
720575941532687563,848044,101992,75105
720575941634712224,907904,111744,61245
720575941507811863,751940,121120,129690
720575941482294435,779732,94368,196560
720575941538851299,771972,225464,53865
720575941432040841,707072,118848,192150
720575941539550101,745380,80968,144405
720575941626971082,760632,59616,132210
720575941573810760,779648,110464,185445
720575941491826377,742208,110144,120330
720575941600172224,838588,100100,98595
720575941579449689,825360,130768,35505
720575941627487899,119820,109324,94590
720575941528128612,785544,155844,104040
720575941464936461,740536,186492,36135
720575941551428157,743228,85868,115155
720575941651905045,184316,223868,100395
720575941415416721,776680,99796,140445
720575941501292962,764352,109732,155250
720575941599510428,770068,202440,51075
720575941629773369,197428,137232,88425
720575941621841349,750464,110512,65880
720575941524588279,594684,72172,93915
720575941501593762,550020,147228,11745
720575941451518557,842640,99988,80235
720575941472730743,809100,141880,90585
720575941595058134,301920,103808,200295
720575941547825852,800792,91724,142245
720575941537009386,819112,138312,120375
720575941597365105,842108,132136,24840
720575941615714323,865320,87232,137835
720575941483946179,811028,101420,139365
720575941505566039,907932,62368,22995
720575941528101220,817312,121792,46395
720575941531560120,794484,111396,148140
720575941469187862,238096,103216,191475
720575941593349415,195200,176116,89730
720575941537149938,167668,190484,130905
720575941581329785,661020,180836,109395
720575941479513423,252228,210368,46890
720575941432389079,710264,160516,107190
720575941724876346,697504,171972,68220
720575941480146083,669692,233508,88560
720575941521109870,647316,204812,112635
720575941502395586,639972,208104,124650
720575941458597702,203856,104408,93285
720575941509209042,798512,89404,137430
720575941545367732,740068,156024,154575
720575941525907110,729144,196104,108855
720575941651666193,783976,109980,133110
720575941479014465,183816,187228,50400
720575941481144288,866972,144880,77760
720575941500533833,643000,203080,126090
720575941540951325,279412,239360,75825
720575941506665250,233236,89616,171990
720575941492350896,357508,178420,210915
720575941508251671,175856,168640,182115
720575941439377343,225448,153524,156780
720575941436498574,182516,189184,71865
720575941474670641,300828,191828,145710
720575941506583646,257708,129672,172620
720575941472002912,219584,151112,172305
720575941574705000,225476,150668,173655
720575941525438283,190016,217728,130995
720575941460406431,242128,78488,146250
720575941701367258,253436,126216,147600
720575941453103667,217824,89596,144450
720575941498235771,172312,203012,46260
720575941562195346,231508,88760,152460
720575941514062426,254064,92296,134235
720575941596867623,615476,116540,211230
720575941450361422,238924,210604,47205
720575941412819604,232548,135488,156600
720575941624538988,255476,124884,92880
720575941661599356,210540,197284,81495
720575941446777770,234912,182496,32895
720575941559624493,202916,108776,197145
720575941484757570,282140,150180,157410
720575941431351566,212996,102452,94365
720575941596546204,229344,192272,63855
720575941469402231,237952,133044,138915
720575941627165642,315136,198656,70245
720575941495041920,198904,116200,126720
720575941505838149,246208,211008,131940
720575941668463091,274168,202952,102825
720575941485237645,210728,146368,85320
720575941430323809,182336,190752,149175
720575941475394865,252776,212380,61920
720575941653313041,352508,210656,145575
720575941447978933,261288,130652,176670
720575941590411774,292700,221272,113400
720575941592949974,144644,177488,98055
720575941646681720,196180,173800,90720
720575941484651661,283644,210572,163440
720575941513814083,230632,199776,113310
720575941476743274,270088,202716,163800
720575941506391602,139956,136548,143190
720575941491237836,304344,208008,74160
720575941475566688,146028,174600,87165
720575941458145606,304920,180128,83295
720575941467833309,262892,234672,130545
720575941483970755,304712,186144,113850
720575941566395655,250428,166728,72720
720575941508054878,181208,171188,152145
720575941544452457,208588,197360,64935
720575941537501978,286228,169324,121185
720575941627973926,294656,213888,54225
720575941540304533,319392,204868,118350
720575941574874013,635992,178940,171405
720575941654273753,710364,170636,146790
720575941507047740,249788,108456,118215
720575941581063289,415692,168792,143505
720575941462074381,215656,104096,96345
720575941469889245,566616,82840,213705
720575941546486964,291820,218080,109080
720575941624652396,659456,236224,66105
720575941618808533,697852,166160,74025
720575941498259328,656480,169120,146970
720575941627363436,136836,178252,134145
720575941578229237,140500,143044,136080
720575941457434096,142436,105536,160875
720575941560218483,172184,191724,40545
720575941448667229,132532,145560,78390
720575941533687530,165912,141348,77355
720575941594205224,204432,143444,74655
720575941567464758,215288,156792,120690
720575941483458490,581352,81268,122715
720575941611854812,167016,139344,65385
720575941446754474,157196,152036,40005
720575941532820427,191712,142160,72540
720575941525512269,171044,151184,21645
720575941478200372,426116,84484,191025
720575941476290090,804464,161348,101655
720575941524709111,195928,120392,63495
720575941578311249,221080,173332,137835
720575941689335515,151700,103304,70200
720575941552349246,173632,145024,14850
720575941482134435,151644,183552,46710
720575941477145706,206336,112124,76320
720575941572998153,227080,180460,142920
720575941515978489,696180,134308,161685
720575941438077759,211740,161084,99540
720575941652317969,148060,230488,89325
720575941525486594,253440,194956,58680
720575941628359462,242604,161796,181530
720575941493935998,184572,187748,85005
720575941429229304,240596,207192,111375
720575941515392915,153828,214396,32355
720575941480860384,107696,188280,98595
720575941394480388,115996,115280,153225
720575941663793208,738968,126748,149670
720575941538859235,902592,118784,23895
720575941481931087,132168,131732,62460
720575941484444413,194560,170932,29295
720575941527461732,123924,117064,102645
720575941527584025,171508,168208,26460
720575941580741877,810480,148272,33795
720575941570994682,832580,138584,71775
720575941492000972,122660,143124,107325
720575941493202864,179808,122304,44730
720575941573102601,248452,95336,117720
720575941575333533,144228,187268,16200
720575941552781567,153972,102352,116550
720575941506101042,849900,117024,47205
720575941580155985,784836,90516,138960
720575941688232175,818684,93600,149445
720575941524527863,239640,145872,42570
720575941595073829,141916,112700,54090
720575941457310960,145780,190520,17235
720575941618759893,747816,166432,117945
720575941597097861,104604,191688,94725
720575941566281623,181304,204588,15255
720575941564750504,832228,166060,111825
720575941546590809,106708,197728,81765
720575941618950101,129836,97372,66600
720575941506114620,244728,84876,179145
720575941604645110,215800,75668,141165
720575941416522524,181128,132684,35550
720575941541357666,220268,154256,27900
720575941633807264,232404,117340,85410
720575941654430225,198160,193056,14490
720575941559392804,852536,192500,29160
720575941646461640,884872,124076,70380
720575941527722596,815548,99152,139590
720575941510306064,167648,140148,28125
720575941511435792,190808,91736,165960
720575941522505655,832736,170940,64935
720575941530791044,272172,119068,102105
720575941562128755,205504,84844,154260
720575941724935226,344228,173280,207990
720575941626370459,750064,69996,129825
720575941522076087,513656,742952,201375
720575941558381860,419952,130404,168075
720575941614190099,523900,202820,166410
720575941517213177,430980,278688,107865
720575941472826976,462400,370000,129915
720575941546194364,386804,196488,93735
720575941464978710,464412,370000,125730
720575941541384061,536560,239568,117585
720575941668397735,470768,370000,119655
720575941492419504,524016,729628,171090
720575941624879468,247176,198864,157320
720575941498554235,452280,185600,133740
720575941524563021,564360,118580,108900
720575941516910682,508880,43160,186390
720575941573659550,535300,184480,146700
720575941464627469,540008,146964,224280
720575941464187734,613208,562244,154980
720575941438961499,572688,574576,157275
720575941565266183,513536,148172,166725
720575941484625661,493308,151544,203940
720575941534746856,610988,584244,177885
720575941450053813,517208,80756,242370
720575941412858223,503696,110628,127800
720575941535510282,456092,195952,195390
720575941598252224,553252,144368,205425
720575941572290568,511308,153428,175410
720575941481139023,542736,202560,88875
720575941586001630,532880,190244,194085
720575941393175190,528768,149824,252855
720575941554151066,528064,104656,226845
720575941352236336,539776,193128,101205
720575941492158414,548868,141416,22005
720575941623920586,376280,908864,218610
720575941432557838,619776,154964,79110
720575941447737166,620224,558052,128295
720575941580968785,362516,125268,165510
720575941687227119,594644,137320,214110
720575941624138634,488424,146504,162630
720575941431373999,349152,135488,189585
720575941639142261,595228,191904,126765
720575941704136410,412996,153152,222300
720575941629463010,324664,150020,144315
720575941468437590,532788,243376,94230
720575941598148032,370980,135680,165150
720575941690138520,335448,175392,204615
720575941487674630,293940,139772,208890
720575941576808296,674708,108600,106200
720575941495589499,395956,983048,295290
720575941646041800,480264,110424,173835
720575941440565183,407532,199152,83205
720575941565718167,524016,129488,253305
720575941574697871,331328,145608,150300
720575941646250184,425588,200720,162630
720575941613888921,426432,236460,149175
720575941470826251,377852,204816,119970
720575941644271186,450916,126572,83205
720575941459752944,399364,103520,172260
720575941723290426,485008,70856,160290
720575941628720610,465748,146540,43155
720575941449306717,471604,207928,36855
720575941459671440,385404,634712,211860
720575941547144328,414328,184660,182520
720575941447704413,643232,601468,253035
720575941566823319,670012,576828,248985
720575941540477426,670024,575196,262080
720575941569548402,416564,656580,214965
720575941557563108,404976,189752,159165
720575941558109860,348872,956392,278370
720575941542366469,381356,636416,213345
720575941589878839,359316,636140,215955
720575941561523858,440204,182516,218385
720575941692147419,429300,119252,222750
720575941690141080,461120,277312,76725
720575941603095481,321060,160040,173565
720575941615417497,327820,124668,238995
720575941460857232,474580,964736,239850
720575941491273781,687392,163912,123255
720575941469642615,535824,112768,175185
720575941574270217,684912,95180,107730
720575941575316918,631864,152152,252810
720575941526759096,501396,656636,93645
720575941483983814,659524,112408,110565
720575941563170984,646952,600320,147330
720575941533106405,585220,198768,127800
720575941662050616,578336,152732,93060
720575941470426432,379696,1002288,242325
720575941599060672,532004,232880,117225
720575941487146050,393060,993260,232650
720575941689922316,663748,92508,163080
720575941527381250,453320,962068,239625
720575941597677957,565468,139500,231300
720575940801211112,445668,989644,237285
720575941537022401,483816,152000,255015
720575941723326778,658060,85056,117360
720575941679830717,507384,173436,55530
720575941506647205,419324,149328,4230
720575941505277500,435540,218092,18495
720575941731743787,438580,890296,191790
720575941564877319,188364,140564,147195
720575941590455180,524192,217428,22725
720575941432255502,363372,1012128,290205
720575941583573599,440720,617264,80190
720575941574262536,526468,217892,24480
720575941534696835,579024,827516,176355
720575941394780822,416044,67940,85455
720575941504707010,415224,69976,84780
720575941560437805,370624,1019532,217125
720575941485450893,414100,958076,208260
720575941579997886,526260,216524,24030
720575941613370131,659412,609820,117990
720575941508171031,658540,598756,117090
720575941500320225,586412,825288,164205
720575941588758405,673112,606440,105120
720575941560600744,614460,648708,278055
720575941527025318,581652,77656,78705
720575941573647773,405388,620992,171540
720575941538187925,440640,921308,226935
720575941537552154,653208,128660,105930
720575941565705526,566520,111948,151470
720575941644312776,401564,621164,177435
720575941604179646,432008,217748,18720
720575941438422290,493220,629544,71100
720575941489564873,236260,127936,155925
720575941417530652,623784,131508,227475
720575941515577667,510076,697476,257580
720575941583981445,596400,654144,151020
720575941587022558,435680,112004,70155
720575941432409592,845104,73048,141615
720575941500636129,243268,147460,30510
720575941595137131,881028,123128,72990
720575941553912638,838592,63052,121500
720575941561594739,763444,149112,86625
720575941576020637,125660,214548,19575
720575941482102947,837668,80416,101970
720575941537509386,878400,94148,61425
720575941505858866,853592,109340,92970
720575941688688652,350496,159296,118260
720575941413805204,565104,158096,150615
720575941559628270,193928,201872,80910
720575941574034077,160148,136928,86895
720575941687357679,137260,186384,37125
720575941551998782,140300,109540,129870
720575941478087530,134944,196932,115245
720575941473091392,140380,223172,69840
720575941530870987,672244,220668,65295
720575941440365791,143948,150604,170730
720575941565600310,129108,142228,92205
720575941564359936,122660,130128,112365
720575941542122957,696856,133172,134730
720575941487524237,764544,98812,158355
720575941508058206,151960,224432,43380
720575941629772857,171672,228488,56835
720575941632732101,755956,182780,119520
720575941484838330,755280,135128,141300
720575941568848430,816732,179396,12645
720575941671261863,796492,97624,137835
720575941608751213,816200,181468,25380
720575941503706818,390316,202384,209880
720575941612790035,483720,875448,233505
720575941614247443,468008,934412,234000
720575941565392430,368704,928296,206415
720575941609422822,462592,630316,225315
720575941511168588,429240,854224,192735
720575941723242042,520292,695344,230985
720575941549386239,536140,711104,221985
720575941687026415,619024,608044,149445
720575941610069094,535220,639572,151785
720575941406224046,403200,183084,206460
720575941577571417,378256,163908,202230
720575941390280452,563756,777684,200745
720575941631975621,564848,650056,191700
720575941488156361,521056,674788,240750
720575941553254023,605824,176352,220905
720575941408322990,397784,986520,256365
720575941578939729,583116,202564,196200
720575941480151426,577552,204440,198405
720575941430442766,396316,846316,233955
720575941612059100,597236,191192,201960
720575941485514562,554376,60140,175185
720575941561870592,462308,758364,221265
720575941407795118,535288,668128,238680
720575941505766962,166852,89900,56385
720575941566245474,223648,127088,187020
720575941547346876,850220,157552,92250
720575941443285455,801400,134624,28080
720575941555309825,757408,69324,113625
720575941484823037,707256,211868,153810
720575941554000667,276908,230700,96660
720575941520555692,693188,217664,141615
720575941612964841,732928,148428,41895
720575941557371987,270208,238844,74835
720575941564497810,743260,101268,81855
720575941441185365,751460,183076,34380
720575941516885859,767572,82920,123750
720575941567376438,141504,135880,75330
720575941600897577,875832,142260,97245
720575941690238070,809976,213240,71685
720575941439980255,719684,193068,132885
720575941724329786,728660,227548,62100
720575941592387980,752232,208864,43200
720575941485158074,790612,174160,27090
720575941405564528,864304,114140,34290
720575941534877059,845896,178144,30195
720575941612666345,728352,183840,76950
720575941530689668,792956,95976,104265
720575941573574814,695576,131748,147015
720575941656687833,830348,146544,93375
720575941482558287,736980,209468,39510
720575941555777946,164152,164880,83610
720575941517026915,765816,210796,43965
720575941519689838,748868,161436,137385
720575941540627349,880980,116096,30645
720575941577408438,728896,100408,149625
720575941626276921,164916,86876,145800
720575941606129854,257576,116032,111645
720575941508642583,843308,135136,24975
720575941452151118,815152,151512,30195
720575941576069896,766772,139712,34650
720575941626478235,754428,168724,39735
720575941580281945,794904,101948,137385
720575941574112158,306356,157736,151380
720575941614363100,702336,103680,142695
720575941587018462,538120,63760,136935
720575941515951875,724224,80512,193320
720575941519189676,717696,86336,203490
720575941452657018,471692,849760,219150
720575941629441081,690032,168920,115920
720575941516108803,692576,168104,202590
720575941616437657,289728,171136,205785
720575941616442009,612736,96256,211410
720575941479294529,241732,149372,28665
720575941615494419,219468,88012,121995
720575941505091671,208036,107672,180315
720575941670273447,565056,179952,74790
720575941496513152,720880,135856,56025
720575941513320657,332320,105168,209295
720575941616873589,474252,971048,227160
720575941642780773,335120,118480,111645
720575941594136616,685724,152904,152415
720575941458541037,142108,103424,163035
720575941352458800,247900,113360,200385
720575941588207326,282436,162468,89595
720575941471134731,131236,197756,40725
720575941449553757,148196,184952,36180
720575941477658417,117192,178616,94950
720575941549676404,295304,197896,94320
720575941615410451,405640,167616,150120
720575941550769725,138300,171336,146070
720575941623804924,128560,149768,145035
720575941564210432,182972,83384,73575
720575941627421804,836888,186880,26820
720575941537574666,808652,151324,55440
720575941432397449,139660,115120,53100
720575941403272483,718160,185692,68625
720575941692582363,192996,164828,169515
720575941570889330,828928,116944,10890
720575941602062326,281752,196780,186030
720575941496131198,721676,161648,146565
720575941723893562,787424,97788,79245
720575941472034571,826868,138800,141165
720575941509728350,815596,174788,37350
720575941733349419,763340,142620,98325
720575941535067267,786988,126252,180585
720575941490267854,399056,934708,232515
720575941576967413,444864,798144,253755
720575941595202085,498444,770768,233325
720575941438382380,517908,790840,211770
720575941432771470,585524,608604,159345
720575941595288871,466692,730856,168570
720575941433033486,510480,913256,257535
720575941542272005,532256,717780,168165
720575941590852094,509188,782816,242595
720575941501129047,527648,730260,262980
720575941552630078,537632,612564,156600
720575941662376248,617888,612708,153495
720575941571498248,514920,573544,85275
720575941730333483,405436,182476,234495
720575941428184824,562988,718756,172845
720575941568390138,465932,723600,214110
720575941474830644,467104,813916,239535
720575941687018223,612112,178216,217260
720575941536781283,594464,200032,204750
720575941669856689,452124,807580,199350
720575941510120976,596768,204296,208485
720575941440718287,600376,151172,194265
720575941507215941,437276,893364,194715
720575941562373895,456600,617200,146025
720575941435970080,588736,201508,204480
720575941534803032,135028,138172,123345
720575941503219762,179716,157660,30375
720575941560612264,500548,694088,189990
720575941471815947,819060,190320,20970
720575941536989466,576020,70904,192915
720575941663629112,723104,100872,146835
720575941564525714,679136,150916,88515
720575941646360993,196864,215124,27315
720575941514959948,735144,132832,176625
720575941540230898,749016,131400,163665
720575941460359664,781072,134432,74160
720575941496912327,814836,124524,26730
720575941583305593,775456,113560,67995
720575941515153105,786920,102700,68130
720575941502350219,834844,94184,124380
720575941704629978,729228,121576,133200
720575941454119593,828652,135952,42345
720575941432631800,804524,115848,85095
720575941614869980,763428,135668,174600
720575941432615561,732068,117696,121590
720575941486937666,736860,110324,165465
720575941487506242,799692,151536,32715
720575941612708329,741784,208228,43065
720575941521751991,212428,142200,36990
720575941483850947,753136,132316,85095
720575941576619663,799232,78464,84375
720575941515940698,207920,86660,100665
720575941459864735,812968,102396,70380
720575941519290028,767244,156572,74745
720575941509630242,738056,191884,91035
720575941574380616,782608,187812,15930
720575941534111875,749888,136068,103950
720575941431808393,797888,211200,74070
720575941509501730,396864,82804,129735
720575941394385156,852764,69936,104760
720575941512248592,747100,180276,66420
720575941441632085,780908,140448,169380
720575941558901486,164720,222940,57105
720575941640474143,311104,116304,153180
720575941634399648,782608,172264,73800
720575941554921607,820092,86216,61785
720575941499613307,140336,159580,44595
720575941536529752,738004,143020,47025
720575941600128192,699368,217656,119115
720575941569827886,868180,106512,37395
720575941570776314,798084,185348,15660
720575941573987998,837900,114532,11295
720575941575121224,783416,103900,201960
720575941507835557,821028,68872,125280
720575941521029848,800600,90548,105750
720575941527606116,758416,185632,93375
720575941566346542,233644,201104,33390
720575941490095847,207740,131020,188190
720575941610211757,232396,101828,93465
720575941732098859,267696,190908,103770
720575941536644328,147520,157540,164430
720575941462146829,262956,210044,173520
720575941566367751,242552,111228,159075
720575941566220391,120564,175912,119475
720575941536277441,664200,180552,121815
720575941511975184,670944,167668,110835
720575941451176617,657076,189984,127800
720575941559567908,626624,229952,101610
720575941558479375,654512,209468,108990
720575941478682929,672908,190164,139230
720575941437314848,668712,174012,143415
720575941439670572,714080,190636,111420
720575941634759328,674760,223668,101160
720575941565211392,409392,616948,178380
720575941660370256,185944,167860,65205
720575941440683071,816416,121656,160965
720575941594636401,196736,229632,56115
720575941446421418,732884,221720,65430
720575941686139510,718376,206736,91080
720575941721304890,810952,197396,73845
720575941505589669,98732,141792,133155
720575941577626705,210596,190972,43830
720575941597019431,647748,202392,110790
720575941564456704,213160,122620,62055
720575941486936784,608076,597844,152460
720575941476372017,130540,108540,74205
720575941574279606,240612,101020,109080
720575941491537840,235740,214192,41580
720575941542980101,220556,152976,181485
720575941499702089,207912,150948,189990
720575941549589896,218344,135400,68355
720575941513317699,220796,157520,197325
720575941534632626,238040,163588,94230
720575941538738813,295280,204808,148050
720575941506615390,225728,62528,168435
720575941597928860,221088,183688,82395
720575941448300125,255808,104304,190935
720575941406788399,263972,191620,52785
720575941679897789,240428,148640,187425
720575941513410115,143976,197724,125190
720575941501670635,267756,225816,113940
720575941513448515,236504,95344,106560
720575941641940581,260136,182512,198765
720575941438361429,231852,178224,69120
720575941523875659,199648,93696,165015
720575941537415666,223872,188456,75735
720575941559652644,297836,182364,115740
720575941653287385,236524,109316,93465
720575941505366251,197756,162748,57195
720575941599758784,359120,91284,203670
720575941562850304,125264,166656,118935
720575941527989670,593308,144940,152415
720575941442869695,120656,168296,122940
720575941468171485,174112,135936,151065
720575941443700943,270912,125504,129600
720575941560655219,311832,196012,150885
720575941686651660,225056,116800,99270
720575941492766951,110976,137700,41895
720575941470628061,322168,139704,81450
720575941605853293,303344,180628,90270
720575941569493406,166284,118132,65745
720575941542166221,119112,218000,71145
720575941453010995,250672,204936,65025
720575941688911512,163144,216880,91080
720575941462021331,166240,92368,167580
720575941587228294,224712,97028,136080
720575941488908240,187572,184968,166590
720575941527966136,194944,161504,139635
720575941586695302,214400,126464,41355
720575941521207543,214008,143632,136980
720575941575551926,286288,164124,145710
720575941568948986,654424,190124,127350
720575941609908457,209292,139708,161865
720575941552760218,255544,209504,71145
720575941412611476,310836,213040,129330
720575941550707572,210916,106724,104310
720575941458079216,149320,170732,104760
720575941687021580,174944,147900,75915
720575941626094956,169804,116592,189630
720575941516866051,212904,157436,23940
720575941593891879,152360,139052,49905
720575941564683271,136684,134532,178830
720575941441392725,149280,211760,38385
720575941651535893,258088,144028,73440
720575941401526307,145244,217400,37530
720575941559350766,537032,109372,196695
720575941569977390,192744,124984,173790
720575941496789630,166144,118584,189585
720575941616390297,172576,142512,182115
720575941533770418,215924,164124,89865
720575941525420877,159448,189808,157140
720575941566786967,196648,125240,179415
720575941687974924,193692,159332,117630
720575941554168403,179664,173384,18045
720575941576822888,217848,167744,58905
720575941566619031,671916,172460,124785
720575941491310798,643096,117520,108945
720575941572121672,170472,222976,124245
720575941652212241,172592,168572,46845
720575941587102342,191192,131064,186930
720575941540694477,151040,121632,23040
720575941503975362,660892,172668,129375
720575941576480360,181020,189684,99945
720575941611609820,211700,146860,157590
720575941354179376,257060,129028,164565
720575941546259561,152316,120012,148590
720575941653760729,190768,177560,106200
720575941439379730,702480,190732,130995
720575941547753660,742240,192044,122040
720575941453233018,806832,188716,31185
720575941478720564,803632,127924,167940
720575941534176643,171340,82908,162675
720575941487224205,206892,92852,174240
720575941538983139,186904,86844,159840
720575941484081082,759944,141100,139320
720575941527514370,168572,117088,184725
720575941527514649,141448,93592,91035
720575941491183413,149400,90592,113760
720575941491298764,146944,149060,32895
720575941445826730,241748,89552,118350
720575941451483741,811240,196344,18180
720575941521824179,758528,81664,175860
720575941541026253,165264,86704,129420
720575941527797604,173864,114928,101655
720575941576822710,124524,127780,120825
720575941579309145,202072,100236,195570
720575941544343069,780392,89268,92025
720575941440880981,785988,106616,112905
720575941565974114,127844,124152,162090
720575941660162896,829640,130804,86355
720575941680881597,114888,201304,60660
720575941507073852,114924,167916,95715
720575941604597494,124300,147172,155655
720575941688772847,127636,109360,115920
720575941538726627,834072,78096,140040
720575941531206584,846148,97608,34020
720575941653577457,142756,164572,114480
720575941463240900,881284,102624,67320
720575941437750816,748544,144412,34200
720575941500951202,749888,190124,62955
720575941645847201,163048,195176,19665
720575941645864865,191724,92988,187560
720575941483232963,858304,126256,76950
720575941613249126,839560,112192,48375
720575941513508049,118976,136336,153360
720575941516617306,133812,141376,39960
720575941560024100,166592,130240,183735
720575941354568752,806240,113272,173250
720575941537710824,468172,202904,72630
720575941477392926,557208,200824,57150
720575941534003075,504632,799560,216180
720575941571021306,503308,262548,105390
720575941579841013,531980,200512,173070
720575941475963697,504020,639468,124560
720575941688507148,388472,976452,268200
720575941456455408,519596,241116,98460
720575941515238234,466208,370000,125100
720575941595063147,417808,221560,146385
720575941593102888,598016,141732,171855
720575941500568137,348396,155340,214380
720575941524547063,389384,147568,83610
720575941613040301,571164,207884,158535
720575941536715290,562224,126112,229365
720575941442187727,627512,128236,200700
720575941468861206,621748,194232,172485
720575941433732896,565632,103040,61515
720575941603868601,520020,123408,248895
720575941569391098,512224,215516,143100
720575941479276227,426720,892812,277335
720575941590551080,523184,196504,110025
720575941535626762,595180,162056,137430
720575941570820168,585472,737472,263160
720575941593479281,532548,183896,208845
720575941523160567,495808,159544,34065
720575941551006580,566680,167188,186840
720575941533660803,504532,153024,58950
720575941506803781,596712,203980,214830
720575941441451967,513084,119444,187875
720575941477056315,739428,130868,79470
720575941564571143,661752,204824,140625
720575941526269209,497964,210848,47745
720575941595335719,539488,115848,171855
720575941511598864,547824,217040,140490
720575941609022794,564168,192640,147105
720575941431403873,513484,152068,39915
720575941476611121,530160,127524,82845
720575941545825797,615448,84584,94860
720575941659034192,627844,194992,149670
720575941590735400,568220,124444,88560
720575941523229943,547520,184372,128160
720575941652801241,498480,95376,171135
720575941403152931,587272,156368,117180
720575941523493111,634664,150652,249120
720575941520895192,637300,129164,113625
720575941392321942,539456,214720,206640
720575941504802610,421564,110888,205560
720575941552442369,465660,570400,100125
720575941472734048,423532,693920,217710
720575941438282815,477212,160992,216585
720575941519533016,441692,85156,233370
720575941524250189,518500,109104,190350
720575941491411406,352944,102672,187380
720575941509570576,325024,184248,143865
720575941599462848,340016,117016,217620
720575941668157873,274888,115632,213390
720575941566660199,352908,117812,140760
720575941480865955,390224,149660,64530
720575941492320974,362596,151992,132930
720575941540706652,326476,165516,216405
720575941450008654,365828,206592,107550
720575941631944891,369236,185788,93780
720575941404680816,349908,171772,212625
720575941575563663,328276,172004,191430
720575941564180578,408180,170932,202860
720575941477262388,426364,69668,118845
720575941434330638,429172,245040,121320
720575941680667069,393004,219112,74160
720575941488917198,390076,107060,139095
720575941517889708,371620,944568,205965
720575941504285605,401872,210796,85590
720575941583734238,385416,632876,212490
720575941557550607,457416,174752,222210
720575941440598079,544316,757176,148950
720575941514001251,308536,107532,93645
720575941556434148,368112,125228,211410
720575941723918138,659432,615872,109980
720575941644317285,353844,132884,200250
720575941551239741,320108,154588,135180
720575941449002933,477108,233244,81090
720575941634149819,555364,138668,233775
720575941431154647,379572,931628,212535
720575941481054115,425176,147820,1260
720575941472168715,565360,797280,152550
720575941575778056,403292,99116,180765
720575941520584664,614644,138848,227970
720575941533691267,318900,163692,218835
720575941471146871,331996,1031232,307035
720575941535371442,456408,239480,48015
720575941612576486,193992,136192,49905
720575941594296171,674872,82948,116595
720575941487196994,571760,156104,72135
720575941491543349,641428,150940,238365
720575940793131728,599132,70476,87615
720575941467828502,414396,74524,77355
720575941644222113,428428,86304,72585
720575941496137671,390300,104216,195165
720575941652237809,602368,73312,86400
720575941565240630,369900,999224,302895
720575941464336692,583492,825568,162765
720575941554320897,579692,58468,118260
720575941481899855,336720,1104228,207315
720575941512883921,591852,69796,86490
720575941556189185,451548,993768,241020
720575941452717946,594384,93048,71010
720575941515850387,529656,215656,26280
720575941534647939,453908,734400,97245
720575941507437858,454676,231984,54315
720575941513651532,499072,596428,73215
720575941575804169,590996,90640,71910
720575941562182695,654828,595832,116145
720575941430151928,600076,620900,100080
720575941448741813,369208,1015692,209430
720575941611665325,432544,108492,184995
720575941592121896,508236,253772,102375
720575941480153679,650592,592404,115065
720575941480240352,666144,611304,119520
720575941687596150,581336,820556,175275
720575941502569451,544448,218624,202545
720575941597328773,633460,169424,225090
720575941468370518,689708,135716,139410
720575941615527381,490688,572800,129465
720575941474966368,675780,124112,193725
720575941481262415,642864,154548,128610
720575941613252582,181612,151316,15525
720575941482055075,818452,79608,145755
720575941577671016,278512,106480,141390
720575941492120551,368624,111744,209700
720575941633052140,523456,97744,231840
720575941440012863,135116,203372,20025
720575941572811592,153848,154312,88560
720575941629362982,116916,176076,55980
720575941592652328,122408,210340,71505
720575941458258416,140580,149472,24795
720575941607228525,134056,194636,118035
720575941574384541,125296,201864,56430
720575941461760070,230280,111816,176580
720575941574479517,735284,88468,164925
720575941535045298,173360,103740,100215
720575941479013662,763532,102728,145350
720575941520460471,688400,140728,165735
720575941442742463,847880,137228,129780
720575941587243142,867480,150268,76950
720575941432729047,753596,145428,90000
720575941468698123,544512,711156,165825
720575941545334920,452548,914724,282645
720575941497009058,531288,643932,167445
720575941559011054,535920,757616,158040
720575941445163796,527568,704932,204795
720575941557155855,557848,765448,218475
720575941477577440,532652,651480,157905
720575941351909680,460156,746924,112815
720575941612004710,553652,710908,181530
720575941532509016,470232,766976,221040
720575941520032951,600064,631940,136395
720575941537878909,489708,599816,102060
720575941442313898,541364,633728,230535
720575941488232137,451540,796612,241425
720575941459385414,563668,193820,220545
720575941668712113,593356,197848,202995
720575941494699719,498244,919816,241650
720575941463559568,118852,119580,171045
720575941629761849,114420,202552,66780
720575941551817215,784620,220960,38430
720575941634164677,258952,87700,163260
720575941473038347,825320,170160,13365
720575941624079612,731612,95112,151155
720575941611861350,254876,89252,165735
720575941451578973,767124,129816,90270
720575941461745363,742280,231072,31230
720575941599249088,771320,89140,64710
720575941596508118,236252,178128,30150
720575941518033043,222492,106112,90360
720575941625403132,779520,195064,80595
720575941605027574,695088,153600,159435
720575941409085614,787608,96212,85185
720575941613389030,732132,178300,48150
720575941567351350,740236,159436,178425
720575941540784077,697536,221884,101610
720575941535934386,893120,129024,69210
720575941540846285,777744,232368,69885
720575941571091450,794532,164268,51120
720575941506222898,768404,154380,40365
720575941568671476,137280,141944,73575
720575941733979179,873332,90100,13770
720575941497454279,746448,183400,91125
720575941569503278,792004,154684,103455
720575941484637370,740548,211264,37665
720575941478782257,905644,129576,46035
720575941561869683,781764,219792,42885
720575941627430346,743972,177136,69165
720575941590223684,758684,169756,134235
720575941554800263,788004,127992,168435
720575941497784775,745708,112660,59805
720575941567030582,821016,98216,13320
720575941493772976,766400,69952,146250
720575941580144985,759064,97128,160695
720575941593995371,692052,222848,77085
720575941393301508,771156,139336,130140
720575941557904036,766132,132288,59355
720575941522539959,764640,131364,49005
720575941502877579,774024,186212,16920
720575941603647166,404816,612780,176985
720575941534739178,444600,987792,228105
720575941452464041,399464,959540,306855
720575941521759479,441064,953404,233730
720575941408868911,538960,160140,228015
720575941645051768,542284,114916,112365
720575941565734710,535360,167168,247005
720575941599291548,280256,156800,208170
720575941597451377,371600,83820,169290
720575941574353147,478712,92480,110655
720575941507222588,690304,96896,110790
720575941460441414,679020,135932,175410
720575941490820405,685632,170304,197595
720575941621131903,691840,119104,85365
720575941403349539,402684,134152,80820
720575941483403718,707392,109248,174780
720575941576337807,351972,177884,148275
720575941553394203,527664,210096,11880
720575941487454861,645892,85940,119835
720575941499679867,404852,715856,171045
720575941504661847,668928,70656,168255
720575941645360210,860828,85340,82890
720575941531504312,753072,90096,91305
720575941734476587,831808,78364,79470
720575941548028265,761824,97792,175050
720575941558258724,318048,93568,157050
720575941505489090,835328,108896,67185
720575941441190491,135004,203228,98235
720575941672544423,794988,98448,128925
720575941563537810,142204,126088,92070
720575941430513071,152480,144060,72765
720575941598116741,689556,162364,112995
720575941663168892,141184,214316,58365
720575941687509743,120860,182584,74430
720575941508901154,143076,192036,27270
720575941589635895,135744,161232,146205
720575941502504843,725736,163408,76365
720575941625976458,125580,162616,108765
720575941597239173,830564,119348,122670
720575941663198008,754768,121892,123480
720575941470539997,142408,138228,62865
720575941452407886,151420,152752,149220
720575941516460793,674880,172088,130545
720575941454560937,742948,93364,80730
720575941507640997,136752,198572,36675
720575941628620582,485128,826752,220995
720575941526706276,511772,928192,241245
720575941565146466,475360,935796,239895
720575941570324126,502572,783872,251145
720575941413952028,559456,749740,161775
720575941587773406,575844,796724,199125
720575941579768565,543764,744896,257490
720575941585186014,367092,181896,214380
720575941468942656,550028,743836,170010
720575941554465671,550492,668380,245070
720575941630412514,404032,165796,225585
720575941507911970,420232,178328,230625
720575941610968650,370028,169224,198225
720575941498419323,345536,149760,246420
720575941392418710,562528,757092,216900
720575941574221563,496196,856296,269370
720575941428975608,455280,680704,256995
720575941570205172,584636,206448,198945
720575941505264188,487172,728336,132570
720575941482438735,456072,902940,197685
720575941473245451,835552,116260,149310
720575941517457763,816684,100796,150525
720575941662293560,690940,194784,64215
720575941616571801,741176,85964,110610
720575941431502328,781168,171116,86535
720575941640771189,746816,108652,70290
720575941682738621,804968,179892,32940
720575941427560532,795744,166312,110925
720575941590852606,710112,213120,108765
720575941514610522,192056,212324,37755
720575941507328023,881592,118424,74970
720575941599156160,712892,224768,101745
720575941441137599,709764,204376,155565
720575941574196488,596704,194212,195120
720575941510914770,388504,114120,173250
720575941535077810,357152,175616,232515
720575941539300067,717292,144760,63675
720575941492837580,753472,129176,142605
720575941478084148,174988,188428,17280
720575941532377035,683984,149396,167265
720575941516895075,722068,177172,70695
720575941473304384,823440,136444,123300
720575941528324429,733132,157392,50625
720575941438827052,767920,133756,136440
720575941483527622,766460,215580,37665
720575941527733325,752452,177460,100530
720575941579392245,716828,139636,53280
720575941616898201,176748,146224,37350
720575941509268830,795788,144144,153945
720575941455783731,744904,190984,148185
720575941655215633,714764,182860,177750
720575941644783461,741304,96452,113940
720575941540178325,783664,121280,66825
720575941524803659,764748,122596,145620
720575941527316761,828108,144044,142920
720575941586223711,754688,120008,193320
720575941567289654,853632,119880,48465
720575941624482044,767304,104176,133335
720575941561644782,878924,101560,90000
720575941511365648,776072,131796,122265
720575941570627698,755276,192068,35775
720575941394407062,753344,224876,63720
720575941631317030,249912,89944,123165
720575941576369160,798612,161192,39735
720575941512017168,810492,162612,27180
720575941643202149,173684,200600,72045
720575941624763500,810960,163824,17145
720575941528098562,111120,147072,44730
720575941528313090,523984,204300,25695
720575941409989038,526896,213128,35775
720575941463222212,838568,85496,157680
720575941439745621,447040,163056,147915
720575941592873868,524052,213180,21375
720575941613821101,183232,143264,191745
720575941517641306,840652,120752,69885
720575941578537461,183844,226920,51210
720575941643053176,220300,102524,187785
720575941587171908,293484,145332,167760
720575941527048324,825924,133404,94500
720575941452193358,719448,215000,115200
720575941642876024,647568,184176,102240
720575941575211446,484636,811016,199575
720575941590349636,789264,114180,135765
720575941514696083,781708,101220,140400
720575941638006133,218064,183316,68895
720575941449411348,655680,189480,136125
720575941488559566,434992,944900,208125
720575941489387061,586940,741464,202905
720575941558475246,234536,101440,59715
720575941596800192,255364,219564,107055
720575941582551391,188164,167700,124515
720575941597966377,165500,112600,78750
720575941449953658,209464,167556,135990
720575941485435901,136996,220636,86310
720575941482573391,606836,88068,77265
720575941526026315,223616,111160,194445
720575941489446606,236340,197328,38205
720575941490819790,176672,114028,108540
720575941479161251,227448,183820,28755
720575941643295393,250272,210480,77535
720575941611541737,287720,148772,148320
720575941593961585,220804,158508,86850
720575941512058065,224272,96764,161010
720575941521898231,837844,121516,14040
720575941631233477,227208,234324,72855
720575941689228440,265972,224764,98730
720575941535670282,212728,228600,65880
720575941638629919,164472,177484,84960
720575941473182272,294828,183552,148725
720575941431145230,206404,172352,86175
720575941704394202,212620,106108,110610
720575941623277211,158012,213576,125190
720575941589362999,139732,185380,38610
720575941493307774,268864,194432,41805
720575941517240154,206404,159572,60975
720575941632928965,321732,186636,168255
720575941537059562,220528,67156,166905
720575941452148649,149808,148416,112320
720575941661750652,315008,219584,64530
720575941543090949,202864,96732,91395
720575941591551287,138184,136212,130545
720575941482498246,129584,183268,42480
720575941522654967,203028,219928,115065
720575941556316196,185904,123264,77985
720575941481224578,320860,192676,148950
720575941452382535,668324,213916,101790
720575941488840501,231028,211248,81675
720575941559439396,229616,137468,129240
720575941438008799,253876,128972,67995
720575941520305079,125724,192068,36045
720575941576502280,260348,160296,77265
720575941509012752,169532,205032,41895
720575941602398393,149996,106464,63585
720575941578207057,683544,232036,86355
720575941570853022,854048,152136,102690
720575941556176538,170140,134552,77490
720575941537200867,216544,158772,120960
720575941573808015,229728,140196,65070
720575941632323554,217780,232368,56430
720575941667806707,179556,152648,39465
720575941612127452,154004,228532,89640
720575941497518921,163620,108544,152910
720575941689220571,150096,100908,137205
720575941430602232,148132,142124,113040
720575941652075285,610712,82664,178155
720575941438211295,189316,169236,29475
720575941511543568,461952,97808,234450
720575941517416876,135928,176228,157095
720575941554206803,178344,202904,78480
720575941470379584,183084,148888,56565
720575941689414040,175940,101276,128520
720575941652251409,194548,149232,53055
720575941595905669,169012,195600,116550
720575941570952442,201528,231044,96300
720575941599318208,773348,139328,130050
720575941483816646,216280,124880,49050
720575941531246272,113528,218884,43920
720575941531985611,156192,125420,46170
720575941625188604,108812,137784,46215
720575941526394701,121468,146520,98370
720575941444754346,186688,86140,170325
720575941547985588,154248,173700,31905
720575941509479714,754556,154628,115110
720575941559119140,141204,122992,175140
720575941578095208,135820,119208,170145
720575941573231176,123004,128848,69525
720575941574001224,116132,182208,61065
720575941613928924,754304,122680,56430
720575941692016024,796880,159568,142650
720575941593392235,225764,127916,52740
720575941593767720,243756,164296,33750
720575941704374746,206056,141464,29610
720575941395039126,851348,131884,38565
720575941605780158,157892,114392,179910
720575941688308748,224472,146896,33660
720575941554908826,750780,87600,180765
720575941612646758,187064,100352,181440
720575941554956935,835780,187032,27405
720575941394338052,850556,127720,43470
720575941507102012,875252,125968,96165
720575941645793656,771076,138536,98865
720575941516167491,744460,86648,158670
720575941540138994,823096,100004,117405
720575941659807568,160904,97264,74700
720575941508740421,781356,182596,9900
720575941507766551,220884,106560,69840
720575941516522755,163160,147904,51210
720575941525471307,716312,196344,73125
720575941552590910,494436,370000,121770
720575941537495322,489640,160784,38745
720575941587469022,415932,205708,64980
720575941541750141,419276,151948,126180
720575941472178752,392788,147912,151650
720575941628153913,526244,211536,94275
720575941532854501,520224,724840,149310
720575941626154604,493504,370408,126765
720575941689892760,670004,580844,255465
720575941628494649,467760,370000,113895
720575941566544647,473952,370000,116325
720575941563568999,492708,370000,129960
720575941548187681,544712,606820,142155
720575941534495720,505236,815556,285480
720575941433860128,490024,109672,170775
720575941511199564,429448,771060,229995
720575941663749176,610960,636584,211995
720575941545219464,488564,370000,122805
720575941612982169,423796,233316,95985
720575941489167413,674520,158404,131580
720575941434224910,659256,213804,135045
720575941490703847,497220,109912,207675
720575941575663369,585460,182900,120555
720575941492920807,564452,91204,190890
720575941520177847,503668,258096,104670
720575941645608136,596252,187136,196650
720575941633584108,552960,94064,223425
720575941490142158,430584,74300,181260
720575941603899070,573548,576248,153495
720575941651536113,595908,574720,167220
720575941595348517,541804,137680,166050
720575941435529870,553368,152704,202680
720575941442149071,533592,139392,246330
720575941645117816,581736,134344,253305
720575941431037966,563956,82028,215145
720575941427764564,539092,174408,146835
720575941519109292,538716,140676,84780
720575941552136447,547776,175296,232290
720575941401948195,584160,121908,209115
720575941521090231,496396,863136,236790
720575941606888813,548876,182476,178650
720575941515123267,538112,223596,173880
720575941652595221,634568,148524,191070
720575941353564208,501768,247040,101835
720575941570802802,581324,196256,167490
720575941443928490,533304,81428,191070
720575941432037513,575092,81556,134010
720575941633821371,529500,125336,83250
720575941540420557,528688,125428,87300
720575941575418377,579624,158884,69840
720575941461149636,540020,106280,191430
720575941557898276,618868,141768,209880
720575941525324875,350992,116400,259650
720575941399300387,386336,978100,289935
720575941455740211,301840,125500,175995
720575941438167871,624896,161120,173655
720575941535352554,374748,122740,259290
720575941499930849,342456,118236,216855
720575941543942661,412668,98616,182565
720575941440796251,422984,104696,171720
720575941658864920,521716,177372,63765
720575941518702775,411912,94344,170055
720575941491263950,474944,128728,202140
720575941405931567,470848,155136,256815
720575941442803035,467136,140352,262845
720575941468980445,433312,82940,202275
720575941450484317,431508,93892,211185
720575941481267791,449444,101716,159570
720575941460045471,456204,82656,157185
720575941494254256,355516,125756,235170
720575941612076106,353876,167576,216900
720575941437349408,305448,131640,85455
720575941547383732,333992,104752,127080
720575941439622444,331172,187912,159795
720575941574068233,382616,149576,207360
720575941432150113,415372,89844,110340
720575941412222123,430536,86032,181845
720575941529119928,451284,236068,75195
720575941450290781,452256,253356,75915
720575941595636263,474132,148048,56520
720575941652616433,410552,94264,163890
720575941626338954,430624,89944,97245
720575941642730696,453476,127204,80415
720575941475394369,468920,144568,189900
720575941594897622,409728,970176,209925
720575941587511607,425792,200512,204030
720575941641776210,435924,811288,101835
720575941513136593,528640,776712,250110
720575941507610753,436120,190028,198000
720575941630928108,497116,255428,81360
720575941723126330,336868,139096,217665
720575941474985312,624508,126528,106605
720575941415332124,283216,161924,176940
720575941494177918,442104,240072,61875
720575941411188395,347568,1059524,224595
720575941441165263,383876,116884,248580
720575941624478410,604028,641868,213885
720575941670317274,663548,602480,105345
720575941607110765,451648,942032,254025
720575941527620429,630656,154144,88650
720575941429052756,739916,200880,89460
720575941530007755,489728,161104,193770
720575940815136118,594876,68780,87795
720575941543718492,602932,151352,215865
720575941564526599,349140,166680,124425
720575941565633426,438376,140144,16875
720575941585803230,442008,160488,62370
720575941630269478,598408,70264,87570
720575941466184470,449412,584412,74430
720575941594412839,591620,67128,88200
720575941441811291,598900,68512,88920
720575941575746486,528372,212988,14085
720575941439296853,650948,544960,144720
720575941535050433,526148,211184,22725
720575941611011501,429968,215452,16740
720575941440502101,583452,69444,84735
720575941641087775,422684,61420,92430
720575941581213173,531724,206980,16560
720575941606639981,409280,617512,176670
720575941533411301,586060,825364,163260
720575941502942039,550952,114352,71415
720575941455375411,564344,54720,142830
720575941500296866,550192,150876,7380
720575941559063823,430016,214640,15885
720575941577095925,1459200,3681664,11795625
720575941654136281,435944,219016,19305
720575941611230310,526356,201588,18315
720575941630113762,437448,220932,21060
720575941538669283,338412,1014288,289755
720575941559025523,341448,1014012,289845
720575941451657038,648836,603152,115290
720575941493269936,651580,615520,116685
720575941564191639,585316,825388,163620
720575941590233640,407704,927568,233910
720575941621575039,394604,135348,61290
720575941544074076,405616,135452,68490
720575941627172409,436240,219632,19935
720575941449856437,437280,228868,58995
720575941426831444,458712,786856,125685
720575941696304602,411536,616268,177030
720575941536860648,433140,204216,27090
720575941467919638,386692,134304,211500
720575941582657401,633152,76608,168435
720575941432697592,687480,141780,147870
720575941565337344,669364,114156,167625
720575941508546373,599380,104448,219510
720575941471263197,571968,167772,204795
720575941543484508,283968,72640,158805
720575941646260168,400192,142592,250605
720575941597609349,819976,69556,114930
720575941561206317,539968,155392,154845
720575941504345538,423504,85440,161235
720575941612229865,800304,203984,56295
720575941527916621,835568,122656,106110
720575941437063200,725984,89632,131490
720575941574955592,841244,111080,5355
720575941632826309,529584,76992,203625
720575941482289827,848584,97000,160785
720575941569901818,725076,182968,50400
720575941545945193,144072,163712,127710
720575941548894241,158616,118044,137160
720575941568979962,122212,135924,149670
720575941431776471,775416,179776,78660
720575941496194432,800892,171532,40185
720575941644976840,177496,187412,84330
720575941506844485,122776,208116,76725
720575941655218132,173548,212132,46845
720575941515002956,199508,187736,77445
720575941546072425,120448,140612,154260
720575941662100280,132044,223264,91800
720575941553867035,767008,170584,72720
720575941482725062,178088,104608,92745
720575941565264530,823532,121476,24705
720575941668060147,161356,130452,138195
720575941492923086,788044,178472,79470
720575941545300741,740536,145832,177930
720575941604074425,758596,145872,158535
720575941442387291,841960,203604,68355
720575941538526952,400676,110568,214515
720575941412222609,426816,56448,146835
720575941549599521,399580,76276,152550
720575941520353783,569344,757612,166455
720575941487810101,547680,745848,262530
720575941557230628,525996,620064,209340
720575941689803227,577164,643364,119160
720575941624840906,611600,596272,149940
720575941549427967,457536,890748,263385
720575941498765129,495780,625968,183330
720575941685621004,533008,730608,192060
720575941524010340,599944,618976,174510
720575941599461161,478928,926628,241920
720575941536513050,431428,951920,280305
720575941536268786,562276,767432,226935
720575941655932377,594752,157192,197505
720575941461065997,526828,758532,212760
720575941447435613,414796,671024,179865
720575941609351341,540900,770844,216225
720575941438839131,470204,683624,177165
720575941437552351,617220,190004,208890
720575941414262417,397284,935580,248175
720575941479763363,586144,171560,202635
720575941592404587,604908,195080,201960
720575941660831356,414268,912716,181485
720575941594200613,566900,631252,174510
720575941483692797,418284,873276,245115
720575941459912262,509728,627060,204975
720575941519277784,485900,616484,104805
720575941535523777,366792,165616,190845
720575941503697602,610820,188752,204210
720575941431073417,452368,863116,231975
720575941467919702,765740,183776,69435
720575941537972506,783160,180404,31725
720575941642412389,401124,738332,164385
720575941484202950,725752,113628,153180
720575941492161968,142188,124520,93465
720575941538090522,820340,144636,21690
720575941496036478,749892,141380,94950
720575941491638069,228080,107556,168840
720575941473705312,169920,93808,76815
720575941575152200,211136,88064,93375
720575941458156269,757496,169876,49905
720575941438111532,129356,129616,104850
720575941409710510,126976,124136,68850
720575941615630233,744152,154852,65475
720575941627275722,779424,110244,56565
720575941597020017,724476,235496,95715
720575941559984164,735248,212020,55800
720575941599579036,785040,194156,13365
720575941547614388,733152,180380,40185
720575941529351044,736432,108660,78390
720575941481216224,219300,154304,86490
720575941566193159,635840,201216,105750
720575941498876027,714748,225876,117675
720575941574403656,654324,176868,131085
720575941473328960,880912,84904,124515
720575941440100626,241612,147456,30465
720575941689923958,744720,124900,48645
720575941597597297,743452,174028,76770
720575941493056999,739480,198548,117315
720575941453556346,768496,152096,122985
720575941581639925,740736,150744,84645
720575941499492321,783804,179372,66375
720575941542134477,727792,148228,183465
720575941681360061,814044,89928,128790
720575941663379768,849808,122956,44010
720575941626426267,726068,182156,142920
720575941469080598,764344,116596,59895
720575941506135490,784864,109036,68310
720575941631194053,200172,96196,85050
720575941557059155,827188,167360,40545
720575941664831356,851972,92088,48240
720575941445938346,737680,168668,159435
720575941535840178,709804,180272,67995
720575941481790944,800208,101164,178560
720575941654225649,207548,161176,199260
720575941656944340,829804,96200,134550
720575941554099774,827432,130160,181620
720575941512330768,775460,104860,177615
720575941561070863,668192,191136,143865
720575941644350309,666152,125544,200205
720575941528227074,788292,146408,109620
720575941432319881,822732,129852,169425
720575941472493323,656640,123584,260010
720575941612360877,855192,83676,140220
720575941491624393,833296,89240,164565
720575941497958528,804296,114188,104580
720575941555263259,437516,813888,106740
720575941537258433,571136,154752,151065
720575941556674049,282104,206824,133245
720575941514811459,122496,162852,65340
720575941565957735,140264,128172,133965
720575941583854943,118480,149508,66690
720575941473231168,123492,206364,71145
720575941537278691,138108,144000,154530
720575941539991933,156000,227984,75780
720575941553201543,130204,127660,125955
720575941563660178,120716,180612,85905
720575941605381561,146960,180680,83610
720575941658651984,200568,119780,96975
720575941503386967,131728,152832,124515
720575941450204494,151620,200124,52200
720575941607087469,149028,121660,155160
720575941630541026,157796,202528,63855
720575941552081214,736092,189168,26955
720575941633590432,762356,169140,34155
720575941516713283,827956,148016,32130
720575941589126980,537100,105972,189540
720575941545416124,585612,203408,200745
720575941611963053,564232,619960,141165
720575941660889724,429252,887996,222975
720575941630658018,455644,902992,289890
720575941565778998,477624,834012,226080
720575941603906038,542936,637208,93870
720575941491101134,570704,649672,127395
720575941665521907,605332,604740,180585
720575941642597064,609672,594932,183645
720575941591772456,547856,765724,189270
720575941514096531,536524,643148,153855
720575941479516034,531084,753908,171945
720575941390690966,595956,579588,124875
720575941449769653,421888,975104,208980
720575941569597298,449036,721944,147960
720575941567639922,513872,717636,262710
720575941513612364,392452,191824,216360
720575941528899019,442224,581404,124245
720575941508359634,443096,700588,244215
720575941490803888,467248,842128,254970
720575941627522698,458728,790068,180630
720575941513177337,554396,637432,231795
720575941416624924,409304,896848,178650
720575941427032660,368100,175216,206280
720575941691002520,391752,949084,262170
720575941447357204,403248,173032,219420
720575941507223877,470040,733324,126315
720575941553192959,686500,181328,112950
720575941429292116,671132,188636,126360
720575941443124650,211156,80528,162405
720575941461532998,741092,226688,80820
720575941440313644,681476,154468,107730
720575941403083555,736996,119896,69525
720575941627812234,705804,221504,100260
720575941561788787,735056,148388,189900
720575941481092431,743964,176312,78930
720575941507779397,740764,215076,33435
720575941492190183,716484,210112,105615
720575941516242787,747452,151472,46440
720575941489691088,849868,130828,33030
720575941536557249,761488,118280,54765
720575941483878339,854952,159312,109035
720575941618405077,741140,157668,139635
720575941517458787,871244,117228,99360
720575941555713434,744872,191732,113085
720575941543960924,791920,156516,99360
720575941631284262,716312,143868,146835
720575941646941896,708024,115088,166095
720575941561503347,800488,129724,163980
720575941537836314,884688,153804,55530
720575941528369945,144844,162016,19890
720575941393185284,751900,179836,89550
720575941583284345,672860,186776,158535
720575941632026850,800764,214700,66780
720575941555044891,762452,92868,158040
720575941592424332,808604,151216,40950
720575941546580485,797612,107468,180270
720575941576373391,825804,89568,113040
720575941498196352,808316,179552,94185
720575941463226512,856140,105776,108495
720575941487862850,756504,182740,20970
720575941410185263,903052,122356,91215
720575941520968046,746800,186260,38970
720575941663046524,698664,211660,71325
720575941605438142,786464,94492,173745
720575941492228553,247384,157344,25740
720575941484608186,808316,172160,109485
720575941580471285,744292,146404,144585
720575941491449033,775956,85096,100845
720575941601776169,728292,164900,47070
720575941534215397,807672,176348,108495
720575941417121820,773132,136756,26325
720575941463280528,122652,136800,124020
720575941516495683,766216,175984,39420
720575941734375979,400440,129172,77805
720575941632801506,860664,65292,114885
720575941605107385,768192,92188,74880
720575941627448522,733508,144616,191745
720575941571441396,848800,78580,145035
720575941640636277,840888,95112,172305
720575941482269347,889404,93820,72495
720575941689405167,836900,172128,18270
720575941646181025,246340,132636,132705
720575941521123544,765132,172196,49545
720575941494305735,238176,159452,176715
720575941522373303,214264,112128,113715
720575941490188489,146348,168352,59265
720575941542620701,241932,175476,61605
720575941496633472,585584,825072,168795
720575941467766493,758364,193348,24705
720575941450697294,759004,131708,134010
720575941446718378,661712,185216,137115
720575941578351185,199820,141120,183825
720575941575794683,703300,158732,92970
720575941534286618,697648,204164,55305
720575941624384906,226284,92144,171720
720575941624312172,280256,241920,107280
720575941613929881,211080,88036,125505
720575941532348619,126012,132120,156150
720575941605000889,212136,186516,65700
720575941626252955,245596,80772,157140
720575941603950070,219056,102212,91485
720575941473102122,242464,111452,99000
720575941656732377,233248,156436,189585
720575941415711636,435316,650060,68985
720575941489705676,217220,113512,198405
720575941520917427,134472,126664,100755
720575941516931244,253848,205556,42345
720575941449986682,216224,105684,93195
720575941667898545,193632,220772,132435
720575941534163393,239208,188616,159930
720575941654275540,189356,93100,179460
720575941572462587,239152,211252,47745
720575941438106453,128912,170632,72810
720575941661835132,228272,199852,59310
720575941680015549,214520,217488,29655
720575941496254590,174628,190484,85455
720575941567710458,312584,193040,94230
720575941687033462,247780,140736,188055
720575941457055728,297780,179308,166050
720575941573387592,281608,149120,136395
720575941513918307,343168,163392,154170
720575941589735564,207604,105852,80280
720575941517156780,259300,222064,117000
720575941469166967,210988,173608,81180
720575941612687891,207664,186912,153000
720575941430468745,136660,123296,102735
720575941658018640,411816,625092,178290
720575941439613759,293652,219420,118890
720575941537057258,263416,157660,103050
720575941577162841,239116,161112,47700
720575941534808602,195524,90168,148230
720575941692625371,123140,166568,101160
720575941512418576,281144,152964,102465
720575941605443006,414560,71432,84870
720575941588551748,129144,176568,51480
720575941498152777,802520,202000,104625
720575941429661688,187212,158200,139185
720575941568102644,304628,216056,124965
720575941631991532,302328,191176,101745
720575941534687258,303084,198508,164070
720575941472276855,158072,109420,117405
720575941645016421,582884,157428,80865
720575941502685122,269072,218868,72450
720575941631878816,218404,183952,97065
720575941522631859,218460,119372,170595
720575941622629628,208256,220416,155745
720575941461401028,256352,165700,167895
720575941576949849,190540,112260,72900
720575941669755123,247600,113528,178020
720575941566490158,215276,191072,21510
720575941526180006,230072,135456,142740
720575941555877860,413240,101000,186975
720575941508868225,640960,166312,156285
720575941471342455,522432,176004,144855
720575941551697725,89920,141888,65025
720575941576113161,303960,161684,161280
720575941547692137,171960,114144,130635
720575941537343258,274756,169168,107325
720575941500299659,180076,92164,109620
720575941565212514,617376,141392,252495
720575941457360799,233792,167128,181170
720575941646409080,413968,73560,82620
720575941412726673,252132,115384,191250
720575941525636633,726040,149656,95580
720575941566763015,691640,139440,153090
720575941563300096,210136,183676,92250
720575941499427490,139488,137356,33885
720575941632412652,741948,152240,147240
720575941596900901,156116,209140,33525
720575941432530785,149552,110404,96615
720575941506885666,165204,141896,48960
720575941534841322,161680,208056,119565
720575941538712701,201580,107936,153900
720575941521726967,115956,179412,110880
720575941450694010,184164,225988,98055
720575941568874746,162844,152628,94275
720575941539263208,132692,227820,53550
720575941488097542,162396,193460,45135
720575941686495727,131084,171288,157590
720575941548606580,196232,139608,180675
720575941515261587,110612,189904,105975
720575941629793762,182084,147528,48240
720575941553526334,270608,121164,204075
720575941610065385,160952,134084,68355
720575941504418498,241280,192736,193500
720575941410769835,396032,135232,200835
720575941522763959,154912,183968,117225
720575941644123848,184256,206016,161775
720575941516332691,180460,202812,80145
720575941536456163,209824,168040,100935
720575941533346226,279392,231760,113040
720575941591560744,223924,193056,88965
720575941520331180,875152,128724,29835
720575941477969694,216784,81416,128115
720575941433058657,747892,149772,184365
720575941521788855,181108,165224,23445
720575941517264889,241572,98068,175635
720575941472692855,722608,139056,176985
720575941535772594,159184,201912,17280
720575941580880885,812188,182912,107010
720575941417852956,174760,93408,77085
720575941657235668,805788,105036,149580
720575941558127268,830096,199880,93150
720575941590585143,172704,131892,38835
720575941576396552,750252,188904,137790
720575941460910918,181376,109028,193680
720575941458209773,809996,156024,144990
720575941487902349,776164,111208,94365
720575941633743301,185168,87040,124200
720575941610083103,164184,97048,164565
720575941553615422,762716,140112,120915
720575941691862424,120452,169068,49725
720575941529319590,143848,209404,21330
720575941656286164,226556,86928,178605
720575941475829961,871624,107592,61200
720575941353976880,828404,105336,53235
720575941527735652,759464,82248,146250
720575941446777514,175908,200172,11610
720575941682187453,779596,228984,49770
720575941474703200,767616,129376,116910
720575941527232514,583524,143404,124470
720575941480954019,381968,137944,122490
720575941463843597,506224,219184,86220
720575941574838280,491068,820736,226485
720575941541590301,475388,370000,123930
720575941560597775,543948,251060,125055
720575941638567285,512800,150408,34965
720575941429125295,418252,250868,76185
720575941482277827,297296,143384,135585
720575941594091397,422092,811280,131625
720575941451227997,597416,182180,118395
720575941416761884,514336,97056,226530
720575941490276300,548980,218756,82845
720575941584621919,488312,154616,201825
720575941562593581,542224,189616,83070
720575941508974802,585700,189568,233685
720575941575001609,594564,135028,170865
720575941520329432,554024,220168,135090
720575941655207897,550756,137416,218340
720575941477921601,603132,582232,144990
720575941566876726,444336,884680,286785
720575941627118956,507424,274108,100800
720575941466188566,506800,68160,213480
720575941475518011,582724,103308,210555
720575941490930889,540400,230396,100530
720575941440491349,538884,74320,164205
720575941441643099,467404,762260,134865
720575941658900304,448088,869252,182655
720575941539238130,576996,153832,219015
720575941516310777,529304,179080,205020
720575941449558621,498084,161132,83205
720575941613866649,535620,211544,171450
720575941645227425,460748,235296,62370
720575941481067974,523568,167068,33390
720575941721125178,582652,182848,121905
720575941590210302,528884,157700,111060
720575941646527944,553196,125724,237870
720575941641532191,626308,177780,132975
720575941652809713,529764,119576,89415
720575941664407676,634652,150780,188820
720575941653315349,636712,148860,189360
720575941645010277,620268,134888,161865
720575941645969313,585012,125080,194535
720575941505068348,532168,186812,214020
720575941529893304,379772,197260,121500
720575941436508972,336608,171048,215550
720575941502534635,495908,580844,124290
720575941452092538,420160,127024,218250
720575941478598735,443896,843976,243090
720575941645181601,432072,47924,168210
720575941646016888,353388,127856,243270
720575941412714095,440588,174556,206145
720575941453039175,457172,85700,191385
720575941458577875,432764,112000,115380
720575941632901563,423712,83364,117855
720575941459453599,332928,114300,187650
720575941401984291,298244,101568,196695
720575941576317878,283780,108608,196515
720575941654252761,675900,138044,122040
720575941731588395,392076,1008912,267120
720575941567519226,314188,126892,170235
720575941574292040,373520,135896,146925
720575941478471233,432852,101400,176535
720575941535986970,431612,113044,197460
720575941569696370,369064,88820,239355
720575941578880593,415380,205800,90180
720575941472052343,357184,86528,116775
720575941432552663,310636,178824,181620
720575941690109915,365308,132200,155925
720575941574947849,372884,188456,149895
720575941670857393,430220,150564,206055
720575941625971052,408428,234280,137475
720575941613058733,391532,130876,235935
720575941555462657,463728,152016,38160
720575941545662908,312596,106580,131535
720575941482287811,415892,175116,175680
720575941689799899,440616,211264,180495
720575941510502416,500928,598104,91485
720575941556220417,342020,962608,280620
720575941484406781,345860,140432,142785
720575941598899392,309832,145352,199170
720575941611935562,445988,163708,217035
720575941482690746,456240,877096,279405
720575941604868086,470420,136244,158175
720575941536367960,591984,142708,167985
720575941501282187,470860,146524,36630
720575941489951177,613352,169384,84375
720575941556298323,436236,642752,42120
720575941552886078,587024,216728,144045
720575941500848034,609344,147836,203445
720575941545065477,468500,139400,194085
720575941518761582,600464,130368,197235
720575941663475512,562016,164528,76050
720575941557515172,680228,123128,198225
720575941515983962,414948,70988,83700
720575941431582345,415808,70696,79200
720575941556682148,598364,71772,86535
720575941536386792,584800,172568,110070
720575941564167592,695872,91776,176940
720575941478267360,595572,645888,193230
720575941615228691,347804,98660,161325
720575941611054310,486928,116756,137745
720575941634167483,582916,69132,84870
720575941593164395,529520,207704,16155
720575941392683670,399092,962124,301230
720575941412028331,370820,1019532,203985
720575941579129177,529284,199680,19170
720575941559648548,188352,236672,112095
720575941543607557,225912,189460,59895
720575941624443388,370888,857184,247230
720575941431329239,339968,1099456,210960
720575941548686260,525804,66456,131085
720575941434561678,529908,208172,15975
720575941403910000,648432,605896,115425
720575941573694216,451000,991956,239715
720575941551126131,589348,825004,165825
720575941556718820,591688,72872,84285
720575941444486314,362968,1019528,203850
720575941538529251,389980,128472,64215
720575941644313445,393944,112808,81315
720575941482149318,436680,229540,52155
720575941640177183,438436,220984,20925
720575941690004888,438236,200136,47925
720575941559263648,593192,87604,74475
720575941483099843,369044,206928,130320
720575941689695756,342212,1061368,216720
720575941603686329,402068,126620,74655
720575941535063745,397556,135296,63495
720575941574977864,429356,918908,308430
720575941452991401,407440,130896,74655
720575941480563586,439656,988096,241380
720575941477598570,355156,1019532,201015
720575941657871696,432408,217412,18315
720575941680283375,650512,593764,115110
720575941442418623,627840,129072,179910
720575941604841206,673212,115316,210375
720575941475743537,254372,131404,135225
720575941469593878,155304,178044,17280
720575941565333655,287204,99624,168660
720575941483943677,265780,129772,195165
720575941653775601,660800,175744,221580
720575941627464347,636560,102304,178110
720575941581214453,393084,114528,181260
720575941536591898,497068,105132,144225
720575941508269185,476900,970784,229815
720575941536449714,875188,110916,55170
720575941501375394,416384,85212,80595
720575941557815012,605784,74412,81540
720575941432484567,480932,71512,141705
720575941462663123,844228,99812,166725
720575941440934381,825760,85920,122220
720575941543007005,341968,106336,119880
720575941485671430,407856,728608,143685
720575941440166111,154752,94592,80235
720575941670840487,162776,142968,94995
720575941506928700,590268,824792,168345
720575941482602950,673464,238712,83115
720575941608798061,844876,144628,79515
720575941542134620,758216,166488,173970
720575941644802209,230440,190308,38295
720575941453053097,816120,189488,96210
720575941521194456,736220,193636,90315
720575941566348647,237776,154928,36090
720575941618965205,203872,140452,47385
720575941626613612,792632,160488,128610
720575941545949701,825040,64472,126360
720575941671348391,388372,188476,223515
720575941518572691,247296,179840,33615
720575941663494712,637308,153496,247905
720575941475091259,524592,214888,22455
720575941513495505,185328,162240,99225
720575941595591557,380808,195772,200430
720575941509730082,850076,192052,56430
720575941488788428,461524,865800,247185
720575941454868787,515100,917412,253080
720575941501827307,502332,909268,238005
720575941456137375,550776,664312,235080
720575941610099433,604280,783364,190440
720575941526414558,123592,155148,125370
720575941530166731,581008,743048,220545
720575941549655102,602112,760040,218655
720575941570740594,459276,830332,219510
720575941501714370,503948,736616,201240
720575941400757795,415496,913608,268245
720575941669260711,411664,705020,138015
720575941458968479,373560,183252,235305
720575941439554604,421216,870416,216990
720575941583897478,598468,175896,215370
720575941430530830,424028,889232,250695
720575941536329621,415452,871928,215550
720575941600811049,373256,196964,221310
720575941481032611,414676,187848,226440
720575941689920664,412248,179644,207585
720575941515910403,374288,171188,211635
720575941512525123,427160,635896,143100
720575941585874822,838984,157120,69255
720575941535435864,796004,122648,200160
720575941536968474,746568,94568,91935
720575941472701303,153692,121224,181890
720575941494912176,195872,228648,80550
720575941555958426,785180,109324,176760
720575941582602105,791444,151768,113445
720575941496349568,120756,208312,69660
720575941732201259,601368,107852,175725
720575941520301996,826464,155028,47070
720575941573394590,856712,169888,44730
720575941508628258,836564,108092,129735
720575941429727224,214224,115080,113805
720575941563209517,648004,202408,102690
720575941488400336,693700,229180,113085
720575941477272884,816740,118164,162045
720575941525346123,771672,136040,38250
720575941591002167,146796,100464,133920
720575941587678174,712236,203976,158130
720575941437694240,823996,196468,23040
720575941689894006,230224,93092,117135
720575941614200339,152488,191488,72720
720575941644780389,758976,92276,128610
720575941412389999,784288,159224,86535
720575941472683383,792684,99404,119115
720575941408802222,698184,219180,74655
720575941566031158,760060,136824,116910
720575941475976763,221824,91136,184365
720575941632378082,857984,136896,60300
720575941492046901,232456,151592,28260
720575941476198698,228272,117160,63495
720575941574235038,815980,110044,30510
720575941531399864,771720,108616,96525
720575941536040280,720580,206428,158985
720575941548151988,860640,90988,148815
720575941520960622,799708,118884,53280
720575941417146396,820660,80644,122310
720575941473140288,872584,153980,38700
720575941536936426,799732,134416,166185
720575941471592823,696896,137728,189945
720575941613117673,780448,85920,107820
720575941595113579,731216,93436,113805
720575941591376951,725472,139248,181710
720575941450946894,708028,133424,84915
720575941692474075,745116,139880,182700
720575941620506495,777400,78108,70650
720575941412354987,818976,186396,45000
720575941671467441,917952,107840,53235
720575941582141817,741860,138500,167265
720575941577741416,789576,191300,15300
720575941498401664,803956,91460,88830
720575941484848326,872844,100788,99315
720575941496486343,714752,97344,197100
720575941478908225,785472,169164,76995
720575941597346161,747308,104736,145800
720575941586542814,611520,123328,275310
720575941476475451,310816,118660,241245
720575941475405115,601664,60556,115695
720575941629123897,138332,185436,75060
720575941415292561,304960,79552,149355
720575941554831751,858964,76196,66285
720575941566800279,366016,172788,216540
720575941576064009,444820,56392,103725
720575941440037906,181044,113784,110115
720575941483468483,224668,178568,35190
720575941571137650,862804,92352,94545
720575941515131724,216600,86256,104085
720575941518085267,794576,110432,69075
720575941459771632,175220,137868,161145
720575941564680448,348352,180864,214380
720575941617096917,151320,192044,54135
720575941585591942,126160,213720,56520
720575941554014874,138784,204052,64035
720575941446048938,815400,137244,136800
720575941440506175,798656,202800,61380
720575941551681279,148404,170180,168705
720575941480888143,750192,207592,48690
720575941509042978,790296,140412,130995
720575941587207814,829116,194064,19440
720575941553761563,754752,84868,109035
720575941575635869,665864,191660,156465
720575941432819448,776856,111968,148095
720575941497735586,464008,909836,299025
720575941602987510,453184,789000,246330
720575941524099149,485844,894928,221265
720575941464075862,469800,728024,179325
720575941433082382,606660,627956,176985
720575941569777054,439616,883488,260100
720575941563346230,501968,740112,156510
720575941448991581,469632,803448,228645
720575941592517925,548384,726336,163035
720575941630236130,422208,151296,256140
720575941562868834,358460,180440,230265
720575941607243885,553004,190444,225180
720575941501912114,521356,641432,157095
720575941526640921,418420,882916,187920
720575941552267838,432232,834252,246330
720575941581805945,792752,111820,179235
720575941662374968,419884,853512,231210
720575941653252369,375856,118708,169965
720575941408491694,406580,187880,206640
720575941653696277,751132,202440,43965
720575941483600835,236276,77784,102735
720575941512003088,715956,137872,61065
720575941556769025,257480,108396,157050
720575941506177189,756452,211628,37620
720575941409753647,824624,127372,38475
720575941513469772,589968,116208,172440
720575941505975356,593864,201980,223515
720575941566449415,710988,198120,44910
720575941511024656,735052,111040,181125
720575941431446191,831680,203324,55440
720575941688181260,380844,178616,199395
720575941534163941,749668,160152,58500
720575941517014883,730844,94732,123255
720575941493378535,770276,148712,98820
720575941560342031,747764,90116,113760
720575941516328035,809252,100340,81450
720575941600272064,792004,97972,54720
720575941515033297,724884,202772,84960
720575941591438647,770212,100512,124020
720575941453110441,114672,195400,52020
720575941508856610,757816,135288,61335
720575941528371812,806676,101940,121725
720575941567744566,800980,159432,95040
720575941537601034,856724,123592,95085
720575941596794501,848552,133000,160830
720575941541265789,847092,181484,59175
720575941585638495,854836,142408,95535
720575941591688332,814208,64448,97245
720575941473194763,772896,112396,104220
720575941462591955,769472,232384,41445
720575941626385098,719796,206980,90180
720575941551609661,807432,109660,164160
720575941492958412,833888,115160,141075
720575941570038386,757124,166900,40545
720575941492236007,776888,97680,78525
720575941600325824,856804,158404,31140
720575941640674421,768684,139116,44235
720575941470757341,801108,192016,64890
720575941581376081,826540,92988,131310
720575941505374807,780284,200012,108270
720575941521106030,820764,151288,106110
720575941555894273,878944,90892,7650
720575941545319529,180108,182700,138780
720575941488141890,172856,226260,96480
720575941516448090,562908,83644,76455
720575941547865788,588492,112272,76950
720575941570189248,444276,53012,120825
720575941690278774,847572,91140,137745
720575941463048147,236428,132584,26640
720575941609141586,393008,157456,75105
720575941602055977,852176,94920,120465
720575941576307721,833388,101492,168795
720575941660524056,901268,84472,25785
720575941460449732,184468,175408,134685
720575941489590992,852876,78108,120105
720575941506314546,886140,125976,56430
720575941512022800,801136,151316,166320
720575941522846131,821456,119652,26640
720575941544065628,606120,184596,161550
720575941437605408,694680,132836,132480
720575941640208501,651548,187712,104175
720575941455793645,166056,120556,145125
720575941594683013,177176,145076,52740
720575941497544064,684188,147208,173070
720575941579206133,662224,182964,132255
720575941535936178,821280,149708,103365
720575941478781233,775180,131456,66870
720575941518274707,794584,135860,153225
720575941471853152,148116,176204,92880
720575941476352820,149468,135008,175815
720575941657175632,244920,97712,121545
720575941506531106,248444,94052,175320
720575941594799749,222240,88504,147780
720575941475366430,222272,163464,82305
720575941637322357,222908,184952,20475
720575941537799361,214584,146464,148050
720575941494979271,816868,122376,17910
720575941486036432,246364,214752,135990
720575941552142107,194720,159476,158535
720575941453514803,167132,90596,127530
720575941488164749,203260,122608,172665
720575941497842850,260856,220284,84915
720575941507996732,112124,209688,97200
720575941517143212,210664,91780,148500
720575941591815531,254320,204816,62640
720575941514775033,184796,200792,33885
720575941509441630,227436,179036,69525
720575941429241592,218340,95732,171405
720575941504589733,259312,203460,182205
720575941563539207,209592,173908,115200
720575941502953195,143212,128820,102870
720575941416168081,253440,126948,159975
720575941450903374,324896,180016,164790
720575941467886813,279508,224116,71010
720575941596887591,233428,91804,144630
720575941449685597,146296,191760,34830
720575941478429489,248000,210744,81990
720575941548250228,315468,211112,83295
720575941583871366,328320,190272,107460
720575941610273766,305112,170864,118935
720575941481232070,240152,143000,139005
720575941475696705,154272,175800,17685
720575941400029219,286264,186472,119835
720575941546263688,242856,198780,68445
720575941475428382,214116,117540,143550
720575941545511348,212020,89824,149040
720575941613478553,191668,214956,129870
720575941572010504,280880,163388,124020
720575941596710044,230256,105084,163080
720575941660492880,151644,189796,32265
720575941484724877,207560,125040,182250
720575941512093772,197872,98404,170505
720575941434380302,196840,113668,185940
720575941534788122,246104,201116,150660
720575941495491015,135076,175172,109170
720575941512341202,812376,172696,50895
720575941531374776,221876,79560,128520
720575941593626663,232548,175476,160335
720575941555092507,213956,172924,151335
720575941724609338,254764,79408,120330
720575941511806929,429008,214516,176940
720575941612435814,633144,137444,247140
720575941619227263,136208,117568,98730
720575941432471727,259100,184608,198990
720575941446184468,239344,193384,140445
720575941656506329,663244,184580,140040
720575941574969864,670584,159192,142515
720575941556993793,723232,184036,48555
720575941568083450,205312,193720,39690
720575941454401351,182732,123800,139995
720575941627405369,147456,148412,96075
720575941539617661,160956,115272,148905
720575941612879379,151352,116236,89235
720575941481847375,718024,138232,153045
720575941558697966,193876,168816,66060
720575941606216301,175976,140308,146250
720575941610083305,179836,126384,170325
720575941550860862,207680,156288,19800
720575941457341421,399188,118952,79605
720575941462261715,626348,184168,209160
720575941555792100,127904,144884,166860
720575941466131734,203016,151132,81945
720575941534543809,159880,107428,73620
720575941431953422,161376,134800,180135
720575941400683299,174072,125928,153855
720575941612969747,170268,147612,38475
720575941518171502,172700,159364,21375
720575941505803058,125588,167080,140445
720575941595221125,274924,223140,59715
720575941651516145,179584,215872,125325
720575941573689339,759896,181492,112275
720575941534588682,162252,130328,179235
720575941564492200,794524,146804,170460
720575941409059502,738208,122796,140220
720575941481451171,118060,151296,138960
720575941508614213,848564,182052,40905
720575941621673343,795732,84372,116820
720575941531241664,114304,216856,40680
720575941585383125,141496,136156,33795
720575941491158069,125976,215164,27090
720575941550718068,143600,124060,172935
720575941394922390,854580,135460,89955
720575941538318568,155212,206636,35685
720575941560511503,794908,112064,121725
720575941541575805,764532,155960,93960
720575941478967582,885664,138492,23805
720575941573288350,204676,88748,175140
720575941451449422,188016,102936,174150
720575941499267195,208552,157060,24795
720575941592090252,207060,177784,22500
720575941540101618,844672,160932,26505
720575941595477206,218056,118304,62910
720575941487839885,795132,122728,197775
720575941565080320,167240,166264,18405
720575941626849900,162352,119132,191070
720575941451353013,246216,91296,193005
720575941604361401,135916,123788,176715
720575941460421535,207648,80344,125280
720575941537355530,171968,90368,100845
720575941547098300,114068,159476,142920
720575941537581578,823736,112528,154665
720575941529834372,146876,93976,136845
720575941641523743,736980,177704,125010
720575941655344657,113260,121720,38205
720575941520597420,861312,78896,130635
720575941497692800,763608,81804,153900
720575941509684097,882188,136840,84825
720575941527840770,764656,93708,188550
720575941590898743,787892,125676,206010
720575941605962430,824868,72756,102330
720575941646150008,833712,127336,69210
720575941472659979,841896,95212,117180
720575941508194839,808352,86064,66195
720575941491798729,765836,143072,136620
720575941500100002,856596,131092,51300
720575941482932047,284108,198540,127710
720575941513011410,214440,116364,194310
720575941459823519,498648,233540,68040
720575941435317134,474168,370000,116370
720575941612075622,480384,860424,233550
720575941564715264,491920,239196,66915
720575941515922169,441292,173976,129510
720575941631642860,526988,205516,128565
720575941573499464,537440,624652,149040
720575941496611454,148392,195324,47475
720575941610608045,135592,164204,158040
720575941552584510,527956,232284,98370
720575941525881188,495956,370000,134100
720575941612114140,497068,371096,129330
720575941552229887,507224,600848,193365
720575941501608939,399376,244740,85545
720575941571691165,479540,370120,115020
720575941556128292,433044,113352,166500
720575941534943576,575160,198476,139095
720575941566822710,611448,84500,166500
720575941514810202,670016,575944,255375
720575941642966629,468688,370000,124155
720575941468103958,601952,144888,197280
720575941530367876,440288,811280,105615
720575941467916054,425152,199232,208935
720575941487405776,559004,122448,164295
720575941605086198,459328,146576,160290
720575941432857742,441500,194108,113265
720575941435496334,550012,147072,235260
720575941409470638,554316,141920,46125
720575941645609672,622024,129916,157365
720575941572489629,603648,218816,160200
720575941439366747,523620,147644,188640
720575941557159588,495516,163544,208800
720575941523515723,606576,551988,139095
720575941439360530,502056,610144,95445
720575941573611848,465884,139336,188685
720575941627116908,505408,62080,236160
720575941435389838,610840,159876,223785
720575941659672088,606028,147472,154710
720575941558575652,535532,104116,189855
720575941519054252,612572,174488,215505
720575941433749536,515796,246844,97425
720575941454307635,544916,187024,186570
720575941587482078,518792,180900,154035
720575941527011917,506452,174384,72090
720575941395020694,498176,226136,79155
720575941471279069,539164,151168,145935
720575941486002573,531416,128408,84195
720575941483857661,560704,96192,67320
720575941518103724,553904,83624,186660
720575941629992940,601784,195024,217980
720575941654772436,605360,199048,217935
720575941531452803,526164,158344,104985
720575941534504426,574692,84684,121185
720575941540575869,546576,147868,45720
720575941352981040,293904,87960,146880
720575941678813629,395224,174632,180315
720575941425916756,345992,100700,169290
720575941491578828,419388,163600,205110
720575941557553646,470080,572668,99225
720575941550622241,454456,131648,213750
720575941593112872,498912,64240,214020
720575941672018087,394464,118544,119970
720575941483910653,461348,89712,246150
720575941578797137,307016,156416,159255
720575941440667477,340556,113376,123075
720575941436964063,414672,982252,242820
720575941460119967,348680,163396,178830
720575941501385867,385164,96124,171765
720575941469842141,358944,175404,105390
720575941594589809,414812,107508,172755
720575941441837403,456900,137480,189315
720575941534943937,414456,717312,163395
720575941590801662,363208,116676,148275
720575941452754247,607152,624244,231930
720575941503178379,318196,126680,116010
720575941444974506,324552,145080,230445
720575941433279758,559400,99260,176535
720575941549199677,301412,127004,175680
720575941528750520,460352,672176,244395
720575941506863138,465004,127884,193185
720575941459054495,666864,605564,121725
720575941470392797,593104,816552,177075
720575941446901524,658280,615592,109170
720575941481275215,591424,119116,185265
720575941472131339,435264,965796,285345
720575941390363396,434176,791904,239850
720575941589998916,587328,148996,119880
720575941478969568,474768,912692,203085
720575941532279499,665980,102864,196695
720575941524245579,651660,125696,108810
720575941625397130,616508,82512,59805
720575941560686637,651880,127744,226395
720575941460773060,589720,68176,87030
720575941441158079,432512,218144,19035
720575941604620534,398072,961828,300375
720575941458097567,581812,825592,164070
720575941646008264,599976,92432,72720
720575941654033625,513836,814172,271845
720575941681615037,413636,76228,77490
720575941534543491,595324,92092,71865
720575941618896511,507308,811924,286065
720575941493708414,467720,768000,111870
720575941523277899,527252,215308,24480
720575941603700409,527576,749976,144855
720575941667394291,656552,593620,116370
720575941590468420,357520,989024,223830
720575941533426980,443860,631600,51030
720575941516679779,612632,647876,278730
720575941515804409,431028,218268,19440
720575941687744118,536124,204228,17820
720575941555326180,526480,215572,23985
720575941643098962,656760,595744,116550
720575941588993591,603024,589708,101835
720575941411767407,670020,582420,261675
720575941577698137,414832,69920,87345
720575941592653163,466476,953612,232515
720575941507434334,434760,218232,18765
720575941485445698,502320,638944,138465
720575941593698774,427888,226528,13005
720575941448799669,392900,125948,68625
720575941462412243,608604,648392,279720
720575941534146482,338372,1008772,295380
720575941680203453,575788,825628,169425
720575941527840934,484272,811432,250470
720575941494570622,663872,196032,178965
720575941536994826,688576,155776,204930
720575941452403834,675136,133748,186795
720575941401991715,673460,123560,207180
720575941509926750,675388,169408,144540
720575941484632573,449304,766640,208530
720575941594796139,894668,89100,11790
720575941452135290,409204,68776,87345
720575941451941242,726096,90096,131445
720575941526320740,442872,992244,232785
720575941534706307,331032,1024880,307305
720575941491010535,133860,187324,109530
720575941539670397,173280,130364,159120
720575941644641912,789780,155008,102825
720575941476660766,146612,174560,91845
720575941565384855,148016,211776,132795
720575941554115994,132388,147024,164970
720575941632999584,721236,184332,156420
720575941486305421,786464,150632,31410
720575941538315290,259924,201124,178560
720575941527173378,723800,159196,185175
720575941431018232,811620,183956,100665
720575941688678518,820172,92580,119475
720575941519503214,360832,934656,232605
720575941529917157,396672,1005824,240120
720575941416494620,185136,117292,101430
720575941472579595,668768,159636,135360
720575941498046177,400016,185712,202095
720575941522636023,377400,171340,225495
720575941595493745,401892,183756,220770
720575941598321308,483660,918516,249975
720575941593948805,511228,726096,241875
720575941501757323,566320,652416,130545
720575941453992685,510632,746672,180765
720575941686060662,573528,565104,137925
720575941723589946,490872,641256,109440
720575941654384596,584744,604420,195075
720575941604972653,559040,787576,192825
720575941572494494,496996,758044,135810
720575941612197734,572232,678868,231525
720575941471152651,574640,203796,201465
720575941624014491,556992,181564,234765
720575941461076493,454520,704452,243675
720575941541522012,597600,197836,225630
720575941564105479,467812,686304,178155
720575941553905726,857240,145660,92610
720575941529893560,399020,186376,203625
720575941429999279,141340,127844,124425
720575941663495548,620752,638508,228690
720575941514331203,601320,154012,193005
720575941575376123,773072,168204,155970
720575941555085284,558196,188628,204660
720575941532146917,614356,192116,205425
720575941581255669,160800,133276,144810
720575941540153749,839472,171084,75645
720575941468463702,667176,177116,104220
720575941547446633,400032,195268,201870
720575941525812299,719564,204064,46710
720575941616275353,553408,189580,217710
720575941556139603,720868,194440,128070
720575941463134148,749204,193828,157005
720575941581590137,794240,143904,74745
720575941473198912,179436,214672,30420
720575941497130368,750076,95148,147555
720575941625841148,257856,151100,209520
720575941478875166,722236,87956,107280
720575941575853577,672932,161036,126585
720575941459917040,756468,205552,25650
720575941580750161,766204,178572,119655
720575941611773161,906448,79860,18090
720575941478413108,725436,147924,199305
720575941409361711,829248,148212,86355
720575941632266466,738100,183056,46575
720575941509877633,243456,149888,26550
720575941511381264,784148,130388,58005
720575941553546495,841536,166348,56160
720575941431857839,840196,123544,92520
720575941559914788,833404,87192,93510
720575941592615820,799212,145828,117900
720575941597768325,797560,111364,131085
720575941462791108,812196,87248,121815
720575941541743741,762836,97348,83610
720575941592298750,723556,185464,137205
720575941511839186,771260,167052,75420
720575941467829846,742672,222564,45045
720575941610985802,721612,178880,163890
720575941595803429,242760,93340,113265
720575941633342956,788556,119004,149670
720575941453772457,771336,93300,154710
720575941646615457,751888,88324,95220
720575941505271787,896056,121572,26910
720575941415081617,123452,133892,52020
720575941455402291,746248,136064,158625
720575941408279726,126468,128040,80640
720575941412746607,219372,81248,119070
720575941433017047,129244,138508,166725
720575941692821144,188016,84360,144855
720575941562792493,741924,164564,54135
720575941577057718,612336,130244,220095
720575941670010023,364832,1008400,293895
720575941506284604,433088,127296,59760
720575941526835556,693056,168192,193005
720575941660262992,633564,145876,110070
720575941569516532,354240,159808,240255
720575941435604512,554496,165504,246240
720575941509922177,373908,126288,213300
720575941556631123,279872,115904,223380
720575941434961038,529580,198340,19710
720575941623886588,157496,224112,92070
720575941604992502,857896,95948,113670
720575941557571556,349132,177804,230535
720575941529059238,596592,74100,87570
720575941476635451,851120,130832,115155
720575941432616841,883580,87176,12420
720575941430558968,130108,183412,94860
720575941518954094,156564,188204,48105
720575941575926024,177504,170592,166275
720575941668019699,149508,170808,128250
720575941483391229,108712,185584,116190
720575941537309667,186648,170236,98415
720575941427340884,152940,159964,128835
720575941515505242,150048,168828,121095
720575941625756780,168108,102104,160740
720575941404468336,124280,172584,106650
720575941580086609,163980,227028,67275
720575941460931027,744588,148688,182610
720575941539208931,780436,106044,132345
720575941559664878,138020,153836,168075
720575941483111677,118976,187588,47475
720575941633975739,662764,157072,195075
720575941505177794,227548,109252,66870
720575941461541828,763424,156588,118710
720575941599862208,860924,140308,69840
720575941576493657,428948,893264,179775
720575941613245459,505836,843500,273690
720575941600543785,495672,785008,227790
720575941660911740,380036,982352,266760
720575941515920889,421288,853056,253620
720575941644392786,489172,745744,170550
720575941574809339,509160,759804,188640
720575941486459277,566208,615024,127485
720575941550836359,511188,618328,118710
720575941593808854,547840,752172,179235
720575941481946563,487892,809520,253215
720575941415830300,593760,167040,201465
720575941525747714,513388,655624,114885
720575941514960121,578244,102076,173385
720575941552993307,559524,700376,178380
720575941667446259,460624,795748,236700
720575941630999334,433536,866008,243720
720575941509062672,228068,196920,42480
720575941612385354,179936,135608,88290
720575941475745642,476888,686528,232020
720575941623365996,465540,769372,176040
720575941549653310,418732,746292,107550
720575941629314540,444264,756832,143775
720575941581183989,231672,234792,76140
720575941625311228,798136,98040,121860
720575941568884468,398740,99576,168210
720575941489151438,392704,198848,222885
720575941462933715,733460,185544,42345
720575941594512680,791656,177876,71460
720575941723514938,780968,73104,110880
720575941615959315,859700,157576,27495
720575941527864066,757320,125016,56565
720575941433041505,734216,196964,105210
720575941454430023,728384,131212,70965
720575941553128447,735096,179852,117540
720575941486505424,150672,91464,106065
720575941610820070,728916,167604,159390
720575941512991954,142120,112212,66510
720575941575381499,763528,107692,70965
720575941608910701,753520,190824,80055
720575941594726102,802484,170272,96435
720575941519575724,762908,152484,84780
720575941561983347,764136,119648,70920
720575941486975750,756204,137100,102330
720575941591911422,743048,122976,134955
720575941488125762,728664,154964,185265
720575941466526294,753704,149492,128655
720575941498668105,130156,210824,90045
720575941504960087,791844,154196,92340
720575941586970590,729168,92136,141120
720575941433725399,836356,120568,8280
720575941536691032,744976,184192,82935
720575941646572488,752356,146536,182070
720575941553761854,735332,190424,84420
720575941460303856,725928,173504,157635
720575941601514537,844084,178900,93330
720575941590800964,831800,139216,82980
720575941472971383,245932,114196,121545
720575941669910259,792208,124660,52785
720575941525336395,863264,138396,64080
720575941499645769,812728,98504,179910
720575941395059094,847588,161612,10710
720575941490796853,742840,207028,45045
720575941656488921,803408,73564,120690
720575941576225033,807224,138712,143775
720575941546573022,187252,136004,39825
720575941626373578,743360,203972,146250
720575941575080969,685888,154112,76095
720575941485284349,776164,169092,37575
720575941544790813,819896,103004,146070
720575941600245184,873404,91988,82620
720575941590494519,747276,139844,167985
720575941632174050,751200,154208,79965
720575941538668008,803364,166936,86940
720575941550557044,828868,103100,63765
720575941618351573,794064,152740,91980
720575941464353549,147308,143024,162135
720575941467423830,212648,101632,199755
720575941646280097,826668,89732,127395
720575941503568011,823600,84940,65880
720575941436978062,751732,118892,209610
720575941432649647,685916,215048,116235
720575941592978060,818184,148716,146115
720575941653495317,823572,162560,23130
720575941485105850,841464,104588,67185
720575941499972731,821152,114496,29430
720575941500774729,862832,103696,79965
720575941514732241,733072,103824,88515
720575941529159334,819468,96980,190215
720575941534358245,828488,103228,181890
720575941584329694,224092,147820,42975
720575941489678389,312924,201820,123660
720575941584847750,133908,157468,73440
720575941587896388,225820,198220,45585
720575941543276254,175532,113172,174825
720575941451002717,775780,199816,50895
720575941673038503,762860,102080,148635
720575941550666017,659316,153752,178920
720575941600187945,182684,131188,153405
720575941557158692,262344,100980,157050
720575941619089621,204860,181268,20880
720575941624668059,260480,167936,96975
720575941414656284,197976,228144,118665
720575941489086517,187864,167360,175185
720575941517810030,223868,93888,128295
720575941577876469,234324,143044,61380
720575941488699957,257752,107464,178380
720575941513871203,233068,119888,204615
720575941552641178,222248,144784,183600
720575941525868454,251044,118760,111600
720575941617880447,524992,764224,147735
720575941629301986,229648,202260,55890
720575941613599206,226960,78300,141210
720575941516922028,232464,156976,87255
720575941414257775,200744,103920,160155
720575941449876061,273012,172392,148725
720575941632496069,114492,198076,65610
720575941596726565,691968,118396,176760
720575941593615574,218480,217000,48105
720575941513450563,199344,223068,49725
720575941591922283,256320,228800,50130
720575941577931765,235200,231360,52605
720575941519877559,189108,162732,139365
720575941593638949,250216,221864,108495
720575941450984263,245824,126724,115785
720575941481782970,236880,103332,176985
720575941611671516,220824,134988,40455
720575941602058486,248628,97792,116145
720575941527466372,301444,176416,154440
720575941589502348,126440,159584,101520
720575941567860212,205560,78784,154395
720575941527243033,603916,186032,117495
720575941627129452,205928,183780,126090
720575941536810584,212584,151892,117225
720575941443134122,266004,182472,57330
720575941577858129,267752,220152,74880
720575941531551363,224420,174936,152460
720575941497286369,254836,193112,164745
720575941660590136,217564,177596,71955
720575941643408545,205904,157692,108900
720575941618738645,294924,175732,77760
720575941475365150,186224,172108,109710
720575941468117078,273224,150716,126810
720575941661140792,284740,166300,110835
720575941529334987,223984,183100,89685
720575941592986070,183736,176156,103230
720575941471937120,203324,197616,65835
720575941508670789,150000,93952,146610
720575941481724239,199488,108132,145080
720575941509468882,218596,120400,164250
720575941452335943,399708,131908,68130
720575941562946861,295360,201152,56385
720575941450818375,230808,107180,167535
720575941529031590,215760,156968,85995
720575941546294633,232560,161800,81315
720575941547955644,252232,188864,131310
720575941482038781,218552,143916,150930
720575941689610735,209224,212416,170055
720575941591507852,284968,162604,139455
720575941512210897,234696,198640,187020
720575941503895127,316436,166712,155430
720575941470188864,216652,123196,69345
720575941489991655,211784,116280,54990
720575941413323375,216440,97608,114660
720575941572070984,246496,185008,60255
720575941535578817,199060,209944,93150
720575941639023647,243848,213400,35955
720575941576467357,184784,97140,168255
720575941351511088,260212,132364,101925
720575941486259778,126504,137536,148500
720575941508682519,263524,135484,110655
720575941544023581,172896,201064,47835
720575941657624656,217768,142928,139005
720575941612824284,140504,118336,134010
720575941670087667,175292,142244,84960
720575941551697469,163148,123552,138150
720575941460943315,670700,207088,106650
720575941573223069,155824,157764,37350
720575941520115160,123908,124288,171585
720575941509820114,152944,107200,111645
720575941451278407,175920,165828,31545
720575941546821256,182680,151516,37350
720575941612847123,145092,224084,45585
720575941544845756,156540,220392,30870
720575941679968445,155836,220732,32490
720575941531970507,196444,168164,104400
720575941410147119,730344,139040,69570
720575941482410575,182020,145748,10800
720575941545275324,174268,202272,103050
720575941439435743,195308,156308,52425
720575941546593716,296904,170452,139185
720575941627490250,221364,162720,143010
720575941630753772,174376,236664,81495
720575941497616353,209672,184900,28350
720575941624918410,164224,159936,184950
720575941701845210,217640,196060,23580
720575941562681768,135180,183192,102105
720575941476046890,171348,238360,93375
720575941593563350,272440,213564,54450
720575941619464575,159492,176476,60975
720575941614117785,177368,219924,36180
720575941548057889,137904,151388,65520
720575941451128157,180444,192856,156870
720575941593475947,770032,171248,39915
720575941516495939,852040,169180,37305
720575941478108702,104192,191396,94500
720575941555128347,738468,178452,115650
720575941446684586,771452,206744,92250
720575941568816686,173092,90336,128925
720575941570068218,204888,98308,181440
720575941498211968,857444,110700,67185
720575941492358631,111412,179420,116325
720575941440177708,768212,73104,158535
720575941538422499,197416,130604,64350
720575941536143026,855200,105680,8460
720575941485216442,815144,187072,19395
720575941455672627,188480,94368,83610
720575941656157913,815984,88556,131265
720575941499753801,175236,164912,20430
720575941545634053,156292,145984,35505
720575941618347208,244688,81048,177705
720575941613261542,796792,111280,26775
720575941472007543,817956,140120,139185
720575941556398419,125476,192500,27810
720575941462382788,164724,103872,161100
720575941601514025,864500,149992,98190
720575941690916760,214032,154024,26910
720575941566825042,187524,113636,86535
720575941440697151,906592,86584,44550
720575941621888453,843204,76040,141525
720575941644683128,138852,105784,121995
720575941644849234,216660,81064,133155
720575941461697094,818596,148144,50805
720575941504571627,146976,168016,47250
720575941590902839,901824,84500,32310
720575941690135670,875168,77084,82170
720575941526762340,808544,119212,194130
720575941511957202,175712,89692,92250
720575941430120289,394892,241392,66060
720575941605523902,572976,161324,182565
720575941733215019,437760,216556,152685
720575941483134659,625568,97616,126585
720575941547229620,477556,857064,203490
720575941477298996,556324,253392,85410
720575941624812540,342312,846320,256005
720575941476378164,520340,270460,111735
720575941495918665,493208,370000,124695
720575941659223888,429356,267536,102690
720575941722212666,541208,615788,146700
720575941432481633,447316,203436,32085
720575941615259289,421808,232748,57915
720575941412138095,413160,66228,137025
720575941645106514,584108,124740,217485
720575941679302333,367436,85540,178065
720575941489377737,463964,370000,129555
720575941596670085,551100,130632,207720
720575941625799818,539208,153164,87255
720575941572689822,543432,220456,148770
720575941469052535,576828,569864,126315
720575941651615985,505912,149084,56295
720575941560974095,510680,78944,238635
720575941458728944,551060,119488,167265
720575941576138600,569736,154012,221265
720575941632076219,532104,182508,211725
720575941618303957,568124,64092,190350
720575941518204888,416292,506448,112635
720575941513976273,513760,252868,89865
720575941528315320,549952,138724,220455
720575941432321806,503984,262304,80595
720575941606910061,545400,235696,114885
720575941481772000,533712,193396,75375
720575941583863518,528560,123404,84600
720575941440627029,636768,180328,121950
720575941438786271,621496,153500,97335
720575941688436492,583176,218436,131310
720575941466982742,547496,101844,114210
720575941562471943,361968,926252,266850
720575941510433296,575140,101216,163215
720575941539162354,596900,182448,162045
720575941433518295,608148,192540,112050
720575941461516499,397908,190664,187110
720575941539994866,412348,117908,211950
720575941656845268,479056,179636,83745
720575941519126700,518212,83324,206595
720575941477558580,404400,108576,188010
720575941503590706,483612,160180,215055
720575941544280252,475936,161172,212985
720575941450127965,417124,197704,183735
720575941665054332,383524,111888,229950
720575941633117893,338012,129908,184500
720575941522130763,402040,945068,286875
720575941514976721,329432,127484,140535
720575941596148636,393192,211776,93555
720575941510548690,390652,93252,198900
720575941589117508,308316,146968,91035
720575941576785768,413524,73400,189585
720575941525868034,394492,206172,82305
720575941430620686,468624,129348,177795
720575941652046869,376688,208048,120240
720575941527579492,401972,130996,211770
720575941413797780,437312,123304,234135
720575941479632864,445884,169256,96885
720575941412551851,428084,63972,178650
720575941504506091,428480,192116,201330
720575941550234685,398472,178488,172530
720575941474504478,433924,805816,229815
720575941653569521,447744,251648,61155
720575941568788526,437188,811288,102420
720575941631223788,444552,811280,103860
720575941491488716,301520,124332,101160
720575941630657830,435752,75620,182430
720575941452850089,574336,100252,197325
720575941485226502,484696,134656,182565
720575941555072339,348708,956088,277560
720575941530123448,568756,167392,209115
720575941527014733,582388,188628,88740
720575941522520755,561612,73072,189090
720575941582621561,447540,192080,130500
720575941443967402,452284,653528,158715
720575941571456926,344404,1022172,306945
720575941503786219,342860,133444,203670
720575941646349432,462648,889980,181125
720575941595298161,412712,77096,80820
720575941624830716,428080,948048,203580
720575941503780034,673436,121504,135810
720575941595527025,447680,233316,61290
720575941548266420,677704,116476,212625
720575941592212587,390124,125280,129060
720575941574773661,357356,131992,208260
720575941594131051,596940,71536,83160
720575941499419977,434684,620912,64845
720575941551715134,345084,941232,270450
720575941591139326,427972,148024,4140
720575941534090418,339448,1100604,211545
720575941565249078,670032,582804,266040
720575941612705001,469936,59756,128565
720575941658442776,435156,218212,18675
720575941600174889,525668,212548,22680
720575941476577585,584468,825420,164205
720575941502685419,433036,218228,19035
720575941522247671,573292,825896,166995
720575941490513868,583184,73272,82035
720575941514935898,466484,950972,308115
720575941532553394,490820,775128,148230
720575941589870078,435776,649068,173835
720575941527311949,368168,1019528,206145
720575941525510658,600236,73164,85995
720575941542708060,414604,73496,78885
720575941473774176,552092,148176,7380
720575941564198144,435124,219176,19665
720575941518206099,590392,832544,170550
720575941604110782,432860,217912,18765
720575941625153132,368264,1003128,299025
720575941432184495,446772,636876,55305
720575941617255893,399100,125900,73125
720575941455968819,435472,918868,282510
720575941722144314,445068,631628,50850
720575941412228975,442960,903220,186885
720575941593633905,670032,580316,264645
720575941594018853,431044,217032,18180
720575941653675761,606844,91476,64440
720575941461600912,632616,597236,119745
720575941481109699,437560,990380,234270
720575941732790571,582208,125104,217170
720575941434185998,390516,169468,196425
720575941478223390,434112,208768,206055
720575941460975942,712256,79040,122580
720575941514974929,386672,156732,144315
720575941440534613,698732,85996,116280
720575941435798560,324868,113836,223065
720575941405636464,706432,92288,156465
720575941618300373,382912,135388,212130
720575941565467904,270528,118976,184140
720575941491833801,700864,110208,210195
720575941586878686,711680,76288,118035
720575941665691635,541532,250492,70695
720575941458374637,496484,931888,203175
720575941543128861,502656,76736,180630
720575941538690275,383552,74368,163980
720575941604881654,447744,280192,80010
720575941478757697,805608,90084,167265
720575941548946312,599164,196668,224955
720575941585690207,894440,105276,71100
720575941704391898,204972,104576,192735
720575941522585847,237504,136000,69975
720575941449300149,344048,146304,113940
720575941553659527,316528,125536,109395
720575941507618594,158772,121308,170235
720575941597867420,119732,138108,88920
720575941481598594,131056,166292,27900
720575941521087960,729236,210176,31230
720575941449369013,146856,158784,124965
720575941496043134,184328,197128,74025
720575941467410966,136208,143204,106830
720575941656197081,252532,107452,207585
720575941598210972,745300,158976,131265
720575941581076561,780744,207956,28980
720575941560748270,791020,161328,134685
720575941592236798,702260,230020,111420
720575941592046699,593604,566780,135495
720575941514758755,466376,627652,138780
720575941474890282,555052,113212,114390
720575941590978188,114352,209592,91440
720575941471931712,420068,972400,261090
720575941519117491,597724,618512,177480
720575941580644729,477772,903540,251955
720575941511861580,495936,826188,200835
720575941447867924,460256,753040,154620
720575941474794804,561640,692956,198900
720575941642567841,595408,609228,118485
720575941511388881,461684,705216,201015
720575941553045275,382160,984056,267840
720575941557884398,438668,919500,181755
720575941542411868,450768,638764,155340
720575941652324825,460604,721496,220545
720575941623412844,417528,882016,239490
720575941524774681,571676,182108,206415
720575941458334163,479908,719012,246735
720575941614478489,445800,727292,117270
720575941572434334,380348,979132,220860
720575941497884288,484864,666368,105930
720575941451667066,552472,187876,224685
720575941505818718,459744,770328,175635
720575941568585210,358120,191896,191565
720575941525981186,366500,149112,191745
720575941538291861,617320,190644,204480
720575941438662079,482028,874576,236925
720575941513483084,605376,197120,228330
720575941502991499,855360,127616,127800
720575941646559649,807712,141788,170640
720575941501236898,818692,158708,128115
720575941502905943,353024,172096,236340
720575941612975206,866608,145400,81585
720575941548051305,791668,197696,25560
720575941451207093,811556,192292,28260
720575941483677114,796624,168520,78300
720575941555672730,163760,159012,74655
720575941572234910,820432,102264,93465
720575941611843501,188548,101780,75735
720575941467809046,758084,146040,117675
720575941504886844,181808,201268,11790
720575941587083142,713076,202608,130230
720575941491879477,755896,89544,106695
720575941682093501,753688,85324,170955
720575941432808801,758804,134452,70605
720575941543635292,859048,96776,114345
720575941491564750,841820,78784,109620
720575941468175638,730320,209456,75735
720575941614313692,713292,205304,146160
720575941576404918,793720,212000,21105
720575941496768126,218772,163328,43515
720575941629598265,794036,104932,140490
720575941523678711,766236,134416,45090
720575941515915331,844620,123544,26910
720575941633542380,854336,107024,51390
720575941509674786,858540,127320,118215
720575941703722458,814988,79376,93825
720575941669871859,727236,159628,57645
720575941437731872,848212,153848,37620
720575941411549099,729624,202760,50040
720575941538095898,718716,109140,165870
720575941660988216,173092,125576,45945
720575941508952133,248468,112800,170775
720575941433855447,768368,156952,84150
720575941583492473,811360,139652,43020
720575941431718831,837532,92956,90405
720575941434534158,756048,174116,96435
720575941411859627,781888,192512,108945
720575941527308365,744180,143808,66825
720575941442796223,234372,157336,26550
720575941433088353,739096,125116,115560
720575941631415010,683340,122376,224100
720575941653856753,140900,171740,68040
720575941472451959,749764,155736,75645
720575941645427794,571032,814136,174330
720575941646692257,158048,104308,152685
720575941527948109,172956,135708,148860
720575941394341892,139688,183544,100710
720575941479413569,120508,158060,70740
720575941625595082,144340,218312,122265
720575941592369192,154716,139484,167265
720575941654787857,764360,105292,130410
720575941595158891,715472,119236,127125
720575941564878434,145680,225768,51345
720575941554901587,115676,139460,98730
720575941613547494,850512,133600,99090
720575941516497667,755500,162104,92430
720575941436874784,813424,121236,102330
720575941536701784,776072,128432,165195
720575941504171755,157624,101604,89910
720575941578350169,744688,191060,86715
720575941553467710,862984,151932,92475
720575941520252782,778544,205688,48690
720575941535443890,716068,202996,170370
720575941533507557,820276,158488,120420
720575941580166901,415744,77328,82035
720575941459469638,427308,235524,69705
720575941644708709,825096,155892,117090
720575941525826125,482412,733452,145440
720575941441984207,473004,899164,198225
720575941595887772,409688,974136,271935
720575941430107640,513532,713612,167985
720575941489099495,544556,730252,160155
720575941461223379,481732,772036,212625
720575941465609046,366680,187380,204165
720575941592527143,466984,699296,184770
720575941511186508,590384,600172,208800
720575941442374058,466980,685272,242055
720575941508000862,592792,197844,226575
720575941580626041,451768,666468,181260
720575941636281205,506884,691472,202455
720575941456244127,470248,708632,245790
720575941493980542,617556,193320,204435
720575941541740829,496380,733416,185310
720575941575864571,755884,160088,94095
720575941564991286,130040,127484,83295
720575941481518304,779304,130344,32670
720575941566526471,228788,236572,62370
720575941497257851,393228,193808,197550
720575941656659161,675408,186708,63765
720575941600411689,821760,176272,69345
720575941626105482,208792,126968,59310
720575941536752832,171544,103384,133740
720575941478293098,145320,126788,74385
720575941668591091,186712,102728,163575
720575941646165921,280080,208840,76185
720575941555541331,256252,92260,159750
720575941573735838,252416,158644,51255
720575941496545408,210196,128652,75690
720575941564010642,219860,90636,155880
720575941614560531,406240,94152,181215
720575941633411488,760560,168212,112275
720575941586755462,724972,209776,48600
720575941470036701,813016,107096,40725
720575941537598490,773768,161260,155745
720575941690356598,746008,107976,165825
720575941478687025,718808,154288,48420
720575941484048326,765196,102356,61560
720575941464009360,724788,161752,177165
720575941482350755,743884,150936,188460
720575941570330868,754504,93752,190170
720575941564916224,745356,135096,157410
720575941402294051,726428,174628,158535
720575941467916310,672924,209000,109935
720575941552923966,706704,181904,134370
720575941581144821,723120,192288,126450
720575941540652274,752020,148804,141300
720575941596781605,817736,129032,186075
720575941602173737,847664,135512,42435
720575941537199626,831756,98196,95355
720575941509699362,824364,201400,38970
720575941594338088,659260,208864,112995
720575941535437912,804112,134000,37575
720575941604871609,813844,163752,137025
720575941501616290,763372,138276,144225
720575941645107301,876944,140228,33345
720575941436919694,733032,141112,185310
720575941612822249,837116,159152,52470
720575941497310663,744348,82124,127530
720575941440998879,795284,172220,75960
720575941415636628,789548,116336,183690
720575941605066230,837184,149464,127845
720575941493378023,767968,90052,102510
720575941581208565,734132,139908,183780
720575941576966287,268036,171484,45900
720575941465154573,782884,168712,13590
720575941492113717,830656,148236,85230
720575941612619082,810720,220940,36675
720575941482405539,794728,92380,152865
720575941538197274,755940,160004,52110
720575941564569256,766072,93656,193725
720575941431781769,107592,187024,83700
720575941492553164,762796,177404,141075
720575941439502354,758844,117096,143190
720575941724627514,421536,78292,74835
720575941682433725,280192,115840,177165
720575941476837947,837728,86652,171720
720575941406262640,521540,201884,24120
720575941669868977,721204,139368,49545
720575941554943623,797556,90524,169335
720575941526219853,130980,108916,154800
720575941544129372,721028,181680,74250
720575941560848622,861648,96244,41355
720575941622900677,829164,121792,8145
720575941574182814,879756,119728,37080
720575941645504082,185700,116804,179955
720575941581391953,859448,140832,26775
720575941478775938,234692,131636,144990
720575941515473763,238428,168524,109575
720575941462090765,220648,110828,196605
720575941661882748,193436,87780,100485
720575941690186102,852412,93912,149580
720575941475725377,120224,156244,73170
720575941701441498,234740,184628,157725
720575941431485944,238556,226648,107640
720575941511678284,644136,212628,85590
720575941415360913,173432,169840,148950
720575941631427488,228120,118108,115425
720575941458307309,643056,212216,103455
720575941527864248,718028,199324,53415
720575941732961579,701752,212092,63990
720575941629617977,787164,87916,135090
720575941558350756,330080,184892,112365
720575941572766877,286864,229832,72855
720575941734556459,236276,84012,179460
720575941492816334,264428,118296,129915
720575941551804807,233040,79472,165465
720575941602800569,597208,607344,222615
720575941473078826,200600,160768,113895
720575941622572540,213948,148508,128385
720575941460212676,227504,151848,184365
720575941679178941,213732,226544,39735
720575941530358148,242208,116364,63270
720575941644139976,208740,192472,59670
720575941657531672,225180,203340,46080
720575941614198937,251212,122800,194805
720575941563465826,230248,101804,189540
720575941481403555,173760,134456,89280
720575941500757833,178000,172384,48780
720575941504506684,270512,221680,79245
720575941489065673,230616,154456,197595
720575941669040807,448244,231676,40410
720575941437506623,190016,175552,93375
720575941530776452,216084,204952,34245
720575941505241669,256604,200120,49410
720575941481256928,220368,95548,168525
720575941512224977,250264,180488,185400
720575941470399243,221928,148532,42750
720575941559629092,240664,144208,63405
720575941538361882,225540,93120,188325
720575941438572117,274272,215588,52560
720575941567985396,230132,105312,105885
720575941527449732,196656,207828,138060
720575941556572452,253104,196576,176670
720575941557394259,201316,214752,124110
720575941472289888,240688,104388,101025
720575941632291515,169556,79104,67950
720575941468966621,141496,198156,103140
720575941617988479,191056,184560,84690
720575941643042405,134672,200020,93150
720575941497812423,186992,185904,43425
720575941429219320,277352,222204,64845
720575941514707091,130880,139732,60030
720575941469190007,129680,142156,93465
720575941517386712,266968,201100,154620
720575941530096056,250496,136196,142785
720575941521304823,282364,233400,113040
720575941460369552,307084,190432,95130
720575941691527387,242776,191708,29970
720575941517399000,201600,76992,94320
720575941483805949,251144,131548,138645
720575941484678797,280536,183508,106065
720575941660147024,119292,96012,123885
720575941525926822,199148,117296,150300
720575941572708765,178796,197472,85545
720575941496410235,216256,240384,79560
720575941481870415,205840,108312,176805
720575941639912309,210508,73604,177120
720575941478282804,196048,110960,76455
720575941610530022,242084,157024,40725
720575941525108836,203888,156316,136530
720575941409502126,640580,153092,244935
720575941547481633,206188,151460,127710
720575941475991082,187680,121148,45630
720575941540410517,178792,174120,157770
720575941572483486,240300,192048,167400
720575941533413208,240344,135220,163755
720575941663696440,582256,120188,225495
720575941611536617,585536,70732,84330
720575941610177382,209816,204224,73845
720575941513849187,250816,131316,114615
720575941439687442,215340,106444,157950
720575941585848030,252284,123760,75600
720575941569093114,147200,116912,136395
720575941460886672,692684,151044,105210
720575941563129133,672872,196728,108225
720575941539945877,746328,196140,25785
720575941567451495,729076,141856,108315
720575941443670479,747676,158968,79560
720575941610587110,654740,189868,80190
720575941568292466,173568,105984,45945
720575941417839900,174436,143928,167670
720575941564803847,125320,124064,125325
720575941645238629,708956,109152,122805
720575941539369955,124124,164444,136440
720575941507006849,719308,221476,108045
720575941438709567,120428,122436,85635
720575941534504385,156872,208680,129555
720575941571191454,158440,227624,79335
720575941443584682,152040,128464,60885
720575941522790731,170804,124628,58185
720575941475812382,138944,221504,31140
720575941580328313,151280,110432,93240
720575941625841802,140308,145728,143325
720575941410612395,136736,179376,35100
720575941583785055,160552,109416,108540
720575941460606931,670184,126700,200295
720575941573300637,201900,188576,26415
720575941661058616,244012,157016,186030
720575941462438413,145280,172224,14310
720575941605554366,575016,825740,168390
720575941535387329,135156,133660,73080
720575941589410558,190304,166344,172710
720575941609914954,218012,161432,147420
720575941525663076,214568,153848,132480
720575941613017619,246312,188716,171000
720575941668247795,294768,122704,168435
720575941432826287,737768,198368,26505
720575941604967926,733280,191416,76320
720575941555047815,801424,148368,83295
720575941604455414,757164,115796,77715
720575941627663724,798112,145244,165645
720575941536289818,178036,113624,46800
720575941581513081,206012,144852,31815
720575941613690285,845220,164752,60165
720575941546475013,813772,203660,36630
720575941440728287,850644,157128,102195
720575941518332819,792008,133092,169515
720575941540415936,179076,80400,136980
720575941573253790,153160,125532,145260
720575941611642601,754592,75388,131670
720575941617375957,108384,195544,82485
720575941509839454,819952,127888,120510
720575941459757215,121860,150268,105300
720575941482997955,812356,131596,132075
720575941354483504,761092,144628,108540
720575941627028106,166488,192224,12645
720575941613448806,131564,178240,21600
720575941633000608,115780,212748,48060
720575941481956771,743500,75628,137655
720575941645766008,816464,166764,129465
720575941550498337,718288,123468,66195
720575941441824597,806556,89464,136215
720575941621614533,797448,104008,174690
720575941576005385,196620,188296,75870
720575941527860226,845344,104812,17235
720575941510472208,203364,108480,170460
720575941663721528,832340,96524,64350
720575941497688775,832172,97840,79200
720575941596957809,741160,95280,141705
720575941466022422,473732,370000,125325
720575941428762249,421552,266048,87075
720575941517447571,529696,591616,190710
720575941621593727,571204,144824,150480
720575941461347027,504708,210080,69075
720575941510064594,450572,811288,112725
720575941562316039,425728,782944,227790
720575941558924270,462916,425828,135090
720575941555052571,589760,636784,179460
720575941564742144,500104,174332,52020
720575941703124698,447400,839040,241290
720575941584891526,547780,71264,191880
720575941506471191,531696,140584,162450
720575941618279125,596496,135984,152145
720575941579662417,535296,149372,125145
720575941430321912,566680,98376,185085
720575941536301205,577292,582940,186390
720575941509606017,575956,170948,203310
720575941439505749,572736,107392,58680
720575941563706770,574484,151680,224820
720575941524428802,473532,153660,165285
720575941685800687,565748,150912,221715
720575941533392515,530352,126964,87750
720575941574069917,548368,135684,224415
720575941530115813,531424,141284,176805
720575941500047689,535616,167168,203490
720575941466785302,588288,151296,56700
720575941689442572,543392,76032,208035
720575941513208785,558464,148492,134325
720575941565362183,532212,167180,104400
720575941576250550,514068,192288,126990
720575941599769280,375128,173672,167625
720575941592079656,561144,180148,200520
720575941544873221,500104,248112,96840
720575941553369918,569072,149396,232110
720575941644349560,485184,141176,199035
720575941630619942,332104,137032,77490
720575941553859044,377220,187988,90225
720575941545042949,443412,148492,162855
720575941410431659,455608,190020,198990
720575941499865211,501080,908892,269415
720575941402754416,449288,139732,175995
720575941496997575,347952,132848,147600
720575941536646938,428200,145736,57105
720575941573752904,474872,158428,172665
720575941539401109,352552,120440,193545
720575941654852625,433876,60244,185715
720575941498681467,430204,63308,176355
720575941511597522,465876,136432,152100
720575941515037018,492676,744552,165825
720575941611367498,333724,93492,180945
720575941568656890,336108,103080,159075
720575941538705635,315148,125812,100665
720575941555447204,325732,182524,185895
720575941511577298,305076,138760,186930
720575941568418606,382176,85252,180765
720575941595487781,383784,120828,213660
720575941543031581,320700,134812,83160
720575941553978395,359228,167104,170325
720575941478215136,465456,164396,38115
720575941615391897,382676,181668,112860
720575941476293937,404900,181840,113040
720575941542634588,352648,187640,112365
720575941480417504,416220,155852,200430
720575941488844750,425992,154200,58995
720575941581752441,424532,92548,119385
720575941595107542,426304,86088,190890
720575941431223983,438336,105948,115065
720575941428540591,453124,124432,84240
720575941457740525,443760,121332,166860
720575941604286966,479780,164600,196875
720575941632635808,469432,140712,52605
720575941458761683,429920,211680,178020
720575941394531478,384412,635540,211950
720575941546518305,473036,639112,73800
720575941450269789,422016,102296,193410
720575941631198178,441284,146492,197730
720575941559570414,331388,162520,214065
720575941504611351,522284,140040,170505
720575941630672678,575656,170256,114750
720575941605767650,461872,652416,152640
720575941685008602,451660,647044,55710
720575941392417174,406568,931860,201555
720575941485402178,439180,936544,206100
720575941683842200,479672,969876,226395
720575941455317741,654384,602532,110880
720575941629953830,568204,121340,192105
720575941558610791,459904,186288,44955
720575941532248707,406396,98892,173025
720575941552459007,414052,75764,76095
720575941470833472,592540,831784,166275
720575941479855234,272512,120512,86130
720575941449330452,400544,124624,75375
720575941470592779,433368,920472,281970
720575941430209417,370440,1019528,210555
720575941440194389,534496,206300,16920
720575941663593340,457552,111108,77625
720575941574374557,447508,989304,230895
720575941452539955,496240,152596,255015
720575941563241874,435048,219068,19575
720575941452078158,414176,73772,80820
720575941591618188,547396,69732,156510
720575941572741790,595692,68224,88380
720575941650503701,179460,186516,24750
720575941525991426,537496,275324,89595
720575941631106284,368640,1019528,210465
720575941680756157,529692,213676,25875
720575941472976525,528708,211564,14625
720575941493043632,528032,211332,24165
720575941565317271,526884,198660,19440
720575941507702110,585888,66176,87525
720575941535127384,593760,70064,86670
720575941625052059,461808,640972,77760
720575941551127155,590088,824796,168570
720575941494677118,432904,218996,19845
720575941555630931,537100,202804,18405
720575941579470837,433252,219076,19890
720575941584593030,426072,813492,107910
720575941440267455,650828,602676,115695
720575941627348682,408896,175028,62415
720575941653478897,428116,947268,193545
720575941703755482,403848,138548,65070
720575941445871018,633524,140196,211860
720575941644989029,649364,104888,181845
720575941497026503,674688,95104,191610
720575941509989136,605944,74680,87030
720575941490659276,554780,143244,15885
720575941554935067,594112,94848,229590
720575941591827752,526752,807212,258210
720575941632348140,622300,128836,233190
720575941585469791,522624,112768,77535
720575941440111916,166788,125056,138690
720575941516777475,270080,93248,130500
720575941566460514,834116,90976,169155
720575941606210494,414152,101784,184500
720575941613348966,869864,106372,87210
720575941612774986,212428,126624,187425
720575941507498300,174144,112336,167670
720575941504956395,139728,93436,164385
720575941569497332,641568,171600,149895
720575941659159120,128528,98040,91665
720575941638884213,151156,170332,113805
720575941662899068,143900,132456,133335
720575941555649946,106108,197080,103500
720575941470844279,150964,146144,90225
720575941611713254,768208,153000,94230
720575941689285359,775044,137140,52425
720575941412952747,273224,208856,191250
720575941551690239,145508,119648,179640
720575941519164014,226880,153640,103230
720575941482483875,734084,189076,168075
720575941529591428,767396,205084,25110
720575941568855540,469060,835088,235800
720575941537641955,425836,954028,267030
720575941592638245,416752,942112,290565
720575941496957346,506316,708920,194445
720575941449993821,488480,609068,85140
720575941352944944,478640,729916,189315
720575941592380199,483988,704100,202995
720575941472742752,392396,944728,248490
720575941651598577,405028,845060,213030
720575941614273043,448040,622456,139815
720575941632068256,606036,617616,138465
720575941594310184,420684,984212,250785
720575941640866661,479264,719488,122940
720575941476126769,412348,173924,215595
720575941551057919,494748,699216,197370
720575941451436922,525336,641244,118575
720575941549240319,385712,875700,228105
720575941564236130,494488,901948,223200
720575941496186081,566808,766264,199260
720575941552374273,561076,738644,237645
720575941602969846,486128,905016,280935
720575941565103970,574032,89900,174600
720575941656270672,420844,703448,190035
720575941509234386,366856,189412,205830
720575941505197989,598744,155104,188910
720575941438993727,611408,189284,203580
720575941575340982,560800,191232,227160
720575941414305681,468956,638988,120690
720575941439224620,771224,193312,26685
720575941590807876,860568,169272,47250
720575941643304530,369984,149820,196290
720575941511164882,714096,201780,131895
720575941430976393,248720,125296,66105
720575941510040193,789644,87012,157725
720575941646469793,829976,91432,117855
720575941589928247,829852,91200,117720
720575941427373140,124232,212040,40365
720575941530289284,745772,151236,83655
720575941577101928,160344,83312,83295
720575941553131655,719472,202928,47160
720575941493442791,244804,112308,163845
720575941493997438,599152,123880,183690
720575941547773320,381872,194256,196875
720575941607221613,398612,174688,222840
720575941452994682,722428,123128,69705
720575941660142160,787752,152960,97515
720575941479347306,815064,172764,85185
720575941551638132,801396,206884,14535
720575941408809390,785516,146516,99945
720575941556552676,783128,129660,47250
720575941436424078,752092,81268,142965
720575941451822414,720568,228640,51660
720575941527801090,795036,87172,74790
720575941481912995,753340,132604,139815
720575941534115045,726448,201048,175455
720575941503881963,725800,133744,54585
720575941626225098,753468,172908,68715
720575941354537520,838380,128024,104130
720575941440161068,788032,228928,54045
720575941646567800,872288,85364,55350
720575941515997955,777932,86644,158940
720575941482449091,759232,116592,62235
720575941644688741,744308,184836,43920
720575941463092368,775948,98008,142695
720575941445926314,776512,140340,130635
720575941541889405,750448,151232,112365
720575941517667475,829796,153196,79875
720575941450936757,851064,168308,48150
720575941529721988,736128,200480,44865
720575941682256573,766968,155296,80145
720575941487098630,823032,94988,91890
720575941537258689,758384,89360,133425
720575941581336913,720600,157996,193095
720575941522626739,187952,145536,177840
720575941551122036,818340,191544,88290
720575941538799080,724032,89788,139140
720575941561639539,746648,153340,131220
720575941640797813,794944,98980,94680
720575941489399349,444628,663808,165150
720575941428550740,640448,134336,268830
720575941662678584,413004,76268,81270
720575941468091926,729536,80640,184230
720575941590065732,689408,89856,175770
720575941521002679,706752,112704,168660
720575941560968207,584448,182364,119520
720575941516244908,435412,813020,107055
720575941522480819,405004,723400,166455
720575941415843732,816880,99944,141390
720575941635010235,718484,186572,61245
720575941442396351,828920,93476,170550
720575941479822954,307968,89312,191250
720575941567694439,850608,98288,105795
720575941734082091,602496,613708,105975
720575941682092477,816560,167568,96075
720575941520670131,754520,178852,29655
720575941549473652,157120,187088,42255
720575941485931149,127948,184804,57960
720575941401253155,119348,164308,57285
720575941567802670,154764,147504,130950
720575941669752051,124084,199272,26775
720575941627698843,136000,175240,61155
720575941550750753,793804,172480,72720
720575941452873385,733892,167760,45585
720575941523472631,700804,222364,55890
720575941444404394,118828,168172,96750
720575941414114452,133068,222424,60390
720575941413869457,125328,133060,130320
720575941454025897,840128,111416,123390
720575941639150453,714556,192900,164025
720575941645743186,815036,186916,75780
720575941538818709,817660,186948,103095
720575941641506386,404992,844100,221850
720575941524680962,535032,596548,198540
720575941508672069,219988,197328,90540
720575941575200507,133576,217884,102195
720575941494991047,558756,694464,269235
720575941587204062,500592,829832,201780
720575941457689072,479820,923616,237510
720575941612073574,380164,925720,199935
720575941589966078,466100,772236,222390
720575941504279831,627512,614268,159615
720575941623303323,490548,712144,147645
720575941457431280,454096,675656,184365
720575941627646521,587400,185820,197820
720575941471928843,373172,195288,202410
720575941495949952,376836,186044,195975
720575941478168739,371088,994736,228960
720575941722030394,407584,705280,195435
720575941495611520,594128,201436,205920
720575941562925319,589720,141468,187875
720575941568404218,425540,639392,143370
720575941552543898,177900,93140,145620
720575941594129704,809728,123772,179730
720575941565551616,803104,139340,165600
720575941533092739,166664,108300,93645
720575941608720617,439976,752760,138060
720575941557917412,880032,133408,79335
720575941590614596,661264,171920,104040
720575941612736586,683844,226796,118440
720575941442560347,737184,174344,70830
720575941482250403,867060,123668,78345
720575941448239380,718280,203036,53640
720575941549532808,779740,87352,111915
720575941451412061,717356,127744,69840
720575941552918555,121072,127204,97695
720575941507450903,740012,157656,80865
720575941481550048,806480,94920,73935
720575941460342086,682892,147920,159390
720575941353420336,726748,203192,97965
720575941573987742,784808,206004,66780
720575941537861402,746260,219036,113040
720575941618753237,735136,90500,109755
720575941536283626,817900,97912,90135
720575941660409624,756860,133264,99180
720575941601215017,762336,150832,85635
720575941672352167,866444,118956,41985
720575941525867595,760708,183068,24930
720575941577664950,805648,138692,141480
720575941595019627,813284,180048,68850
720575941517501433,712784,236100,43740
720575941634091424,717984,122716,162180
720575941621312639,217032,183524,140220
720575941442461375,822336,180912,63405
720575941405883504,781232,119368,50355
720575941537835034,715596,211124,49590
720575941565557138,759124,89372,91260
720575941476204074,874360,142812,28710
720575941540255986,762856,201956,49545
720575941530592696,875308,96008,103320
720575941562771245,666728,201024,145260
