root_id,x_nm,y_nm,z_nm
720575941442634687,1557968,441216,3920400
720575941534220517,365708,127476,65430
720575941551555327,397072,133304,77130
720575941612929945,368608,159744,79245
720575941528093517,607900,78920,89460
720575941493031116,447064,122832,120015
720575941602411049,299500,92568,118530
720575941549163581,265132,223292,145755
720575941471732576,664696,204456,147465
720575941472912682,97896,135872,91125
720575941551719028,692044,180100,166005
720575941534548506,146560,191876,85770
720575941486936784,608076,597844,152460
720575941662474552,422248,205372,173475
720575941627969900,265580,149480,100395
720575941575835899,301852,173652,143595
720575941478417571,255604,154020,105930
720575941566989719,607988,76000,85815
720575941438013663,192712,135296,82800
720575941462655187,358004,220392,173070
720575941442634703,599116,90456,73890
720575941442633935,610804,79268,60570
720575941600019753,390912,114044,81405
720575941451448413,395740,122032,72090
720575941481464800,622084,92680,87480
720575941478188084,265100,135384,105255
720575941576786063,578536,228024,147465
720575941559125156,233740,125564,97200
720575941540151957,601924,80792,61785
720575941471863415,597820,87616,75510
720575941527076889,320236,178368,150120
720575941594841383,689140,129612,147060
720575941592219944,567740,767180,196020
720575941486839046,593304,638328,108675
720575941535925018,506848,370000,130860
720575941532746981,421556,150244,167265
720575941632459234,496184,370000,119925
720575941504860978,480580,591512,192960
720575941526946562,427032,158220,128295
720575941449745333,415068,906380,250830
720575941589304644,450000,306920,102690
720575941551948543,542780,158872,180495
720575941450728314,501876,370000,123030
720575941514658906,653568,126912,91350
720575941459870278,497884,370000,135045
720575941435983136,491112,810056,188910
720575941459936070,535632,623680,137565
720575941464753430,487876,370000,126180
720575941574657032,511644,632544,166500
720575941560566799,456556,878660,193005
720575941616501205,452756,830788,220545
720575941550801441,553384,591752,116145
720575941552964095,545544,709308,177795
720575941603755193,547188,621124,104310
720575941473861728,482212,370000,121410
720575941691311512,545136,574980,131760
720575941439161567,539172,620168,126270
720575941556338916,390088,219712,105345
720575941411472555,444652,147512,130725
720575941568889332,496424,370000,117675
720575941449875893,415388,204168,66015
720575941614272531,526700,614752,109800
720575941563646050,496424,627620,132255
720575941646451361,557872,178968,171135
720575941552768062,489164,213904,97470
720575941471240256,526168,716008,188145
720575941530649803,466032,370000,128475
720575941435949198,541012,631516,99585
720575941547229620,477556,857064,203490
720575941560435059,441860,220176,69435
720575941516100954,506428,714900,209565
720575941565285730,527576,276960,113445
720575941463736464,482108,370000,130950
720575941539792220,486780,272792,116010
720575941441848411,578932,682056,179640
720575941436244110,572420,639752,120600
720575941522981043,541996,665992,146205
720575941552603966,445220,229864,140085
720575941556437732,528572,649500,127485
720575941491065653,486116,161508,151515
720575941402821923,447072,232608,124020
720575941478187316,714740,163000,147555
720575941595366693,547364,210676,171450
720575941586912134,375892,121188,145170
720575941481103523,489896,370000,130230
720575941549950207,470084,370000,122040
720575941692162456,495436,370000,138825
720575941479563650,547584,614952,141210
720575941548409377,436088,190384,173340
720575941353112112,534048,704300,208890
720575941649039637,497660,370000,124830
720575941596218225,423388,228044,97065
720575941508301125,656456,142228,109170
720575941604213494,512928,188196,127665
720575941526946306,525220,188720,176355
720575941537792488,517236,160116,163530
720575941505909042,527796,244172,72720
720575941643175013,608496,196456,113220
720575941567382631,515732,107980,155475
720575941453873715,575092,115136,106875
720575941473928234,402640,159212,188730
720575941520622958,532328,141940,217215
720575941543100701,408008,187392,176625
720575941611750419,429308,735744,146250
720575941576950159,439856,196716,115200
720575941555618468,353808,187564,83070
720575941518951084,307216,135596,89280
720575941638063391,429804,739524,142200
720575941450761294,299164,120872,118845
720575941516362233,370192,108260,182025
720575941524258891,325496,123796,145890
720575941526291021,327300,109008,134370
720575941535335178,321024,124864,125145
720575941500863138,319924,126692,144855
720575941536187658,344528,115792,192825
720575941454070343,338500,117620,149850
720575941460427920,424652,130432,155025
720575941687837708,375396,191020,99810
720575941574001161,368596,170884,114750
720575941439488719,409620,102216,178290
720575941457937136,360608,195288,101295
720575941535171304,473692,195076,85545
720575941527175590,411152,192864,73890
720575941632492002,420700,196188,92610
720575941644059000,371008,167360,48105
720575941501321355,413948,174200,123705
720575941437588268,579940,233160,99225
720575941441192021,432636,237492,111285
720575941449975221,439220,167124,26325
720575941533696643,421380,145560,148725
720575941603984825,435020,215476,177435
720575941411438763,424192,237744,149355
720575941442667099,367248,205488,117720
720575941478187841,424760,811292,119385
720575941474648123,296468,112088,96480
720575941558435855,593208,645984,207405
720575941525308582,389580,877344,207135
720575941575606454,449832,184772,102150
720575941528159142,333052,145608,102285
720575941481071802,419180,732756,138240
720575941591597196,388924,114776,183330
720575941496144071,325496,146476,91080
720575941413700241,561196,167504,104220
720575941628133433,330328,145728,99225
720575941493097703,348948,108180,116595
720575941610636265,371376,164752,81945
720575941666964723,611728,153712,99630
720575941569414132,345560,147168,103680
720575941408686766,400832,152528,224370
720575941472190987,615016,86028,90855
720575941597562245,594308,86136,75735
720575941651989525,462968,167512,187785
720575941412849007,564224,151656,107010
720575941558861839,598188,691004,213030
720575941515838611,398572,126296,72405
720575941353930800,552408,177260,79605
720575941560272243,380116,102564,80640
720575941575804169,590996,90640,71910
720575941553554494,705152,94592,113130
720575941472485899,297596,128756,122670
720575941487526150,694528,109184,103095
720575941564170920,648060,122512,166095
720575941584455007,605000,91340,74610
720575941612504297,494808,652564,181485
720575941393745046,459324,731044,172440
720575941411405995,486924,682348,157365
720575941483266246,406348,133588,189495
720575941487755330,257932,137524,172935
720575941480415939,511720,792440,251730
720575941523079415,433780,850248,201600
720575941535073002,409220,904584,177075
720575941532483813,428840,889132,217485
720575941518787244,383516,922440,241380
720575941631706053,505464,643852,118395
720575941513118201,496168,595276,193590
720575941593433046,475708,901328,267750
720575941533368554,453616,908808,285480
720575941446729748,492300,882504,246600
720575941642158930,516868,716340,199395
720575941579867125,471904,840808,272925
720575941655856152,501684,745036,190035
720575941542413660,576148,712488,251775
720575941463638285,505564,801152,210375
720575941496374142,517788,793172,261900
720575941653923057,479280,907020,207945
720575941480514434,546796,698220,125730
720575941561320493,571648,735424,272565
720575941554242695,477556,836948,196740
720575941538087829,423520,930404,267705
720575941572231177,481196,934324,259065
720575941630296517,539168,765968,207450
720575941518427319,526252,619836,206145
720575941613420646,506732,736776,164655
720575941434967072,432880,854012,189585
720575941527766093,459032,928628,255780
720575941684921583,513552,741828,172260
720575941519279064,482668,871488,288135
720575941447025845,512588,723332,236520
720575941433033486,510480,913256,257535
720575941600543785,495672,785008,227790
720575941521146035,499444,862484,233415
720575941665489139,445472,596284,98685
720575941601330166,484340,811516,207765
720575941516461123,431280,878692,202005
720575941527241912,472908,807948,226305
720575941543658428,478736,622188,138555
720575941451841863,535208,690200,219375
720575941611914669,570672,683684,213705
720575941474420027,607240,623916,201015
720575941560632744,496560,715856,228105
720575941579866869,444024,718596,145530
720575941428412591,598724,687408,207270
720575941575082678,609728,602680,187875
720575941642158418,469008,918848,256590
720575941531894731,453292,725300,146475
720575941390632342,461968,694264,164430
720575941468717835,561628,694724,194220
720575941428412809,577472,677908,208305
720575941595529861,550748,654952,191115
720575941689803227,577164,643364,119160
720575941488542414,462928,627708,137070
720575941507449985,451272,711188,152190
720575941559321971,459636,697428,166365
720575941723161402,478056,694832,223875
720575941539824789,605912,559724,126225
720575941514625539,607236,590268,116190
720575941505745954,432336,811256,133245
720575941603886014,436516,743468,139995
720575941689377944,496104,789304,224100
720575941583601886,452072,701196,196155
720575941668275121,501308,890952,227610
720575941594776939,499696,626580,96165
720575941604082361,592684,579544,125460
720575941504860354,585140,625560,220995
720575941556372516,495860,783372,246195
720575941507777552,528120,709616,241200
720575941498438779,404992,932032,166500
720575941535040234,449692,837364,211545
720575941573543069,425904,938028,268155
720575941460983952,408156,916708,204435
720575941579768565,543764,744896,257490
720575941501092951,578484,778132,181170
720575941592155350,567548,717812,221940
720575941531468005,476536,605408,89910
720575941563254070,530388,646644,170370
720575941567644530,551392,649036,159750
720575941560402547,493744,848124,267975
720575941642650056,476848,763312,226620
720575941483790989,513288,652852,147690
720575941516624600,464064,622528,143685
720575941457707167,555792,661040,187020
720575941552996379,432932,867404,184995
720575941523079243,535040,766692,151380
720575941609390182,547760,760664,217980
720575941501748274,562692,742656,237015
720575941583208582,525808,701956,233685
720575941472583995,606504,775456,201285
720575941563842663,579752,729620,202680
720575941392302852,508656,743836,220680
720575941567054580,533496,767216,206460
720575941453578409,522728,779620,203715
720575941515936249,520440,795024,238635
720575941485592838,433068,867852,189585
720575941601591337,465096,637268,158355
720575941471307104,529504,693680,208800
720575941563253814,502340,715016,201555
720575941587304759,422732,762872,124470
720575941478057123,522356,611540,152460
720575941537005578,488456,808416,212535
720575941412323473,537276,719528,261180
720575941571838365,570124,735856,219015
720575941630984418,461236,731212,194760
720575941515772819,547856,746468,181395
720575941531174328,479788,859444,201195
720575941523112439,562520,623472,211725
720575941512987129,542816,687592,206865
720575941438440236,556788,637048,231390
720575941573542813,532920,731240,160785
720575941433230368,599904,609464,177480
720575941493949310,603736,610816,163935
720575941450007111,490816,811248,202140
720575941540185213,429132,719872,172215
720575941608899561,469872,769248,222300
720575941659328848,402704,899900,209025
720575941468717323,523520,692128,198225
720575941724471354,454632,773936,178155
720575941552374273,561076,738644,237645
720575941431854217,587716,619244,161190
720575941453939693,572020,778396,197280
720575941639340405,481812,831340,285660
720575941531436261,422092,747932,193050
720575941503451301,469284,726676,238365
720575941551326235,436388,739304,170820
720575941528978123,479684,727624,174690
720575941609489385,425096,866868,216630
720575941439554604,421216,870416,216990
720575941429231969,409552,861804,224010
720575941506597505,405944,895344,179235
720575941579900149,427700,847056,230715
720575941558698285,440540,607136,145980
720575941566202471,439648,604156,148320
720575941459313478,451616,604752,94680
720575941450532174,462116,794472,190125
720575941482381391,382952,883876,224100
720575941527110840,490044,708184,189990
720575941690032792,417048,880148,218520
720575941501912114,521356,641432,157095
720575941479171267,504124,651540,172530
720575941448205749,603760,608984,177570
720575941555553363,418584,730384,160830
720575941501944514,412532,913880,197910
720575941629935654,482692,793408,232470
720575941429363809,463076,797732,232695
720575941514559564,535704,739728,200025
720575941471470091,456272,756248,181215
720575941665522419,430432,653188,237240
720575941481989059,604004,613004,192780
720575941637800565,601172,617628,157185
720575941462065875,616848,629276,192825
720575941614273689,467172,758792,223965
720575941610111818,475936,901856,228285
720575941553587006,487700,800548,231300
720575941559975951,402560,934752,191835
720575941439652370,286116,154540,165645
720575941462819268,213808,113764,127800
720575941583307129,601300,222360,142020
720575941353112880,327924,195772,127980
720575941478613790,216100,116848,127350
720575941555094867,675200,120868,95085
720575941492966348,665616,191264,132525
720575941517214467,807568,204940,66825
720575941540545884,498116,370000,128655
720575941432378071,521008,188412,119880
720575941571871241,466896,370000,124605
720575941588123902,401796,236480,73170
720575941558960143,467444,370000,127305
720575941515411603,536468,231656,96930
720575941628167225,550060,237272,117585
720575941560435571,471548,370000,120420
720575941602411561,332720,99888,141795
720575941529993348,568144,156668,102465
720575941604606710,373312,143736,105570
720575941493293543,633192,102984,171810
720575941479728291,469280,934312,274815
720575941470029021,281344,92548,125370
720575941486608706,580616,140796,100755
720575941474779946,560272,152540,107055
720575941440472149,513508,146904,149625
720575941498667899,620016,185600,107325
720575941433132302,598368,153684,141435
720575941405868462,591296,586196,129825
720575941548082568,600072,600632,144900
720575941429526743,578372,567344,143550
720575941589992516,607708,201096,166365
720575941628626146,610092,571396,163440
720575941458953412,647460,588068,141390
720575941472158506,618144,551608,144810
720575941520523480,514016,160488,133515
720575941645403000,552292,645884,231525
720575941450793385,557952,131264,50040
720575941464982541,590228,197072,122580
720575941657854488,520684,211444,178155
720575941474779444,562456,727664,220230
720575941547394081,670020,587488,256680
720575941497881417,576644,704760,169335
720575941515182739,583436,191076,112815
720575941471503069,434760,257776,94005
720575941591368588,509356,233676,68625
720575941646124193,533756,212896,95130
720575941564728576,467632,203108,177525
720575941623972251,522468,664804,202095
720575941547132040,578008,711936,192420
720575941542412805,561016,685084,239400
720575941407900975,516644,731736,146835
720575941628625721,591664,179804,74655
720575941508956626,550248,214280,145530
720575941615484947,574428,107088,91350
720575941505515685,584852,137964,97155
720575941612175635,538904,201072,53280
720575941527668045,599292,162548,100620
720575941597267356,426344,667196,217530
720575941645010277,620268,134888,161865
720575941506171954,638560,100432,175410
720575941544673797,339988,119416,92970
720575941527569764,366864,180884,111960
720575941472715531,441752,165108,100710
720575941702354138,417356,194160,74565
720575941519180204,279508,131132,119565
720575941527667789,345316,151516,103500
720575941460820164,404016,192212,81270
720575941565678134,398276,208344,123300
720575941561189358,308048,128572,148320
720575941577343336,449304,208236,121725
720575941515870355,451004,241220,70695
720575941535368129,446108,212324,46845
720575941544904116,341280,966252,282600
720575941470552695,324620,142160,87660
720575941474026592,349004,137568,94500
720575941556274404,337328,99464,111375
720575941644222546,323464,166416,89775
720575941502272139,434548,209760,35955
720575941508661573,432932,601312,167400
720575941547393825,420564,616468,92115
720575941530124728,361596,93356,134550
720575941433328910,310192,104728,86040
720575941411440043,286632,123876,124425
720575941595267877,294656,90752,160290
720575941585830278,334160,109748,128385
720575941497651835,303440,134968,95130
720575941565481058,289684,127116,115875
720575941536842984,310636,135352,75690
720575941640651039,332908,159176,143280
720575941474779434,396972,144008,85095
720575941627053002,393484,134212,144405
720575941526979428,399908,159948,93015
720575941478449950,350708,168780,132120
720575941554701313,408088,114060,123795
720575941633803451,401652,224000,145125
720575941459902608,365732,179152,87840
720575941394072982,367968,142384,63135
720575941503746866,350608,168136,73935
720575941459215007,320188,138704,83475
720575941455872493,382080,254976,99270
720575941504500930,503552,238200,71730
720575941416747036,388920,202160,126855
720575941499159881,407452,205144,58365
720575941545854388,481348,232872,76320
720575941509154142,633540,125804,110745
720575941477302558,355944,160808,121815
720575941643797624,514468,669308,192060
720575941489951177,613352,169384,84375
720575941590844158,376776,113532,81630
720575941625872842,387884,120324,70110
720575941524292343,600248,80308,81090
720575941481432450,599100,88120,75465
720575941472158583,605124,92032,74160
720575941604869561,596192,93164,71325
720575941538677731,396948,119116,77805
720575941440438495,399560,119636,79155
720575941612962150,398680,126728,72090
720575941410161711,404368,182304,78300
720575941670962353,392104,124964,68940
720575941573346120,395800,728348,144180
720575941594448491,326764,156656,138330
720575941561812339,666168,136844,109800
720575941500044617,479172,768084,244710
720575941478515521,703744,91456,117630
720575941533631461,641000,125668,153225
720575941586878686,711680,76288,118035
720575941658936144,400128,145872,162630
720575941433131790,595536,128696,71955
720575941487494285,637136,166164,107235
720575941514920401,609140,77180,87165
720575941658706512,440992,758048,244305
720575941502403307,408416,199552,139995
720575941498011776,382708,140036,66780
720575941572526238,356728,156544,75240
720575941562500264,556512,179728,79200
720575941625808074,564976,157904,152910
720575941688688652,350496,159296,118260
720575941473338666,589344,154192,69750
720575941538873827,340928,106240,99540
720575941682758589,807456,195572,66825
720575941643698770,195876,142020,91980
720575941644976840,177496,187412,84330
720575941415765137,175160,178248,159660
720575941496603262,749296,143584,87615
720575941461082381,511564,694404,200385
720575941609260134,578320,702300,147825
720575941547294836,500868,625956,177120
720575941442307498,480224,626828,132435
720575941662376248,617888,612708,153495
720575941488182217,448152,594360,120600
720575941618500821,464120,592356,145800
720575941572494494,496996,758044,135810
720575941655495124,545240,739496,175410
720575941623349659,495612,727732,109035
720575941660771708,560932,774504,211635
720575941475992113,557636,786088,195300
720575941456429471,563004,773696,183690
720575941465080342,440560,588400,129420
720575941481006522,535504,757992,182745
720575941623284362,476520,715216,226935
720575941609358310,455260,689828,233595
720575941464686861,483520,731136,142875
720575941592154582,447100,713592,243900
720575941553389722,461656,615928,115065
720575941564105479,467812,686304,178155
720575941488772300,461776,580996,142875
720575941410062703,476240,595800,115830
720575941548802164,492012,734444,152280
720575941566956532,453844,693168,238815
720575941532385624,454520,706256,242280
720575941589664254,491780,741960,136125
720575941594186789,493488,738148,139815
720575941685707276,423480,743008,131040
720575941436900319,415352,720068,133380
720575941528782027,444324,744564,153135
720575941561319725,434492,732228,118980
720575941547164084,425280,744656,184185
720575941536318869,408204,734920,191790
720575941692097243,447180,755780,141030
720575941544476957,402312,744196,133605
720575941515936505,467840,736928,193770
720575941499847547,363692,184744,155025
720575941483430083,244984,108512,139230
720575941472649483,773748,128652,114210
720575941592449790,811780,160096,139185
720575941645042021,725000,143844,150120
720575941645206373,735696,146768,196785
720575941592286348,742868,117324,111150
720575941516199235,770192,107980,143415
720575941492113717,830656,148236,85230
720575941724768314,1558896,454608,3399975
720575941446764458,242120,98908,148185
720575941479762794,443348,812700,245610
720575941479728746,332156,180096,147825
720575941597595505,707528,179408,153405
720575941529306790,551196,105408,69885
720575941575903227,667256,200416,111600
720575941485398013,248732,112760,136575
720575941515315665,702912,126428,101025
720575941452073038,104004,158192,58050
720575941461477446,612976,78168,73890
720575941571349150,616652,630612,203175
720575941554866404,221216,226248,98955
720575941548640692,170176,127512,167805
720575941530291147,584812,638148,224280
720575941612767206,632504,175104,118530
720575941656447193,366056,220372,136080
720575941690394998,298372,174344,140805
720575941566891527,284628,203564,54495
720575941525636633,726040,149656,95580
720575941524982091,671056,176224,133740
720575941505420226,654144,102908,125730
720575941520919256,384160,151932,63045
720575941417569052,629436,160404,104130
720575941658446160,307728,104700,84825
720575941508434270,475968,156992,227160
720575941456825325,563032,152280,107460
720575941565975303,121908,134996,72990
720575941692819096,201576,133240,178245
720575941517773049,209808,130660,94410
720575941500700385,245528,121884,116325
720575941541431644,469820,637140,172845
720575941499192905,475692,833352,217305
720575941595827158,529260,489288,119925
720575941477894686,504908,661728,165555
720575941655202265,490472,733564,204435
720575941353080624,416852,214368,41895
720575941691706264,483900,507828,120375
720575941550999357,493052,370000,137205
720575941480974048,420264,246092,83925
720575941551589181,625440,164908,148050
720575941598907072,544964,174768,121185
720575941566793879,603852,158144,109440
720575941535140362,437396,260284,79335
720575941430250377,520656,290544,110385
720575941593041192,491212,695920,159300
720575941541333117,475768,370000,134595
720575941688133871,581024,642704,200385
720575941514201932,543432,627304,112545
720575941534975425,543432,578172,170550
720575941486413709,568432,184168,85410
720575941542676572,484204,370000,120375
720575941490705865,461724,711032,141300
720575941585144415,570576,649792,104220
720575941530093752,527288,597072,115065
720575941530093496,461792,370000,133785
720575941602413097,352424,241068,102465
720575941550933821,350632,226824,91035
720575941571021306,503308,262548,105390
720575941471079264,492904,370000,121050
720575941690788827,640320,215840,73980
720575941408590254,497548,207032,180630
720575941645208520,590544,197740,123570
720575941534943576,575160,198476,139095
720575941541726493,541708,213640,99675
720575941558110579,567924,159636,104040
720575941512661580,532432,627676,210105
720575941649828629,458932,793020,224910
720575941595170341,468652,770164,221670
720575941605165758,514716,178872,116145
720575941455972915,425052,174272,154935
720575941524360183,570528,190624,123030
720575941404166512,535312,186768,193005
720575941559420717,551332,201996,89370
720575941645240993,510528,146112,250290
720575941447813198,614648,568364,155880
720575941459151556,602120,574164,120960
720575941534746856,610988,584244,177885
720575941639506207,688516,554592,136125
720575941688592879,521192,726748,193095
720575941590551080,523184,196504,110025
720575941655235033,501440,152256,235080
720575941628266297,522964,196744,120690
720575941488838864,605980,169900,164295
720575941433362017,548384,192028,87480
720575941556602451,575188,206184,146745
720575941569677050,559328,192452,96345
720575941556144100,569024,750080,258525
720575941625121674,512036,873656,268155
720575941457970928,568148,188032,92790
720575941441391039,511332,235436,69120
720575941438016018,589732,192384,113985
720575941511546322,521988,214132,162090
720575941569349114,536364,704904,168570
720575941537008370,599468,836016,180720
720575941558995950,583992,739532,215775
720575941611096028,587572,239992,109305
720575941692491672,604536,165984,76680
720575941564369920,532760,103548,158805
720575941642029138,617340,168956,95445
720575941546445829,575272,163504,67680
720575941583701599,538932,172800,107910
720575941516986723,401768,202660,180360
720575941483923453,513628,212784,90000
720575941554833572,346600,1005972,297675
720575941427890004,277180,127024,140760
720575941515806467,435420,199008,45540
720575941497555579,331884,157116,96795
720575941467998294,327200,139680,123480
720575941670799281,345808,112684,133245
720575941535370218,298276,118112,84690
720575941514364739,416648,144052,147915
720575941597333381,309328,134656,90675
720575941603886582,480084,602140,111105
720575941399414563,432356,603328,44460
720575941631837856,423208,628280,58050
720575941571906462,413076,159900,120285
720575941496997575,347952,132848,147600
720575941597300357,332508,150944,92655
720575941585668191,422052,153320,219825
720575941531076792,312680,92048,144855
720575941466719766,411720,224956,116325
720575941504666306,332432,151228,159930
720575941470914679,343944,174692,201375
720575941552932487,388656,115716,162225
720575941479728770,332056,131208,135990
720575941681317565,368976,219040,101205
720575941617814229,401320,171736,139050
720575941574428667,406152,200016,85860
720575941538515176,363328,188516,143415
720575941569415162,386104,213684,124515
720575941555030663,385264,154040,56385
720575941509776912,375512,207600,69390
720575941593794667,456928,169192,130365
720575941515381315,334928,197692,133965
720575941432280590,472312,260928,97155
720575941649336597,427512,136944,54585
720575941514757964,341736,143804,125730
720575941611390893,381048,168464,135405
720575941502142187,408540,151780,128790
720575941519182764,449900,201848,172260
720575941630724768,409304,160848,106335
720575941476190523,406676,130624,158985
720575941548935560,341072,146664,75285
720575941415372945,388716,163096,100800
720575941590583863,468984,192124,146745
720575941547493481,308544,123100,172935
720575941476321566,470716,225120,90360
720575941521279671,425268,205764,47385
720575941491854286,632768,138428,141300
720575941520427948,681468,118268,180045
720575941690722523,610048,98984,78615
720575941614929884,384216,635892,214110
720575941568399662,289408,118272,96750
720575941513841105,320428,138896,86850
720575941684824815,572428,751240,256365
720575941585766239,479188,292180,84015
720575941570988276,604024,180716,113535
720575941507254588,659204,124620,111960
720575941580392181,450512,202864,61335
720575941415766420,693920,88624,169650
720575941402069283,557604,150212,226620
720575941474388027,510956,243544,74430
720575941632362220,518100,107032,157185
720575941614634972,631116,149040,102735
720575941413603729,715264,102848,195525
720575941566957154,589828,90220,71910
720575941641635615,596668,90632,73215
720575941640358773,601888,90880,74205
720575941629119033,582012,153056,77850
720575941551229757,699636,165784,123120
720575941634721723,373432,101816,76500
720575941554898742,382196,102220,82440
720575941559093519,399956,119548,79515
720575941514922449,510180,649436,81405
720575941536254657,601428,175920,161235
720575941561222671,309376,186816,61560
720575941582686841,637108,91536,126990
720575941439654418,573008,136720,150120
720575941486118918,183060,222368,102420
720575941553883710,769368,102260,110835
720575941353081648,609232,89136,130095
720575941514758755,466376,627652,138780
720575941653990361,502256,671616,202365
720575941519476334,502972,621220,87750
720575941492475598,415636,917024,178695
720575941644093266,403964,919888,191250
720575941615618323,485192,785392,191610
720575941447879188,508256,719060,143505
720575941579868917,566812,626140,218430
720575941432739726,569440,733312,185355
720575941561386478,508160,804460,211005
720575941510499088,445512,867360,190035
720575941636491893,456068,746804,114165
720575941463639821,508736,711284,171315
720575941512496707,470584,732524,111825
720575941612636137,472564,683276,171990
720575941568170542,441252,889252,187965
720575941540284109,422924,744648,181755
720575941535926282,429272,728620,170100
720575941478091427,614176,562088,135720
720575941352917296,499672,621516,87390
720575941608442442,563012,616140,128340
720575941617289855,539476,600004,198180
720575941555194369,505828,676308,164835
720575941575182843,579824,743688,252090
720575941549394687,512276,727884,254160
720575941629413356,562004,709512,167580
720575941440736207,526152,767316,176895
720575941436770783,572284,747008,240210
720575941604870329,396340,882588,216000
720575941424973396,503140,691144,175500
720575941581506143,516792,733560,253125
720575941657954072,403340,872276,212625
720575941500963211,459056,864964,238500
720575941535565505,424012,848368,252585
720575941601298617,474268,769116,216405
720575941574723081,508036,802248,211500
720575941439195221,467660,704568,153000
720575941610408169,405616,923368,205875
720575941536024242,546816,772480,271935
720575941668473843,642980,141784,100665
720575941453743943,633904,151644,111510
720575941503748183,398640,159284,93060
720575941553261466,226276,115316,123300
720575941527406669,185216,114976,148500
720575941405935216,126072,115092,130680
720575941409966895,671328,200144,148410
720575941690133110,659436,128252,90270
720575941551687167,193120,121692,119925
720575941654907865,389648,119876,71775
720575941440374828,192848,156364,188325
720575941509319518,724684,124008,116055
720575941534222770,502256,772672,258210
720575941517281708,476796,710664,145305
720575941503813207,348032,159116,78390
720575941572855439,499940,370000,136260
720575941662508600,559296,677064,203985
720575941629872422,428472,202148,123750
720575941652614129,554584,201408,127845
720575941530158980,530068,691680,201555
720575941472160011,462572,370000,134955
720575941548378804,407004,179244,176625
720575941441226943,491288,370000,133155
720575941451941498,403860,224536,107460
720575941537629706,463664,370000,115515
720575941681023421,437168,849624,184095
720575941569349370,539232,658832,206640
720575941628267321,518272,675180,151650
720575941560503155,418120,190240,99540
720575941414947220,597588,136872,132300
720575941576952463,481936,370000,118710
720575941465737814,504456,370000,131445
720575941492017790,525088,281248,109485
720575941526849357,503140,543920,118530
720575941573479326,496640,370000,127035
720575941578492761,499488,370000,127395
720575941564402023,583500,221820,70065
720575941411441323,420944,181984,146295
720575941539923741,545520,615224,176895
720575941501552983,426112,224144,132075
720575941512234962,339404,112364,114165
720575941523114743,470960,712400,200115
720575941500700139,539324,244304,128475
720575941681678525,416480,233084,98640
720575941661428280,487012,370000,138195
720575941574822045,573900,131760,86670
720575941671619495,520112,136144,106200
720575941536614890,710244,155248,103050
720575941724178746,481988,231304,75915
720575941459347411,556832,724088,251640
720575941593008168,682024,92892,111150
720575941484054013,543364,151544,196425
720575941498963618,541480,193608,100620
720575941558306980,583260,159432,222930
720575941514790755,502152,257464,93735
720575941432150264,560028,165268,103590
720575941596677927,543144,153784,138825
720575941555096455,520440,216300,48015
720575941471668235,637120,152464,97785
720575941510694416,560868,192988,49680
720575941644192200,577252,763668,229815
720575941611652627,561448,740440,204435
720575941456201887,567952,685384,241605
720575941501027819,560192,714312,271530
720575941628627257,574572,164952,64575
720575941585864543,575784,213104,133605
720575941503780587,550768,124960,217350
720575941502274187,427536,218516,110610
720575941586257542,351480,116944,139095
720575941480876707,347272,114612,139815
720575941535991306,324028,147452,89280
720575941527145241,333540,153724,90720
720575941471405632,315168,134120,91890
720575941459118239,324892,104564,137250
720575941503617259,302996,147672,95895
720575941473896234,310996,127484,109170
720575941460757203,292288,111712,115785
720575941517118298,305688,141152,91170
720575941509679376,333856,189524,120330
720575941503847147,589156,132176,189090
720575941593991464,658420,135392,108270
720575941501684418,436932,887572,285615
720575941522130763,402040,945068,286875
720575941521345207,320404,116196,106020
720575941600774185,346892,159336,197595
720575941407704623,320416,178768,151965
720575941597857216,428196,201388,32265
720575941493033703,423304,233124,108405
720575941507548741,354224,143264,131310
720575941579082741,401104,219820,49410
720575941430347735,334264,141024,79740
720575941498701435,392500,204132,74610
720575941486808070,340372,167704,129735
720575941564500992,332144,126200,167445
720575941437524780,350616,185756,118350
720575941529274244,320040,135540,84780
720575941515774019,387448,176512,66870
720575941509942145,374100,237164,75015
720575941491329589,401428,240580,103050
720575941509547792,446720,247260,99360
720575941440309439,374100,200428,121410
720575941511546578,387856,188992,74970
720575941531470821,380948,917080,219960
720575941550344481,453072,119672,134145
720575941534943937,414456,717312,163395
720575941646256328,454848,266816,73125
720575941497358409,272256,95872,197235
720575941538286578,299604,114956,103005
720575941552408347,295748,117828,91530
720575941610309478,430872,127996,155565
720575941451220829,293552,139216,99900
720575941559978797,428260,588780,161640
720575941734041643,521824,173140,145890
720575941591828876,335984,155520,99450
720575941603985081,338344,142668,133650
720575941446240426,299048,160256,115560
720575941625808330,699352,575376,154800
720575941448762900,658384,105036,168705
720575941513151953,406972,711960,138150
720575941662050616,578336,152732,93060
720575941450631093,537008,152400,225945
720575941542119965,605540,162160,76770
720575941460822739,640932,136192,98010
720575941586749150,654016,132480,105210
720575941432510935,681292,100276,102105
720575941461969619,599180,88328,46845
720575941547133545,402016,125172,75915
720575941543200860,407612,128440,72765
720575941659887896,391656,112980,79515
720575941574265864,396040,125716,71100
720575941439162412,404624,137624,66465
720575941518133464,620204,632444,217530
720575941604804793,363416,117956,75015
720575941577672793,397464,128536,69525
720575941409049135,267072,99776,105345
720575941433198295,564992,216704,182160
720575941625578954,348800,194048,72405
720575941548246920,513212,615612,195030
720575941563483816,534468,645924,188685
720575941588978500,473208,852316,197865
720575941495196615,586212,655484,181980
720575941632428704,402168,118884,70875
720575941502273419,407852,175288,94095
720575941628102713,322192,100032,193050
720575941531765176,135796,211472,130725
720575941504928491,726336,118672,148410
720575941432642479,215724,112496,144045
720575941664606844,386692,118852,70605
720575941631150060,613680,102484,82080
720575941476256059,399812,126528,73080
720575941530880131,391352,930120,201015
720575941460232147,427428,703280,189675
720575941625907769,499580,657240,195075
720575941525899341,439376,862332,248580
720575941472847712,519640,629288,176265
720575941428446857,481536,629152,115200
720575941570823752,499868,714568,201555
720575941455775469,570792,731288,203085
720575941353376048,459952,733932,213165
720575941722212922,501880,945304,254205
720575941622236924,484088,814088,207765
720575941464164950,413068,922016,182295
720575941504436293,466724,689916,170100
720575941662541692,561420,656520,139635
720575941462656979,530472,644976,179235
720575941479040591,549544,618916,151560
720575941551589274,436076,671684,201150
720575941542873885,490816,725260,138150
720575941499849083,455564,624272,169875
720575941608310346,495376,632700,195120
720575941509090258,467504,902312,205110
720575941580752761,469544,900888,204120
720575941439063503,526476,718200,253215
720575941430281742,508736,775016,164115
720575941566269543,560028,617420,141075
720575941483891386,538720,763364,228960
720575941532387306,409272,884672,217845
720575941558733101,498272,597168,193140
720575941574723593,553868,733956,209430
720575941554800548,596952,578176,115065
720575941582981471,576936,574944,150030
720575941461641924,550116,630208,133380
720575941479467650,535492,650076,146070
720575941614275481,460776,745816,111780
720575941553457124,528040,648624,153360
720575941474945345,500408,622880,180000
720575941655496148,482840,629780,122670
720575941530815363,479512,623404,131445
720575941432183566,611832,605628,155790
720575941503454187,617272,604040,157590
720575941516789358,615832,604544,157185
720575941583636702,501824,678144,129195
720575941486872272,502476,633872,168480
720575941548082824,418064,888972,169470
720575941456103839,487828,697128,184095
720575941411669908,510400,614068,118395
720575941583112582,520648,621352,117630
720575941350393904,506324,714852,203445
720575941550836359,511188,618328,118710
720575941481629370,404336,919216,188775
720575941511186508,590384,600172,208800
720575941431756503,583528,609052,128610
720575941405771694,493944,697272,164835
720575941404724080,549148,685612,163575
720575941678533309,387216,876708,240795
720575941654939865,552604,693288,150300
720575941533043466,441560,758008,139185
720575941663099516,484808,705952,208935
720575941547231037,538660,755416,212715
720575941562959511,398756,933320,215550
720575941649795057,564444,747808,226170
720575941560633768,458480,762320,134550
720575941556209124,436492,720404,136575
720575941559388275,468272,757048,224145
720575941532354482,400312,680356,193050
720575941626235530,554860,698124,234360
720575941532386904,438596,760688,163755
720575941524294169,476704,715572,205290
720575941511087692,459152,718408,152145
720575941488675276,461048,801368,232245
720575941451713402,592632,598096,151740
720575941549394292,472228,607584,131535
720575941616503449,401648,861264,209970
720575941440276415,563784,709708,199080
720575941488741068,540732,770372,169965
720575941653563153,515760,613444,201150
720575941477140017,440908,762696,165285
720575941508663877,457036,866512,199710
720575941573479176,614912,652992,202095
720575941663492476,506368,905124,225900
720575941559388787,492144,732580,148950
720575941645207496,487528,719416,127935
720575941537631181,432596,677864,202185
720575941539006357,408540,734408,147420
720575941512759505,467840,749392,113940
720575941617748476,561048,617436,141075
720575941458594800,778144,152720,141030
720575941653727253,812860,147224,119835
720575941488248838,748516,68232,132030
720575941570496370,283228,207232,72495
720575941634788000,222848,89584,90810
720575941591435063,732612,138772,180270
720575941565384750,536444,735540,197550
720575941558635053,516160,703124,213795
720575941680040381,564268,784896,189810
720575941503420866,575060,732364,204210
720575941597268124,556524,761544,180900
720575941630003426,546384,781672,195210
720575941431789999,554604,768692,200475
720575941540121373,445752,580116,129510
720575941642487752,407440,892904,202905
720575941430151599,403548,933384,180765
720575941449255290,472640,710440,231525
720575941561420434,458596,753476,171270
720575941521508939,454884,701116,246195
720575941627218587,428748,878392,211185
720575941488740044,463012,667436,252045
720575941429988088,443816,713192,187245
720575941496047433,543956,685884,200880
720575941450597966,600032,613048,159390
720575941478843872,578836,597780,180675
720575941477927042,560708,638936,234315
720575941411703697,482120,632580,121500
720575941496309833,591972,769292,235305
720575941509908609,480928,861700,208845
720575941630133798,548020,589596,104940
720575941545396104,420428,924104,185085
720575941573347912,484048,592420,92700
720575941561420690,460412,752180,169245
720575941409932911,439492,633992,150075
720575941602969846,486128,905016,280935
720575941429462999,404224,922756,208845
720575941616698837,467940,629452,91035
720575941573117597,477964,607164,83475
720575941662017660,605244,601928,165645
720575941485037378,590480,606832,129150
720575941530487525,559400,718864,174060
720575941626267786,425220,733468,203130
720575941481072893,493236,927040,239040
720575941549951549,435560,596416,100395
720575941610015306,487760,581868,135135
720575941505812062,440988,736808,153495
720575941617257343,438436,742948,144180
720575941438442002,495608,767964,145710
720575941459314246,398904,913148,199980
720575941600413888,469908,615012,136215
720575941415601809,757848,99768,125010
720575941409999278,846444,184024,48825
720575941462591955,769472,232384,41445
720575941655398105,782016,76316,95310
720575941682235069,490592,183676,208035
720575941454268999,745068,115728,176580
720575941646487672,370896,133552,64485
720575941558898084,404248,128068,81765
720575941641866527,120460,194560,13365
720575941632855266,316832,206548,133695
720575941533994418,619904,637228,220140
720575941532815819,727776,160884,131940
720575941732798507,667444,205840,76725
720575941480059010,650564,196804,105480
720575941597368433,660804,203084,142650
720575941461545229,236148,157900,125235
720575941440736735,699004,108352,138150
720575941505257893,600400,615720,175995
720575941646618785,256960,84208,169785
720575941659954968,242960,199988,134955
720575941485399805,231420,119768,115155
720575941659987536,249396,123080,112995
720575941428940169,222436,105888,129375
720575941565681664,173252,141848,128205
720575941646454689,395592,121100,74970
720575941534223553,258652,130848,98235
720575941534093322,233024,89408,85545
720575941537795521,285360,149236,92835
720575941478945076,822640,206352,29970
720575941536124899,243764,108464,161325
720575941428939913,200656,129528,72135
720575941459284127,333600,115440,85905
720575941570695418,597232,173180,110970
720575941575937128,634908,144928,103635
720575941664346492,604448,86524,77805
720575941494837424,546480,114544,164610
720575941403348259,716616,167444,133335
720575941458399391,648684,117956,100620
720575941540482429,635948,177272,162135
720575941653728789,187020,124700,108270
720575941492478414,328924,224296,105930
720575941604774253,480596,370000,121320
720575941642129528,542248,262408,119430
720575941489332169,481564,582308,175320
720575941471768843,525476,212708,161775
720575941479763050,489280,847968,200880
720575941586653062,467476,370000,121365
720575941411344043,484660,370000,131400
720575941632167611,419604,267268,87480
720575941562404008,423280,230624,110700
720575941457973407,489936,370000,126405
720575941476977969,562692,712064,175950
720575941568499502,354512,152712,96840
720575941631642860,526988,205516,128565
720575941590551592,416956,256064,69390
720575941588160580,343464,164628,66510
720575941515579747,541328,244592,82395
720575941353771056,476376,609852,159480
720575941631315616,486692,370000,124920
720575941438213951,423552,231504,96300
720575941504602418,426268,214048,75105
720575941436313888,495028,370000,137025
720575941652156657,528812,215092,169290
720575941503422187,373136,908468,217935
720575941448798133,487236,577992,113265
720575941546970292,439144,192496,172215
720575941432905943,493776,370000,138240
720575941631020192,526408,258720,118800
720575941645601992,371032,137380,162000
720575941566729570,599248,193920,161775
720575941584228742,344648,165752,85905
720575941594091397,422092,811280,131625
720575941653499121,578552,138852,97470
720575941555720090,603292,137152,146430
720575941685743343,533000,202112,123795
720575941576298678,555592,156280,106695
720575941482188195,603044,571016,121095
720575941482090403,562404,136452,212355
720575941516037475,615460,592292,158445
720575941644226248,586644,578728,171045
720575941438574303,550268,620400,162765
720575941493231536,501128,892512,274860
720575941631840453,482900,908936,280350
720575941463969805,490808,182188,150840
720575941613096857,458732,178120,150120
720575941468687581,588768,720672,211590
720575941474685226,545728,214064,135855
720575941469966813,508256,208756,43560
720575941517315182,539824,189568,83565
720575941472129088,538720,152100,40815
720575941503127179,641888,163608,103140
720575941413245076,602608,186556,110790
720575941432151137,383480,171388,111015
720575941505814588,464764,799196,224730
720575941438672684,426336,204660,37620
720575941534551986,347992,138296,154665
720575941499916001,376856,194816,110340
720575941664444028,371520,192364,107910
720575941523082487,345292,1007984,295695
720575941540778332,325768,155524,184770
720575941434674574,395248,136176,161820
720575941536452890,296252,126008,84870
720575941569023476,392088,148216,129285
720575941480648322,478868,226972,75600
720575941520199340,457256,595184,105165
720575941629906924,455712,614392,143460
720575941447846990,433568,642016,55440
720575941438770988,440548,205468,140130
720575941515120451,362204,97836,133335
720575941481173071,336644,127144,88785
720575941516988409,316216,112496,125730
720575941634166176,377972,148848,101340
720575941574724617,458904,878240,215775
720575941437721900,338236,108688,186795
720575941550214973,308208,111316,141840
720575941611719910,371036,137992,161145
720575941435460640,469788,159628,158760
720575941407510702,489400,700124,195390
720575941664345212,318728,151672,105705
720575941509254946,673864,112072,98235
720575941580853237,397060,118436,180000
720575941526950221,292544,76544,163170
720575941520395374,402004,147544,230625
720575941491364046,414476,193156,88380
720575941416783900,363676,128836,110835
720575941488644300,361828,959256,209970
720575941442932943,343984,107444,137475
720575941630562757,347360,175220,81000
720575941623484156,355496,158612,73215
720575941603036601,415804,110592,91800
720575941432314894,396800,195488,127935
720575941440835675,485656,210608,82080
720575941471539040,365992,198600,105390
720575941586586846,408916,234032,89550
720575941393715606,468144,127800,222750
720575941474160224,628524,124932,108720
720575941469310230,643144,136604,123165
720575941480189664,387544,166992,132390
720575941659266896,435672,150028,117405
720575941506075842,665572,97284,150615
720575941486644621,406400,86236,140310
720575941415342481,337172,110384,113040
720575941516692579,306828,107980,125370
720575941479698282,316584,123488,112860
720575941478452510,333488,143216,97020
720575941504994647,331628,140328,92025
720575941536026634,403824,148304,158895
720575941572727198,371296,137800,161595
720575941481566406,384200,194164,80865
720575941500046459,455208,245648,83745
720575941555162778,418024,185020,88650
720575941687808239,614388,87472,145350
720575941487529538,339920,192240,148635
720575941505551666,614696,185988,123975
720575941556474113,677948,98288,145755
720575941476192571,583396,153852,175410
720575941554868051,645244,126160,120735
720575941471571723,330308,147144,89685
720575941514760339,608308,164760,90855
720575941439721746,642512,164080,187785
720575941540581757,347964,164116,78435
720575941535043160,668844,136496,140040
720575941545987252,365488,193664,98955
720575941537533466,643236,144564,104985
720575941536386792,584800,172568,110070
720575941628661817,581380,153796,79155
720575941486940557,386436,109832,78615
720575941517118554,598208,93916,58005
720575941436083488,604024,75824,85050
720575941440868831,357956,130172,75780
720575941566370055,404688,145440,97020
720575941613588818,395332,119664,76095
720575941564633256,478216,892844,254835
720575941511678992,576776,729908,204930
720575941518724268,593940,183944,104355
720575941659692056,665344,132924,92205
720575941448798228,698112,93888,163260
720575941563551656,492860,370000,117045
720575941614407900,509376,134240,122760
720575941495950974,691456,113024,91485
720575941574626973,591828,715384,205965
720575941570006772,607840,92416,79605
720575941532749003,614420,84936,72540
720575941532585931,505484,859072,227790
720575941481664195,104908,195976,89235
720575941458333424,643864,168264,156015
720575941509418530,325416,227568,108270
720575941565583360,757676,169148,103635
720575941652647185,425996,648356,225945
720575941502635243,450084,813144,216720
720575941571612168,443776,814324,208260
720575941539040405,374256,920944,215280
720575941723589946,490872,641256,109440
720575941503520235,578676,600424,149310
720575941547199549,563680,767128,162405
720575941486873808,370280,906556,208080
720575941407478063,574048,641376,177480
720575941350427696,469144,805436,196020
720575941505223845,398624,915184,185445
720575941459610768,496288,731836,180045
720575941416653084,511588,640096,172575
720575941497917001,476684,597592,103140
720575941477863810,559116,774496,193590
720575941533962072,553780,775688,196515
720575941642522312,593488,754584,225270
720575941688167832,551880,739952,166410
720575941457678576,592096,744484,237105
720575941528031076,517612,747680,162180
720575941478092963,516160,715428,215730
720575941468950592,538352,757220,209700
720575941668606119,539736,762836,217800
720575941509418512,454472,905304,198405
720575941542907165,431796,811256,134055
720575941440409388,235724,165128,121905
720575941659692624,603704,77404,74925
720575941670997159,391336,140280,72630
720575941630627052,203228,130000,54585
720575941500571298,400836,104452,78255
720575941522394187,321096,204340,118485
720575941612670182,393052,128056,66825
720575941454434217,688648,117304,131715
720575941541924989,398904,121108,77445
720575941435264032,582052,152916,154980
720575941442375375,672284,214208,124605
720575941612146921,301980,121884,86985
720575941662773628,308696,168804,93510
720575941478288670,215860,188188,131850
720575941663887160,290508,159800,103275
720575941594517032,535932,184500,147285
720575941431071113,463920,735356,152505
720575941486612034,413896,180864,116325
720575941473177099,541044,236032,88470
720575941535862506,531564,214508,119565
720575941408820271,461496,204128,68310
720575941569909106,500988,250288,73485
720575941639868277,526100,752428,209385
720575941460102340,306240,128768,76950
720575941567089908,481008,595648,194985
720575941440672085,460896,839232,189225
720575941550148724,442640,710944,181800
720575941614309395,467780,370000,126045
720575941600940473,501616,630940,185580
720575941450861902,570432,204524,85455
720575941644554184,406220,248448,75960
720575941644587109,422328,139484,171270
720575941528293378,547360,612396,116640
720575941732764971,499876,735704,141255
720575941512498252,537084,616920,149130
720575941651827989,620620,167012,79650
720575941468982795,433820,198124,21825
720575941495918665,493208,370000,124695
720575941542580316,461836,800288,237645
720575941654974169,563324,606420,156105
720575941566500455,539796,611804,171405
720575941572300701,341504,181316,112995
720575941557161473,575328,153704,163800
720575941449780405,578856,227360,74205
720575941448207438,398796,192264,79245
720575941483728326,591200,754276,248355
720575941493362151,511744,241476,74295
720575941453221545,593144,154608,151335
720575941491986663,512996,208304,60165
720575941653827857,560588,104128,175815
720575941566402614,551576,176368,98640
720575941430218377,588336,215376,89955
720575941652582129,565684,152636,105975
720575941627120748,577296,198396,131310
720575941691347352,562776,155032,207675
720575941508042821,312260,126996,115830
720575941524787481,542356,190316,96345
720575941393550742,324608,210560,71730
720575941489135308,521404,209632,180990
720575941560602739,538272,193604,182925
720575941569253108,562944,235520,154755
720575941488054069,510828,247812,98370
720575941409607727,565940,183696,90810
720575941551066913,565684,113128,182745
720575941524458852,362508,90024,158940
720575941474160480,568252,207856,142155
720575941414097297,607384,85932,150930
720575941588061438,535372,622644,212310
720575941554704794,505512,241828,80685
720575941553294619,567936,180428,113670
720575941466164310,566704,243256,123345
720575941629939494,573912,166696,147510
720575941573382287,536152,128684,158670
720575941595926684,432584,189424,194310
720575941688725004,472472,159280,201465
720575941557193956,315544,126588,82575
720575941703405530,318712,131608,106785
720575941614342163,286912,115448,118575
720575941626040731,345644,144232,84015
720575941544676613,335752,128952,94275
720575941518102163,317932,127884,108585
720575941552246271,344724,176652,207180
720575941559684211,291520,196416,192420
720575941653794065,319084,128692,90540
720575941527145497,355148,164160,79470
720575941609132106,352376,161232,72225
720575941440474965,354376,155384,67230
720575941488840400,438420,259280,99720
720575941498310985,314968,168408,121905
720575941485236546,324220,123848,79920
720575941525868034,394492,206172,82305
720575941539565916,334904,1097908,210510
720575941445324564,376724,923700,225720
720575941394435478,433724,148164,192555
720575941655039705,422868,161964,32580
720575941436870207,429708,179544,151515
720575941574462971,449432,129468,104760
720575941527769369,315056,123728,100530
720575941644258642,436976,174164,80640
720575941546446853,608988,102520,74430
720575941625549211,398496,897904,200250
720575941507484997,457444,154776,165285
720575941414719124,393160,168164,176850
720575941391912854,657916,139140,102600
720575941568499246,482808,222176,74700
720575941527014733,582388,188628,88740
720575941564469248,428468,209848,33840
720575941521706231,463256,226372,75330
720575941414555537,661944,138816,98955
720575941490052149,445416,158080,144225
720575941613031270,578476,194376,129555
720575941506076098,634224,105152,119025
720575941430972079,400804,172936,91665
720575941555097479,375184,108128,79245
720575941502374123,415504,142544,116100
720575941540318669,363048,184928,107550
720575941545233513,634532,149844,109890
720575941547560297,605080,91788,74295
720575941634002080,605132,93052,58005
720575941564304738,393852,115668,78660
720575941391945732,394488,128140,67770
720575941645111634,397936,125916,72270
720575941546152041,398220,128100,70515
720575941555555994,599348,78768,81945
720575941404036464,386992,122252,67725
720575941576298761,393072,106024,86850
720575941553491610,388840,121492,69705
720575941586424030,599372,83252,78885
720575941447520276,420312,164608,141075
720575941477667121,592912,167480,115470
720575941553589566,373184,95744,124290
720575941507222588,690304,96896,110790
720575941483106243,521608,708520,148140
720575941515972698,553308,203232,100935
720575941542514268,434192,217520,85140
720575941565255570,472588,462172,138870
720575941470195723,429872,176304,107775
720575941478387306,517740,625044,111375
720575941599858985,513500,241704,74340
720575941535698610,341680,194476,112455
720575941603528438,112660,184076,67590
720575941612768941,381264,154500,68895
720575941477535262,668836,173480,160560
720575941393256086,162340,91468,100935
720575941509615394,391880,135300,81855
720575941520757102,384876,900588,194220
720575941478288864,450160,748584,176985
720575941623353499,511384,713812,170865
720575941632561339,594336,610400,111465
720575941439393343,490092,863828,261000
720575941458465235,477340,887328,250560
720575941520657880,454100,884824,234405
720575941519117491,597724,618512,177480
720575941518561390,475452,870144,212625
720575941414326161,500196,715264,222840
720575941483302397,482916,939484,254745
720575941608410698,555032,617400,210555
720575941511417041,496428,913048,285840
720575941612408394,477476,900928,195210
720575941623320731,554484,728872,197235
720575941580623225,442052,773680,228870
720575941654941913,492188,905080,243810
720575941641539941,578280,733792,240120
720575941493492935,585588,720212,239445
720575941402823715,571396,624248,123705
720575941480778915,517920,606580,104940
720575941722049850,483580,902280,252000
720575941442637519,548680,745196,182115
720575941571907912,550608,656492,164700
720575941487825104,546080,726084,219690
720575941602315454,513456,717920,255375
720575941408493103,561444,696620,198720
720575941475405920,583908,560912,155115
720575941559324019,623852,599640,168210
720575941519772844,468468,978952,235125
720575941609426918,612952,564408,166590
720575941458792006,493464,870252,240840
720575941628629218,448912,904916,187965
720575941611818515,452148,756080,171720
720575941609459046,426436,738808,154710
720575941514039187,442488,752700,126495
720575941566532871,447796,766392,140490
720575941656251984,461892,730684,165960
720575941513121027,455932,728892,169380
720575941509091282,508812,836224,239400
720575941555523667,501256,907172,239895
720575941690789851,621676,588004,139635
720575941505945879,579332,651016,114795
720575941685972086,477752,893048,252765
720575941477338420,488556,912276,242775
720575941449617230,463044,670832,200565
720575941656252752,556744,725620,254475
720575941468720139,517660,716160,203400
720575941474323515,511300,754856,173700
720575941587963870,552236,695196,252495
720575941576986705,507304,712716,244035
720575941547298676,514584,629944,176175
720575941496638592,458656,599852,161955
720575941558406701,476308,620364,133965
720575941654384596,584744,604420,195075
720575941581278709,417232,944188,238860
720575941519249624,515512,834800,234360
720575941503455467,514964,725812,205560
720575941642488993,540860,745272,220860
720575941652254425,493240,696596,162180
720575941458758852,520228,629280,115470
720575941626237322,522268,753612,215910
720575941621616380,528264,621244,210735
720575941667164081,557056,657668,202095
720575941583507166,565468,717276,225360
720575941526654466,558840,596064,136710
720575941458104735,559752,710380,198045
720575941559947279,612208,660048,163710
720575941350395952,499368,683376,216360
720575941524065869,525272,651696,170415
720575941483139514,561244,748764,197910
720575941437525589,545108,688476,215280
720575941538910184,423040,736792,178740
720575941461249747,456400,591028,122130
720575941629775586,431776,722912,126540
720575941572103433,563412,759188,163575
720575941499686818,487012,908260,272025
720575941603364537,398612,705408,200655
720575941525868900,436388,606692,162450
720575941549297919,444112,668548,199530
720575941528588491,484992,626176,164970
720575941476518977,407536,726688,174870
720575941548936253,556852,758636,232065
720575941589863735,554364,687420,208575
720575941482680061,534732,630940,174105
720575941512827345,543624,660796,186750
720575941399253283,450348,709840,243675
720575941444930986,494824,731644,150120
720575941551983871,505980,899548,255960
720575941554049307,470204,673360,236025
720575941492314032,408396,919420,203085
720575941593206897,488020,713024,193545
720575941518069208,420748,633380,112950
720575941413867292,546244,759796,203355
720575941416652828,583896,638884,103095
720575941536288405,465388,717448,115830
720575941475404896,539876,649632,144630
720575941549133823,518004,644828,173700
720575941642161746,483312,651232,97200
720575941579804661,489728,643072,178875
720575941503389093,442576,581704,123210
720575941497654656,474088,593016,102960
720575941540614349,736772,93208,140670
720575941514005713,647872,176724,154170
720575941723066682,756220,102748,139635
720575941655105297,807704,95496,175725
720575941527540068,768392,140244,126045
720575941500964183,512140,624976,126450
720575941526752356,511324,604004,146340
720575941623385755,473532,585644,86535
720575941434871072,410704,917188,201825
720575941498932347,435328,758392,116100
720575941494149248,583712,610356,118890
720575941566795770,553712,749524,208305
720575941660151576,510412,647448,160110
720575941535108835,552784,756200,154665
720575941552245822,391008,865064,203445
720575941549329663,458252,720404,225225
720575941495591291,481920,714192,239400
720575941537501160,476908,689816,242415
720575941700554458,538784,749704,193995
720575941507813392,498740,816464,268695
720575941493165799,545968,718960,178560
720575941555458387,610672,588816,204075
720575941481991875,558300,714812,182610
720575941490806960,550480,733380,193185
720575941481041231,566004,649972,192060
720575941592452901,475504,672308,180540
720575941625942427,461824,775268,241650
720575941609460141,407276,897308,206640
720575941503519794,565388,731352,233685
720575941507354658,535400,755852,210915
720575941532750027,441168,625164,184860
720575941458334163,479908,719012,246735
720575941565484135,443592,623788,149130
720575941561355758,494404,913232,222615
720575941627612710,414424,889136,206370
720575941668670631,429760,601424,150480
720575941547330877,469336,624888,137610
720575941607559277,444136,574496,100755
720575941641473874,439588,727036,227475
720575941544250473,430320,775276,168165
720575941629120569,485924,738372,140400
720575941480550018,454228,788020,225990
720575941729980203,541048,644588,226845
720575941540253309,446308,734548,195300
720575941518823852,521008,657952,110610
720575941609001034,454168,622900,199890
720575941526261092,600996,610912,171000
720575941568302330,445408,834992,211410
720575941560438643,412020,712816,148050
720575941722869562,399344,729296,136755
720575941556244644,527640,759132,242595
720575941431628129,408448,738792,162945
720575941390634134,436384,745604,139230
720575941478583582,478904,758920,107370
720575941660806268,441940,736700,158895
720575941574593787,646016,178420,155565
720575941599366336,754968,145488,139680
720575941523706103,734896,121756,144990
720575941575052872,547148,184680,128520
720575941557785828,608416,96300,92790
720575941354133040,576992,160784,146250
720575941589045828,384528,138400,67455
720575941515580227,328168,165356,150975
720575941460333471,417904,222160,168660
720575941609886950,184684,145044,56385
720575941618406101,250412,139404,56655
720575941566633314,693744,214736,153270
720575941548118716,705892,194552,121590
720575941403284003,674872,185248,116415
720575941562111091,240992,96012,129510
720575941521150830,172232,126048,188640
720575941634397600,217452,221868,44775
720575941562143912,491120,763204,169470
720575941530686437,211880,136652,67005
720575941402006563,314400,91392,156510
720575941441492821,681628,192684,134460
720575941566895879,277616,173640,149580
720575941439165119,249900,144248,61560
720575941596681511,178556,177808,120870
720575941588260407,382676,191476,152055
720575941610149037,203584,229144,69165
720575941538616957,186116,225088,94320
720575941439559615,218688,73984,122085
720575941597042309,606952,78124,62145
720575941549594248,212596,84608,141660
720575941547955644,252232,188864,131310
720575941702751194,390216,121572,70650
720575941539337049,159692,169704,71235
720575941575972105,727308,99800,74160
720575941535929578,236432,239656,93825
720575941500212603,791120,143888,149580
720575941406692399,298612,213300,128025
720575941535240970,398084,111704,76095
720575941571122676,310348,197944,141255
720575941439591515,275696,217488,120285
720575941594453611,326628,119504,105030
720575941575480758,443784,222576,44100
720575941478585137,672504,120132,188055
720575941573613128,335272,93732,159615
720575941530032004,336808,119500,140895
720575941439133407,704740,193268,179325
720575941524297719,292336,97888,214065
720575941506864001,300160,221668,115695
720575941458073581,117228,117204,157140
720575941520070316,239552,108344,137160
720575941489759177,545472,600868,101250
720575941545989556,489068,370000,122265
720575941469868765,505208,707660,163035
720575941503488491,478736,799844,232335
720575941550675079,458972,370000,128565
720575941599532188,394956,214204,139095
720575941532259019,611552,171140,85140
720575941597632041,491412,370000,120870
720575941390308246,463064,370000,123570
720575941538255587,428580,262740,121140
720575941445392148,499648,370000,132390
720575941652157657,558664,582364,178785
720575941409772847,423536,172720,143415
720575941433202135,338160,109200,152550
720575941566240354,540240,263232,105300
720575941625124554,562524,190020,91170
720575941452436649,551880,159120,97110
720575941506471191,531696,140584,162450
720575941689874072,575284,584984,182925
720575941535994546,511924,164492,94950
720575941549987444,564552,606296,141075
720575941545891772,519456,194444,107460
720575941548447521,598552,598176,164970
720575941534028570,522272,194848,118710
720575941574333947,550240,156676,129240
720575941614441747,580028,133784,87210
720575941549397247,513392,665876,193410
720575941478847262,582616,205396,81495
720575941408691115,565152,124376,148815
720575941562669056,534200,213180,172800
720575941562667520,482876,217912,73485
720575941447161364,588484,184540,116325
720575941533406851,557648,204048,75330
720575941601990697,590372,163468,218115
720575941552837767,526176,111436,143370
720575941579347701,600420,151496,146295
720575941458269168,386404,201304,123300
720575941519906476,534720,123488,112185
720575941627254841,315372,129460,112950
720575941580854773,322808,144116,85005
720575941723264314,379860,212348,75420
720575941613786982,303192,79984,180630
720575941440476383,307828,98276,128520
720575941437592082,441196,197372,117135
720575941547430844,321136,127672,112680
720575941536453106,432376,895732,273600
720575941596746629,304668,147804,164250
720575941455025389,316228,127140,78885
720575941591962987,323616,124864,79020
720575941485859590,359388,98360,139680
720575941604612086,379136,901024,221715
720575941723494458,428680,149672,141615
720575941565289223,319556,138392,83475
720575941567844967,397244,156508,94905
720575941594551847,369568,170348,125550
720575941560702120,443288,188244,125370
720575941576758632,448840,190656,130455
720575941496149473,371320,950284,206235
720575941410034859,367624,975700,207540
720575941557392548,414876,170428,107910
720575941542417500,590140,782576,207540
720575941437921298,385020,205732,125550
720575941470852363,448696,202832,184725
720575941480683138,433580,213780,180675
720575941540812669,670020,575916,249885
720575941425239892,670020,576888,253710
720575941411902609,670020,577356,253125
720575941599073216,318340,127396,114480
720575941450765134,530136,231812,101925
720575941577151926,410604,117292,98550
720575941474554410,423348,167244,143145
720575941404136560,537108,245168,94455
720575941406987311,480060,247636,84285
720575941535897098,417980,731164,139500
720575941659071824,653200,111808,104850
720575941553592126,366364,147404,146790
720575941523313911,313208,119424,172530
720575941460792260,415356,221852,91080
720575941549822781,414064,667296,211995
720575941509486370,643576,112716,157275
720575941567944698,389324,142712,83610
720575941412098927,598132,196820,99900
720575941559424883,401548,622144,174150
720575941597042565,603132,80836,81405
720575941475275818,425196,918836,308430
720575941577250664,592280,89308,73125
720575941596090917,397320,117136,79830
720575941643637605,305732,108472,104220
720575941514794193,366000,162388,211320
720575941505323863,687296,100416,124605
720575941672277415,713088,83328,153720
720575941506896919,736888,114684,75645
720575941611951593,802888,163176,122535
720575941532783307,211888,164424,87930
720575941599467420,776860,145720,98820
720575941525116747,805568,161876,92340
720575941511910928,425760,158692,123120
720575941418390300,468160,119360,79155
720575941440443733,632124,169876,111195
720575941526853030,492668,573424,172575
720575941626500746,487688,207812,88380
720575941534881368,541220,187636,113175
720575941515548515,485948,250372,99990
720575941613459164,440040,847324,196335
720575941560931087,505836,729896,175950
720575941593765672,420696,910384,254205
720575941404923248,525924,225144,77535
720575941476980785,486956,370000,123210
720575941553919806,591584,685632,247905
720575941724607290,431260,748252,235845
720575941555196929,422368,238896,82215
720575941639508853,525768,599272,114705
720575941435429676,487232,576504,163980
720575941491857461,602836,162292,170190
720575941447914772,528164,613420,118395
720575941438445330,431644,183904,181800
720575941545432425,422944,177888,103995
720575941652845041,482812,370000,122580
720575941478585450,541976,221032,159435
720575941516432227,568920,616288,127215
720575941553264211,536520,276680,108945
720575941611688681,582924,676900,174465
720575941531178469,499324,829684,233325
720575941416654620,495520,723492,138780
720575941568894202,535768,168624,166500
720575941628237625,436652,221284,100530
720575941451289949,509392,175024,163710
720575941492217548,518640,612432,149445
720575941436052000,487920,901148,189855
720575941658941264,514796,265452,87435
720575941529735883,478600,734284,173745
720575941470033117,547064,160600,112635
720575941557588964,471232,845840,203355
720575941691806683,425032,208056,81360
720575941435430542,487296,370000,128205
720575941597533993,498784,370000,137520
720575941531735269,436972,205816,53550
720575941453681203,470108,370000,123975
720575941566797110,482456,370000,118980
720575941657989712,401244,201832,47070
720575941634266053,538268,639856,99180
720575941689415692,462024,258772,111195
720575941612246445,477468,231596,77985
720575941439919295,412384,233168,67950
720575941659661624,497876,370000,127215
720575941557326675,469948,834664,270900
720575941556442852,451712,169288,128520
720575941509452816,558712,164856,207585
720575941480977632,321576,128604,114975
720575941408363950,525384,597160,114525
720575941475341610,528612,193212,170280
720575941414491028,496232,646048,153630
720575941400991011,324432,158864,157005
720575941491266761,562340,225152,162810
720575941562831616,399120,157712,95085
720575941575186171,591044,159644,143730
720575941574956445,518328,189256,114435
720575941662348344,544152,632560,210015
720575941720479034,588696,572948,158175
720575941611361811,587464,551392,111870
720575941439756255,478364,84876,158940
720575941593044520,489244,212128,29880
720575941644359544,539376,215784,150345
720575941577774937,562556,208568,98325
720575941631316972,386156,183556,79200
720575941537796989,535840,668828,246870
720575941565813655,556720,150912,221175
720575941598909632,515056,191876,125685
720575941704127194,551996,185832,85770
720575941413704596,544564,189984,90270
720575941553754778,579632,196848,132975
720575941556245156,575452,737788,216675
720575941538518504,552692,144744,76995
720575941555393793,554788,210432,82710
720575941620241279,429276,136680,98460
720575941581804409,579584,193332,112635
720575941514073164,653568,133292,94995
720575941430613463,586184,165292,64890
720575941555590628,368320,166976,130005
720575941592880167,399632,131664,111825
720575941538878435,630044,80920,155610
720575941562569984,559688,171952,83655
720575941471704587,511644,156968,142965
720575941598975424,529988,154592,133110
720575941499525026,624652,125676,119970
720575941564797847,551528,254636,87930
720575941459350687,575344,211684,130410
720575941452175226,608980,86164,165465
720575941593241128,579572,145656,83565
720575941562471943,361968,926252,266850
720575941496214656,652828,155424,133830
720575941527179942,529688,205364,81630
720575941529212600,510660,204928,33120
720575941519971511,416540,748148,143055
720575941551035425,439408,215144,69435
720575941440182079,388924,146096,133920
720575941480453600,304768,148604,96750
720575941611132077,447684,219852,55125
720575941589177655,327260,171268,93645
720575941548249736,363844,99476,134640
720575941515842563,358784,94408,137070
720575941436577554,365528,90064,137070
720575941455942125,300224,197952,200790
720575941526918221,356144,107840,103950
720575941542680156,298776,97120,127620
720575941439427135,323884,149904,88515
720575941475832606,428904,127824,155070
720575941471442551,445188,148084,100170
720575941480452832,415772,181992,201780
720575941704357082,380032,169712,190170
720575941669982897,403268,153528,98865
720575941573613384,373200,157944,214650
720575941432448727,321404,128752,117585
720575941504702258,346944,97376,111060
720575941535142488,384804,118120,144315
720575941506242583,319128,103328,160650
720575941563388584,557508,189848,82665
720575941625221740,352920,160312,71955
720575941556606547,335536,109092,112320
720575941538584040,369468,159204,121950
720575941563323538,319648,113360,129870
720575941554377985,343280,174376,88290
720575941575611752,362444,198380,114435
720575941550085236,463316,85000,148950
720575941626074779,522120,214680,97560
720575941506144094,364764,157540,139365
720575941570793972,371488,196404,113130
720575941585572447,422880,127208,221940
720575941530522315,355964,125384,73395
720575941671982759,374292,223880,78750
720575941472424459,420324,141968,82485
720575941549724927,440200,187016,122400
720575941537732323,390928,152544,161415
720575941507552350,470496,215536,77355
720575941597303685,447648,208964,176490
720575941579674193,432804,201596,175905
720575941530916483,442068,210388,180000
720575941482287811,415892,175116,175680
720575941507388997,433564,212460,169740
720575941477013563,643064,93156,155970
720575941681975997,620468,125472,194130
720575941510502416,500928,598104,91485
720575941592225831,428108,580508,122535
720575941415768980,296184,121220,100035
720575941604055030,331276,121516,78300
720575941536355416,306760,130028,105165
720575941564372626,314448,137224,92115
720575941610608604,382292,897044,218835
720575941573579934,468588,123016,215010
720575941433136343,330448,94880,226440
720575941689743116,437552,196304,140760
720575941613556444,330088,133328,89550
720575941538583784,317312,125720,113130
720575941520463576,324800,131140,128880
720575941595042437,334336,156684,96210
720575941620045439,343168,147760,106515
720575941410265003,303288,108132,84330
720575941516105209,370432,192108,111240
720575941535012184,591380,129376,118620
720575941543203676,546300,183272,82440
720575941503162199,458240,254664,81225
720575941536028609,313680,114800,106695
720575941454402985,594008,140156,72765
720575941469639645,393332,132700,71100
720575941561160237,606944,85264,79200
720575941496739783,605408,91432,74655
720575941478454558,600624,124068,68400
720575941655597785,434268,696180,174825
720575941575775336,391868,107896,84285
720575941645571016,380220,102420,80820
720575941528884868,388484,121656,69300
720575941613589330,394620,115524,79335
720575941442638683,395944,116276,79650
720575941663659064,391620,122132,71145
720575941564830208,662056,112036,182565
720575941509486626,441552,124132,152415
720575941652616689,665052,116348,90405
720575941442901967,688512,117632,80460
720575941527245337,499728,202936,68670
720575941509092958,525796,605080,154845
720575941555393537,524136,228864,119070
720575941581772153,476136,679956,188370
720575941487990594,450048,158028,22410
720575941594682070,607496,78668,83880
720575941561357327,416124,692308,167445
720575941570761978,392344,109956,81270
720575941543007005,341968,106336,119880
720575941474686250,564752,155216,153045
720575941548872840,298144,128076,113355
720575941507813922,117588,155628,112905
720575941623879420,152692,183424,64170
720575941522823159,114496,206164,34290
720575941566403847,242452,120696,114210
720575941478388529,253668,191084,143550
720575941553952062,152900,184472,122220
720575941531669688,686572,165720,175095
720575941536519602,727808,140984,124920
720575941564962711,418920,862344,228690
720575941521020407,390240,929456,201510
720575941534061541,394988,858236,215145
720575941555590436,593012,629068,110295
720575941593110385,472484,636756,124065
720575941513024867,414852,925168,184725
720575941504471746,485248,969024,222795
720575941604677049,562964,628920,102240
720575941390733974,479148,883452,250695
720575941470786368,538852,690992,206550
720575941533864458,483048,703936,232515
720575941557294095,454436,691200,233235
720575941573415945,629728,626064,156960
720575941532424170,571180,777684,196515
720575941546807841,590156,654928,223020
720575941538289379,506748,762592,266715
720575941456664557,481312,795376,221535
720575941429401559,542672,637240,161370
720575941612672870,520804,723836,206145
720575941551035527,512008,909128,265500
720575941610116426,498196,884100,285525
720575941684892655,499776,901480,231570
720575941614736341,573940,704940,147870
720575941411673967,563604,749892,198045
720575941484385789,538380,731020,188280
720575941449258106,572744,680596,217890
720575941476587060,455344,871816,248220
720575941525247142,509896,802308,209475
720575941533734426,499588,657252,181620
720575941612606953,523300,709660,199305
720575941496443361,463320,764036,175320
720575941483698173,433504,756232,162405
720575941490414645,433576,723888,160335
720575941516859235,589152,633268,180450
720575941534913112,438228,735504,188415
720575941722019386,559672,597236,126765
720575941479241411,418836,896700,208665
720575941623354267,577024,717848,255240
720575941490414133,582872,766052,184860
720575941447849236,504084,712652,218610
720575941523051511,407124,738244,141525
720575941513254905,451304,719680,246915
720575941536192498,515688,742616,171360
720575941566829306,570184,768452,208890
720575941441230527,501672,739908,201915
720575941592094422,530472,732928,249525
720575941588653964,583804,761248,193005
720575941557884398,438668,919500,181755
720575941436577087,469924,793632,194040
720575941518431159,451588,613628,144450
720575941595960689,497540,737924,145080
720575941465477910,514032,629024,178605
720575941629416428,475664,598956,103770
720575941540254669,404784,908224,203085
720575941501850562,484712,853496,235980
720575941655827736,543400,770176,248850
720575941514695171,438676,761368,118215
720575941533045592,480216,644236,116415
720575941546186420,421348,888852,219645
720575941504505157,562472,618560,208575
720575941524264985,541824,694324,203130
720575941475996465,546608,689548,204930
720575941448143541,558960,593040,143550
720575941536323221,580000,606808,189270
720575941569745566,450676,801944,213840
720575941414228881,417716,882124,194310
720575941661300792,608520,601912,189450
720575941583410015,396480,935664,188865
720575941500900331,513116,740428,171630
720575941487859462,569408,715904,161190
720575941702096602,488552,844064,239490
720575941461644740,576000,726016,272565
720575941560079342,448672,642596,119610
720575941405938544,472120,612800,147600
720575941643474789,441856,608892,161055
720575941480421283,570172,675696,263835
720575941612410442,425792,735504,172665
720575941533143562,561812,695920,195480
720575941460235152,479608,689940,229950
720575941567780455,492112,734892,148230
720575941562373895,456600,617200,146025
720575941475637297,493032,921032,239490
720575941504504389,522120,569960,87120
720575941532915429,607548,600116,124560
720575941626271626,515440,624508,166950
720575941503456139,513912,653760,135630
720575941583378271,525748,630928,176220
720575941563978294,448720,632964,147645
720575941633610427,449680,896644,199350
720575941431957240,598416,594268,177345
720575941581673337,601412,596860,207270
720575941481960131,425800,726732,168480
720575941663495548,620752,638508,228690
720575941628630054,503232,704340,202635
720575941617029785,167552,212416,15795
720575941614539283,591388,152072,149265
720575941395190678,834996,139420,160290
720575941598091141,721796,102444,181215
720575941544351005,479904,892688,269685
720575941574988809,546640,215600,135945
720575941601957417,645824,122784,129150
720575941409870510,426964,907048,246915
720575941542843677,424428,939056,271350
720575941611951789,474780,912432,237825
720575941452239529,540924,743992,234315
720575941592388971,448640,598320,98370
720575941431138263,549372,758176,156150
720575941548970813,529996,649712,151875
720575941593961686,447072,742324,108585
720575941492315312,545356,651568,176400
720575941457942253,490140,617344,83160
720575941480518786,497120,935684,243630
720575941401776931,476928,628828,172260
720575941552477697,471880,710976,106740
720575941459514512,505724,723108,244305
720575941600548393,483040,881704,265140
720575941460170195,433168,871240,206280
720575941474456350,477300,834492,200385
720575941426616148,497684,717144,202995
720575941427631444,421036,894172,174645
720575941440149215,506116,749600,215820
720575941533340426,477500,882224,249390
720575941562209938,397888,913488,217485
720575941613458652,602528,637660,193050
720575941456663021,601548,622064,199350
720575941449454414,477020,890412,276750
720575941574300680,429240,610304,155070
720575941599433664,525688,634752,168705
720575941435725100,578428,608464,202230
720575941480223456,550700,773164,239310
720575941432775310,624220,574896,155430
720575941461251027,436204,706752,165060
720575941526426756,505396,713096,194715
720575941512795089,484960,708392,153090
720575941555492644,509264,617484,110925
720575941509583966,426740,725964,120915
720575941474259754,401364,744240,168570
720575941513220601,554712,678524,219150
720575941566797818,603648,717560,223920
720575941590291084,569236,714240,166545
720575941533864986,532012,602984,196605
720575941612574361,386432,894796,212895
720575941552510465,468568,730096,137970
720575941544744965,404284,714900,144810
720575941571385352,415692,705200,193275
720575941595764636,399484,709728,197145
720575941586457310,396064,705516,201420
720575941504440133,423800,752408,177480
720575941544252777,435608,739008,171270
720575941668869363,465368,706896,191250
720575941433366048,440648,749624,160425
720575941605070189,389400,912088,238500
720575941732537387,476624,869092,232200
720575941473178208,461172,628400,139770
720575941408462507,447916,757064,161145
720575941498803874,577392,682708,185085
720575941483598787,481272,833104,215865
720575941642688200,475140,904124,209160
720575941437658965,413248,983872,190485
720575941562045952,445200,594076,161730
720575941499426699,475412,684080,193950
720575941392667286,476348,686488,188055
720575941471212896,451252,777224,156735
720575941583836638,448948,811256,126180
720575941447423069,440444,747056,147195
720575941516333658,721128,112072,98505
720575941509583454,189632,128400,107955
720575941515384529,742704,106076,155655
720575941575710715,811832,115944,112815
720575941621520255,775880,161748,152685
720575941408300079,614352,141152,77130
720575941570566900,317440,114032,126270
720575941525937485,364624,161600,75600
720575941496871879,601876,78812,82485
720575941540485245,660496,209544,133875
720575941560113679,405224,224104,162090
720575941634759328,674760,223668,101160
720575941634563269,697632,182448,93150
720575941537700874,712248,141816,144045
720575941685680623,676820,153876,149310
720575941627813158,310164,220700,124110
720575941635054779,208616,104900,137250
720575941500738633,540860,234864,151605
720575941703114202,253000,231028,122130
720575941517449977,404108,926476,209565
720575941492480974,281480,160300,82395
720575941646555512,288232,156880,109080
720575941617655253,268348,159028,162090
720575941533178090,238808,214312,161055
720575941564865682,598024,82944,78795
720575941645016421,582884,157428,80865
720575941665234300,325480,189260,140895
720575941536586266,507492,212852,88695
720575941658909976,653684,134140,117765
720575941506898341,399164,99596,78525
720575941614869724,676688,105296,177750
720575941627255634,361672,131096,65565
720575941442117071,348184,98748,160605
720575941413247599,182200,169144,90225
720575941627910794,153088,200544,24165
720575941542189773,141612,186900,108180
720575941626272650,434032,694384,239085
720575941556379108,477036,256524,102465
720575941663497084,499508,370000,124650
720575941461875908,473516,258212,102690
720575941603727545,468792,854760,207090
720575941496642944,563020,718724,177840
720575941477145393,540468,251500,102150
720575941411740817,502820,825132,277650
720575941586950790,423532,241620,110880
720575941561392173,450360,237524,91530
720575941628271417,564624,675372,158040
720575941655665108,469152,921540,207135
720575941508471824,422920,284168,103455
720575941534129330,407372,127924,75195
720575941544483252,429340,279300,108540
720575941572468126,471900,747772,172710
720575941594716523,456784,370000,127845
720575941509093726,515608,159120,157680
720575941586525662,540132,193356,83250
720575941400992803,502076,257552,94905
720575941546449588,393516,127432,143145
720575941559458675,486008,370000,124245
720575941393488790,531944,716048,216945
720575941434874912,494444,370000,139185
720575941540452813,330448,160420,195930
720575941487139138,453920,637736,221445
720575941513419619,548520,229716,105660
720575941433235744,454808,370000,130230
720575941597666181,589888,198624,105120
720575941491825895,341460,113500,192960
720575941486583046,396768,898940,200205
720575941407710511,389200,147628,88875
720575941632989637,659856,162108,162675
720575941524331545,582868,557784,140400
720575941535177443,551176,606584,148725
720575941560277549,571372,603916,151200
720575941514435793,607704,588884,155295
720575941539011477,444416,929344,265860
720575941577119825,484432,913124,275850
720575941626173578,523532,191312,117360
720575941548284040,493888,161636,157995
720575941585935494,488344,773872,204345
720575941574990237,478616,207484,64710
720575941511518674,520472,210072,114705
720575941427731540,607016,158668,138960
720575941540256205,554728,715192,155835
720575941629975078,299904,91400,129870
720575941548121193,567164,198140,93870
720575941503031895,529344,177872,107280
720575941532294091,586292,196836,127170
720575941688630390,571148,691956,222120
720575941435955500,507152,248912,97650
720575941590227511,442816,206736,72225
720575941392800260,532632,220976,158265
720575941564373858,563272,187540,132075
720575941562505517,533860,193180,135090
720575941515844451,548196,139944,149985
720575941429959895,539424,261868,113850
720575941559392750,515100,259852,110745
720575941522069687,615144,169376,105480
720575941592259468,631632,176300,117360
720575941410069166,602008,138412,139815
720575941520333751,621656,154448,79875
720575941515385923,515392,209760,153675
720575941439789535,516008,174500,194940
720575941499624827,365444,137988,101385
720575941575613583,554352,160112,37440
720575941564930455,579516,166356,65610
720575941576661352,345076,112436,108900
720575941555756371,435144,184456,116010
720575941413739153,308292,106504,112995
720575941531180261,427448,587744,128790
720575941499558369,436976,633644,220905
720575941548350600,335088,172608,208395
720575941479471328,386552,148724,108090
720575941440575807,361108,195596,102195
720575941533670531,462404,168356,208980
720575941492645095,332876,186032,150705
720575941520366259,335216,190192,134280
720575941692005784,312068,128248,112005
720575941452896839,359424,145508,133155
720575941491169511,305104,131480,84060
720575941585639902,323528,125236,104760
720575941524462155,623048,140384,155250
720575941481143008,644696,117984,109575
720575941615425689,376964,148720,166680
720575941457517126,411380,143520,72675
720575941492612044,424604,269128,103635
720575941560933235,422956,108260,150525
720575941626075850,318412,127788,121545
720575941569485818,317992,139472,81000
720575941433237006,386800,221532,83160
720575941414395025,337904,122656,109530
720575941680667069,393004,219112,74160
720575941597306245,525356,124556,121545
720575941576760680,406392,163852,93870
720575941521480627,408572,101656,178110
720575941464955405,428152,103524,131265
720575941565422999,483176,633708,199170
720575941480979680,527200,172600,203220
720575941476227899,645008,132708,122310
720575941545662908,312596,106580,131535
720575941532490699,447864,209204,175995
720575941393684740,378552,205380,120420
720575941664446588,403380,205480,160065
720575941464136500,670020,577948,252270
720575941439560511,307340,131244,99945
720575941644360018,312884,129208,103500
720575941503621867,314760,141488,120060
720575941414558097,323704,139676,111870
720575941576826216,350244,164824,95355
720575941529967032,308764,135260,83295
720575941508635426,362216,120444,87435
720575941548121449,614156,170300,119385
720575941553986075,328476,93372,88425
720575941481634383,502708,887792,279180
720575941573516296,626144,585984,184815
720575941458368838,542628,131824,160110
720575941411543467,664240,134112,99270
720575941469248221,590884,185980,108675
720575941476326686,644524,123232,129330
720575941610740969,647516,118104,179685
720575941590981687,641248,167472,153945
720575941433235982,674160,108712,128520
720575941535045866,364940,122676,144000
720575941491989680,627344,154048,111465
720575941606415294,590072,129856,75195
720575941467545110,386548,108884,79560
720575941538159130,391496,129264,64620
720575941595076715,430024,206048,25515
720575941650946325,394884,122992,72765
720575941409283246,396008,159064,61515
720575941643180901,672368,601644,120240
720575941653437461,389212,103900,85995
720575941445851562,621460,179376,120645
720575941644687560,366304,170456,206415
720575941629647654,463476,776880,232920
720575941549693985,336140,111312,129330
720575941503655307,309304,190264,103860
720575941541272781,597332,193744,126765
720575941500016969,697152,153600,203400
720575941405939824,712896,96000,101745
720575941532490725,377368,860196,220410
720575941653831185,536392,156596,130185
720575941470722935,388828,115632,75060
720575941407841071,549168,180280,166005
720575941517351161,538952,654380,128160
720575941532293323,501332,643084,140940
720575941668215283,586640,149568,148005
720575941616736665,402564,118440,82485
720575941633678523,565200,155984,153450
720575941565324551,578608,151696,150795
720575941585640799,408096,203296,132030
720575941625814218,458736,883456,287865
720575941413870996,521168,167888,160875
720575941501557387,108900,161192,66690
720575941558901540,317680,106844,108810
720575941516532835,784016,142120,128250
720575941469018176,399416,917444,218475
720575941650848529,380216,874180,236295
720575941658910032,420768,890640,243630
720575941513386586,470080,919552,184770
720575941645277384,441216,855512,184005
720575941411805332,419352,926092,184275
720575941623486602,477712,881196,252765
720575941555525971,592920,612928,160200
720575941630302405,576752,679912,217890
720575941437233452,469424,834220,221760
720575941518793388,514596,801044,215145
720575941685747212,558844,722436,258705
720575941520726744,584368,716340,219240
720575941605006782,479092,860760,212130
720575941593275249,473428,766000,212355
720575941598321308,483660,918516,249975
720575941431335127,514352,595616,107325
720575941537635277,540408,740724,196605
720575941560638888,536388,757200,208035
720575941540485581,459204,852124,236745
720575941479734179,463120,848912,230175
720575941541731277,420456,931352,242730
720575941722053178,459824,751716,113580
720575941689318040,437372,887772,253800
720575941584460639,490104,855076,262710
720575941598321820,522268,652892,90675
720575941575416975,559744,617888,174780
720575941566930420,474720,614428,103635
720575941553331354,509676,678708,189720
720575941510502928,473600,698864,138015
720575941470231671,618436,607792,180675
720575941668347123,443664,709088,148320
720575941609429350,478908,702624,193095
720575941555526436,491276,612904,205335
720575941610872038,478896,633692,123570
720575941431106953,563716,599504,171900
720575941645048993,427844,726020,141210
720575941456173983,445168,753884,137655
720575941499296907,436872,758484,153990
720575941564407040,431500,868880,206190
720575941474458142,419852,934780,183735
720575941488418101,427324,948248,178560
720575941505063996,447340,593548,124695
720575941612345564,583664,608948,105525
720575941505685854,554200,634648,127485
720575941665495539,534216,653524,156690
720575941505784926,528164,648108,153855
720575941585902982,543740,678032,132300
720575941723167546,523468,632664,163395
720575941498935777,508932,620476,211455
720575941554739995,625744,608776,155610
720575941515058169,547160,752448,151155
720575941536226058,586360,625032,161145
720575941562899607,497624,706876,179550
720575941632695739,519876,757160,150435
720575941474786625,530980,703912,251415
720575941602318782,553744,759764,205155
720575941536717322,603132,762544,193005
720575941410004079,561880,760364,231255
720575941477570784,566644,764268,165915
720575941453748295,554480,596336,118980
720575941513157635,494916,625084,108090
720575941470395915,562124,780088,188280
720575941413837084,574640,773968,219915
720575941494151552,507196,618632,133425
720575941459090079,532072,695144,198585
720575941434383246,562348,779640,173745
720575941501786930,508012,730944,244800
720575941531475173,561616,777124,184455
720575941542911261,539728,762104,228735
720575941659827512,562352,768456,195795
720575941630959035,486076,714116,219870
720575941539929117,559128,619420,215190
720575941534750851,500372,753708,132840
720575941567191598,415800,912332,186975
720575941404727920,554608,707772,186705
720575941595437701,558192,621456,121230
720575941390702742,386080,892892,213030
720575941573712054,402532,907296,199260
720575941496314697,454284,598620,163350
720575941623388827,433364,612400,135450
720575941511911696,461028,844484,183780
720575941559261555,451280,705896,253620
720575941545400508,442988,723848,233460
720575941540289149,405336,731164,153630
720575941544156508,266484,150988,98055
720575941567454262,367600,218224,87300
720575941599993244,170532,134556,124200
720575941576006395,268984,182000,76095
720575941515222083,489964,749220,123210
720575941618637439,524628,710116,184140
720575941478980291,499436,603688,135135
720575941502081515,646416,105264,97380
720575941479177440,492944,370000,126900
720575941477013825,495852,370000,136845
720575941537732840,483156,370000,113445
720575941440379733,591100,140872,151920
720575941438773548,506328,705116,226575
720575941626534090,488776,370000,125370
720575941607693421,523336,229004,105345
720575941619883135,367688,141528,122535
720575941440280767,439272,222892,121050
720575941545991429,410420,183756,167580
720575941408856879,412832,901288,242775
720575941490285006,489228,617136,176895
720575941596748933,447132,156072,99990
720575941449981277,474604,861572,250560
720575941659040080,516852,736620,198225
720575941476752180,570948,658148,214290
720575941580954193,475888,370000,115065
720575941655534804,484728,698232,187785
720575941495266247,416192,211840,43875
720575941586099334,382000,223760,64215
720575941536685400,545280,635364,137565
720575941652552433,507744,753120,240300
720575941731588651,550536,554204,117405
720575941627484454,543000,218952,99180
720575941553985875,539456,257188,126585
720575941507062341,541512,612040,143640
720575941579841013,531980,200512,173070
720575941455714541,555796,194740,120915
720575941568077159,464676,370000,120825
720575941469018743,486760,370000,123120
720575941537504282,619396,144932,81450
720575941703244762,559428,234088,99270
720575941409774703,562052,617472,141075
720575941478849857,575516,631036,107730
720575941534751208,613484,564556,166275
720575941542779421,617392,592092,204570
720575941548546696,595532,576608,193095
720575941411838612,604704,592428,154710
720575941454830131,460592,923456,255735
720575941564176482,574760,195584,89730
720575941639281525,614104,588344,176040
720575941565717399,504888,159568,157860
720575941671491751,499340,259932,90765
720575941431466593,606936,154012,145170
720575941473900842,560948,190440,92970
720575941407907246,358692,93340,133920
720575941643017377,485700,190424,79380
720575941432679343,527568,225832,156960
720575941589212228,542556,130788,143055
720575941492121038,557680,151560,80640
720575941537765658,536032,224256,168480
720575941549660276,538804,129752,161325
720575941596748421,558652,158068,131355
720575941476097322,572992,141928,90540
720575941605235446,550508,790532,149490
720575941531409099,674064,139180,165555
720575941654552081,656756,131316,105075
720575941658156112,299424,111888,166635
720575941518268819,381904,217960,77985
720575941458992031,502476,887132,275400
720575941462497680,500408,579652,125820
720575941585836127,308964,107044,120690
720575941584493190,403744,126400,112185
720575941576629647,352092,135860,106875
720575941645342881,417568,218968,154395
720575941474654267,318824,92768,93735
720575941669853939,273004,92676,181080
720575941491203559,301260,109648,123975
720575941569616542,552224,684112,215550
720575941613427814,317680,132228,107010
720575941442477147,303288,97072,184230
720575941403154723,309552,125548,116460
720575941575612815,334584,135048,136890
720575941551922238,307468,132368,106110
720575941439559765,395924,142340,110475
720575941463317700,402308,137156,65250
720575941465742102,325696,150144,64710
720575941461449741,412060,182480,187380
720575941498412155,391544,95544,201330
720575941612018918,425760,262892,85500
720575941509159774,340784,179888,111015
720575941539371157,314872,81628,133290
720575941537241315,521992,213352,101115
720575941479471584,321164,164092,127935
720575941492480176,382040,204636,120735
720575941475769393,412156,160748,121140
720575941578922577,361800,188816,103860
720575941613230489,544388,142316,114300
720575941541240269,633492,107448,105615
720575941653732593,657112,139456,109980
720575941442182607,433392,111716,185355
720575941557426660,434216,266252,70965
720575941646196129,656156,106344,122850
720575941499099617,644732,120280,105840
720575941515910659,650532,133632,103950
720575941532392651,332880,129648,94590
720575941632891333,359716,103016,150165
720575941516892419,331368,100060,141120
720575941392801028,279232,122688,76995
720575941480979424,614648,97204,76095
720575941553691876,412004,770360,149670
720575941410658475,442836,197892,169200
720575941542058269,335648,153876,126045
720575941524856164,366024,890492,227475
720575941669656819,595500,121408,196290
720575941491530188,663624,132112,100305
720575941547334836,610384,169268,89595
720575941585115526,537332,241632,107460
720575941633350560,628440,135876,169425
720575941460269296,473700,221592,78570
720575941540387277,660920,126540,99855
720575941488024838,651832,124096,157455
720575941527018317,652624,108496,103455
720575941442542939,608184,135060,140670
720575941463546125,564532,766644,189270
720575941406006164,597284,92740,71865
720575941536193202,595788,88612,74385
720575941616671129,392792,113248,80100
720575941732309547,394312,124492,70965
720575941689448972,397464,125888,71955
720575941453748551,614752,145968,81945
720575941436087328,622192,116992,87435
720575941565553920,429400,630412,52560
720575941670279847,650176,226464,98595
720575941486484486,636944,150480,151785
720575941733653547,386304,113600,54720
720575941611887846,319624,168508,150750
720575941478226718,653156,120148,126765
720575941585573983,443548,177572,145125
720575941653240085,359688,137408,61605
720575941526886756,535824,119920,152100
720575941688171276,174928,169912,95310
720575941631318310,257008,200732,48645
720575941537831144,429028,901528,183375
720575941574171899,478864,929800,237915
720575941539044082,472560,790976,215055
720575941525347074,402880,731120,147015
720575941520333047,492516,710980,243360
720575941546711585,485048,808884,205965
720575941540977357,529724,641352,173115
720575941562014208,561548,702908,149895
720575941531441381,471908,681756,177390
720575941464168534,592544,656108,226710
720575941689777627,546484,668640,198585
720575941639478303,565736,692992,192510
720575941585902470,599712,648948,118845
720575941482028483,607252,606016,136440
720575941501229143,496056,608940,100935
720575941631875525,603604,626592,173115
720575941517384026,484284,626188,86625
720575941593963734,504852,710080,181755
720575941457976479,563220,758988,231525
720575941524691277,565248,773796,229410
720575941622898172,590552,768660,195435
720575941493955710,535820,749684,166905
720575941520464238,579860,780188,181305
720575941657730328,581172,733320,239355
720575941498051200,469524,858808,216855
720575941573385544,476432,836588,199440
720575941516761516,544644,716924,229140
720575941572860047,542496,745288,165510
720575941678538173,521312,629844,123705
720575941587344695,423080,848440,257805
720575941459712196,437608,864448,195075
720575941535931658,482484,696304,185265
720575941518334643,534592,735148,267885
720575941468756445,401104,886300,220680
720575941596126166,386804,888264,243765
720575941425044820,411704,894336,210555
720575941484125702,471328,702508,238140
720575941449030420,498332,746040,257850
720575941684992751,458784,767912,236475
720575941550971783,439968,718080,213480
720575941614737877,451204,682868,203175
720575941428975864,451392,593124,123030
720575941413870364,403492,881100,191250
720575941625453564,455156,924472,198585
720575941502573803,401388,931648,194985
720575941501721138,459488,727328,244440
720575941605399742,448464,678116,246510
720575941659696184,480560,716920,237735
720575941438938175,506100,769716,262665
720575941569583986,577560,740208,181665
720575941475702890,572588,679204,212265
720575941552675719,514144,935460,248490
720575941579971417,567340,748832,220725
720575941470067063,555224,685956,215325
720575941627288731,394228,917812,215370
720575941534817624,532916,651000,155790
720575941468724235,453312,746340,150165
720575941492284286,459204,686148,238005
720575941652912340,382380,893716,232830
720575941597665472,401820,892948,219285
720575941526133581,391324,919652,204975
720575941557885455,488332,776472,211095
720575941471803712,445060,760912,167265
720575941534424298,578352,635896,118485
720575941526429060,521004,628080,126630
720575941566799354,528436,648800,166365
720575941652880084,427044,603224,159390
720575941594225191,432948,623316,135585
720575941413838191,492372,790356,253980
720575941482388815,446280,901460,195480
720575941660155160,425112,709720,159075
720575941533604122,377812,884184,215685
720575941537635555,470548,557660,113130
720575941595897024,433308,581056,154620
720575941527149496,463568,794064,204660
720575941526854822,433104,719412,113670
720575941452176297,452320,743056,173070
720575941559885327,417040,968444,247635
720575941452863866,650564,142740,100890
720575941553528063,362976,152848,124515
720575941575318159,811196,163608,113085
720575941353871920,749896,109376,168750
720575941537536778,733220,102572,152280
720575941498378825,601080,624964,193950
720575941621685244,486832,712736,190980
720575941561391506,493920,698440,190710
720575941590358668,420860,899936,219735
720575941497887817,488696,718200,219915
720575941633087648,446520,735132,153135
720575941593798870,446552,599432,159210
720575941621652220,566200,682028,198675
720575941474819380,467276,684448,179325
720575941579971673,477436,638428,95985
720575941533310145,443672,868192,212985
720575941527149240,456264,626832,169605
720575941565552791,722072,118248,149220
720575941428714836,768420,141364,165465
720575941394045334,744168,109864,147015
720575941465121293,396880,118880,86490
720575941653995505,387948,110072,87390
720575941432320175,643112,174932,143145
720575941488157325,277136,201804,147465
720575941561032686,202372,221172,116775
720575941477278257,698092,191740,173520
720575941661467192,483220,814852,206460
720575941605106361,612064,76172,72000
720575941557722852,706332,173968,85725
720575941494742960,787424,118468,165465
720575941509488674,103236,208824,47250
720575941573484190,640760,143084,115425
720575941549367924,700896,133904,160875
720575941531508867,112196,171760,81900
720575941653995481,612664,628920,206955
720575941403549987,313640,197392,123930
720575941574534031,608444,595300,210375
720575941477442078,665440,153744,205110
720575941524955981,248904,189040,115875
720575941629714982,599432,81472,80100
720575941552611583,612748,77156,72045
720575941580628981,595544,123568,70920
720575941511291152,603360,81620,64620
720575941437628704,612468,79548,65250
720575941462828045,608948,77284,63045
720575941465218829,314740,201280,122175
720575941450899625,323280,203112,108585
720575941565751086,272260,170200,185760
720575941441920859,651372,121644,144990
720575941644362657,314016,98768,94005
720575941472984951,318812,207340,138375
720575941413347439,181512,115088,123480
720575941492154165,308792,208672,79020
720575941478293022,608480,191968,111915
720575941441527893,256568,126272,114885
720575941658321488,371532,144324,62730
720575941515255619,400108,144624,151785
720575941601763625,388196,112488,77445
720575941519515319,166516,148080,114435
720575941637710197,171936,149096,87345
720575941594915367,121120,149360,151110
720575941571354868,658496,117716,158670
720575941579514869,668872,181820,144900
720575941585936606,400300,119848,67365
720575941536292530,664604,180828,148095
720575941613657830,253780,171448,66690
720575941500707041,111192,167852,72585
720575941555232647,771568,179396,44010
720575941509259042,230232,110412,133290
720575941576434333,179140,172932,182970
720575941546221929,217280,157736,201375
720575941670249137,810880,193068,95805
720575941451227997,597416,182180,118395
720575941564900242,579640,165020,67950
720575941481833123,638692,175732,109980
720575941468069462,571488,216068,93240
720575941607236205,598036,159216,83565
720575941414330001,547736,643236,165465
720575941596553511,590924,597252,136170
720575941438841435,571496,609156,170460
720575941507031612,557772,557192,104400
720575941564736407,454456,929192,223020
720575941597766336,559512,191832,89460
720575941508440193,505444,901808,262035
720575941532426699,567428,66360,190665
720575941497037218,463616,924312,281565
720575941560147983,462596,184536,177615
720575941439628076,582612,206392,141390
720575941446902292,553028,250364,91260
720575941575418377,579624,158884,69840
720575941441822811,615152,176820,210645
720575941624602620,631016,186352,143595
720575941441856091,537372,194188,58320
720575941576335247,623512,134496,181890
720575941543469916,575800,153632,232470
720575941541699676,649156,148732,98235
720575941410594671,540788,136084,232650
720575941509586817,364480,126324,166995
720575941645409874,358508,92160,131985
720575941599666588,424348,174132,174960
720575941612348262,433096,118876,195795
720575941504802610,421564,110888,205560
720575941688369647,332412,147220,98955
720575941498216320,323124,164708,88335
720575941610577884,504324,615608,147195
720575941553332890,466080,588048,171000
720575941526069604,363584,164292,126315
720575941561229939,362352,104632,133920
720575941613395629,318284,128112,86400
720575941536882659,375456,165064,105300
720575941730836779,333168,165788,86985
720575941508604033,293672,123804,125820
720575941466857814,309884,136280,99495
720575941563293538,429156,127164,154395
720575941555232539,419640,210100,140310
720575941545533320,440896,194424,115110
720575941596881009,386528,182740,158895
720575941431468536,333424,192336,110565
720575941645541576,315108,148384,135315
720575941391589782,316880,134568,95220
720575941482815174,310532,100524,89685
720575941354136112,322972,121380,156060
720575941614707609,313824,145584,88290
720575941631845307,296144,119912,96480
720575941457977840,326796,104620,140265
720575941450965941,651428,113652,125820
720575941570372466,358004,212628,135495
720575941564342016,427004,272192,96570
720575941630239714,385724,188668,81135
720575941688270744,383404,904392,214920
720575941613723868,338304,187408,128970
720575941407711406,364720,186892,103095
720575941560935183,418024,200552,40005
720575941644362440,350984,156956,76230
720575941408793135,311328,157456,145575
720575941473116512,430920,235888,98550
720575941535769114,399048,211348,160065
720575941545042868,373940,201844,120780
720575941431469048,428596,137112,202680
720575941486681922,412016,151888,89820
720575941543731644,430316,188672,197415
720575941404729712,418096,718764,155295
720575941498150784,652780,108400,162180
720575941488287797,437320,607516,129195
720575941612052141,623840,109980,83610
720575941671264433,615204,91180,87795
720575941574893725,296360,114572,93015
720575941538325397,308372,108436,92430
720575941723365690,294044,120128,100125
720575941645344968,318588,119440,91710
720575941500838306,329304,137876,84735
720575941416788508,363296,95772,145665
720575941589278532,320988,128284,100260
720575941551169341,348364,113228,130140
720575941520138350,450468,248100,73080
720575941515124627,604136,603628,198495
720575941490679497,412536,204676,92340
720575941625094396,593312,167112,113355
720575941633417888,474288,230508,79875
720575941507981150,579288,166720,144765
720575941431271777,462528,206528,146520
720575941644329061,300360,103524,103500
720575941415346321,308152,132060,108540
720575941692400603,502932,656056,227520
720575941463252932,350704,137712,66870
720575941546614460,633612,106412,118305
720575941446574250,655536,118000,118485
720575941575811849,597632,84660,77535
720575941466070614,400680,120528,69030
720575941484421117,402000,130320,71235
720575941691777176,392072,107268,85005
720575941595143717,397988,123480,74565
720575941601762857,382384,113508,72270
720575941453587015,389632,131312,61380
720575941597667185,191832,168332,183375
720575941467086870,391172,115248,77085
720575941653668057,380776,134564,69840
720575941533704067,532220,177828,146205
720575941432123640,418556,172112,116820
720575941540257741,511388,470280,129240
720575941517385306,464452,861224,224820
720575941626175643,473824,243756,92295
720575941658910488,456412,370000,130635
720575941401813027,464572,824228,208395
720575941415707420,570888,171764,77175
720575941450506830,442620,225512,126540
720575941456897005,467188,606520,186570
720575941496676295,540484,207484,124695
720575941646163832,292768,147440,99990
720575941566111286,604320,96576,123525
720575941614543635,577584,144932,152280
720575941477178929,598000,163472,225675
720575941570437490,645892,126052,141300
720575941682504637,186828,169580,186390
720575941584789726,482480,870312,236700
720575941498971105,458216,757728,248535
720575941596225393,397692,114236,214650
720575941477703985,593884,87212,74925
720575941587181879,449044,688160,235215
720575941488222665,477176,903108,274635
720575941449293946,411648,915780,187065
720575941689974680,495896,909744,263790
720575941625881482,433796,874648,204840
720575941700494042,492768,797328,245385
720575941656978256,614528,606944,157995
720575941409874350,509616,888840,241740
720575941450604110,543424,757860,241650
720575941497889097,557284,710776,192825
720575941579841781,493484,764360,221580
720575941490647527,447104,738480,159435
720575941662450044,536092,773524,218565
720575941431075425,480708,870024,266805
720575941516140204,501672,783912,248445
720575941590294824,474700,929980,255600
720575941579809013,583172,689188,235710
720575941530853507,513592,718348,216675
720575941532426730,579176,707544,229680
720575941645147848,498428,939452,227835
720575941627256940,441396,931072,198225
720575941489860583,468332,893288,246420
720575941352922928,488956,903100,252045
720575941653734385,411292,857056,184770
720575941533148097,592112,775784,198900
720575941431107503,491476,867500,244755
720575941490713033,494820,933692,250290
720575941451785031,504240,911336,223290
720575941506310309,561624,650244,141975
720575941462499216,509920,714116,196830
720575941558378797,535676,707232,158580
720575941520072883,621284,610112,187020
720575941642429029,564924,762676,196065
720575941547335284,453904,744480,191430
720575941595832732,552484,678724,167625
720575941513356122,554528,654844,190575
720575941429535703,491004,911224,249840
720575941611660051,415680,721548,135045
720575941544485661,460244,633652,148680
720575941591277708,497824,680440,189945
720575941408530223,504904,728852,135405
720575941561394066,626016,595012,139725
720575941470101879,506420,627512,86220
720575941571420411,591248,590268,126315
720575941479243459,455164,901704,255960
720575941490876592,477176,889364,251910
720575941655896344,410688,912888,205785
720575941684928239,572620,758924,172800
720575941549465121,589440,572072,132660
720575941587247415,563948,597644,138555
720575941526527876,594892,571924,135585
720575941562442338,564796,761880,164880
720575941563358774,486156,626100,126360
720575941512405315,611388,601620,152370
720575941513715665,466560,700412,182025
720575941526888358,507576,741220,179865
720575941500904427,467780,731896,173340
720575941562310407,462324,732580,159885
720575941554512794,477628,756444,126990
720575941474394673,536692,721780,255330
720575941468955200,529088,730980,157005
720575941512798796,529720,716152,255285
720575941555462995,558420,756508,243270
720575941498642850,551136,765100,219375
720575941492286078,524168,779944,204795
720575941571289595,524456,672448,167490
720575941614904028,431936,734400,132255
720575941499494306,478244,582696,123120
720575941501002731,544752,750148,217620
720575941459025860,481036,921320,195570
720575941506113349,450940,742924,176040
720575941612053094,496560,782864,224640
720575941524103524,559744,726292,231210
720575941625028716,452396,750924,175590
720575941430321166,513324,704336,232740
720575941631975621,564848,650056,191700
720575941549990004,483624,891076,239760
720575941533278145,510420,721940,186300
720575941655503828,542804,747900,163080
720575941535048714,484288,914868,209295
720575941535047690,507260,692792,232020
720575941654880529,468436,710084,147915
720575941461221075,445976,683692,177075
720575941684863727,423028,747264,184905
720575941500215777,398368,928784,188640
720575941487829813,484244,872176,236880
720575941565128967,458308,614356,141840
720575941629615673,718892,164176,126405
720575941462793939,709040,189928,110700
720575941517811290,179220,219808,61830
720575941612085578,290564,160176,158985
720575941484322758,182088,143984,170910
720575941515616076,464704,104512,76590
720575941558607396,398860,169264,155025
720575941556707620,498756,803080,215280
720575941515944803,422272,267372,86580
720575941488845287,500884,370000,122805
720575941623193340,512300,594244,145890
720575941526954424,437204,283732,110970
720575941518794668,393556,238192,65205
720575941610938797,483444,844808,200475
720575941574140169,547796,548776,129735
720575941476852254,497036,370000,122445
720575941499166281,544304,120020,128880
720575941598584768,450140,370000,136485
720575941440676319,531324,593860,108585
720575941557591972,524776,549648,103815
720575941529738955,476016,781004,222795
720575941413642268,498824,370000,138150
720575941634269371,429648,199936,66375
720575941690957787,450948,708124,156105
720575941452767047,563436,696120,159660
720575941516271450,535356,237056,97425
720575941703180762,476772,841432,202770
720575941638266399,550016,680952,201555
720575941575975350,482680,587208,174240
720575941507751447,388512,244096,102240
720575941508997154,499524,785408,203715
720575941503524914,474876,370000,122670
720575941594293032,416664,943064,236430
720575941593505387,419636,263004,106560
720575941405745776,541236,198724,90675
720575941527544708,477536,681872,157455
720575941548351549,570208,157440,110430
720575941566309174,556264,181124,167130
720575941542421340,572552,607856,131580
720575941482323651,544952,722472,270270
720575941504443074,490624,785104,212445
720575941506310821,517576,269332,117675
720575941523447883,430476,238048,97470
720575941514372049,522596,610016,114570
720575941505425858,517640,573980,102060
720575941556839204,463596,370000,128250
720575941609235302,546412,204532,102195
720575941479604643,485436,370000,124470
720575941409611567,317560,165124,149490
720575941596881703,476020,473784,137835
720575941589017143,500180,370000,133695
720575941580693881,535428,638720,150570
720575941480784381,461612,370000,124560
720575941483896838,482388,370000,124695
720575941571453342,534408,229044,99495
720575941514764620,507824,100432,212400
720575941643248328,494684,911484,266670
720575941516861274,336344,92656,161325
720575941589148228,530856,189868,121005
720575941588099140,392704,235408,56205
720575941642593106,528872,220476,103905
720575941516305145,564532,161480,177255
720575941563424680,552700,151476,88470
720575941567684398,540720,140268,230535
720575941571519483,593336,585028,138375
720575941476032817,615504,555400,133380
720575941513027331,572628,584556,150075
720575941399879971,495104,160064,229185
720575941628108345,565204,165420,126000
720575941428912265,571120,142876,96750
720575941595308145,493488,90792,212940
720575941452997447,659644,146728,77355
720575941518204888,416292,506448,112635
720575941535441386,631728,184956,150795
720575941594489125,406596,196564,81225
720575941529903077,513284,809764,225360
720575941692006552,327388,129572,121410
720575941547400892,543928,201008,99990
720575941457584031,567176,192556,92205
720575941437628204,532808,164284,98820
720575941569716338,610112,187796,85185
720575941534260824,543096,237296,136710
720575941532393419,540772,112028,168255
720575941553726343,638240,95152,107190
720575941564539904,645848,137224,103770
720575941487993666,577408,150004,92700
720575941618606293,607196,184448,111600
720575941449850549,561400,122452,116550
720575941571354612,546692,163944,75555
720575941393588374,358580,115208,140490
720575941688238454,510356,189112,120060
720575941545042949,443412,148492,162855
720575941507063319,490592,556664,127935
720575941617688789,392912,142920,87750
720575941642166354,481956,607572,158400
720575941400501795,515292,606148,196785
720575941560573608,484860,580768,106740
720575941574008502,408560,710896,169110
720575941633843141,377528,958056,210240
720575941573878537,398620,947544,267885
720575941618934485,482752,130304,254520
720575941688631414,466332,709156,176085
720575941539210226,313240,115516,108855
720575941642527570,334316,138868,120285
720575941593801323,299296,100816,123075
720575941506442044,319776,118796,164655
720575941532655845,355972,137984,112635
720575941592227980,332100,137648,126180
720575941483111107,372652,139544,165195
720575941491334965,427724,206372,45945
720575941563720704,395288,190612,79785
720575941476426526,416844,194304,73620
720575941505065303,355808,142824,107370
720575941614510099,425664,201244,53280
720575941437267744,323608,128364,80775
720575941562703661,322524,130168,126270
720575941489992245,325872,143120,86130
720575941732769323,304596,132360,99090
720575941604188150,353048,175644,82800
720575941539176946,326352,159924,130995
720575941459746800,394768,117744,147915
720575941535080024,430656,131776,259785
720575941415969052,472560,229504,75420
720575941687713804,337624,172136,147690
720575941454798505,358192,174248,112050
720575941609693414,389612,229120,164250
720575941455160301,417896,211272,165195
720575941482324675,444088,195972,186300
720575941611561193,379952,153556,101610
720575941526756941,476432,240512,93015
720575941499101153,604020,126828,123660
720575941619556991,477520,228468,76590
720575941411709073,445508,597848,135585
720575941596750213,606388,111644,128745
720575941350531376,442592,210292,180540
720575941496349310,301680,116936,167940
720575941662613560,449072,153620,136530
720575941556478692,346208,112436,192915
720575941545664444,560688,225996,109440
720575941439562559,526320,235056,110700
720575941455126509,536268,212028,178335
720575941688369391,335648,161512,95130
720575941578957649,479316,233772,80685
720575941550219837,335772,134012,143910
720575941560868653,628788,121568,188595
720575941536652888,599508,159824,136800
720575941492253644,542224,158896,146025
720575941547368072,318584,128264,102600
720575941412528811,652764,134916,178065
720575941481046179,562816,123184,142875
720575941442019791,394076,181928,186030
720575941604385465,600660,91132,73755
720575941504377175,593768,80220,75465
720575941563916712,600020,92788,72495
720575941502935275,623440,122104,89190
720575941547041468,591868,82776,77490
720575941453291945,371864,102240,74925
720575941504213298,399712,156848,188820
720575941538815613,333744,131580,135405
720575941625553354,594400,89872,73215
720575941542027725,635212,108132,126180
720575941547499369,645752,150120,110115
720575941539996658,617112,148968,158805
720575941509586561,693568,102592,113265
720575941432843873,629536,150480,107235
720575941545336681,327972,134196,76320
720575941479898986,615136,89084,86445
720575941354397744,366872,130460,65160
720575941441363919,613564,117892,79200
720575941627453386,803496,172472,101025
720575941629713958,478016,915904,187785
720575941583511518,539172,696448,243135
720575941595307559,504232,687584,145260
720575941517910675,489964,905508,261585
720575941476557633,479752,775676,214695
720575941574041672,423932,842984,190980
720575941501559787,465220,904792,266805
720575941411840916,453492,976300,281610
720575941483537338,520876,638180,154845
720575941571878813,584236,754500,222165
720575941460993037,601392,760628,190395
720575941477900930,415292,889804,175905
720575941501886146,483244,796924,195930
720575941669069043,476164,796732,217125
720575941513355610,487884,705904,181530
720575941595964273,496568,627996,137340
720575941668315891,522012,725932,213480
720575941544780037,449572,622056,163440
720575941536391666,524872,608612,169290
720575941513125881,536016,740028,269595
720575941476556609,396352,912688,229005
720575941679685309,399448,870444,231930
720575941569586078,494904,673088,193950
720575941654225425,414160,890760,220410
720575941592588325,414156,886208,215775
720575941501984651,500904,673140,172845
720575941652324825,460604,721496,220545
720575941605598061,462208,784512,178155
720575941645442898,500540,746796,131490
720575941474426929,559176,651368,197055
720575941468725259,546920,642876,225675
720575941538750077,487588,876796,297765
720575941530165963,534172,764088,202635
720575941511323345,420364,715184,172710
720575941637840415,406720,703132,191160
720575941441888719,459432,610184,159120
720575941393490838,451688,861332,216810
720575941527150776,482540,710360,191610
720575941457683184,455072,771424,173430
720575941561359917,462716,614052,124515
720575941486846416,454888,635424,214785
720575941431993358,465436,641104,94320
720575941489763017,392508,934624,194535
720575941608250954,481148,678468,181485
720575941564211719,407152,734388,152865
720575941451685703,470512,757636,123300
720575941430058671,608100,585120,161955
720575941429141588,815988,145504,88470
720575941544715013,393376,924128,264645
720575941486552070,397524,866796,228915
720575941556314963,436848,778108,135675
720575941630828987,436076,745276,167535
720575941590687339,438932,768088,187470
720575941669822129,456712,734716,162000
720575941512896099,530752,710116,147375
720575941502017163,502460,688844,177615
720575941657502288,510540,652848,112770
720575941630959803,468716,702180,243000
720575941663137404,589936,611280,153090
720575941507228545,574092,679512,233370
720575941567062898,474384,770364,217125
720575941649244437,489196,711636,218250
720575941497004450,536984,745564,194805
720575941504343895,529344,600952,192690
720575941456208031,533364,648692,166950
720575941479178208,562128,707120,211320
720575941515911258,490644,913316,214155
720575941627125817,391200,918748,206550
720575941526462596,444664,579412,111555
720575941469839936,438200,590480,158130
720575941474952001,488412,734324,146520
720575941513257977,447896,772524,149220
720575941639347829,450996,756108,162270
720575941720679226,466960,748924,186210
720575941447622478,440756,748796,142200
720575941474099552,725148,140188,148860
720575941442969947,805888,154400,97785
720575941646196344,754364,99388,130005
720575941704722138,594072,106724,66825
720575941500544585,704360,116868,105075
720575941704853722,122436,151124,156375
720575941525841945,665868,203028,150030
720575941500249569,492752,218644,176220
720575941569750516,405304,221756,161190
720575941478819889,537920,221568,184140
720575941516830042,453312,211048,158040
720575941440809279,701440,147784,87840
720575941634402501,709680,188188,124650
720575941672642471,262352,121820,119520
720575941663697276,679692,118612,176085
720575941470628061,322168,139704,81450
720575941488126349,393732,183484,163980
720575941447067924,387432,113288,87795
720575941545502213,596424,92180,72090
720575941494973872,265740,142020,113355
720575941595243557,336456,231576,106110
720575941583283833,553244,224972,165600
720575941440677717,566288,153636,106110
720575941543995740,634724,107460,117675
720575941618509525,181448,176552,40905
720575941437696288,226964,178640,72000
720575941514208515,188484,84428,146970
720575941635516603,275824,139188,104760
720575941459224134,399004,108192,75420
720575941533475928,221100,111868,159840
720575941548255337,207688,120128,158760
720575941509851426,697508,137212,102870
720575941489993164,244116,205808,42750
720575941509818753,629792,158736,154800
720575941564606376,669736,209784,143820
720575941538523107,729508,132780,116055
720575941613660390,284244,232676,143055
720575941535115139,202420,202640,64395
720575941473543744,166992,188016,99630
720575941535967666,729216,134712,100080
720575941673068967,658020,186816,179235
720575941401814307,429900,751648,242055
720575941439563583,466592,206700,90090
720575941669856945,504620,730772,207180
720575941611791590,597916,145876,127575
720575941453030983,429376,199372,141660
720575941660289104,594352,136204,126225
720575941543045149,544876,171176,139410
720575941461518035,473140,812372,205605
720575941631976864,679648,94448,109305
720575941649901297,468348,712704,166500
720575941591050494,566300,213920,96885
720575941499200585,502992,370000,131715
720575941537703144,495296,370000,137655
720575941528463526,553484,626440,98640
720575941462828996,527988,708160,209340
720575941463745936,355344,156768,117585
720575941574731272,479460,370000,128565
720575941476919099,544360,689100,180945
720575941576173832,525912,586920,172260
720575941480917187,396584,239356,74070
720575941445166100,481364,370000,123750
720575941592983665,477912,370000,118845
720575941629944870,495768,780496,203130
720575941655504084,576708,694944,268470
720575941461092036,556748,649476,151335
720575941533541720,543596,635004,179820
720575941464369421,474080,813236,206055
720575941691254680,483776,370000,125685
720575941449983581,487608,200040,53865
720575941573616891,533360,161092,189270
720575941511555344,514144,234660,101295
720575941687585036,564472,633124,157050
720575941481244128,482564,768896,172530
720575941470004445,575572,224536,67860
720575941532854501,520224,724840,149310
720575941645444808,418176,223608,151605
720575941480490882,421284,212928,55935
720575941633911227,521164,255572,120285
720575941562443362,485220,783976,192330
720575941733034283,530460,671744,211770
720575941633124549,497568,245424,85500
720575941652850709,499460,688048,150120
720575941611824358,543972,755072,158265
720575941526955266,456096,360772,129060
720575941412103535,515820,620512,127260
720575941527644600,490888,264836,82935
720575941573355592,500012,577080,174060
720575941480556162,497480,545352,130545
720575941493106119,493500,370000,123750
720575941636531573,469832,746944,209295
720575941612153065,324892,138356,80145
720575941732541739,559196,643124,130680
720575941547763060,505440,370000,122490
720575941536326805,504476,370000,131805
720575941543962629,456700,370000,136800
720575941578499673,412248,229248,98775
720575941517092707,354624,150884,103140
720575941442511963,527872,184064,123255
720575941510145552,518168,190020,130140
720575941597899049,575944,570876,164340
720575941516175194,628112,160636,172845
720575941415020572,477616,926352,259200
720575941494155648,590516,594816,145035
720575941547337789,602888,565952,123480
720575941472134464,652084,123364,120870
720575941467776278,567716,116144,83430
720575941558675245,585300,566748,166950
720575941633844923,519364,177200,204930
720575941431404536,545388,181900,144270
720575941442381738,589888,823484,190485
720575941452704051,553168,157992,128025
720575941487732432,505104,903268,266040
720575941474722858,647544,124664,134865
720575941626144411,550292,190564,88470
720575941473151035,509088,204708,71415
720575941623850122,507000,208204,182295
720575941469546251,533084,170860,95985
720575941477181233,501892,232964,78615
720575941510604048,537764,212892,107730
720575941508540706,288064,103804,118485
720575941443922346,554536,120852,160515
720575941528495618,346592,112572,195210
720575941646526408,646376,195532,161460
720575941509457186,589652,134664,151065
720575941499692667,552880,156120,224460
720575941690108312,307212,122936,74250
720575941520271320,315148,141180,83835
720575941433861591,343540,140384,95220
720575941510800912,302352,114020,179460
720575941431306159,430760,181972,202500
720575941547239860,421580,75148,206595
720575941499167817,320344,129424,120150
720575941555725651,301012,131824,87210
720575941631977954,330408,109952,164565
720575941551072372,308752,135484,84735
720575941586594182,397708,141312,87885
720575941439563349,388468,189300,87165
720575941531805669,395920,191644,80325
720575941509097054,344252,103708,168930
720575941527742233,365372,179932,168885
720575941476755265,431204,177488,92520
720575941455063091,375296,216656,76185
720575941559166223,405728,155312,134595
720575941588265284,342080,169912,210330
720575941629781798,324392,134212,114300
720575941473642555,516960,146548,156465
720575941629912102,307840,195904,187875
720575941588920631,370788,952388,274050
720575941529282692,416052,164036,128340
720575941530101432,404624,195240,81540
720575941536197057,443052,203412,62775
720575941623218172,445996,605196,126720
720575941629322809,670020,584036,264645
720575941454080237,435600,771140,126135
720575941458961604,444484,722796,231165
720575941666678515,537376,212880,94140
720575941630928108,497116,255428,81360
720575941449329077,491076,223784,76680
720575941625652588,399848,163168,93060
720575941474985312,624508,126528,106605
720575941441432015,299980,132192,85275
720575941638956405,490212,262472,95400
720575941509129566,428068,211588,148950
720575941449984078,669628,111300,93150
720575941435237920,419428,238708,113040
720575941445133994,541628,140152,152010
720575941629716262,305164,127336,116100
720575941404271984,440632,238156,104220
720575941570439282,624520,142480,116955
720575941611301037,589368,168544,119340
720575941549794365,658560,121076,115965
720575941410334379,326800,99056,106200
720575941641610527,347012,161116,135675
720575941704492762,547332,782896,192510
720575941569685242,657472,193200,153540
720575941507328316,593628,124844,76995
720575941574173947,1569824,456864,3551850
720575941530495160,611752,116556,69840
720575941472659575,396108,123996,72720
720575941574862089,376652,191532,82935
720575941523842123,287104,116308,123030
720575941520926062,623116,186276,143145
720575941688141551,659156,107884,126855
720575941434975886,278144,147968,191070
720575941440645087,277956,115164,190620
720575941556152403,400076,718272,181890
720575941612480489,488096,785428,197775
720575941562771624,434400,198208,170550
720575941625226890,664476,135048,101385
720575941669726129,459568,276664,85905
720575941655569625,600680,617092,232110
720575941481507202,556580,188588,35910
720575941546191109,614180,123276,86400
720575941440251739,561840,177584,76320
720575941619755135,317776,130784,103365
720575941454210099,316416,129888,125955
720575941549598600,120108,104792,133065
720575941522564279,621492,128660,79875
720575941571127154,151872,188928,66645
720575941495793280,402868,142308,60975
720575941509916033,650060,119644,131085
720575941430781065,155412,182088,114525
720575941441234111,463196,788220,200520
720575941505558085,519452,625348,107055
720575941573846941,540188,225480,98775
720575941577811545,423304,136344,208080
720575941497660544,351348,151156,101025
720575941645281185,340288,181568,67770
720575941468760541,436588,216944,105210
720575941448411061,575644,145592,85680
720575941499888802,495064,257604,81270
720575941573290166,616140,560180,171945
720575941501135191,566096,603896,187650
720575941457290733,514960,607308,197460
720575941532427754,597780,609664,195525
720575941481179066,593124,584352,158895
720575941464925462,600536,594612,155385
720575941542454876,591504,576188,141840
720575941490091061,460392,874960,214335
720575941579548505,620024,165304,148005
720575941535409178,510884,832984,256635
720575941471839296,482632,906948,272790
720575941454244265,549632,240656,131400
720575941501921419,592192,723952,204390
720575941561853043,502248,221488,41085
720575941568832882,566232,105800,188280
720575941414168980,430128,134604,106740
720575941551073279,641524,182552,123930
720575941515422019,539872,200428,34515
720575941476394526,554452,212888,56160
720575941490812105,636892,183188,137295
720575941471676427,564992,143384,109260
720575941617755605,533724,162152,135900
720575941442415039,594216,161020,131175
720575941633713339,579188,160408,71325
720575941484063042,568092,196116,94320
720575941513160780,443512,221288,71550
720575941461812932,326156,124240,93060
720575941408499118,353244,128068,112095
720575941627520138,312068,100520,89325
720575941482588346,579056,606180,115695
720575941593802373,430892,596448,116325
720575941583644382,457384,631216,223965
720575941508146978,376588,238620,89550
720575941407614382,359844,97676,137970
720575941485701517,310236,139400,84825
720575941445035434,303392,104544,117090
720575941472462347,298300,112096,89505
720575941654816724,352648,117772,138105
720575941574469627,471456,259092,100215
720575941615200531,396804,115900,180765
720575941460927940,282432,204352,200025
720575941506507870,326560,181352,106560
720575941524366923,637056,122760,99495
720575941626931099,311996,133800,101565
720575941521385399,311020,142960,81900
720575941580957049,423696,260136,118665
720575941545764232,393644,213040,42300
720575941485635650,384632,187672,76275
720575941460994118,360092,175172,69705
720575941514406291,359476,172740,72045
720575941480786306,383640,207348,68265
720575941413446801,396860,155108,61740
720575941586233734,356004,165236,110745
720575941512930636,387364,161044,87570
720575941559691123,399404,180452,92160
720575941667236273,386960,896352,221850
720575941723432762,403872,211076,69165
720575941440578879,372760,132260,139860
720575941543372649,387656,874884,214380
720575941481276858,427072,251600,124560
720575941433436257,346080,167748,111915
720575941613888921,426432,236460,149175
720575941733197355,412560,755912,162225
720575941575648777,654416,138608,101565
720575941520435566,607424,106584,166410
720575941616937429,422856,161740,142695
720575941548288116,418492,216212,171540
720575941507065217,321764,125832,84015
720575941524465483,335896,128040,84735
720575941586920838,322880,133188,88335
720575941662516792,358348,96200,133650
720575941496874107,301852,129688,79335
720575941475312992,323728,165388,83880
720575941571716766,321144,126680,109395
720575941508639105,414424,192208,98280
720575941603764158,448512,250700,98280
720575941473019403,417488,222000,99315
720575941595506213,316024,129360,118620
720575941497005767,343080,124976,172170
720575941611529705,625964,131160,172395
720575941568570618,344996,126376,98415
720575941574698639,338552,134492,93015
720575941645936801,701356,98084,203895
720575941627128266,475480,219164,77805
720575941393721238,388152,132092,95220
720575941535213066,658248,130500,100980
720575941595047025,663304,124712,92925
720575941550286708,648860,117920,115200
720575941550023796,645632,130824,124335
720575941541996669,432160,202572,46980
720575941516207194,354036,107528,136080
720575941546583913,502188,185124,160560
720575941582268025,548832,155376,161775
720575941687944943,321760,95136,139365
720575941663663484,328788,189916,137160
720575941487043725,395920,129364,67680
720575941554316315,516672,162128,130410
720575941543437573,642368,124444,157230
720575941528692390,305928,110368,143595
720575941591082892,396960,120116,76860
720575941545863273,469520,646980,157365
720575941590099012,393440,122352,72270
720575941573585054,373192,175192,80550
720575941623130108,597080,709548,212085
720575941596095877,585536,736344,210735
720575941527840934,484272,811432,250470
720575941640333343,390720,124316,68490
720575941539997682,683072,115328,116640
720575941440350293,479332,678128,174780
720575941474101344,520000,707840,145305
720575941478819137,603072,83200,142920
720575941515061201,693072,151860,204120
720575941619229823,573360,171936,78525
720575941486978256,429632,265504,111600
720575941627094073,448608,694144,216090
720575941481867650,390608,117668,85905
720575941544355869,312348,93252,146565
720575941477935156,615744,95984,80325
720575941564212743,408784,886772,191160
720575941479015745,500640,746060,174015
720575941643053394,549232,605456,149895
720575941515912282,489420,912316,211815
720575941624178172,558152,741848,157860
720575941546321076,459052,770944,238185
720575941649966577,434364,870520,204300
720575941462272211,574712,735256,174285
720575941556971347,590428,763892,170100
720575941729985579,570068,749644,232470
720575941577221465,498036,904696,250740
720575941469677021,488528,941980,244845
720575941572797597,611500,636664,157275
720575941478523983,547184,699160,212850
720575941594294312,476804,858096,190485
720575941468268151,539040,738124,245790
720575941462501008,475100,929184,253620
720575941454898739,479352,827432,246285
720575941464073558,492148,719156,237240
720575941436844511,483468,774280,209835
720575941493138663,495248,878700,243990
720575941537703373,560012,618616,106785
720575941556381604,485276,615036,118710
720575941480457926,560072,624920,131265
720575941623097290,435896,883848,203040
720575941655800088,563696,763844,163935
720575941583514078,556684,770468,188055
720575941536228501,567652,756464,169875
720575941514668241,416652,738176,117315
720575941501920962,478444,624708,132795
720575941587773406,575844,796724,199125
720575941678541245,512412,600200,122985
720575941466498838,593556,629916,134280
720575941430650209,596848,585648,166815
720575941543601769,548912,652640,179955
720575941436679200,539424,631792,190845
720575941537573245,558456,657644,143820
720575941564835938,445616,607420,98865
720575941566802170,483976,648656,185895
720575941509326430,415044,717148,185985
720575941564573287,508468,807212,233415
720575941642429640,473764,622124,175320
720575941575419279,544984,739428,233010
720575941663467900,468000,908016,249660
720575941508506753,434704,861860,180945
720575941571487134,451996,741280,176850
720575941475378491,453904,732304,165915
720575941489698249,462764,730048,181980
720575941504444354,450120,743480,179190
720575941602321598,449388,759988,135405
720575941651507217,557760,773652,213840
720575941479442538,506088,764920,217980
720575941468235741,504432,907176,238095
720575941457127494,607516,579616,169020
720575941530166731,581008,743048,220545
720575941504247575,579524,580016,140220
720575941476001310,432228,875428,204840
720575941527939460,514408,747176,164070
720575941623392108,465204,686340,184770
720575941574698249,395184,874172,225855
720575941503985495,473584,812268,212085
720575941576140889,511868,760380,246420
720575941652162833,422120,887004,219195
720575941515421443,505080,906228,268920
720575941687355766,408288,913404,199665
720575941575681718,559948,714728,239580
720575941604976493,592700,723760,230940
720575941604943469,546460,706620,174645
720575941569357562,586988,775364,184005
720575941528528331,601008,709060,228510
720575941413448084,589228,764244,190800
720575941506311589,540548,774976,160020
720575941484061958,592200,556392,152280
720575941351909680,460156,746924,112815
720575941562115840,406360,890140,216675
720575941527020569,383876,963284,234225
720575941434943776,457700,861428,272835
720575941441235035,434176,848324,211905
720575941480490114,601232,635068,115470
720575941593737585,609904,597644,166275
720575941576992757,558124,757708,207000
720575941472135179,490076,613608,212445
720575941452179881,471676,620644,145305
720575941669856689,452124,807580,199350
720575941447722574,583924,616448,207315
720575941631157408,464428,829756,208170
720575941516503000,372776,893512,247455
720575941514111043,485704,765916,183915
720575941488780492,559708,604504,108270
720575941623130314,473872,601072,172395
720575941656224848,422528,724572,165285
720575941499725986,492448,646680,186300
720575941533738986,460992,687848,258075
720575941519451758,428640,634908,119070
720575941623457162,452068,627192,163350
720575941526693965,465084,630388,167670
720575941537605859,477184,858292,214650
720575941537933042,437700,680512,204120
720575941562804631,429948,721092,119745
720575941641971794,432196,811276,134010
720575941472101930,468776,748520,97830
720575941458666707,447456,756344,142425
720575941561428013,421840,749108,134235
720575941508344274,449720,778704,103590
720575941592557861,439912,750796,141525
720575941551204157,769928,204404,45720
720575941432747657,823756,125028,93510
720575941583152249,804736,117548,167850
720575941481834208,618616,202164,114030
720575941532985317,470448,893464,247680
720575941576828753,424844,865760,207540
720575941588919607,590012,624456,158400
720575941653472785,474912,692184,215280
720575941703181786,398836,894540,192285
720575941597505216,453668,828820,192690
720575941458437843,435364,747040,137655
720575941571520776,522932,781552,204210
720575941568308474,462628,941284,273825
720575941610482140,602588,763864,190710
720575941569652638,540784,696584,216225
720575941518436462,535296,757328,212355
720575941501921586,559304,608584,107865
720575941471086967,581052,606768,116055
720575941643446629,465356,769272,237690
720575941590820971,483488,740112,120735
720575941496088446,476336,646444,143865
720575941629421292,480444,632344,113220
720575941508277794,587816,637860,156150
720575941642528417,510108,605100,142515
720575941547337844,440352,743972,143325
720575941566506759,462684,583824,108180
720575941530166475,461060,622480,107190
720575941390280452,563756,777684,200745
720575941575517288,399052,902824,222705
720575941592458789,560472,761516,237240
720575941570799348,565316,743652,172440
720575941496186081,566808,766264,199260
720575941604943725,563772,731704,241065
720575941464139094,564016,755396,216675
720575941637874975,545696,756840,219600
720575941551302171,612280,606848,163080
720575941630175685,369528,897596,216135
720575941642396792,418728,889872,217980
720575941626897958,443252,728636,180765
720575941430389006,470184,719132,229545
720575941595802012,492272,735036,187110
720575941478589982,484228,815524,208665
720575941632304866,507264,685880,224955
720575941446968596,548668,730848,175770
720575941531280843,591992,715696,234675
720575941437466130,601472,600000,179865
720575941670676135,567592,659164,199935
720575941466433814,493040,626332,212175
720575941628471010,521744,607900,172260
720575941513160697,464028,671444,201555
720575941642692040,370628,927176,188190
720575941452604467,457948,751268,167580
720575941413677204,409052,962444,198315
720575941565097223,545892,794884,221400
720575941611006282,575228,725804,202770
720575941413185135,463808,700396,157185
720575941611988582,420480,723120,165330
720575941550810145,467572,669560,179280
720575941608350794,461740,679600,189180
720575941631683042,480760,864016,248175
720575941609335213,444928,738756,162945
720575941595441285,475020,741956,204165
720575941455684845,455784,707388,162225
720575941410007407,419048,704852,191610
720575941459650960,369060,927844,189495
720575941476067370,420108,880024,208530
720575941483505082,424724,878452,202140
720575941505230501,509288,649160,110160
720575941525219494,467260,699288,243495
720575941612611993,470160,634408,216270
720575941627095353,460604,593436,129735
720575941453980909,459896,726036,166320
720575941653899505,428816,880872,197280
720575941508343250,469200,629448,214155
720575941557560435,467460,596948,141525
720575941430880215,212216,199680,28035
720575941659993168,709012,138340,182250
720575941646165921,280080,208840,76185
720575941605599478,786956,97036,133425
720575941498152064,773908,109836,95760
720575941476198698,228272,117160,63495
720575941505100523,361336,121300,64845
720575941460471024,601624,90796,93285
720575941508279365,664040,124708,201600
720575941468532566,368564,211900,133335
720575941615332316,609096,206216,159120
720575941472693111,705616,155584,184455
720575941478788657,655316,167804,164655
720575941632929477,592240,214052,128700
720575941440417371,133520,119188,123030
720575941451787130,640704,199552,103500
720575941510310785,208244,170112,105210
720575941500677089,174604,153512,76230
720575941568998770,132972,119932,120465
720575941646790049,266032,196492,136755
720575941452606074,595316,91172,72495
720575941544127068,611796,77396,85725
720575941532856293,303592,138768,97335
720575941449985973,634068,117860,131895
720575941467516438,596628,161232,124560
720575941449887054,172336,137964,108495
720575941527613465,271416,100672,159705
720575941415611281,401000,108584,77580
720575941596523557,390636,127888,65250
720575941588201182,660752,163652,161325
720575941478492721,667328,164952,92970
720575941518995372,634108,145124,107640
720575941467647766,643376,106912,122760
720575941613137385,137488,141116,143730
720575941574666824,324444,114204,131760
720575941546291205,676820,174580,95895
720575941471546589,275972,155868,76860
720575941561363571,823872,125564,85230
720575941615332627,171904,153232,72000
720575941539376355,566624,227124,82890
720575941634600901,297132,220760,115605
720575941412990891,322784,172568,146430
720575941646264993,439048,645772,220860
720575941551991295,509504,379568,135315
720575941572471454,480372,217748,91350
720575941510475536,528932,496832,122535
720575941519453550,460016,866184,198360
720575941486980560,513056,625472,113715
720575941505494871,559148,157644,64980
720575941552024575,487612,370000,126675
720575941595376677,425876,157764,125235
720575941613399910,506060,723388,183420
720575941550909951,497416,370000,121365
720575941527842148,505528,716320,140940
720575941459454704,480976,268252,115020
720575941632371948,433280,153440,87075
720575941558381860,419952,130404,168075
720575941492452222,643520,530212,141255
720575941631945452,542628,752544,261900
720575941586431812,550832,592036,151740
720575941472070775,539416,634796,123525
720575941558807411,580328,227368,77220
720575941534003075,504632,799560,216180
720575941494975102,422068,835324,245340
720575941535148778,459472,813216,222120
720575941489274057,475420,242144,100530
720575941549927229,462160,831464,207630
720575941461356243,512052,673528,143595
720575941602323897,449476,257308,113130
720575941565099623,466548,634624,174960
720575941687586060,576196,584096,109440
720575941534067685,551496,643452,104085
720575941456506015,472588,261220,81315
720575941508147746,417948,271320,100440
720575941566180199,456056,370000,129960
720575941533543402,544984,633132,140400
720575941471808375,431212,219828,106965
720575941567589686,510216,659400,144045
720575941572669342,537476,257536,104490
720575941624212732,480364,857812,205110
720575941438942738,448788,895268,243540
720575941479639658,474340,898776,203310
720575941413514607,485672,370000,123930
720575941482556323,518120,190192,190980
720575941430357089,300004,133716,164205
720575941680312253,352824,177928,112275
720575941514963811,557328,233060,79020
720575941541703453,499744,370000,131355
720575941536231105,547684,210968,94860
720575941628636130,457028,664308,213120
720575941503528171,460632,370000,138150
720575941513096012,528696,259212,119745
720575941489733584,476272,746824,171045
720575941393722006,490864,370000,123300
720575941566475623,573796,656132,132390
720575941526892198,505724,883616,215190
720575941454376519,451144,223816,38385
720575941667400179,503860,763808,223560
720575941681032125,461008,370000,137790
720575941469678557,383316,189636,85140
720575941625457148,506188,725220,185760
720575941564705431,471776,370000,120420
720575941569096750,305996,119496,106065
720575941491895271,616528,183092,145440
720575941527743490,371688,158428,140715
720575941527973508,495704,370000,118260
720575941530464184,564432,574448,117585
720575941534887512,538968,612596,170955
720575941391756548,543356,234280,74430
720575941503101579,311360,105100,142110
720575941532626917,377656,221292,124875
720575941607795565,432668,218592,165960
720575941724713018,608284,162124,167220
720575941469089501,615796,170396,120375
720575941471055680,561548,175236,81765
720575941585415519,545324,205856,135945
720575941446282666,612736,594964,130680
720575941488553422,576220,577468,152460
720575941612940774,601252,594332,142650
720575941688896630,545296,211044,169605
720575941687455244,570376,754596,204930
720575941512342595,591436,568908,128565
720575941632862917,642912,601872,160920
720575941592919080,572640,547524,144360
720575941570833736,678676,608832,104625
720575941554253139,522900,193704,119025
720575941503790059,505656,205496,128790
720575941549009663,602048,578864,201915
720575941640465439,562404,647364,244395
720575941597605788,572224,133588,90270
720575941480852166,574884,132572,87660
720575941456801261,566208,143232,93645
720575941467352406,465808,689160,234495
720575941650034673,534880,203156,49545
720575941576240797,524588,207332,165825
720575941579550041,608884,142404,126765
720575941401030179,600560,162892,143370
720575941544127517,585332,149652,132390
720575941491272393,501548,898852,275535
720575941521190835,507072,903076,262755
720575941536460481,559488,49168,182340
720575941515815673,401632,131448,69930
720575941627260473,576076,171772,84465
720575941576043190,499928,693168,189900
720575941507231255,562540,98540,181530
720575941526269209,497964,210848,47745
720575941504282533,542352,219028,174780
720575941505657916,555476,229772,133785
720575941537804237,570576,193200,91260
720575941597866885,648516,97092,117675
720575941536427954,520676,258616,114615
720575941538655459,621232,169372,149085
720575941448182292,581012,140056,160020
720575941551829019,608576,86208,96345
720575941525252939,608460,161872,83340
720575941601667881,574108,126808,152235
720575941663174012,363108,145580,123030
720575941691092888,295196,103680,129330
720575941596720773,575096,131612,150570
720575941537214179,573272,221420,84510
720575941642103583,639556,158748,146205
720575941482098618,538356,129748,159255
720575941392149142,584296,125880,128655
720575941519191468,561444,125256,186930
720575941628931897,442292,166020,146295
720575941537738728,352040,164188,123075
720575941560970478,504688,186996,177030
720575941593279528,619724,135996,148320
720575941488029392,370956,158544,121905
720575941406763950,351648,144784,91125
720575941553859044,377220,187988,90225
720575941543013149,304540,93400,143145
720575941570441074,339736,182516,110970
720575941504413756,295228,117840,94230
720575941482884093,394376,191364,79425
720575941658848848,426144,218084,176940
720575941393657238,450864,234960,72045
720575941491829966,600440,160628,119070
720575941564279399,478456,552504,125145
720575941626801190,479644,590048,157680
720575941588200260,393712,134592,90495
720575941655736344,333844,1088228,215775
720575941644332193,380472,152808,105975
720575941487734278,323344,134932,86715
720575941440188223,351740,132964,176535
720575941613661203,368400,221424,121590
720575941561003758,306736,134916,91485
720575941482229699,367164,131104,112860
720575941458373587,483840,635428,215640
720575941481146959,361940,114052,150300
720575941562510637,396012,153212,99135
720575941483998662,309716,151112,133425
720575941515980179,390068,189132,81540
720575941612777446,350792,154380,126270
720575941492320974,362596,151992,132930
720575941405878831,387428,894608,222795
720575941558479524,539028,152704,227475
720575941631158754,405132,183452,108990
720575941730020395,450416,783212,237105
720575941611138278,383712,180980,81270
720575941625228140,362460,139584,99945
720575941613694684,396520,187380,99360
720575941475577915,548312,126680,179640
720575941564607656,514900,201136,71955
720575941555465755,610392,130780,147870
720575941484981501,618180,141068,120375
720575941596426021,590340,171640,151605
720575941528169382,360520,127604,182115
720575941562150568,374160,879824,237285
720575941440220735,309404,127928,109665
720575941500579913,385408,657068,207360
720575941513325265,425820,147224,165780
720575941601930025,325972,134860,113220
720575941508541825,306448,106856,122355
720575941547732329,316632,105400,126360
720575941540391629,333024,172872,161550
720575941483145923,408780,180176,121275
720575941459127622,601100,189948,110430
720575941556809473,378992,155240,146250
720575941485309958,514176,245908,99135
720575941543046173,588160,194652,120285
720575941568146034,331504,130168,92475
720575941402045987,356352,207728,97470
720575941639384949,637916,140604,119655
720575941681949373,311640,120256,148140
720575941520797107,650988,116764,163440
720575941669105585,604892,185592,111465
720575941411876523,613792,81364,58410
720575941477281601,607232,84784,79605
720575941492320944,436968,591240,60750
720575941515489027,393716,118676,75825
720575941642596197,396652,119300,77445
720575941668941745,382692,101736,83250
720575941554483079,352380,151864,87795
720575941479149121,399384,105636,78345
720575941435959840,391804,112068,80415
720575941459422623,580272,733204,208980
720575941477969713,352512,224320,137250
720575941670382769,684032,164224,194580
720575941690044379,675576,120040,93735
720575941573487688,650812,123016,106425
720575941724581690,570432,638772,159255
720575941628636217,516232,256952,79515
720575941432324088,420740,727036,148365
720575941597212017,589104,191432,113265
720575941688830732,458824,150260,138555
720575941432683401,708164,137540,74340
720575941653474069,717888,119100,107910
720575941461224147,476160,847028,243900
720575941518437486,567476,736672,204165
720575941595310887,580160,662492,153360
720575941547404148,470292,922996,261495
720575941574568968,458852,878776,261270
720575941504512050,502732,879184,213120
720575941575977480,450964,861520,185535
720575941507526273,486884,596620,128790
720575941438713279,506724,703436,187560
720575941501103959,510224,697560,188955
720575941597703721,570484,752352,169560
720575941669792689,528944,704720,139005
720575941437894688,586952,642380,174330
720575941532495704,604400,623624,182385
720575941560675752,494412,948292,267840
720575941511491148,437668,741020,156375
720575941580762489,491508,725164,135900
720575941537968021,442848,751024,184500
720575941462503056,451740,743124,148005
720575941534658314,504500,620548,82980
720575941614874325,573340,677860,211770
720575941593836933,466092,690484,202770
720575941539048434,496808,867572,220365
720575941414333073,596372,708924,216270
720575941519453038,520948,632788,176850
720575941520337655,563640,670480,193770
720575941496614528,553412,742780,175185
720575941560610575,523636,640876,173700
720575941511393233,515340,694780,198225
720575941535149539,502128,711192,185985
720575941649246741,560716,774780,202725
720575941533182913,518448,779312,162720
720575941612317916,518720,772116,168885
720575941516734062,530028,769496,207045
720575941431077769,464652,932392,258840
720575941570309790,466732,577908,91170
720575941603764921,422980,852816,233370
720575941545438057,476508,552256,130050
720575941537278490,555012,598824,124245
720575941478854721,475020,634960,91530
720575941663500924,591932,636872,153180
720575941549240319,385712,875700,228105
720575941543636741,372792,910144,240525
720575941462470544,405216,885836,221220
720575941553466852,446864,754780,134595
720575941575815016,536748,747216,191745
720575941632895685,545744,751884,219105
720575941644070226,563344,610224,141075
720575941640957029,532304,682816,205650
720575941514930778,452928,743256,176220
720575941548878708,447244,766964,143730
720575941567195950,497120,909284,272520
720575941469024064,574260,574712,145260
720575941550911487,481632,625404,128520
720575941583186566,498756,632056,173835
720575941514046819,483856,930332,218745
720575941514046787,412752,885732,259065
720575941637812085,446244,609748,147510
720575941632044524,448408,638152,98955
720575941595311143,457280,621136,96615
720575941498482043,451280,617744,178830
720575941561396525,502868,857656,241065
720575941664418684,504364,654848,108000
720575941472561979,455696,714012,241605
720575941525351938,462528,757648,103095
720575941588003908,513568,598928,185670
720575941505264188,487172,728336,132570
720575941562051752,493384,758800,137340
720575941561395757,470884,643808,151515
720575941605600109,476380,604812,137790
720575941464698646,439624,585436,115605
720575941544914793,502724,611716,147015
720575941626211722,737164,102672,132840
720575941616642969,316192,128880,106830
720575941538360858,243724,175680,137835
720575941492912078,763052,106752,107685
720575941539638397,279040,207424,196515
720575941538033123,805360,192268,98235
720575941394148100,743272,119500,133830
720575941663961144,756692,74124,109845
720575941503888779,275328,224768,164295
720575941559102372,809376,163136,110700
720575941560184302,319768,158392,85860
720575941566672279,270252,89884,105885
720575941572734792,312120,96984,93555
720575941487373378,299588,117980,84690
720575941594721063,370368,171120,104130
720575941633846459,342828,111208,164385
720575941561658669,455416,107020,149760
720575941454998835,322396,145704,85050
720575941628242745,277864,130776,119925
720575941575388923,345852,128908,141795
720575941596916337,377316,142028,161145
720575941607730797,379760,185880,100935
720575941465157133,379848,148268,58185
720575941656751828,364184,146412,149400
720575941477050929,420644,176848,98370
720575941442251711,351584,164188,133380
720575941469842141,358944,175404,105390
720575941528694694,344844,179664,140535
720575941690109915,365308,132200,155925
720575941644693349,374232,142100,171135
720575941535280306,349596,124756,140040
720575941549206920,312800,93472,106425
720575941589117508,308316,146968,91035
720575941482916431,315372,146352,135630
720575941624900348,303832,128168,105750
720575941733657899,379084,193892,107820
720575941511883792,425436,150564,191070
720575941505559858,479628,231208,76995
720575941456179181,347232,161380,102330
720575941569817970,394308,205628,130950
720575941470826251,377852,204816,119970
720575941518601070,440064,129132,107460
720575941671497127,361264,176960,97830
720575941567818542,408108,201616,180360
720575941611367270,430892,200752,97380
720575941632338924,399404,210968,141165
720575941584760671,455748,184812,198270
720575941426163540,433424,212020,179865
720575941483671549,391556,127452,66915
720575941507034903,397960,115232,75690
720575941442482011,520856,213600,175140
720575941722221626,670020,584548,261090
720575941495925374,467804,114096,202320
720575941626374764,276032,102144,196605
720575941483835133,292976,135208,120690
720575941517323098,323908,137740,88380
720575941462960653,477868,219684,66825
720575941467777814,480060,268316,83295
720575941460994886,328820,173112,101025
720575941522434551,309284,126748,110475
720575941604421049,312208,133672,86715
720575941538524053,485700,265948,92205
720575941645347489,306784,106972,122085
720575941513980483,567992,112824,176265
720575941679001021,479928,898972,297765
720575941524172875,505224,903096,264375
720575941454245289,604092,176796,125460
720575941501332875,616464,156416,87345
720575941609795402,569436,168464,134865
720575941531315659,391652,129832,70380
720575941449330452,400544,124624,75375
720575941542424349,383492,122576,64890
720575941537607706,598336,91444,46125
720575941481147266,600880,90916,73935
720575941734116395,402300,119216,74475
720575941512637650,602496,77992,83205
720575941603635190,451176,698312,140310
720575941607468141,387008,105616,82845
720575941353910320,607364,90656,75600
720575941608778861,387292,103896,84645
720575941478100532,392368,130024,64530
720575941540195989,396076,113220,82485
720575941428981588,604424,91792,74160
720575941638467189,399060,113996,83925
720575941536034738,644032,129896,124425
720575941565393927,525412,665936,196020
720575941633748667,344244,117556,159570
720575941487406402,616512,223808,128475
720575941475314784,354744,193036,95040
720575941609172589,682700,106124,99045
720575941689487116,307620,126688,98595
720575941394278916,534020,196796,142290
720575941580074485,560724,617136,174600
720575941605174462,532764,590904,119295
720575941614906387,476340,162228,151695
720575941640497781,402100,705796,175005
720575941569523188,124740,135840,123120
720575941515554809,114324,173640,68310
720575941579221585,123780,135396,110115
720575941615267225,546540,756924,138420
720575941413776495,402800,140140,89370
720575941484096198,702856,183488,145530
720575941495663488,396272,880572,220455
720575941553564388,459908,738428,126855
720575941613367260,456944,705380,255465
720575941538951154,455916,923768,286560
720575941610351337,596004,612696,164070
720575941534068197,563488,775836,141480
720575941506772574,542756,696656,189540
720575941600259369,524420,748324,214155
720575941615299481,507452,938856,263430
720575941503659970,490280,799656,239175
720575941604912749,462120,826128,203490
720575941475773290,496676,791168,250200
720575941649738993,565760,685060,197370
720575941662388280,415508,853748,227115
720575941390740118,500000,925004,263295
720575941563329078,493232,908604,274500
720575941456342175,439424,632000,180720
720575941655866392,506384,622184,159795
720575941429439959,497092,721284,208530
720575941464075862,469800,728024,179325
720575941534853720,462268,729284,162540
720575941553598180,501420,871464,295290
720575941528530635,484376,814388,207180
720575941399292707,434620,922140,186480
720575941517814444,471920,714508,145845
720575941632896453,453664,717140,199305
720575941644889208,474224,678172,179415
720575941601209590,545232,636632,221085
720575941438483730,537564,746844,242595
720575941490813872,506308,716700,210105
720575941465484566,501212,728160,249840
720575941543669765,506236,719440,232830
720575941550878087,509436,742272,257805
720575941568835572,497908,736720,199260
720575941691026072,490908,779256,218070
720575941588068862,472440,898408,210240
720575941610056934,506804,763692,233775
720575941441990607,497620,882512,257670
720575941616611225,498124,898400,240210
720575941537344227,472904,828588,226350
720575941534789096,438272,943552,212940
720575941560085230,461528,862436,204480
720575941595475845,576760,750244,198810
720575941514047555,407112,903384,209340
720575941496646784,510020,730952,195435
720575941568245618,502720,922288,246825
720575941592559397,512856,741796,193500
720575941626932774,556220,762380,160650
720575941456308895,556212,776296,191610
720575941573913960,581104,751484,192015
720575941516111532,578316,750580,220185
720575941669104883,424328,824660,226620
720575941520043443,444840,755792,144990
720575941445299732,603980,626172,173835
720575941537705677,611336,600924,160200
720575941403225379,506140,740476,153720
720575941517716952,561048,578136,118935
720575941459028639,524860,593824,104760
720575941496253819,569176,604544,160920
720575941452213811,559660,756792,205425
720575941481934022,561428,601676,108000
720575941476134705,372304,923436,184995
720575941460896269,367664,900100,211230
720575941546454633,461816,846880,218880
720575941487865296,521532,767916,201150
720575941517814956,473440,728436,167130
720575941627522698,458728,790068,180630
720575941592461093,587504,721512,259425
720575941548845629,538008,726376,205110
720575941505887361,526256,642532,219645
720575941612251868,620584,577568,191475
720575941535018674,429492,871692,208485
720575941561888768,482692,925640,249345
720575941658619928,429644,723284,174645
720575941456310175,444132,726368,146745
720575941545471593,522100,669256,193905
720575941498908066,491804,687132,145710
720575941653507801,489072,780148,248760
720575941536656867,467500,779036,231255
720575941558839823,496616,748892,133020
720575941456146335,492420,734328,150660
720575941612284892,491192,737556,146115
720575941685980278,490164,689628,190845
720575941588004676,479236,665556,178290
720575941472825355,429392,745244,178920
720575941655866648,468616,725840,190035
720575941623557484,427872,727364,171135
720575941640891493,411612,749052,118395
720575941409975663,414768,739324,118620
720575941575682920,541588,755164,211995
720575941610122058,411140,895020,186750
720575941595966321,568124,655216,153990
720575941456178739,158752,154312,107235
720575941534789464,819800,187304,86175
720575941521779379,726892,150368,81765
720575941481245408,837248,140876,56385
720575941453098874,718416,100080,81045
720575941631193638,394628,125872,73800
720575941514048844,365304,132252,67410
720575941413745297,569488,167552,141570
720575941493272807,733384,142944,133110
720575941549535368,722064,182200,112185
720575941541572813,715548,97400,124470
720575941520635052,365200,227452,133380
720575941462701200,603136,187712,69615
720575941734118443,725952,105072,117900
720575941528531458,720684,118428,102510
720575941565854610,386376,225332,150570
720575941558350756,330080,184892,112365
720575941605634550,225296,66604,133380
720575941527647053,658556,113676,134055
720575941413877103,279188,148012,100935
720575941413614703,288956,166852,119385
720575941479380131,171812,96548,71325
720575941580632309,592388,91944,71325
720575941536789987,374436,114364,83205
720575941485114554,653024,178596,110610
720575941552977407,668660,104200,126135
720575941507265559,322204,114556,100125
720575941499335905,734344,126568,86400
720575941591511863,268808,107780,118440
720575941555369473,657848,129988,98235
720575941475579232,721696,144868,168885
720575941457687455,151992,175428,17235
720575941529154488,323740,149324,89910
720575941561626739,631816,137668,111690
720575941611270317,114776,157740,102015
720575941432488585,668732,154484,119385
720575941528335897,128208,158488,62505
720575941493043943,298488,162568,142470
720575941581189969,778464,151740,149850
720575941569884462,865804,106800,108945
720575941517620570,775036,169716,165915
720575941646923208,551592,595984,147285
720575941586006111,583436,148296,143595
720575941621265535,523620,652124,122895
720575941581648761,462120,370000,115965
720575941522076087,513656,742952,201375
720575941540590973,320912,152180,78750
720575941628867042,424076,264780,115740
720575941650789649,429428,723240,223740
720575941477380382,479052,628068,197280
720575941412795759,475064,370000,123615
720575941621363327,505548,161880,157500
720575941644727713,496600,576380,129960
720575941470533131,489584,370000,138735
720575941522568627,402660,137988,198990
720575941632241900,483560,844500,203040
720575941442187967,413704,126988,196335
720575941549273992,407912,180388,170550
720575941690766555,479308,692192,177120
720575941573751305,546124,575452,164025
720575941630080038,520876,652576,133020
720575941619856767,456936,808116,231660
720575941533807082,520208,256232,121635
720575941547044980,499248,370000,126990
720575941599049152,437224,216824,163845
720575941604585662,477816,203740,91755
720575941427901012,420648,247296,71010
720575941642237285,340544,193072,102915
720575941537542376,542504,616184,140310
720575941436027168,501648,788000,254250
720575941528334539,499720,370000,132120
720575941568738036,536540,595476,145800
720575941409486254,585324,161188,108495
720575941611369705,574784,703800,175905
720575941441597903,564028,189940,95445
720575941528662438,507724,903680,260910
720575941585908446,586208,207752,78840
720575941439436123,597624,174216,99495
720575941549601313,588160,209976,85185
720575941449725006,577832,223532,106245
720575941438943439,562432,617564,141165
720575941489308213,591656,576116,173475
720575941480232160,626980,582792,158310
720575941435830546,617184,594572,163620
720575941408338862,625736,572384,168255
720575941455787245,622060,561448,174870
720575941512606028,535904,194836,89100
720575941392577284,537416,204376,88335
720575941478888066,508076,162252,195075
720575941480395599,552024,194008,106425
720575941393691140,612672,134632,120150
720575941483344637,406752,164204,190125
720575941687390959,572096,162880,238365
720575941616841881,592764,146040,112095
720575941636993909,532628,176312,120240
720575941474530107,511608,246708,100485
720575941546553961,548640,222568,144810
720575941515850499,525908,208532,146610
720575941568967026,531328,150168,159570
720575941561333230,545428,132176,96750
720575941550158397,558436,186748,120915
720575941495174270,628012,141892,100170
720575941592232332,615636,92248,146970
720575941547733353,543988,260988,111510
720575941531611576,577292,128324,81945
720575941552124415,533932,137436,106515
720575941561331827,588684,149700,118665
720575941586104710,631880,185672,109440
720575941596917873,344728,137000,142470
720575941640794399,321596,98084,136305
720575941528695206,317984,207996,178560
720575941412532881,347492,155244,85860
720575941470040896,324344,154528,135405
720575941438845919,351528,930520,269010
720575941525353126,444216,192668,115965
720575941643580498,558244,236364,81135
720575941574833160,425968,207648,174960
720575941443236522,399264,192860,96030
720575941475578939,529192,131872,106920
720575941539770773,646560,76192,132390
720575941412697199,316064,103560,124920
720575941412828015,329836,153452,87795
720575941541900636,433672,131488,205425
720575941606126957,304064,72832,160920
720575941666387187,428228,130532,155115
720575941491799527,463836,160252,153405
720575941685752559,343160,206692,120960
720575941590889323,399864,711784,149715
720575941503824578,314012,134956,97200
720575941536200024,398628,128332,145800
720575941616284569,390236,164684,96660
720575941583384671,364604,202628,74655
720575941433241870,348408,142624,71730
720575941447103669,384720,925320,210150
720575941503889751,369412,148824,148140
720575941459424326,342784,179472,112680
720575941393691908,337532,179732,103275
720575941452313651,365844,998416,303975
720575941603897529,675528,124324,101520
720575941633159621,657500,126760,95265
720575941589153079,640804,96500,146295
720575941653739025,304484,121096,102960
720575941578764633,621012,111548,78705
720575941492946407,316428,124028,119475
720575941585744223,298204,134300,121320
720575941592953384,346392,113408,195885
720575941640892517,454480,730000,180315
720575941613008230,334848,110464,130005
720575941652001041,277568,108288,181215
720575941575848200,324512,115700,149175
720575941573784990,356368,984768,211410
720575941602293177,389424,898836,203715
720575941451591758,646800,123680,157365
720575941629915686,376440,170972,129780
720575941551239741,320108,154588,135180
720575941687751692,451488,250060,78030
720575941392807062,453840,258280,97200
720575941499696507,671788,146808,69885
720575941555467777,341776,143204,101475
720575941456279021,464196,831316,267795
720575941640958053,454804,609772,117180
720575941440812239,448016,231508,69390
720575941620315007,641056,117248,147015
720575941503103575,537260,129228,158940
720575941533610469,602188,116992,130725
720575941520273880,668252,87536,113670
720575941613433564,544408,754780,235260
720575941539574989,448960,223016,56475
720575941478658353,646404,118756,114885
720575941447267380,384336,119532,68220
720575941537607962,599952,90284,74160
720575941474595370,651660,598164,259695
720575941487341709,394280,123432,71910
720575941531021496,602860,81544,67455
720575941557793774,385740,103264,84060
720575941460668575,392900,127604,67095
720575941630735586,392580,122200,71820
720575941407978670,668888,105720,126360
720575941667501233,392620,127200,67275
720575941599768768,339520,201408,167760
720575941626147018,349000,117516,92115
720575941668385011,559996,147308,51885
720575941546620092,636936,127720,148050
720575941453001641,656548,102732,176985
720575941578600537,678400,126016,75060
720575941562840365,522428,665500,247815
720575941625164955,527504,645968,196200
720575941454279593,406996,161240,112995
720575941415711892,497600,560192,98460
720575941451068597,510320,558032,131895
720575941567361127,406816,202144,82530
720575941455950131,616256,80768,125550
720575941507494821,624072,187660,144135
720575941613138918,272376,96360,96390
720575941650560277,319360,126496,111735
720575941545177276,495968,221168,75690
720575941536232129,505044,157684,163755
720575941593052200,410356,90064,164025
720575941483017411,123436,197536,66690
720575941645743186,815036,186916,75780
720575941576045494,364416,946880,232740
720575941457981855,405016,958224,202050
720575941408534699,448828,857256,229095
720575941687916015,529388,653472,166590
720575941524369945,488520,799548,240885
720575941515915354,474064,858636,217215
720575941669107187,499940,830912,251100
720575941645283784,495432,929740,242910
720575941631750597,476180,905000,255015
720575941610583260,496060,791424,246690
720575941575980189,481728,891368,268425
720575941416629276,440524,911084,180135
720575941454868787,515100,917412,253080
720575941508542674,529416,725444,263475
720575941561365549,590680,616560,146205
720575941515653475,545260,606156,207360
720575941527843768,589024,667680,243495
720575941480494466,511660,597692,134010
720575941403521648,598600,601068,199125
720575941517357914,436408,705904,150885
720575941513164291,424188,745292,174735
720575941400736035,549656,598996,134865
720575941533806874,545548,680112,170460
720575941642597064,609672,594932,183645
720575941533742106,537992,766560,149760
720575941547177076,533908,736284,254385
720575941668287987,520200,902760,268515
720575941639451935,482548,902088,252630
720575941587284535,511592,792844,250020
720575941431210744,475640,880488,252225
720575941527220920,490592,736796,235845
720575941508182295,463088,896304,258885
720575941630111941,533032,706896,250695
720575941351912752,596076,572288,135090
720575941559694863,594140,624108,151695
720575941536395762,552972,634932,132075
720575941637812511,464724,607384,94950
720575941477577440,532652,651480,157905
720575941411222699,453504,813596,211095
720575941516146092,459924,797604,238950
720575941549732158,529672,630400,166635
720575941560480680,584636,623096,161820
720575941659735096,461224,729292,126180
720575941632012485,465372,739324,148185
720575941439205717,461624,729136,163845
720575941633618885,533100,757132,204660
720575941506085189,587868,734252,239220
720575941515325699,599456,616028,118755
720575941592166614,435008,759068,151515
720575941609928038,432036,811280,134325
720575941540197405,459540,621204,146790
720575941601211577,445564,726468,122400
720575941439566559,472460,659964,217215
720575941478888099,540792,747744,187920
720575941652558577,476408,878344,197235
720575941684900335,542168,738740,202950
720575941567001844,471412,741360,166770
720575941568148082,459328,627408,130860
720575941452313257,419344,862476,203445
720575941565919591,496484,732704,191475
720575941428229112,459828,719348,223875
720575941459522192,469380,714192,239265
720575941535511834,539264,736252,204300
720575941602260158,569500,708932,219870
720575941504381975,604480,658112,233640
720575941429342817,604720,625356,180000
720575941527941709,702028,97924,127575
720575941591545143,186700,209188,55485
720575941555762259,414376,222376,155295
720575941461685318,466996,135776,112275
720575941669828017,500000,728180,130770
720575941689356527,271296,116592,153405
720575941579780597,525312,617828,169875
720575941620740991,547316,682248,180000
720575941490717390,457272,195252,162855
720575941490914761,587776,602572,196560
720575941668844209,460348,715088,150300
720575941574538504,486816,579456,154980
720575941561955699,464288,720864,108540
720575941704593626,497020,370000,123300
720575941459752176,498444,370000,123390
720575941529711288,455916,370000,135360
720575941630997986,451128,782092,196650
720575941544522525,541632,624848,139410
720575941519389806,508664,785808,233640
720575941449527477,522732,564480,104580
720575941599277212,517520,225368,66555
720575941634207941,532748,608012,119250
720575941409519022,583672,158988,94275
720575941575652105,541044,155524,176670
720575941633520059,457300,370000,135135
720575941500843426,402824,217320,70155
720575941519028396,466888,881608,202995
720575941491012809,488060,161308,151200
720575941533250738,558420,639544,172080
720575941690143384,556884,191316,83745
720575941529744869,539484,202272,92250
720575941493928064,455504,370000,131400
720575941559104813,541568,254676,123435
720575941458473965,539972,596532,165375
720575941500154337,334688,186384,111825
720575941652493524,457132,370000,126360
720575941575553787,550400,204900,138555
720575941574079389,469312,184948,146115
720575941511197516,447332,614192,117495
720575941569786738,650044,139844,99675
720575941442188223,615352,182208,201870
720575941410337707,613748,162932,87390
720575941653607697,503296,140416,252270
720575941532496357,608136,628488,135045
720575941531416011,522128,194228,118620
720575941554483354,479800,910640,281745
720575941654623188,576368,142388,86850
720575941687653238,572932,758780,229500
720575941438615852,497944,157956,202095
720575941495271623,400432,227152,146880
720575941440975327,634708,152120,144180
720575941551304820,421004,192584,76095
720575941599769792,559608,190568,91485
720575941652525297,564000,191364,117225
720575941573752328,597240,161628,130635
720575941461815952,485208,215432,92160
720575941467877462,630716,183156,119205
720575941450674357,630964,180832,117675
720575941561757997,534168,197368,170775
720575941481772000,533712,193396,75375
720575941555761235,415948,74244,99630
720575941553795463,599472,178692,97065
720575941350274352,496200,662320,201330
720575941463127565,575916,179392,106020
720575941462798480,586168,209232,84420
720575941569360372,645940,146992,100575
720575941435535502,483788,130592,139365
720575941393986820,521104,166772,132435
720575941652034033,574956,142128,90945
720575941586760926,314444,131280,162585
720575941553533758,555232,141116,126045
720575941535150819,489712,847404,282195
720575941567394663,418700,143316,160605
720575941435766060,357912,930520,268020
720575941604192958,375120,140156,107505
720575941599277980,472924,112608,120105
720575941551010695,464920,596228,116370
720575941428654255,423968,590408,125055
720575941599048384,396124,137500,86715
720575941630145989,379484,914716,203715
720575941701088730,358564,207752,112635
720575941529023160,363344,185780,110790
720575941534986584,295552,103956,164520
720575941441172671,595448,178896,123750
720575941626148298,437436,144220,164025
720575941504610866,338240,148832,98415
720575941570441842,351520,180236,141345
720575941644333394,362080,105320,154440
720575941495927166,312040,118592,109395
720575941666255091,405940,255648,121500
720575941431668984,341436,130492,127170
720575941609926758,345040,161020,85095
720575941569098542,455680,223096,66600
720575941668451571,493200,151956,223200
720575941474923306,421212,228420,73890
720575941537838056,452884,168360,91800
720575941393625494,436160,224128,175680
720575941567591470,368756,138976,95310
720575941555467748,569996,177596,87390
720575941576209416,447964,191884,50400
720575941546652348,417000,141256,132795
720575941688112111,441956,212868,106560
720575941611434854,403316,224712,141795
720575941616874965,436216,214524,179775
720575941482132047,417728,210496,171045
720575941511689488,623920,100364,129600
720575941520667608,670016,573576,254250
720575941451494237,514300,215768,86265
720575941450020277,282092,136576,139680
720575941498844283,376796,170096,129600
720575941476495646,491332,201176,184725
720575941629916198,364176,134944,165735
720575941613696476,322588,154164,138060
720575941574013085,426476,595812,166230
720575941634143675,534496,203416,143145
720575941625458940,619372,631756,235350
720575941450674254,366144,225984,154890
720575941626508426,634720,100092,127125
720575941536953866,673496,117328,105390
720575941523681867,648168,118916,132570
720575941605536446,377668,176912,75060
720575941570442610,320816,131132,110655
720575941547472052,348804,139220,153225
720575941589054519,398404,122916,75330
720575941488751312,392288,130592,63945
720575941428589140,394432,118364,76635
720575941451821390,405900,131456,73035
720575941580731001,481796,577224,109260
720575941514998481,781624,117864,78255
720575941644431560,453756,990352,241740
720575941573882014,391624,102424,80775
720575941482557882,575788,627376,175320
720575941462045072,107268,183344,98595
720575941530694584,804980,168572,123615
720575941516834195,630720,159712,175995
720575941595805084,444288,740572,119205
720575941546258612,484796,620312,86670
720575941596689191,581832,596208,111375
720575941465682518,464408,889988,269145
720575941497009058,531288,643932,167445
720575941601243321,530068,617648,196695
720575941563363638,463844,628112,139365
720575941571589640,445868,738068,160650
720575941581682015,445176,742144,121725
720575941655868696,499520,736044,194715
720575941498974433,436040,731468,117990
720575941547307837,457956,895956,199260
720575941592428907,491352,792068,239940
720575941595804572,464756,703996,154395
720575941569589918,454296,722424,169110
720575941481050877,521172,714432,204795
720575941450085703,559840,735424,186030
720575941529875941,567972,755792,167580
720575941429343585,514080,691832,184005
720575941542458460,515068,702108,178200
720575941628442082,456256,742340,117135
720575941512967011,508824,714040,169155
720575941443498410,518516,674100,202770
720575941623231740,518676,707532,159615
720575941623034058,577496,782200,181350
720575941597672489,492004,616900,208170
720575941565362578,488600,640644,183645
720575941645350226,502188,720772,179010
720575941547340916,441296,747872,152190
720575941525779789,435828,745932,137835
720575941623329132,423584,754872,158220
720575941584466527,453240,740528,169560
720575941521977847,446068,755624,177525
720575941573981288,578516,587992,138285
720575941518405998,591592,609576,134910
720575941495599483,513336,718080,186930
720575941535151338,404504,896096,203310
720575941503464587,392740,865720,199485
720575941476036894,533556,696560,198945
720575941576044982,568528,752364,224550
720575941671138727,559800,675832,236745
720575941629425132,637116,625496,156330
720575941514638179,493316,632892,180630
720575941562053032,534020,636404,171315
720575941524010340,599944,618976,174510
720575941445333268,470868,894088,247005
720575941509427984,495804,889236,203445
720575941623361947,414704,742612,135135
720575941532627147,533376,676992,133290
720575941516768472,489904,718296,212400
720575941575422351,458784,751220,155565
720575941700629722,495916,780724,246645
720575941429441751,407440,905864,183690
720575941515620707,536112,650452,157005
720575941642367864,447316,714244,155790
720575941592527143,466984,699296,184770
720575941512475971,500572,607684,154575
720575941553566599,591524,643888,139185
720575941505921665,504528,599560,193230
720575941535970241,548624,618052,123300
720575941464142422,601544,630824,114660
720575941468697355,505032,559528,87120
720575941594854251,539348,755208,229005
720575941639451167,557124,618464,210645
720575941477446762,542592,655528,200070
720575941536985866,584336,635532,187785
720575941514637827,542156,629104,219375
720575941450576297,501928,794072,246555
720575941547177396,578432,651052,118125
720575941594853590,529984,660588,154890
720575941623067338,502400,654832,172710
720575941561135887,405424,860904,236835
720575941431932257,420220,880668,215235
720575941562937751,506764,888768,218655
720575941476528699,438488,615064,136485
720575941558973166,426816,882064,215145
720575941490356428,488896,907544,219105
720575941443105371,815476,170208,93195
720575941525288358,455904,625792,117315
720575941489014247,506784,682812,174375
720575941496222945,466640,712564,251325
720575941409584558,768032,103640,85230
720575941587317126,773228,101220,129285
720575941440942303,783544,84288,81945
720575941537739969,857556,86160,116415
720575941394248086,763324,103876,145665
720575941503529195,524952,700736,158355
720575941476987953,470364,930124,257085
720575941629358316,450160,716624,156465
720575941637780255,418072,749392,182475
720575941459554960,478740,718004,204030
720575941583254918,480040,716484,207270
720575941641548626,476672,677568,178155
720575941613433308,489344,929264,231030
720575941573391286,411028,891280,210375
720575941540230013,480612,617620,121635
720575941625328522,486368,899512,213615
720575941595902577,544644,644448,160650
720575941449134202,506096,675760,182475
720575941575520872,429044,924792,216000
720575941627983161,411208,899756,181800
720575941441631067,517020,633472,166770
720575941414465684,390268,890368,228555
720575941495665787,453740,724844,102420
720575941428982264,471496,852420,218655
720575941652885972,522424,633260,128970
720575941586335044,463004,715796,183870
720575941545080252,601320,589620,172215
720575941481050447,437444,746028,101610
720575941524304887,449056,776608,158310
720575941399163683,447168,756420,140895
720575941536396693,470492,754244,123705
720575941524238669,436768,742216,155340
720575941437338412,390032,867028,205965
720575941487801606,818932,208992,70875
720575941724680762,216420,228956,67050
720575941484589766,767832,143840,121320
720575941541837437,668464,235920,97785
720575941664127032,384356,138556,70740
720575941440714815,387744,135632,78975
720575941496420990,384736,142752,88695
720575941591283767,602524,115900,69075
720575941635390395,589356,107672,72855
720575941537544897,695460,210056,98100
720575941556189267,732220,128004,107640
720575941576636047,588164,598148,190035
720575941538690709,600796,627744,175275
720575941484624637,445516,124740,120150
720575941497796807,564024,218948,159795
720575941517490531,707232,173552,117045
720575941665208444,222196,112808,108675
720575941593052812,527176,99032,81900
720575941595544197,616356,633336,210555
720575941518014099,596024,212264,138960
720575941627460042,713776,164256,116190
720575941611961162,598148,605764,218520
720575941520439662,373040,213748,140175
720575941473547840,304516,197288,94455
720575941536201560,208668,220068,137565
720575941656886228,171156,193304,109710
720575941634766752,480560,167228,237690
720575941429638904,221396,118736,106695
720575941633062636,318384,194840,169785
720575941498485577,447216,250656,96795
720575941518047916,331828,187736,122085
720575941607733357,339104,118560,152145
720575941574408335,145688,172140,64035
720575941574965001,320408,164440,147600
720575941567100519,593380,88632,73800
720575941501335714,365888,192648,155835
720575941559596915,390552,125172,67635
720575941536954378,659876,107756,112365
720575941491570889,345596,147636,122490
720575941607799405,615692,181392,156600
720575941478955828,264936,108108,145440
720575941418104860,373688,147448,58545
720575941500320481,595016,642856,114660
720575941509592670,238720,124248,189945
720575941412927915,701100,167644,169740
720575941520636526,677572,142808,88380
720575941558647204,378416,125040,159930
720575941542098461,312796,132408,96165
720575941415745425,640012,80864,126000
720575941579323893,507712,185856,223920
720575941580471161,705704,148440,155520
720575941597050481,664492,165564,143730
720575941509265954,862176,173152,32580
720575941510642192,534436,200944,150210
720575941433210977,533772,544180,108360
720575941535086424,441892,236928,96885
720575941572671995,459132,142764,154395
720575941566543714,420204,186796,122085
720575941471550475,561336,695132,155835
720575941436684576,466844,370000,114030
720575941542885661,404428,134088,65025
720575941637683829,549508,158652,120735
720575941629393721,550108,712420,166005
720575941689293430,515720,601132,110070
720575941613532892,485108,370000,118305
720575941531514808,460212,370000,118305
720575941454969395,469680,370000,119700
720575941632112354,419504,260568,121950
720575941533316995,488696,752776,243720
720575941609437613,491248,281248,116280
720575941439600684,550320,684572,188235
720575941612321382,541448,170976,142515
720575941432522766,305600,129668,95400
720575941690964888,488944,370000,132795
720575941477743646,498052,370000,126810
720575941600262848,520140,241624,69660
720575941644892104,427584,129724,156510
720575941525977090,530156,201044,93915
720575941489375797,491332,370000,129915
720575941570050462,404020,196036,79695
720575941442190015,334028,110340,128025
720575941436978720,620028,157184,140400
720575941391235332,569804,162564,103635
720575941526238820,510024,249164,98730
720575941564578048,540384,179536,203805
720575941391857814,558272,155988,80460
720575941617891541,526704,178060,205380
720575941442877647,527828,124520,111465
720575941515097690,529588,189996,97290
720575941525682253,544040,598992,189900
720575941509003792,509532,894412,258120
720575941514541388,467380,864500,189180
720575941664357244,548312,217536,140625
720575941596723589,521736,199532,66690
720575941587482948,536240,220288,174960
720575941595084502,578892,205828,121455
720575941427967572,512908,247152,97200
720575941572441757,520264,258620,114300
720575941574342984,492244,254440,86400
720575941514377283,657964,145124,106290
720575941644269650,355388,154240,108360
720575941516638467,371928,158216,157680
720575941450643381,566628,197872,88515
720575941623920586,376280,908864,218610
720575941540034290,559448,152800,124740
720575941627557926,541192,114012,145710
720575941453790023,617040,166076,91440
720575941624575740,628160,176824,143595
720575941526959949,636212,181492,123795
720575941463914253,416040,255396,89235
720575941492325351,402732,261744,94320
720575941549962868,461648,574056,139905
720575941560088814,481484,593800,108315
720575941472729611,408940,163648,125325
720575941551602292,397508,137220,91305
720575941461457875,306840,108732,120870
720575941482363331,302388,88936,132390
720575941645220728,303504,130496,132165
720575941659146320,334432,121732,83385
720575941579552857,340252,150952,81225
720575941655772116,319436,108140,118305
720575941431277705,427432,113200,97110
720575941655444436,335392,107504,126900
720575941493537712,335564,125528,94095
720575941448154132,319744,162188,98730
720575941548586676,310392,134736,84150
720575941535840538,377864,139136,105120
720575941517096794,440924,178944,120825
720575941560088335,307644,131752,87840
720575941439896620,321520,105360,158715
720575941569951988,315636,115424,166275
720575941471451511,359924,191196,154575
720575941596231281,327880,123172,145035
720575941598460864,377048,243368,102960
720575941546556009,330824,161908,151740
720575941450873422,346444,183820,124515
720575941612582620,387920,139592,89595
720575941440747611,389124,105996,84060
720575941671500711,292064,140256,140265
720575941630213100,317820,133636,84825
720575941638404213,373872,176164,103905
720575941477186097,335680,121676,137250
720575941517065107,400704,167252,136395
720575941539248533,422748,212264,173430
720575941590759720,421392,209460,132885
720575941566182966,433160,910224,189720
720575941561531181,455312,777352,244350
720575941560645165,414588,154404,144765
720575941591939070,432196,214528,177705
720575941585484766,397936,745460,175590
720575941468862742,673176,104520,104760
720575941536626264,640188,114776,181710
720575941483182790,327880,118532,97650
720575941578439513,375316,889900,218520
720575941611829165,327176,103780,135990
720575941514804067,303536,116612,103545
720575941689490444,320000,131380,107640
720575941564348306,325248,167636,172620
720575941411944303,308240,148168,107820
720575941573687049,423204,751900,139635
720575941408699951,647224,117676,118035
720575941415417745,377712,159524,132795
720575941633850299,577212,191344,145440
720575941440256719,653996,124708,107910
720575941652823025,483136,280704,75195
720575941691652504,369548,161364,56745
720575941439338540,416256,210452,76500
720575941473974587,428200,236468,100035
720575941526402982,669860,146020,74880
720575941490883020,361672,95116,135495
720575941600688681,376020,119964,153045
720575941514802787,609428,140860,111285
720575941630376418,649684,116716,116235
720575941688276598,656532,89940,119475
720575941556615169,352872,155672,74430
720575941689063407,299164,131004,93240
720575941518867054,438504,748516,137025
720575941518866798,540096,750488,204525
720575941658392344,586176,793440,189540
720575941633030597,318336,96812,94095
720575941551307636,658776,121608,160425
720575941538724072,653976,132948,115605
720575941573786619,383340,122752,68355
720575941479119425,392632,107496,85185
720575941487016912,392812,121416,72675
720575941452379817,395892,118280,77760
720575941539477965,400520,111544,87210
720575941595151237,603852,854008,179190
720575941660261200,388000,105504,83655
720575941573982365,405696,122556,80955
720575941401098275,385700,121832,63900
720575941454773161,711168,85696,105480
720575941596134437,604628,85024,78840
720575941590464875,495500,170520,151065
720575941479905898,384984,151372,115200
720575941439437586,577020,159524,107460
720575941672613799,384028,139000,126630
720575941597345692,480196,241756,97965
720575941531187640,621040,135824,112635
720575941536626408,402592,713936,141390
720575941616482201,592512,87624,77400
720575941472663927,374644,137372,61740
720575941489933109,388236,108600,81090
720575941505300567,666880,174848,171630
720575941472794891,295764,180092,166815
720575941612485353,785676,204208,52695
720575941440812863,808276,172644,106425
720575941573261051,474920,801928,224865
720575941442254506,411544,905452,181530
720575941576571752,429104,722060,109035
720575941540100381,506956,692684,199395
720575941441206207,526052,646588,203715
720575941390677654,559204,713016,185985
720575941545638505,594128,710840,226305
720575941679003581,493188,619548,206010
720575941572770703,437932,746064,151020
720575941549701182,480780,725280,232740
720575941483870530,497448,880776,233775
720575941588630270,471216,890008,209250
720575941670647719,507740,897840,255240
720575941456050227,471076,804392,218880
720575941669828273,494288,902208,275805
720575941525912486,401012,927828,215325
720575941632145312,409188,854404,223965
720575941571426206,443748,857648,188910
720575941438389292,553148,710912,206370
720575941438748351,580044,676376,230310
720575941537675725,586768,730984,241155
720575941534857192,408404,889600,205020
720575941609503590,482236,745560,130725
720575941549963581,409756,890944,180810
720575941574047336,431620,900012,207405
720575941486459277,566208,615024,127485
720575941592267478,613368,601524,153000
720575941687524079,510960,616384,119970
720575941438454828,579900,613580,108045
720575941524207691,586280,610716,132615
720575941516835182,508652,605068,146115
720575941438421292,434160,750156,172440
720575941642369656,455028,748120,165150
720575941474630442,514044,815360,227385
720575941438421036,377308,876252,219465
720575941535971777,497372,806592,223380
720575941492324528,409032,741812,119340
720575941452281651,538820,756672,211590
720575941571361019,541084,753804,211365
720575941536233621,561488,774772,192285
720575941539248509,644628,598732,157365
720575941557434862,442284,745744,173115
720575941474334779,468700,777596,229095
720575941583583353,182868,179788,99855
720575941556189924,490908,722552,207585
720575941527484441,483844,554112,130725
720575941566084871,527628,627804,150615
720575941508609665,523492,653748,177390
720575941567199790,422688,193348,59355
720575941432162145,471552,370000,113940
720575941514148867,467036,325252,112005
720575941722224186,484704,370000,123075
720575941507987877,421784,275888,102465
720575941540592509,432768,149136,78795
720575941507037057,454792,713640,235350
720575941660948348,436084,207676,77490
720575941445859754,521816,243564,52515
720575941612058982,515012,209836,80280
720575941703350746,610912,144048,90630
720575941702564314,498424,829236,198270
720575941498583675,556124,690960,168030
720575941431211951,373920,144272,64665
720575941480954019,381968,137944,122490
720575941485705478,477336,370000,118620
720575941489638094,532108,633320,110385
720575941542918941,458064,795488,215055
720575941435340430,653392,97888,106740
720575941531252939,498276,596336,159885
720575941399099427,501356,370000,122400
720575941601114102,485544,370000,119205
720575941470861120,497796,370000,120645
720575941516704761,552228,638460,181080
720575941440355157,518168,740136,172620
720575941413189999,529216,562932,128250
720575941484263878,552516,216240,130950
720575941560743981,507084,223924,72450
720575941515917667,492856,370000,125730
720575941552584510,527956,232284,98370
720575941564152722,485988,691392,200475
720575941546424425,467356,774568,209610
720575941574375272,458368,274088,99135
720575941667370739,679408,615896,107955
720575941467879958,341668,160628,157410
720575941401753635,548192,248288,112995
720575941598492457,535808,258832,118665
720575941401786403,438616,217692,164385
720575941513362252,396896,745316,173340
720575941413746324,350636,187676,83250
720575941613369363,594560,555128,134730
720575941595118449,567488,167968,129150
720575941530629764,620812,165280,90450
720575941610976842,624588,181856,131265
720575941547899764,598608,600736,150030
720575941449201501,580020,177696,90630
720575941611960237,576612,587828,139095
720575941478103203,612004,580816,174330
720575941650824209,610404,561952,165240
720575941497568199,590224,576660,138960
720575941642303944,731384,551720,147645
720575941505660801,603812,590556,153675
720575941460703245,577520,571780,128835
720575941519783640,551800,639708,232155
720575941595446309,597608,89592,74115
720575941588531255,502624,252308,86760
720575941530171268,559488,707264,156195
720575941633129376,526616,179232,147870
720575941474596906,600048,157836,137025
720575941447170836,497480,215808,28890
720575941512313042,676908,108372,120960
720575941704432346,488868,177532,158265
720575941613008998,643960,144604,145710
720575941565953890,585024,160168,65205
720575941352470576,373172,165768,131805
720575941456837613,581148,177072,89100
720575941555501313,552928,174028,54990
720575941525878347,526964,182036,85860
720575941560383347,670020,582920,248400
720575941505496610,583248,744656,214740
720575941500090786,601780,134432,109395
720575941512935779,573988,763640,205965
720575941474924896,608248,162708,79155
720575941581027449,605304,160028,102150
720575941564643072,572348,142868,90945
720575941549373300,561620,151572,107910
720575941510346768,578932,215756,138330
720575941575522920,379308,194544,98865
720575941566248546,407452,162384,197595
720575941478725482,389356,221472,112860
720575941538233330,336124,152336,105570
720575941519652462,311208,99676,88065
720575941442943951,602712,156840,128250
720575941547735732,325788,130596,82080
720575941559892851,368824,177968,111735
720575941599345308,307644,131696,95445
720575941600786985,427528,175908,122175
720575941690538648,400972,189592,118530
720575941510937554,312920,128316,109980
720575941450643637,347140,107448,129105
720575941545047813,304720,104264,93285
720575941457951213,320036,166448,97020
720575941563333544,391052,219412,48015
720575941611895014,440744,249432,102150
720575941477579572,316832,159552,147555
720575941504579634,333944,187052,148815
720575941585745503,400764,158004,133560
720575941577489241,397292,170832,137385
720575941448186644,333456,165688,136620
720575941629983526,332944,155108,70830
720575941506448293,444092,211412,90315
720575941534202802,376520,200460,122085
720575941631719840,382852,159608,126180
720575941408307118,445196,193072,85635
720575941431835351,385320,179520,81360
720575941474499377,425280,719412,149985
720575941553011713,425652,822608,244620
720575941539249045,351656,92700,158400
720575941555500801,353780,108812,117135
720575941585188486,450284,241096,74970
720575941515884537,420944,151468,134595
720575941553567550,651668,115576,114795
720575941521684727,362792,188116,103995
720575941612780262,337376,108864,116190
720575941521488307,360352,93864,134145
720575941459917126,502124,904652,247815
720575941535282922,331024,115352,139815
720575941625330172,624256,106456,177210
720575941583879007,522268,608432,120555
720575941537053416,387220,113080,161190
720575941434161678,596976,82104,79110
720575941413746287,594580,91780,71910
720575941528992696,392688,132404,66060
720575941488753360,381108,157620,68760
720575941490882761,390036,127244,65340
720575941634309081,393012,125244,69345
720575941592071052,343644,124720,134235
720575941588170820,603064,82384,80325
720575941505366103,418984,706468,146250
720575941428624212,649040,121196,126405
720575941569099310,640676,130060,138825
720575941442418639,443220,252356,134595
720575941467453462,552528,597072,149220
720575941471648631,486920,370000,114885
720575941549144968,508972,729900,172890
720575941473253696,388224,113296,76770
720575941444221866,311216,130896,114390
720575941514607057,649304,181884,92745
720575941562021544,504392,730272,185670
720575941534136298,439692,822476,226755
720575941532203237,164444,152496,98460
720575941440353877,415748,705852,204885
720575941589972876,469044,902468,274905
720575941555731108,474420,887740,279630
720575941515622659,465632,902556,294885
720575941559433075,503124,764648,231840
720575941533316874,501824,764048,236745
720575941491145525,523900,600308,192240
720575941688243864,491300,779712,228825
720575941662357048,466148,808248,187020
720575941574245115,443016,634108,118935
720575941587318327,553304,747244,210420
720575941529746405,499884,770452,251730
720575941468338551,577788,750496,221130
720575941442385834,558284,634688,148410
720575941555469139,540984,767464,219735
720575941529877477,483904,890932,246240
720575941489801676,518628,671868,204660
720575941553338778,546780,726592,234945
720575941516834670,492752,860068,262080
720575941450872698,457684,616600,141210
720575941463717776,490556,739712,175320
720575941586073734,455492,703440,247230
720575941614877397,542312,731992,244350
720575941652626193,500944,878004,249615
720575941501827307,502332,909268,238005
720575941506644540,543292,660068,208800
720575941627459227,539624,565792,96930
720575941425018452,592040,625348,130815
720575941461227664,497932,688892,220365
720575941518407607,563776,750464,268965
720575941512640978,420208,890136,183600
720575941519259352,441908,719672,179910
720575941591808040,581352,637604,109485
720575941652789204,526516,654100,163035
720575941579945561,514864,707368,194130
720575941436848095,522860,696328,199620
720575941685950326,462972,679288,201735
720575941644138401,492776,707572,194085
720575941571427323,544160,672472,242145
720575941411552111,407272,866268,225315
720575941480396998,484384,575996,147780
720575941431966200,587808,594804,143955
720575941438748607,473796,631060,152460
720575941572737679,571700,627912,228915
720575941575588456,494964,717328,149805
720575941654362836,543652,641280,193140
720575941509331038,513040,737956,168480
720575941476071729,543204,760940,220995
720575941663471996,426136,861788,198000
720575941459622288,467392,621920,214515
720575941580831057,444316,754508,110835
720575941552487169,561644,752792,204120
720575941516835438,516540,598464,123885
720575941609567818,578128,616516,101340
720575941401753379,554832,648264,180720
720575941578832885,429680,704264,200520
720575941584468319,487616,735228,196065
720575941511264466,402668,896080,192915
720575941513820051,526464,621692,207450
720575941649938417,462408,787336,230085
720575941413255569,474876,768892,215910
720575941504382999,605504,684160,235485
720575941603735481,465180,597780,107730
720575941660817020,443860,739412,160110
720575941532367051,522084,710356,210060
720575941594626929,503928,870104,219240
720575941520046007,477684,895320,268245
720575941452315443,465568,795144,231750
720575941568903470,606056,608736,121725
720575941474563936,601064,604528,119025
720575941621725692,573192,600664,102240
720575941549964148,461520,855568,183195
720575941554550938,444304,752360,176355
720575941595969393,578896,656792,190710
720575941514967116,483640,925468,235080
720575941590399812,506356,650224,94230
720575941518800600,450824,889928,202140
720575941571918749,459108,871088,200205
720575941576538511,710212,203944,40545
720575941576275721,649284,174276,152010
720575941518702252,778996,137256,104850
720575941500778825,716644,104816,171990
720575941451069262,123092,101704,81135
720575941576014774,524800,617564,209070
720575941628607202,566432,636644,216405
720575941433046798,598440,625600,175275
720575941607569261,535316,632132,198360
720575941438651071,542048,624276,206100
720575941687917531,433844,867736,203940
720575941474531870,407248,922312,196155
720575941453298089,424080,693232,160290
720575941507431297,399508,723708,197190
720575941541804925,472132,746448,121095
720575941630933947,509240,722864,211455
720575941531482853,456488,707652,155610
720575941493308080,460944,703932,160425
720575941547505544,514568,805096,262035
720575941426231380,503904,787660,194625
720575941608389194,463920,828184,184455
720575941540690717,427748,664016,209925
720575941610683053,495344,651800,176805
720575941495634816,492272,651900,180855
720575941613435868,450908,788808,170370
720575941478529103,565000,693528,190755
720575941454870579,446112,625112,141840
720575941628377314,445032,651660,141435
720575941562972055,467640,590524,93195
720575941464897302,517280,599976,124515
720575941429475031,420492,734148,161865
720575941496977058,437268,734472,156195
720575941435669522,443036,755252,144765
720575941399164451,439328,755764,141345
720575941441239893,456092,751656,172125
720575941623101898,441008,739508,156150
720575941518866542,505612,721684,210285
720575941551995391,472320,598620,128970
720575941482199682,204816,120028,121140
720575941481675650,119912,171080,88740
720575941480920800,786724,162080,60525
720575941508512094,794384,143628,136485
720575941669928179,361416,120284,66735
720575941550194292,316584,148792,114345
720575941515755001,718040,134072,152280
720575941507957052,477316,216136,171540
720575941595512965,616524,631288,198630
720575941723832122,756864,137992,57825
720575941548982708,679980,191028,71280
720575941517066083,138340,210824,101250
720575941469716701,415768,636848,170370
720575941520407918,379112,127516,162765
720575941415747476,272024,118912,152415
720575941501600395,290816,92736,159795
720575941577162841,239116,161112,47700
720575941577752657,133688,129468,116460
720575941605473782,375856,101112,78885
720575941507563068,355960,174352,208530
720575941557959951,157812,133696,133605
720575941479087210,593792,90784,72450
720575941602230057,381136,121976,75645
720575941500584354,596016,86516,75870
720575941559533583,389164,108608,83025
720575941449302292,590468,86528,74025
720575941411946923,394556,117236,71865
720575941670550961,602432,93176,72765
720575941471813472,265164,196228,160065
720575941431935502,258352,204944,112500
720575941540855026,281232,184448,192870
720575941555600667,700648,128076,118125
720575941733662507,389732,205716,129555
720575941453758791,622016,96292,131400
720575941563498408,598280,173684,118620
720575941692310168,287944,163764,137115
720575941606654142,260692,206484,121275
720575941548195004,263272,185792,139455
720575941575982587,265152,105984,148500
720575941394218500,381928,97300,79290
720575941627756070,245588,130432,95715
720575941481643206,180380,160944,100710
720575941629000761,159552,218560,24525
720575941508054657,576880,133612,86580
720575941629362233,85848,138688,92790
720575941453365370,647000,163364,146655
720575941659246160,313864,215800,136350
720575941581684725,316620,201892,111600
720575941451824718,122560,127464,139950
720575941508808773,599664,160864,157140
720575941574049182,680864,193912,86805
720575941594595441,182776,181908,106785
720575941440814303,170368,154236,174420
720575941634669728,786120,111044,103590
720575941505367090,762116,146240,86175
720575941621824639,152268,189756,160650
720575941492162869,242280,134020,166230
720575941655543257,136220,120252,56565
720575941555503187,533440,801644,239220
720575941631721954,536312,629532,146340
720575941539118834,476140,370000,118125
720575941568708398,515876,651400,184500
720575941441633883,469740,229208,87300
720575941445141012,459792,370000,118710
720575941560024847,542768,652276,147555
720575941581684601,427680,198220,122310
720575941458803952,504976,665992,123390
720575941633589179,482108,629816,176085
720575941691031704,577732,621084,103230
720575941544264041,483084,591312,175815
720575941545312005,427176,249700,140985
720575941536301288,415856,185624,114660
720575941687786870,489520,719064,202725
720575941671272881,483448,800136,206550
720575941576343222,498076,736104,139680
720575941514608995,505088,234040,78255
720575941592629132,461412,334360,115740
720575941542461276,553276,656052,133335
720575941625561196,482960,370000,116685
720575941484691642,512872,640276,104625
720575941436850143,521916,688636,200025
720575941390352388,556288,584536,171315
720575941681953981,421708,145096,151785
720575941469716445,424336,225464,60435
720575941473714730,484088,693996,175545
720575941492358350,485372,370000,114255
720575941556912211,485012,370000,123120
720575941632344300,351552,128148,95805
720575941425381716,436548,264712,109710
720575941559205933,535016,257176,117675
720575941436095788,550040,252224,115020
720575941655117012,445156,261720,116010
720575941520309976,598796,183576,168660
720575941399428643,536280,192872,84195
720575941588369662,488920,370000,136890
720575941452054835,498788,370000,127710
720575941570380282,662228,135392,108990
720575941573361334,612896,572188,156600
720575941630017762,493188,627640,80910
720575941464769046,584644,591728,131670
720575941591776552,480180,609576,93870
720575941428559700,526664,170244,204390
720575941629394233,509340,690928,173835
720575941490720821,568512,161536,237420
720575941525586507,477060,877088,277470
720575941549899892,469572,952952,306990
720575941435342734,415196,179928,193275
720575941590761100,510220,250640,95535
720575941579555161,535920,221228,170235
720575941461786256,613364,182256,127890
720575941690998235,583772,199176,116865
720575941641584159,553440,115652,167220
720575941653217557,598364,165244,216270
720575941440782427,530780,231940,99270
720575941451955790,616912,136732,152910
720575941449761102,604860,183948,87885
720575941567365678,546448,195148,73530
720575941553503460,577340,750708,257175
720575941475482683,375164,140372,107280
720575941435309710,524868,671868,203985
720575941581291385,332504,160728,156870
720575941484855293,383508,168404,139545
720575941390352900,438804,715796,170640
720575941401231907,453868,203464,162000
720575941468437590,532788,243376,94230
720575941471781131,370424,137264,160605
720575941495537351,325328,117892,75825
720575941527977293,317644,123336,128475
720575941573787144,305376,136628,101295
720575941628411961,345972,102260,92925
720575941577064374,325664,132048,108270
720575941503303874,302360,93920,101610
720575941486821126,432952,150512,104670
720575941546589884,366084,158408,139185
720575941572050077,370912,924152,221265
720575941530206155,355776,948068,219375
720575941633130912,331988,162340,140985
720575941471452791,522000,129696,114300
720575941442944207,357924,186460,139005
720575941547474281,382080,198704,117900
720575941451594830,437604,152172,77895
720575941475417403,383740,198492,118935
720575941688704630,440168,124960,122535
720575941653019889,369472,167352,92520
720575941568414254,377936,133628,191925
720575941553635867,424928,205812,89730
720575941628935737,440600,173212,52560
720575941428755849,429056,216924,177390
720575941669338867,442376,151068,212715
720575941392876036,335164,153700,85230
720575941553504769,281792,118400,77715
720575941628084537,336964,150676,90765
720575941531876811,618664,89580,89595
720575941510545936,618780,112888,81225
720575941434753568,425096,717960,143550
720575941516770670,423652,718072,209925
720575941478236724,319876,118628,109755
720575941516639993,339044,153452,98595
720575941651087381,336528,161412,101250
720575941594464807,379668,122024,151020
720575941483707834,353156,146188,224145
720575941416828188,307224,103984,113490
720575941595611431,588928,157312,114975
720575941504221746,572384,199888,134730
720575941470371851,594476,772000,231345
720575941653774065,312300,114940,173025
720575941512314834,659296,131212,103860
720575941564875415,664152,134488,102780
720575941504876338,636684,158440,94635
720575941569822834,678672,115896,117990
720575941394119830,403192,176004,174600
720575941550455924,325072,142336,103275
720575941509005346,404836,131776,71955
720575941629426982,407988,171776,145485
720575941583945055,622780,80328,145440
720575941519098028,619548,80540,149805
720575941452513705,342600,108484,125055
720575941526437988,426932,634284,56475
720575941688672495,603280,77528,83700
720575941432491145,583608,641200,204930
720575941494260167,401708,125816,75105
720575941550849652,390868,129052,64350
720575941538529251,389980,128472,64215
720575941499764705,392040,128644,65565
720575941654986969,469544,802224,216765
720575941461459411,275268,85420,133560
720575941442945487,690112,121344,78345
720575941652987889,665684,157268,171810
720575941546492009,298116,111248,93240
720575941433212887,692672,108736,107955
720575941499077089,439636,195120,186255
720575941628935993,600324,111060,182025
720575941432328623,619872,132320,79200
720575941478400049,559784,791500,200610
720575941594496552,379512,115272,83160
720575941538955235,601900,610440,158040
720575941476433694,332944,131056,138150
720575941443141211,774168,169348,73305
720575941612519270,820988,110644,80370
720575941547311540,390420,112676,78885
720575941573590523,546560,783960,183465
720575941547245500,831100,145440,152325
720575941625889418,395740,923036,213300
720575941573362248,393272,928008,211635
720575941667012529,533672,649368,152010
720575941474467377,589700,619904,166635
720575941472141610,549640,601160,136800
720575941521095863,514300,599424,190710
720575941609405869,481096,898584,249480
720575941452185513,485228,822300,221085
720575941539741788,441416,677996,244170
720575941591285388,514776,731440,219060
720575941521588043,480200,877676,249705
720575941450579022,489564,703028,141930
720575941566020706,419720,868924,213750
720575941505991041,511740,778596,258390
720575941521555019,442296,734376,127395
720575941595840668,573292,763140,175230
720575941567102766,524780,755980,188415
720575941504549170,483484,767240,212040
720575941596430213,518016,820940,243720
720575941592137726,484876,941884,245205
720575941505596997,456916,935488,254790
720575941578735349,479312,920276,248400
720575941525847396,479080,709732,190710
720575941546065032,494280,793732,240930
720575941558256173,543208,734344,250785
720575941565333806,458524,730200,165915
720575941429476823,534980,751096,186390
720575941429543127,519164,733064,235620
720575941553537252,502496,872772,240030
720575941586402628,489476,762300,226620
720575941543739653,557640,617884,146970
720575941551997183,486708,817812,201195
720575941540135453,531432,656552,160065
720575941438358079,421288,709328,188460
720575941532531843,611244,618448,109080
720575941564678551,617884,592136,123930
720575941543607740,560756,685788,199260
720575941456314271,539880,690264,203580
720575941499370635,459728,699376,146250
720575941453299625,514068,696952,171135
720575941536628568,432536,714428,187110
720575941656068688,454412,723156,138960
720575941550883463,479692,617804,205065
720575941535907082,485084,633736,128385
720575941513953939,485176,696844,189315
720575941472436027,445628,760440,124290
720575941616418261,464668,705524,105975
720575941522669491,482196,699288,107550
720575941477350452,419060,733384,186435
720575941390713238,438736,744192,186705
720575941684706543,518076,729196,240975
720575941597314716,459708,729656,167850
720575941552783495,466172,756164,216180
720575941524078925,508760,720448,249030
720575941662392888,474528,670324,177975
720575941564186466,514332,756156,159030
720575941550752289,386696,890108,252675
720575941511168588,429240,854224,192735
720575941469061239,420884,746640,193770
720575941547179956,484976,816668,210285
720575941723242042,520292,695344,230985
720575941503499755,504864,716988,250335
720575941469846903,582960,775508,205065
720575941474893121,558184,761056,240345
720575941558254707,558048,754152,221355
720575941555437092,565428,768200,194760
720575941661507708,447168,965952,287640
720575941607604077,470972,857732,228195
720575941476990257,462668,572164,145080
720575941628707042,420664,605788,144810
720575941563530496,490916,701840,153450
720575941459526032,546584,747396,149175
720575941562155176,528156,652232,182925
720575941550948231,546844,704144,221310
720575941503500594,538556,779948,165015
720575941536268786,562276,767432,226935
720575941591285900,458836,714624,108360
720575941625168010,588336,640720,186840
720575941430689294,480372,592960,98865
720575941520342263,538824,760516,212670
720575941516738195,478848,887496,230265
720575941562875794,540908,752964,211680
720575941566774522,569164,769096,194175
720575941617237887,370696,904480,214965
720575941468700637,495476,737116,166995
720575941564121746,464236,722820,110655
720575941496356577,558248,695872,232740
720575941629721894,397268,925992,187785
720575941471911488,423228,685500,177750
720575941547901556,397952,693248,196830
720575941474565428,404260,902956,199845
720575941590040204,409912,899556,205245
720575941562056872,462696,613064,159480
720575941480529282,430656,648320,136935
720575941449235834,498860,650112,84285
720575941573492232,466128,737296,197280
720575941531517413,414464,711244,166995
720575941458838000,517436,804216,227250
720575941531582949,457908,871476,200340
720575941439734290,527480,620212,111780
720575941538431381,462376,630644,138825
720575941464768790,462136,612140,193185
720575941541740829,496380,733416,185310
720575941431017569,509648,907776,268920
720575941688508635,451920,620680,115830
720575941560221229,484264,605008,113040
720575941477874818,507452,684392,171900
720575941468700381,456388,706284,105660
720575941623365996,465540,769372,176040
720575941483675645,464848,768168,185580
720575941546491681,475536,716312,233055
720575941518867566,432208,737568,194265
720575941412601967,542124,642424,178785
720575941596167973,637764,157024,141480
720575941555634074,777628,86168,100170
720575941606523326,835808,128968,12105
720575941495864905,464608,289372,117495
720575941703187674,467644,296156,96255
720575941507989527,513844,211300,82215
720575941439569119,460268,848972,202365
720575941633064389,495720,698880,172530
720575941516016707,473764,370000,117540
720575941564186007,525196,221748,90720
720575941575688457,500192,370000,135990
720575941571394811,464620,370000,129015
720575941462375876,485132,370000,117765
720575941549506932,397768,203764,115515
720575941476991028,498916,370000,129150
720575941451301213,381160,205444,121860
720575941561204626,576636,570716,128250
720575941452055162,399380,148440,127800
720575941612323245,629804,180304,150885
720575941630049762,543372,227888,103005
720575941452186025,484616,370000,124515
720575941459099844,500936,781772,233685
720575941568118004,500160,370000,132030
720575941482954749,597552,175164,89595
720575941527388326,373416,194500,106200
720575941612256476,470344,937344,271980
720575941458346566,395736,171960,140265
720575941532237515,317156,139480,96525
720575941573459102,381376,178784,114300
720575941577589352,539612,129460,159975
720575941615369491,570352,141848,98415
720575941450284637,493304,230228,81270
720575941668683687,600812,562612,187245
720575941536923624,711552,569948,153585
720575941595348517,541804,137680,166050
720575941431639433,437228,238532,128565
720575941567496818,569664,139236,88380
720575941632311739,466336,923468,281700
720575941497863497,575140,749432,225405
720575941612715850,547616,236128,120240
720575941662654520,524564,196276,82080
720575941655577044,519348,174940,146880
720575941538005475,509768,249420,94680
720575941524176971,613216,583792,180765
720575941483642554,400788,142472,93870
720575941504418373,607668,582368,129105
720575941537250531,537912,188036,75735
720575941481447075,554404,190892,88470
720575941440224319,542748,155152,140850
720575941652595221,634568,148524,191070
720575941415025812,524868,210964,50760
720575941445107882,520848,167220,26460
720575941591842302,552504,194896,133065
720575941450678197,668992,89160,143640
720575941626346634,621888,161868,100080
720575941432557838,619776,154964,79110
720575941505794364,392720,210352,74160
720575941442978139,594492,159008,136620
720575941628280633,335468,93148,141435
720575941433310990,325964,130948,81135
720575941667667443,476952,230492,78345
720575941632049132,491980,610720,164520
720575941439667986,470736,593104,112680
720575941496126793,457756,593112,114795
720575941501926706,460760,605948,115695
720575941561433746,480000,575964,103905
720575941475745898,444472,674444,221445
720575941468897856,448592,686856,206370
720575941478957377,330356,119540,69660
720575941616254361,304656,105748,87435
720575941570444402,402432,119220,170370
720575941615501721,352768,86548,132165
720575941392810134,364664,98680,133110
720575941487377730,323756,131856,94680
720575941537971427,310500,99948,88920
720575941485804685,322364,154536,82035
720575941628936761,379816,143736,107595
720575941560188943,394404,89888,203355
720575941570576122,339204,111408,126765
720575941515264067,323232,109396,121365
720575941690737304,278020,107596,140220
720575941590171447,355448,120788,141345
720575941602525118,509776,216296,124650
720575941555240475,302432,143112,124605
720575941590727820,307184,116996,172575
720575941643320993,307984,129936,74340
720575941471977536,278524,131832,139500
720575941591187710,348080,183744,132480
720575941629985062,347156,132448,165375
720575941528108966,409460,193536,74115
720575941414404500,363032,186092,111195
720575941564875154,384720,159764,65025
720575941596561797,395400,220104,77940
720575941722783034,393396,184104,142470
720575941626151323,361728,178580,102060
720575941471420535,399160,126228,92025
720575941505891422,419692,729168,143550
720575941530926979,369776,204724,105660
720575941431476728,652676,130760,98910
720575941537905891,429456,205856,105120
720575941591121463,414516,772672,161685
720575941595775190,643112,159908,137250
720575941644009810,453976,164284,114165
720575941408997806,438324,220092,130860
720575941524339787,344088,161872,99585
720575941411356843,361184,99444,133875
720575941528633766,389592,105588,146295
720575941498748489,372860,878336,237870
720575941580930549,357072,153232,104850
720575941575687433,313576,130108,110565
720575941670158257,527624,151784,221985
720575941577949800,621084,76008,137970
720575941476891963,637560,95940,168030
720575941633162732,562892,127484,156105
720575941644959864,646960,144384,105615
720575941515951619,631920,118848,160965
720575941554487194,671740,93704,131490
720575941431311791,658680,124476,102465
720575941490031817,431856,218120,19125
720575941591777022,594972,91116,72495
720575941576867215,399296,128212,79785
720575941450546857,671868,596988,119880
720575941549113480,593872,82264,78300
720575941498781602,404920,619716,176625
720575941613633453,602052,94584,90900
720575941517917612,391720,122512,70875
720575941589974071,398040,119440,78255
720575941612158026,509924,943104,246825
720575941441306453,587140,114656,85545
720575941534106200,393876,100872,84780
720575941503369451,387848,123408,67275
720575941402804003,366972,157528,144765
720575941414403217,336736,157584,98820
720575941478858817,329624,137908,148455
720575941565366930,323284,132772,148500
720575941660262992,633564,145876,110070
720575941528305830,724864,80320,168525
720575941658066456,477268,370000,132975
720575941440683743,516964,160764,199080
720575941477973041,650456,120680,173385
720575941577359798,392244,126744,67455
720575941479875178,603116,187088,111960
720575941627559020,361752,118652,72945
720575941432360952,313040,137664,108045
720575941394022404,621248,112784,99405
720575941515493379,132136,163244,51165
720575941441175643,116512,144544,109710
720575941508612631,697948,207680,173430
720575941518835372,494576,850604,271755
720575941608423754,553248,604596,140130
720575941624839882,494068,597940,130275
720575941531450853,588404,740976,224370
720575941589844535,486972,643304,189405
720575941530697603,583120,670948,144900
720575941514903642,613816,597904,144405
720575941541544028,586096,600124,188910
720575941445270804,528000,667392,130590
720575941508546514,425360,752704,122985
720575941542330117,473536,625408,108045
720575941572082953,497120,719700,182340
720575941533221386,509280,711892,167355
720575941464112470,491180,600028,114750
720575941610618982,524856,696796,254835
720575941495635579,462324,768604,241020
720575941438913883,445344,761616,143100
720575941565168942,480844,679376,257850
720575941571494139,445396,746656,176400
720575941431311575,535136,675924,238050
720575941507760656,414884,768716,134730
720575941457985951,602064,625304,173610
720575941637914911,526500,622824,209655
720575941474467633,566968,733204,227025
720575941438455340,583724,620980,183510
720575941461065997,526828,758532,212760
720575941576932433,531532,653964,166770
720575941450546254,506648,907192,258480
720575941681003965,518176,656280,114210
720575941506220613,467248,894464,291420
720575941644894328,461604,892720,262485
720575941667143601,465860,706600,248580
720575941625102332,463192,702816,171360
720575941560090862,456140,637284,214065
720575941640765029,437892,769268,183870
720575941516640099,469936,660176,124515
720575941573590267,595508,611632,184815
720575941515624291,388872,865560,205920
720575941491506997,560692,664008,145035
720575941609374125,377348,895904,195120
720575941414305681,468956,638988,120690
720575941505105724,380120,858432,237600
720575941572050589,451948,857624,225810
720575941542297605,469376,705232,251775
720575941576147465,559916,738640,166770
720575941530861699,463868,636156,217485
720575941494161024,461708,614756,112365
720575941476990001,473384,645352,150525
720575941537809021,450468,738028,167940
720575941520375000,789812,158724,133470
720575941657346004,285392,214624,153585
720575941601215017,762336,150832,85635
720575941633458592,765504,101136,129195
720575941471190493,787900,106980,119520
720575941577917544,390376,124932,69570
720575941446780330,507200,172672,230130
720575941512415248,477060,697744,185220
720575941569398830,300900,160808,154845
720575941540497394,247208,106444,136665
720575941504452146,430736,778444,248760
720575941600396224,732228,167492,108405
720575941479548034,463580,798028,233550
720575941517068378,110332,206736,51390
720575941594564392,717300,182696,96750
720575941734516779,250956,125788,111870
720575941591516983,260440,128560,167040
720575941551014772,323744,108852,104940
720575941507760805,642508,168540,176940
720575941491835598,295700,133840,137385
720575941497046727,318700,145580,85230
720575941652138005,269972,143992,93780
720575941408310575,323004,205296,113355
720575941665244284,456328,206056,142515
720575941477909534,612732,79472,75645
720575941517460371,596288,88064,74880
720575941451924551,396044,128364,68715
720575941663147832,401604,121080,69750
720575941479909226,270692,163368,179100
720575941540267925,221396,201772,118305
720575941508842565,378480,193984,78210
720575941418305052,476576,163328,225900
720575941581063289,415692,168792,143505
720575941471487197,269060,112348,153855
720575941566677767,363996,122340,66825
720575941481973634,398724,93460,82530
720575941651874801,388856,94576,82755
720575941497635783,659988,93364,137115
720575941577720502,193860,220852,54585
720575941427938644,647392,139200,94095
720575941470373853,1584416,488528,3349350
720575941659215440,324232,143684,85950
720575941456381747,144832,174316,167490
720575941431936905,437184,176348,167850
720575941460280048,656572,181748,85590
720575941561042547,757340,168148,93150
720575941645256786,134896,111888,149400
720575941403198755,144984,174212,0
720575941618058197,502120,732420,177120
720575941577885288,541484,650036,145530
720575941569365242,489816,798064,205605
720575941640505375,489316,867368,267885
720575941578803025,376404,79456,166230
720575941550687037,509528,646648,124065
720575941502158059,546244,627288,152325
720575941541480573,506708,591892,141795
720575941502715019,386224,176848,55125
720575941562287202,499196,370000,136845
720575941467587606,495924,161700,150615
720575941507205143,432468,144524,87345
720575941592925992,452648,370000,125325
720575941536695066,537332,764892,182655
720575941653906161,456668,197652,78165
720575941561632045,475708,891296,231165
720575941495736448,450816,730280,254790
720575941589256260,533804,596448,188820
720575941528667814,490804,370000,138330
720575941410113451,573052,645176,187785
720575941477812131,501176,370000,125550
720575941489083596,462836,385884,141525
720575941550687805,478500,228120,90315
720575941490558261,446992,139472,133830
720575941553669092,510944,458952,136530
720575941657445200,601620,180060,96435
720575941566646375,397424,203748,72675
720575941564155904,528600,203488,169560
720575941515264761,617852,176864,89955
720575941400707875,571976,589064,187020
720575941471356480,366432,206908,107640
720575941603182270,313940,112220,74610
720575941506287639,315816,132096,77400
720575941514807249,308484,111920,81855
720575941594465320,548676,206432,42120
720575941564154536,390760,115852,160965
720575941465131021,522356,168872,91980
720575941527847608,608776,577404,195705
720575941597807493,527112,193204,120285
720575941497766818,492108,178900,175365
720575941437245216,553876,130064,215010
720575941575002121,634856,153316,190755
720575941503469035,524172,720492,231705
720575941438096146,669352,207860,130185
720575941603182265,483072,156608,229500
720575941619435135,479388,161704,38205
720575941609800934,532060,214244,179505
720575941644175186,572476,148624,108585
720575941448779796,582348,211548,143325
720575941624481276,513176,221812,79245
720575941408507566,602732,144924,144720
720575941547345513,628440,157380,145170
720575941642372040,483912,672288,214965
720575941564712960,660360,125140,120420
720575941559075599,589620,211004,87165
720575941653874417,274540,139616,146475
720575941653644305,576036,105756,127890
720575941538530792,561404,151148,107775
720575941604197878,319464,123564,126045
720575941442192079,571916,178608,109485
720575941441963727,546916,190016,85365
720575941633885893,357544,152708,77220
720575941631919803,343648,148828,102915
720575941555439514,314580,127768,84195
720575941522244535,315872,105656,124335
720575941514118403,315368,103580,93375
720575941568546418,431048,601188,122940
720575941593843589,475088,574820,140175
720575941580669817,440000,683140,212445
720575941513069265,415612,158236,120780
720575941499995209,364052,104128,133965
720575941553932094,362252,92844,135045
720575941448779028,301152,89180,129780
720575941574936221,336700,155328,87660
720575941645320865,349772,89384,149175
720575941352244016,461080,215932,45810
720575941603967673,343120,93456,111150
720575941475583803,337104,198184,120510
720575941479548751,380996,207480,90900
720575941592991016,313388,128288,109530
720575941487379778,306384,126628,107145
720575941480138346,616844,117556,186120
720575941439407890,655312,124900,108135
720575941452056135,365948,104124,163080
720575941446156970,348848,133780,151560
720575941498292297,351076,170372,87255
720575941518082988,343744,138072,147375
720575941440914911,347136,159616,85275
720575941507597406,351184,171956,77310
720575941652006933,358048,174012,206775
720575941688509403,440984,815332,253350
720575941537907427,445712,254392,110565
720575941480335328,429832,213564,90675
720575941481351298,389036,202132,127440
720575941526831949,373648,199024,103545
720575941531486155,391476,148188,78300
720575941656331032,391060,124036,69030
720575941563271058,412612,746616,161955
720575941506451260,361900,186684,129105
720575941483153405,446960,192996,129285
720575941463950349,426540,215360,159300
720575941636735861,431944,586204,165510
720575941592434316,437028,213464,179550
720575941475484731,543448,204064,39915
720575941428593748,602368,190612,111780
720575941443469994,317352,132376,81585
720575941464999181,356288,136860,73845
720575941491475916,302468,134524,96795
720575941412799147,584396,157048,63945
720575941653840913,357924,137424,116955
720575941540201621,310568,128624,110025
720575941621008255,656428,130092,99675
720575941452187258,573856,166440,136575
720575941550393377,646592,113648,131940
720575941594366678,636116,117164,107550
720575941510841360,327252,173968,98910
720575941629953830,568204,121340,192105
720575941567628903,593092,81652,78570
720575941570380794,354272,154464,103995
720575941526504985,660564,137780,186615
720575941565105206,589520,712408,214605
720575941593745003,398548,121284,76950
720575941586700254,430692,215628,16785
720575941476434996,590888,717476,212805
720575941499372411,392636,105748,86760
720575941535811306,388296,120816,69930
720575941734025259,605788,189728,110610
720575941540726397,599780,108776,180315
720575941507073303,384640,158064,88875
720575941472831095,605796,74940,78390
720575941433116001,252036,110272,95985
720575941433606871,610008,107788,75960
720575941453595514,149124,158372,107550
720575941580671097,609260,628272,188370
720575941627332251,488064,803284,206865
720575941610455785,457920,961792,197820
720575941631001836,425012,924684,187875
720575941457430431,465232,893856,261720
720575941503566898,527040,760544,150975
720575941595873984,576908,750032,220005
720575941656691412,607844,653632,243360
720575941580604661,503148,674540,183285
720575941533221825,467356,701792,239805
720575941621629692,540516,679472,180720
720575941571330811,423880,723500,183285
720575941559011054,535920,757616,158040
720575941472503159,439932,868360,269145
720575941508450258,530004,711356,175680
720575941572446280,580988,710716,229185
720575941614257171,548312,706068,200430
720575941630149346,561032,726456,187155
720575941541774621,527096,766484,183465
720575941539743580,610300,621148,171000
720575941564154770,556136,660220,170460
720575941413455252,570852,646436,119160
720575941578639441,578116,648828,110160
720575941572707471,555564,646284,181575
720575941524211275,575188,621188,186345
720575941564580711,464308,704992,179145
720575941583128454,535872,746888,268560
720575941551048447,501220,854444,226575
720575941438359103,519580,625168,86670
720575941450876794,527916,688360,212130
720575941569659806,529032,704072,248715
720575941667079857,582344,730676,239490
720575941597545664,580872,634432,172305
720575941621761276,401564,923360,207900
720575941475780202,471008,767824,217125
720575941547377725,390756,921920,182610
720575941491639271,473572,915924,245880
720575941624678538,455016,932852,257445
720575941552621118,544636,605592,208035
720575941573952616,502696,709640,154395
720575941474928449,524804,633352,171810
720575941443863978,587760,624928,159975
720575941581228153,487012,615288,134640
720575941491082702,517608,559516,86445
720575941478269664,426112,822144,122940
720575941438850907,447580,746988,142650
720575941434623758,820796,167412,125010
720575941646665080,295628,173188,164160
720575941612980070,513612,414132,145890
720575941542462300,519656,664240,196920
720575941496095431,408468,949204,238635
720575941534435338,532188,234388,144000
720575941529978756,540224,655052,149760
720575941539448781,492040,370000,117900
720575941633099680,478296,750588,243540
720575941704434394,434300,268136,86625
720575941518509495,498340,370000,122220
720575941685691375,569440,652268,193725
720575941721638714,533524,134644,130500
720575941557601508,523228,649784,133785
720575941638407199,535696,203844,124200
720575941550196797,421864,152692,109035
720575941522604979,509324,221232,35775
720575941451006645,505484,706984,169155
720575941618680533,427436,916196,261225
720575941495899465,484988,370000,128610
720575941491410124,379276,185196,90180
720575941476041521,485064,370000,124335
720575941428365193,410672,232796,68490
720575941595940032,499108,771832,228870
720575941628282150,539136,630300,200430
720575941594630001,524488,614332,142200
720575941535811562,534928,234464,67455
720575941516215289,396396,149232,184815
720575941535254450,377048,170168,56385
720575941451564410,388748,131520,93510
720575941462607571,588576,177444,170325
720575941491934183,419588,258468,71820
720575941589124492,524568,148172,137475
720575941541283533,587220,135848,151155
720575941493015527,626872,122140,128700
720575941408670894,649580,152204,136125
720575941505861570,455944,155376,152145
720575941526964249,579012,570632,167175
720575941448157204,505584,174816,72045
720575941622252796,502596,894404,278325
720575941521196211,670032,585656,267390
720575941569529458,553952,711816,273735
720575941411883119,500580,142412,131175
720575941653415124,537388,222356,147915
720575941632870331,556868,162952,143775
720575941565138327,520840,128640,100260
720575941516707427,648596,132084,107460
720575941619073919,546484,194760,91440
720575941432361742,578948,201808,133290
720575941526013796,560540,176520,28440
720575941450253149,542740,128308,104625
720575941440849727,572040,165760,66420
720575941668422387,568240,98912,149400
720575941451728250,591992,191528,115965
720575941668553639,567624,779580,225990
720575941471357047,615212,129780,106785
720575941590763148,528644,232616,111150
720575941530272485,437916,214860,100080
720575941515495267,444208,213128,92205
720575941585258118,561452,157128,138060
720575941626184603,540156,168872,109080
720575941441471679,632128,140368,109935
720575941435377550,606772,183260,95850
720575941559829619,653016,132116,97155
720575941461525715,629012,123060,167940
720575941439439634,653992,121108,123525
720575941450679221,354412,147072,100215
720575941404083056,391560,191736,81495
720575941436459040,440620,195200,81675
720575941582636921,332696,183540,106290
720575941499865211,501080,908892,269415
720575941492196272,446020,591332,146880
720575941627463306,520716,610120,152595
720575941557208591,510464,611760,120960
720575941427708756,407552,209728,183915
720575941445863338,360540,100860,164655
720575941623400444,328672,109456,158850
720575941663672188,332640,117996,91215
720575941522048695,400088,174392,117900
720575941702305242,376148,227804,82530
720575941506516389,318976,140316,80235
720575941430396920,348324,139104,103185
720575941610358761,425752,738688,159975
720575941607605101,498244,618812,198090
720575941520213932,343496,107700,117315
720575941559043108,276648,125836,121995
720575941453038919,330920,102276,165015
720575941506745950,308220,117552,106785
720575941722457658,310684,135512,81810
720575941416797724,396580,142876,148950
720575941529846968,407828,126516,114795
720575941520049331,422208,194276,69075
720575941732484651,416432,159008,156060
720575941536237490,377544,182244,158625
720575941493736903,331648,164736,66690
720575941545804988,380764,142208,107460
720575941414536849,314688,129852,113265
720575941599970240,299008,126940,100350
720575941688313307,430936,105572,119925
720575941392876548,424496,210464,130320
720575941558323236,417932,812640,241560
720575941689492236,360940,139972,101835
720575941450220381,427428,208104,79785
720575941416732188,490300,185420,39780
720575941585258630,409356,205460,176535
720575941593777515,599600,173744,107865
720575941476271675,367124,191684,106245
720575941563074605,627752,102136,153810
720575941615830547,334380,125292,156285
720575941504680898,297844,117428,101070
720575941582636665,333336,124044,91665
720575941507269285,320300,131216,111465
720575941549541409,336400,197436,122535
720575941568284462,378828,157796,217125
720575941489673420,549296,726644,239310
720575941620221567,382984,134804,143820
720575941537219555,569868,208028,63585
720575941433345550,640228,148300,103860
720575941732779051,657172,127112,102915
720575941524309323,310188,129348,72720
720575941535254465,434588,722448,145395
720575941544953349,470328,234236,81720
720575941550360609,334832,156636,100485
720575941412734831,617096,160644,142605
720575941491966695,626072,120100,123705
720575941644633288,321392,175760,72360
720575941472929888,611704,168400,120600
720575941516379385,598608,117520,137250
720575941477746282,372308,201548,114120
720575941601642025,600508,94156,71640
720575941412242091,593204,91152,72045
720575941412243371,594576,138572,69570
720575941628872742,390368,128228,64710
720575941595940391,357320,163568,136080
720575941614289683,576236,633328,221895
720575941435639840,609592,166480,110610
720575941643093605,591852,165048,113805
720575941449008404,439208,215740,142605
720575941645321298,359220,155520,202905
720575941531387083,574784,107904,70875
720575941455104051,311680,203456,182925
720575941568317230,470528,597724,186570
720575941596431749,523392,220796,163215
720575941477942833,533424,205216,129555
720575941450089309,459308,199148,147105
720575941458969414,503448,778884,236790
720575941527814989,396824,112732,83475
720575941579064657,580880,151280,149535
720575941575395323,614084,596084,195795
720575941413848468,371476,137716,61605
720575941626086555,343328,109088,137025
720575941731763755,548480,184960,75510
720575941534860675,626616,125756,169335
720575941570118900,469320,153524,205155
720575941550950279,588004,623740,158220
720575941489116391,521840,629592,181170
720575941546657569,563380,768084,162360
720575941611963053,564232,619960,141165
720575941723178298,420740,926180,186840
720575941530371972,473100,781500,188730
720575941559665956,483248,891252,282060
720575941519492206,474652,859332,272745
720575941464901398,451428,760708,248805
720575941508285474,501100,600088,116235
720575941638178421,623592,596308,141030
720575941572674555,558256,761912,159435
720575941585225438,514608,701280,189180
720575941450056519,513188,703700,175680
720575941547771324,489480,739724,123390
720575941431084975,607940,612520,166140
720575941512316882,463280,853672,240660
720575941407294638,462636,916112,264015
720575941516739475,464364,901148,201645
720575941680809917,511480,901632,250200
720575941523097335,484016,616912,206910
720575941469029184,438768,747120,144225
720575941489378761,459304,746084,171450
720575941523981314,460940,726940,168255
720575941612095562,476356,874212,210330
720575941536957333,490928,843832,243675
720575941496227041,461824,707384,259785
720575941628642274,494080,735544,149040
720575941551375220,422768,733196,170280
720575941610587612,465056,765444,245520
720575941405820463,535516,702788,167535
720575941418140444,565696,714112,161100
720575941604984173,567304,747636,199890
720575941489345589,576372,778848,180540
720575941624840906,611600,596272,149940
720575941456315039,579084,779532,180540
720575941574248187,582224,754556,195300
720575941610063590,544000,582080,92520
720575941536301973,574956,568736,163530
720575941563139240,519472,626560,178200
720575941523851010,531180,649820,164565
720575941476173105,478012,742788,114885
720575941501207383,483380,625880,135855
720575941429512151,514184,709476,208395
720575941623400300,507860,655844,174780
720575941623399788,485468,715932,209025
720575941405787310,548928,747128,215235
720575941591287692,509144,698072,242370
720575941621630716,525948,733784,262890
720575941611144266,550500,751904,149985
720575941572444830,555356,762564,227700
720575941592598309,487272,688572,181395
720575941540726045,432500,601636,118710
720575941510907468,465520,582400,145395
720575941576934133,384684,912488,196650
720575941563172776,433956,603612,170190
720575941519263192,513816,706400,175905
720575941688019062,409444,916920,187065
720575941537154753,483432,602560,100305
720575941350409264,477236,681940,196605
720575941457134918,543784,763032,205155
720575941477385834,447608,759272,146340
720575941517263706,446628,761300,186795
720575941528732344,473340,753468,136665
720575941499766690,404196,710712,179505
720575941516674520,490360,623764,165960
720575941604950893,421580,751844,189945
720575941591746600,402076,889108,177705
720575941476369972,374196,885596,213885
720575941523884034,442052,616208,146205
720575941474763828,450184,738232,185490
720575941521031927,508748,651828,175140
720575941543510716,511304,654360,104760
720575941574641309,506400,651136,172800
720575941413914652,454604,668740,179415
720575941568841204,554620,734084,211185
720575941496915618,467380,719112,248850
720575941466736214,442688,607176,173475
720575941456348575,476700,680808,211950
720575941614290073,456964,718496,232785
720575941668619431,534356,649876,163980
720575941540201933,590396,609604,181080
720575941535844289,470984,928312,245025
720575941623301628,506148,651748,109980
720575941592041067,506880,743676,174645
720575941429315156,815752,79012,141840
720575941652268785,120348,186972,57645
720575941604721849,718824,119096,129870
720575941512906339,554792,761352,210510
720575941562942103,610044,602692,162000
720575941524046948,501364,714472,180045
720575941500322785,552128,641800,96795
720575941655873304,441172,579812,113355
720575941352900400,535448,772052,220590
720575941659805240,445928,916512,236205
720575941392418710,562528,757092,216900
720575941573493768,458880,753732,170775
720575941545314184,563192,785600,192420
720575941479220163,561404,761684,193410
720575941444913066,484380,876772,208485
720575941473224256,429628,734408,183780
720575941438456594,566508,753552,192645
720575941480564866,580504,689808,205335
720575941410047343,540992,760740,170730
720575941555504723,468344,673648,163395
720575941514708739,406464,967360,211320
720575941461296016,430564,728368,222930
720575941546165896,467772,733804,138420
720575941564122466,428044,776268,154170
720575941480432582,385860,856584,238410
720575941473223744,515420,720364,192195
720575941618681045,521872,710220,192465
720575941565368366,493184,767464,218790
720575941481972931,385048,914504,222030
720575941486560774,450480,692708,167850
720575941471159671,479620,916624,254835
720575941553996627,607792,630536,175140
720575941492360574,443116,739660,169605
720575941463655181,418700,938408,182700
720575941564417024,470976,778576,223965
720575941570315166,585340,621844,162315
720575941657510992,591460,667784,243045
720575941519786679,402664,861528,238410
720575941669799601,439564,612644,138195
720575941624841418,441196,704336,168840
720575941557371886,565900,705740,185310
720575941632673516,463996,662436,243270
720575941532304362,482576,729416,122625
720575941438392364,421476,734888,177300
720575941503468604,429952,726892,112815
720575941646337480,500128,911516,219600
720575941564450728,734244,129716,101790
720575941682513853,748316,142800,110025
720575941550098493,225388,108484,157185
720575941587388038,759272,115776,97200
720575941691917019,716800,165032,155250
720575941487707398,680596,160332,191340
720575941616486553,400672,155056,94185
720575941576051208,392988,110760,86085
720575941477845569,639552,143672,105480
720575941578541557,177144,163068,115470
720575941440818639,408296,728288,148005
720575941446879764,469740,679948,176310
720575941446748586,513096,224608,146205
720575941542104445,606956,199108,159480
720575941412604564,815484,106552,103995
720575941432166615,93144,161260,108585
720575941558783140,594572,84380,76995
720575941534632626,238040,163588,94230
720575941656825168,612992,118848,68805
720575941566483207,249816,164524,56880
720575941483285190,317816,134184,81270
720575941559929615,443312,703280,157860
720575941473291840,701572,192384,57195
720575941412571563,643652,134172,135945
720575941480925626,199568,192448,169470
720575941436591148,192240,100648,71775
720575941484628477,531776,125296,113985
720575941589290564,361520,102500,134010
720575941584112479,139696,163888,89325
720575941478403380,256528,128280,113400
720575941451369799,371316,135276,62235
720575941464182160,259336,196244,138240
720575941570514682,390688,130188,63180
720575941562846888,118012,209800,33795
720575941520935896,742436,149136,98280
720575941515235065,617236,155492,89145
720575941426235988,158420,191208,83115
720575941505207895,393084,223440,150480
720575941669701875,642560,158932,111780
720575941528471885,722916,145528,63225
720575941604658873,404992,147264,55755
720575941626645049,158508,105096,66420
720575941509074014,315008,176448,65835
720575941487184450,600644,78772,82260
720575941634248133,427116,733612,196830
720575941581228409,125948,189928,42030
720575941615079132,119640,164100,56520
720575941450975581,217860,117448,92160
720575941471227357,123260,148412,49275
720575941485120509,817788,147476,45405
720575941492460494,722396,159744,76770
720575941591845886,748676,139096,166500
720575941644570312,611900,172660,90045
720575941520247662,594528,570532,136080
720575941612489369,612736,572272,157905
720575941637721205,570628,571916,129555
720575941569662366,606964,562104,126585
720575941543840361,523668,194648,117675
720575941402511984,579388,133200,85185
720575941487413826,595260,108524,227250
720575941519592408,603808,201192,165240
720575941486464066,508320,794760,259425
720575941499964555,460852,590984,136350
720575941441178319,381936,192804,46260
720575941561797421,614464,226176,97335
720575941630676006,431188,52604,178065
720575941435476622,553836,189644,88110
720575941537254120,535552,236416,161055
720575941519560108,597056,149312,56835
720575941644668360,465776,225684,79920
720575941393566870,520620,121808,144405
720575941429874273,556252,184340,45360
720575941575003401,556492,121196,99900
720575941535222762,509688,165660,194760
720575941491379765,348416,179916,91080
720575941415914268,302288,141792,92745
720575941439834709,302852,123780,106335
720575941532798181,442488,192008,112995
720575941598138048,366820,138436,95175
720575941536173322,437396,125376,112725
720575941599874345,338784,110380,132480
720575941525261643,338700,141704,113895
720575941485186256,492828,739628,206190
720575941503765227,403576,173372,118980
720575941534010499,455308,201300,160020
720575941535354346,328204,184620,161370
720575941664427644,371660,138500,162855
720575941407721902,326492,125256,85410
720575941653581041,323064,133700,126360
720575941432167928,336020,153304,97650
720575941499144521,284952,117188,117405
720575941566418486,285548,115776,119385
720575941406936750,316844,120964,86310
720575941459724784,312720,131940,87570
720575941692082651,281836,135940,141435
720575941556455681,320836,138936,86220
720575941477125441,343068,136380,208665
720575941536960010,368032,142660,107550
720575941535386858,407224,244260,124515
720575941453696583,456708,234752,79785
720575941660363088,512088,170320,162090
720575941628218425,416936,128276,157185
720575941690150296,305120,144380,92070
720575941590239799,308664,148516,129690
720575941564353170,392252,174400,166815
720575941537025546,434988,258168,100665
720575941659283024,388420,203632,128880
720575941610064102,386056,894280,203265
720575941584932486,391816,892732,204750
720575941441900123,359252,145208,191475
720575941597220465,659404,133068,101700
720575941350444592,418424,765516,169425
720575941545642601,409720,174904,172530
720575941472307552,667328,113752,104670
720575941463035332,698508,99848,99945
720575941442194367,291584,120704,77130
720575941555767716,319884,135912,87750
720575941461462598,613184,176788,149535
720575941480138976,409664,826432,95805
720575941653580529,289472,158528,69570
720575941595712448,435656,604600,36720
720575941558519972,319828,176716,152235
720575941596139045,398896,171540,90135
720575941440851291,309008,129076,77400
720575941528308868,319496,127800,110835
720575941586111878,319512,133888,83700
720575941498915401,468436,950476,308565
720575941564386967,590856,194152,119880
720575941463887117,599768,136648,107820
720575941471291767,292736,112192,96210
720575941612554460,329812,132984,97695
720575941555440026,275176,104068,112005
720575941604887286,336296,155504,100620
720575941577067702,348556,185100,139545
720575941508254021,391016,138456,140850
720575941527195161,397880,141768,86715
720575941600824105,355200,201820,106200
720575941477715562,363980,146900,150255
720575941409525422,354272,148128,68805
720575941535385834,419380,158420,142245
720575941477551156,418612,157632,142695
720575941591386508,347424,111928,134955
720575941540596605,304016,123872,83430
720575941526965506,673584,108376,93645
720575941552851262,408036,121456,144270
720575941632216773,348656,156992,81360
720575941409884331,656180,126596,99765
720575941463198221,334784,138768,98505
720575941468834582,631836,149256,113310
720575941469096982,642492,134764,134370
720575941613374172,596212,711920,210510
720575941581262069,584304,164272,95400
720575941508647237,595236,81704,79020
720575941489741001,402100,622092,173430
720575941633330924,390152,124956,67545
720575941659839000,701484,198392,107685
720575941640342389,405372,622004,168165
720575941511170576,407608,143472,66735
720575941536140376,388736,129188,62640
720575941417683996,396104,121836,74655
720575941412310699,388764,127428,64260
720575941704109274,696128,83776,133920
720575941631101734,667772,111812,129105
720575941538630627,442140,216632,68940
720575941596301607,531392,608712,137790
720575941493018032,492268,580952,173700
720575941567498550,327664,128528,141435
720575941567597927,547328,689488,160875
720575941431183535,311248,121264,109125
720575941629955366,343376,111936,195615
720575941632084194,823376,155456,84420
720575941542922588,718800,192104,61290
720575941470734912,506080,604960,152055
720575941573266102,637100,571752,160740
720575941524016461,568180,677088,198000
720575941520707288,549456,687120,203175
720575941390682262,539828,653992,181845
720575941524965657,461232,709464,260955
720575941689855707,489844,818800,209295
720575941489314613,429364,734740,157905
720575941597678889,439120,746716,185940
720575941475978545,415676,720596,189135
720575941540727581,487472,702948,204165
720575941557341455,502044,941360,269325
720575941644897912,401352,930304,213210
720575941601315769,404492,921800,202230
720575941575526760,438656,847544,188550
720575941626940966,578728,781996,179730
720575941507992599,315044,147756,145710
720575941514447097,426288,263892,115650
720575941493311920,589260,648980,182835
720575941447863316,418248,142552,92790
720575941652728049,489512,248676,53865
720575941535975873,452216,213196,78795
720575941499964385,468208,370000,133740
720575941553670791,412252,163596,114975
720575941459823519,498648,233540,68040
720575941596695591,591352,627760,140040
720575941557603556,479960,859112,199800
720575941553999387,502592,680624,175095
720575941431184559,460500,217416,87975
720575941441243839,476660,370000,134010
720575941530242180,392832,1009680,272295
720575941639588127,501420,329572,119070
720575941555244772,538988,641896,92880
720575941612195501,499960,370000,123030
720575941507894366,529784,228512,85050
720575941548493857,533744,276776,106650
720575941482268867,457880,706364,130140
720575941442292059,524892,233592,115020
720575941430069641,461632,370000,130185
720575941495998843,501144,370000,131625
720575941555505747,420132,184496,66195
720575941408639535,484476,267836,85500
720575941493508551,559292,553884,118215
720575941484465862,481816,820280,185265
720575941573266171,423436,196232,58815
720575941540466381,559928,176380,164025
720575941555637331,389212,144996,147735
720575941559011620,517008,671680,204525
720575941523099127,500608,605344,192915
720575941535975617,501000,370000,121590
720575941688806412,495748,564648,148545
720575941457562694,446356,291596,115875
720575941610917037,434204,168948,120825
720575941433051406,608880,636656,174195
720575941691165848,401300,138068,93015
720575941627562634,434568,875604,225585
720575941578509401,388384,939108,243585
720575941569367546,503768,622796,162450
720575941607672685,547876,611948,118035
720575941471456119,357320,104040,147870
720575941430003960,491564,370000,119700
720575941562059176,461644,370000,137475
720575941565533591,511164,701508,145305
720575941392812548,380856,191136,158085
720575941516217091,502440,635456,163035
720575941521067191,483760,370000,126990
720575941633591739,499960,370000,130410
720575941564288263,564304,243220,94095
720575941572840591,458492,372576,129465
720575941605018477,431212,739064,186075
720575941414800020,544972,135412,97245
720575941612161513,568204,107008,187695
720575941704109786,536216,229028,101790
720575941560978670,543768,614836,143820
720575941556915539,349620,141672,152415
720575941411393195,349256,127648,210150
720575941644766881,279744,136320,71235
720575941484890298,659344,157316,126900
720575941538991331,564984,156252,103365
720575941527653048,582836,142812,97200
720575941481515459,592240,175508,98865
720575941489183285,591516,214176,130320
720575941562714669,618768,174280,146115
720575941557635443,584212,559728,136395
720575941472143914,613868,569288,155970
720575941494164864,586600,575828,142920
720575941441211221,539544,203540,92025
720575941513203459,367828,995140,307170
720575941532896088,569384,192488,91125
720575941601610793,505420,145824,216360
720575941516151299,515932,191516,112545
720575941452876154,454808,116152,155160
720575941552164095,546400,113552,145620
720575941556718372,591432,194892,107685
720575941628152633,586848,185036,110295
720575941429283681,562184,766260,205965
720575941431348399,550744,172764,105795
720575941526767874,518812,248884,72855
720575941536205802,618368,86848,95895
720575941532831435,362728,167532,102825
720575941732977451,563712,148424,119475
720575941624155644,569684,691788,245160
720575941483515389,611840,582304,178740
720575941536927203,622104,178412,201780
720575941438786271,621496,153500,97335
720575941528309124,582480,137980,89055
720575941560684270,652444,151308,106740
720575941580705361,338088,176396,104040
720575941450976634,497872,895888,258570
720575941507894032,355132,930520,266085
720575941500456521,642480,176060,165015
720575941478567198,306688,130064,120375
720575941630970604,429924,609356,108270
720575941579753849,452964,587472,130050
720575941533190337,455132,632084,226215
720575941472734048,423532,693920,217710
720575941466048854,391544,85560,91305
720575941527948932,366760,960312,213255
720575941438720300,356296,89016,135765
720575941595417125,339684,124696,111780
720575941655743188,344728,113040,134955
720575941582638175,344608,186940,88605
720575941597088881,332188,122572,96660
720575941630545634,347008,109384,136260
720575941644503909,402076,150812,136980
720575941498358857,317292,139460,86040
720575941517790611,359564,118980,171135
720575941551967487,435044,917080,277785
720575941565205767,306252,116800,175680
720575941581490933,351240,88744,137970
720575941450647886,352944,169992,83430
720575941526047588,386136,187700,82125
720575941516282458,356800,133496,164700
720575941567499318,342536,151608,139140
720575941623662794,400376,157840,94230
720575941645977761,358356,182604,91260
720575941491969333,699272,163516,162315
720575941505568069,487136,550600,102465
720575941620222847,638116,127868,138555
720575941411555755,675076,120640,137340
720575941593254440,351540,180964,143055
720575941509533200,617732,157744,94635
720575941558422820,625472,142496,107055
720575941527620429,630656,154144,88650
720575941590894903,633024,154616,105480
720575941415194260,400640,113932,85140
720575941604985590,679084,101360,107280
720575941639588639,567308,236500,79425
720575941466607126,397712,124728,73215
720575941556653825,594840,90388,72945
720575941536402154,599072,96160,51930
720575941543808092,396428,125076,71955
720575941689395439,399560,120804,84915
720575941588962884,383640,106020,80055
720575941545937340,648288,159884,165780
720575941584079711,326560,131020,117495
720575941566777703,319572,162540,147420
720575941551475455,320136,109660,129735
720575941491477452,272960,86272,146115
720575941415325329,581936,115864,150075
720575941475649834,379760,96716,71775
720575941546593468,487712,775692,185040
720575941552163583,560892,183800,181665
720575941428563540,433900,147968,194895
720575941633034912,506076,823984,211365
720575941592599436,459984,817308,191475
720575941587028870,376624,158628,122985
720575941416439068,318736,130112,108540
720575941629430841,361568,121716,66690
720575941487676934,547104,159536,153900
720575941634247109,409584,729072,153090
720575941532830923,623408,129460,82800
720575941605412086,363196,118928,67635
720575941489708496,100040,149376,116550
720575941517363555,727596,102652,133425
720575941517397497,463776,890012,199845
720575941529782712,411092,868948,191205
720575941565466775,420676,916448,253170
720575941408442542,390028,924156,200790
720575941577657689,492996,915100,285795
720575941495965895,494212,780336,235035
720575941468998720,384556,921332,195930
720575941471325280,499728,772724,246600
720575941503503676,587912,600512,135810
720575941610817709,447148,595156,126675
720575941503601573,512696,870444,267030
720575941671438759,432396,888988,269865
720575941593516651,460220,865232,270945
720575941547347316,492540,699964,236565
720575941601315062,510048,710288,180495
720575941544692660,508184,705620,186390
720575941579099001,418212,927900,184725
720575941537942554,486532,939784,268830
720575941644897144,454688,915376,273510
720575941451926394,393556,914380,245115
720575941724391738,443456,732440,193590
720575941461232083,469244,877604,275175
720575941583588830,467508,696348,202320
720575941593517419,520804,730484,229275
720575941669866417,507824,955396,227385
720575941702076634,551100,606712,151470
720575941508287266,497340,623816,101250
720575941523360075,476564,603852,101340
720575941552589447,575004,765652,173385
720575941493410503,562416,768364,170550
720575941474437681,512056,707856,215280
720575941590862955,545324,703424,206955
720575941432101390,609884,610904,172845
720575941496654720,562680,616504,127395
720575941492198832,536140,648192,170955
720575941565369490,556160,643692,94050
720575941524114276,503244,692484,194670
720575941524114532,505124,719680,232515
720575941668490151,503500,823796,213525
720575941509926354,483052,869316,256275
720575941497211042,478120,881156,249345
720575941542922781,474980,797852,221535
720575941405855150,468488,894988,247365
720575941485414541,574548,684996,188505
720575941496294217,581764,745612,258165
720575941504551218,562412,759404,225540
720575941609408998,554676,638388,120060
720575941561206952,534464,654556,165195
720575941408508587,586084,745760,231840
720575941553342618,532256,766952,202725
720575941429545647,546436,741808,264915
720575941609540454,454028,618356,113265
720575941623303323,490548,712144,147645
720575941651811093,543740,611536,160650
720575941436657038,490792,604316,162585
720575941454612717,515132,808372,224325
720575941614323865,488596,816724,224910
720575941560421491,484684,871684,238770
720575941436787935,536692,750104,187560
720575941593615211,476428,692648,227655
720575941553311386,440428,585360,115335
720575941400710435,467900,779476,245970
720575941679008445,567752,732856,242460
720575941477879426,447556,721820,225450
720575941562486114,459936,750096,166680
720575941537582029,548724,730988,187560
720575941617470079,552836,634384,180675
720575941592467749,563404,687952,197685
720575941604952685,622920,593092,141615
720575941534600680,460696,758784,220815
720575941472536951,475584,656012,148590
720575941493541063,408320,971904,212265
720575941526834598,463556,692456,173835
720575941552819283,510144,653816,93375
720575941489937358,489924,930784,231120
720575941494983806,479328,810200,230985
720575941482335823,507044,758704,224865
720575941537647821,442372,606768,145935
720575941507599164,445412,631720,137610
720575941517496057,443352,705620,167310
720575941511235856,433944,777328,141255
720575941552229767,404344,712300,179955
720575941604952429,437380,757956,154935
720575941458774598,439948,620912,120960
720575941446159018,465104,596432,146835
720575941487873488,427856,729160,178290
720575941586471646,467756,624012,165285
720575941528014105,455384,756432,250245
720575941411196075,444336,730152,180405
720575941542235141,471468,703440,183420
720575941553540580,466872,758808,221985
720575941546232325,430412,894692,213165
720575941567039732,432952,740668,186210
720575941507829008,444096,597832,162810
720575941645322440,396172,849816,220275
720575941443636906,423200,848700,228915
720575941576739215,397448,731664,141705
720575941497441353,409568,709916,198495
720575941608720617,439976,752760,138060
720575941496687815,426228,736176,106425
720575941588045566,450972,806860,199170
720575941536368882,436280,740120,137205
720575941534305880,415764,850056,217710
720575941572251144,531264,744320,264375
720575941654203121,748512,132696,106830
720575941434166286,298652,229036,85635
720575941541939837,687220,183952,161640
720575941496130174,747776,173484,111825
720575941497670343,723336,211416,92790
720575941491838517,748792,111540,173250
720575941434690062,717408,129380,179100
720575941485416189,107968,202688,53010
720575941523099383,589896,608152,205425
720575941572020637,475300,931656,216720
720575941513793100,401004,922484,203715
720575941480925891,621740,636920,192285
720575941553310362,469060,919372,271980
720575941592600204,483364,879304,264510
720575941496031561,494360,671784,195795
720575941574019912,528664,734468,203175
720575941558520740,493048,741736,176220
720575941563828487,518976,701304,194580
720575941430332174,517588,742848,168435
720575941536303858,544120,659900,181215
720575941557538419,538568,764080,213795
720575941544594868,467332,734848,154935
720575941442357674,540184,742152,229950
720575941402086000,460908,730064,164970
720575941611080010,527216,737348,256005
720575941459562128,515308,705164,239355
720575941704600794,567252,645124,181530
720575941438327871,541116,750196,192600
720575941558290980,509884,640468,168030
720575941549148552,436004,737900,185355
720575941477190174,558172,733524,229230
720575941458447571,610436,565060,129915
720575941572349449,644108,604204,173610
720575941652795092,445264,765596,144270
720575941639358837,565052,678556,197190
720575941557176591,598344,611420,180945
720575941521525579,526264,657984,162360
720575941511106124,539856,764964,171585
720575941351164464,387088,910260,197505
720575941525720066,464144,579956,91125
720575941572348232,565552,632372,167625
720575941479189187,592912,585260,128295
720575941352934192,492748,865588,288990
720575941488102857,589904,745380,235485
720575941543512764,456948,718848,156960
720575941633363692,436016,734004,193950
720575941437376786,398596,914848,223065
720575941431086551,401724,900608,219555
720575941625957019,605176,621904,184230
720575941669833905,513644,883344,262980
720575941569564018,479140,868764,282105
720575941624450506,590204,599020,169965
720575941575396105,437820,729192,135630
720575941479189472,463844,795328,231615
720575941626940710,472512,715900,227835
720575941409982831,529400,653816,168255
720575941509040400,397964,934904,196965
720575941451566714,389280,869668,224775
720575941643390408,481864,923260,194985
720575941526735716,468636,692072,177390
720575941589944631,472568,621640,149715
720575941605018046,488824,622536,116190
720575941520247468,433928,585464,158265
720575941646798024,757700,117884,125370
720575941564779944,786644,117124,83160
720575941590633028,845604,120076,88200
720575941555702017,726516,116548,189720
720575941523033267,791836,116028,91170
720575941631628012,373696,147040,77670
720575941663936312,388092,103364,85590
720575941511401682,366464,121740,70875
720575941506158786,606608,107448,68355
720575941394420740,714768,153696,158490
720575941588177732,113688,151176,89820
720575941430956641,482260,901892,272475
720575941627728795,555624,154872,108045
720575941612622410,696232,208176,98280
720575941464182672,530760,232232,158355
720575941354279216,581236,187228,146700
720575941440000556,723140,181952,91665
720575941563339565,711616,106472,123120
720575941654008817,701440,190020,139320
720575941627465674,782360,204424,24300
720575941446718378,661712,185216,137115
720575941612065894,613440,651044,199350
720575941605676278,200068,144956,145575
720575941534732931,255656,115544,81495
720575941505077335,239876,122432,89865
720575941592699350,159340,132712,88020
720575941627499558,187012,119952,90270
720575941730980907,240640,246592,102240
720575941473128256,272532,130696,185220
720575941596303909,406552,731132,144540
720575941493543655,292468,204508,57240
720575941475848746,360616,144076,148725
720575941639884661,608592,78684,63540
720575941520281523,387940,111992,85230
720575941733241899,594704,86996,75240
720575941543187036,396436,129120,68265
720575941653320148,150188,151888,71010
720575941548430004,299760,199844,110880
720575941508682821,293416,192848,142245
720575941530539140,229892,129356,89190
720575941353919280,658512,126800,100800
720575941643325816,252272,144144,81630
720575941482893903,334804,205396,160110
720575941500293282,332196,160644,98010
720575941440787423,349136,190752,163530
720575941566189922,549588,163176,173430
720575941487285200,568200,768012,194085
720575941433774094,638624,142448,150705
720575941354541104,774200,148808,92385
720575941515235395,377024,174992,142695
720575941665247612,234712,105700,168390
720575941500851362,557380,715936,271485
720575941593683051,507680,207344,91935
720575941595517735,488796,546928,131040
720575941519463278,481300,244028,101340
720575941546693225,462536,370000,128385
720575941476733243,517044,639364,191610
720575941556851027,479528,185456,87345
720575941723377978,427808,175736,61740
720575941595189029,526460,230892,129015
720575941545087493,450576,232908,73575
720575941703160026,520672,643932,104535
720575941507077399,499128,569292,85860
720575941626056556,502452,226008,70065
720575941644144978,550344,662388,170640
720575941551640711,500648,370000,121230
720575941475357738,504464,748584,197910
720575941557473572,545696,165376,78165
720575941509730177,480004,839468,198675
720575941461234131,394996,891588,177255
720575941669801905,599328,596400,185040
720575941644799826,399520,181836,116595
720575941511270610,520628,237196,87750
720575941613540572,506900,370000,126180
720575941448093972,436180,844096,236160
720575941513990988,534600,274156,108405
720575941611278825,484356,750292,190395
720575941547675497,525792,709352,148410
720575941456024883,570652,620904,142920
720575941472178752,392788,147912,151650
720575941635100603,558524,654196,143370
720575941628153913,526244,211536,94275
720575941732586539,497936,370000,137655
720575941436526815,537772,612932,146700
720575941487480838,473440,301180,111465
720575941573267784,488224,580180,185760
720575941478339377,479564,838788,197100
720575941527884644,320732,88656,155745
720575941630611238,346248,128964,130185
720575941519528302,343272,186516,116325
720575941575725928,474676,370000,120780
720575941596205425,491544,370000,125010
720575941513203665,434676,208744,171135
720575941549936957,529428,520116,117540
720575941516185859,551888,675888,151740
720575941511336402,409844,242072,118080
720575941496426695,543188,231048,133920
720575941599842972,452656,204936,157680
720575941595615783,437136,206924,95715
720575941506716439,471996,207284,74970
720575941626351468,446288,131952,131265
720575941478011697,361496,87120,219780
720575941508550434,417716,138232,82395
720575941611966227,403416,241176,72000
720575941405855918,539712,647564,169425
720575941572941051,540680,225648,98955
720575941688217356,486368,370000,132615
720575941555507283,490684,370000,120915
720575941476470593,417864,225860,137520
720575941575463862,307776,168896,66240
720575941645259128,582124,769840,239265
720575941612687434,515864,193644,196380
720575941574185467,565504,572344,135270
720575941591028734,525100,169404,93780
720575941456024304,575836,571772,162675
720575941527458562,625860,582068,179730
720575941502849623,498704,888604,277875
720575941484236941,581324,136212,89370
720575941589095308,537892,165136,142425
720575941498360137,574468,140976,92700
720575941573267272,532540,270144,97785
720575941558554916,523408,194240,143910
720575941488989129,501124,792104,263025
720575941689495515,518624,930448,251865
720575941704306650,574572,72692,209070
720575941518120108,487444,259672,95760
720575941454878003,478104,676740,229050
720575941478143200,560956,170744,103905
720575941576250550,514068,192288,126990
720575941486203142,663936,129236,101430
720575941604070390,638820,146168,104895
720575941491446704,409412,212088,143550
720575941617668821,648752,134512,105705
720575941637787679,576388,198732,60975
720575941506094370,570864,138424,96795
720575941519594606,522852,128108,149625
720575941546660796,284244,112764,111780
720575941548921736,329084,141100,92340
720575941593715569,479540,583812,117900
720575941605019582,442664,592636,134505
720575941575562397,369572,90420,93510
720575941703292122,362568,101876,135450
720575941690020827,326304,125276,93555
720575941490691893,469380,166388,207765
720575941565141394,350628,163916,137430
720575941662889084,347908,107912,118710
720575941467034134,331396,107436,126810
720575941641621330,417456,737324,143370
720575941598434460,530416,152328,172665
720575941594632999,317668,129852,106875
720575941606199230,310080,128512,110880
720575941487415362,293596,117848,108540
720575941593944177,387344,102116,204525
720575941588964663,431852,129848,153495
720575941481845411,331552,103636,160560
720575941686186735,322436,130796,77265
720575941617734613,320688,141328,84690
720575941475553851,314404,130828,79380
720575941616816085,362520,172016,87030
720575941516153849,436496,244536,101880
720575941449011893,404312,196500,82980
720575941467066902,350996,167604,84510
720575941612982425,386168,191460,102555
720575941574414735,384964,230868,77445
720575941595549479,362900,207876,127665
720575941633855931,438656,88324,117045
720575941507403845,403460,100200,181395
720575941665281011,378488,923384,225180
720575941472113216,398452,141504,86130
720575941516677219,393992,217212,74745
720575941691167640,372796,169320,106605
720575941509140830,466656,117892,109800
720575941631562732,579968,194616,120600
720575941474079018,430524,172560,98955
720575941658693400,432352,230820,152235
720575941591716606,333800,105076,150435
720575941415785108,315920,130540,114525
720575941394781334,328396,104112,135360
720575941565337959,608476,98176,76995
720575941438721810,331664,101348,160020
720575941531390667,525884,189584,112770
720575941553737882,548208,200176,102375
720575941444194474,555348,212320,107280
720575941535322602,400468,146756,221850
720575941578084597,480412,228124,76005
720575941481583814,571908,742636,219420
720575941414474641,334324,110764,129330
720575941478011441,342468,129580,95895
720575941537551642,315400,124288,117360
720575941549150344,283540,129156,124335
720575941580083289,652140,138488,99990
720575941508027159,647772,120884,132930
720575941448945757,550324,562160,116415
720575941633921989,594236,91500,72045
720575941436724512,594528,129932,67815
720575941441409109,615580,83284,58635
720575941627302508,607396,91288,75195
720575941512516306,597108,91392,72765
720575941605183478,388544,111456,78660
720575941587620574,379760,144372,88695
720575941634183385,383960,103168,82890
720575941653942289,648340,122844,163305
720575941498917026,433128,218756,19575
720575941593944104,425864,869508,217350
720575941568287278,632708,93620,128115
720575941573660744,373640,142752,104220
720575941569794094,371840,93312,117990
720575941556850771,434980,707080,121185
720575941618847957,398396,151796,75330
720575941451535438,587844,654276,182610
720575941594469160,488944,164976,142020
720575941478372660,394604,158152,150030
720575941612393705,397784,131432,76050
720575941477191473,327440,146912,92520
720575941430661039,517996,218016,127350
720575941393928964,773568,138944,120645
720575941548135048,525376,820864,279990
720575941541318685,478272,638772,103860
720575941575595112,537212,696100,196605
720575941564420352,531072,676572,210555
720575941549478945,557460,670392,226440
720575941546430313,567716,677472,197505
720575941589980215,451612,719236,121545
720575941577725032,441392,731204,182745
720575941579460433,489160,616752,88470
720575941540205005,407088,865616,188460
720575941556327588,461292,623896,147105
720575941625369401,383616,915152,238455
720575941458808816,391012,930932,192330
720575941548593953,475696,587708,133380
720575941523100491,503260,688660,195525
720575941518446702,509528,712772,241470
720575941518316471,513864,770092,185175
720575941413917724,604640,602304,191925
720575941609410406,531632,649312,162360
720575941546627105,529900,652664,162450
720575941547184957,536068,638744,176535
720575941428400009,583184,662128,206955
720575941535323058,604164,607444,160425
720575941505830750,510976,681472,131445
720575941642605000,441628,729636,128475
720575941410018159,583620,736796,193365
720575941569597298,449036,721944,147960
720575941471916864,464140,777664,229950
720575941407101614,442944,729760,210105
720575941442360490,515780,603268,130365
720575941645259464,543000,725100,162720
720575941540303346,468064,720560,158265
720575941461071117,552852,599716,121005
720575941645063329,528500,756512,192960
720575941467362326,478356,731784,108900
720575941640900453,490316,722616,203850
720575941501702338,559884,760968,192240
720575941473686058,561200,782692,185040
720575941477552352,554944,762868,194940
720575941549936701,560216,772932,191160
720575941530145156,530600,623712,211185
720575941458382803,573136,738028,225225
720575941476011806,566916,713644,213885
720575941506355294,604008,606728,177750
720575941464150870,589588,627584,149490
720575941533356163,437648,719352,122310
720575941432890583,481172,882696,257895
720575941646668488,474592,915104,265365
720575941609673802,578336,594324,160920
720575941537845885,460572,617988,131175
720575941614850517,433672,728208,206910
720575941438723263,466944,711016,251910
720575941489677001,452968,656372,239445
720575941510222546,435720,781748,146160
720575941612097811,386796,886320,239220
720575941652567281,412504,924592,221220
720575941438427154,408912,882176,203715
720575941537715149,419852,891512,258390
720575941408445358,480648,861796,201195
720575941632349410,468812,877900,193005
720575941500850571,524624,600460,195210
720575941624975306,490848,884692,217800
720575941536141973,435168,763672,191610
720575941559309171,467004,771588,222255
720575941456678893,559532,624156,222840
720575941413262481,465800,690744,174960
720575941623369610,536724,745208,197190
720575941534011877,539344,652432,134505
720575941637952543,436224,747628,137970
720575941481026301,453388,626292,147330
720575941536076522,819968,191560,103275
720575941563338664,500272,650028,169470
720575941470933824,518844,214440,67275
720575941400285475,426916,237932,87930
720575941509305182,460836,240304,71055
720575941441901759,472456,852180,197910
720575941489185488,481080,882156,204840
720575941496919168,555676,188800,182610
720575941413523604,463560,370000,138285
720575941462512851,515080,206024,146115
720575941528933030,512092,639612,149625
720575941411590804,528376,785960,258660
720575941525263014,533116,786844,271980
720575941466509910,564588,155968,104490
720575941416833564,344304,135740,152415
720575941631037344,612720,174436,93375
720575941519069107,617344,201280,88380
720575941472113706,606200,566900,168660
720575941533291713,613580,591200,207450
720575941516874094,593132,569316,161505
720575941402088304,598580,590048,206685
720575941517726936,484552,884172,298620
720575941487416130,508736,213028,179325
720575941645357256,511180,205160,151920
720575941703324122,411308,177772,192060
720575941465985302,427844,233308,113175
720575941529063352,569812,189984,93285
720575941574153224,511096,164784,124740
720575941603480822,606232,152008,144180
720575941598597020,523968,196144,85545
720575941548921992,631860,179212,118305
720575941566648583,552352,197060,139500
720575941592962155,629376,183228,120825
720575941653156337,598720,147792,172035
720575941595419687,526188,179700,104265
720575941408870827,426292,222936,110970
720575941547315060,670020,583324,251550
720575941474604091,604196,157620,87750
720575941548266164,341328,98736,193995
720575941590012228,337800,110244,175365
720575941519201452,593152,189892,121320
720575941506715415,573968,137160,153090
720575941560062323,651392,128468,101385
720575941413556079,323768,143024,101475
720575941540729692,383048,196092,79830
720575941561766189,449380,166100,193770
720575941458022384,436504,212272,81540
720575941594207528,289372,114624,106830
720575941541876429,438756,194868,111285
720575941464413270,466352,172064,143595
720575941605806014,464132,157380,146385
720575941566190178,323392,95744,118530
720575941658006808,313396,140056,83250
720575941553476609,303548,133064,116010
720575941460775824,354716,101744,151020
720575941590209591,614964,181288,155430
720575941508453410,631172,128116,136395
720575941598597532,295996,140340,106020
720575941413654417,440128,200640,120645
720575941394419606,319424,141988,113895
720575941580706385,337404,120056,139455
720575941515956067,330020,187084,115560
720575941649945329,380860,878588,211905
720575941627301926,402512,101932,183690
720575941484859322,395496,145128,87210
720575941574644623,387264,150652,87300
720575941527687682,419764,172744,129870
720575941565993063,445964,191552,123390
720575941517889708,371620,944568,205965
720575941578708057,527168,220940,92790
720575941624746634,430336,213172,178380
720575941645029496,438008,203592,163395
720575941507567420,670024,575344,260550
720575941470212471,380156,951636,214650
720575941439804639,309680,116212,83475
720575941539320469,309764,129960,85725
720575941594239272,304676,100444,127980
720575941590504588,312356,128300,109260
720575941486793478,326912,133092,89010
720575941538993045,439608,236448,104940
720575941653778705,430672,115008,96795
720575941612983142,651840,127628,98955
720575941489185232,564512,170608,194175
720575941441867611,676316,116156,93915
720575941455041587,321288,127644,105660
720575941538992021,495064,908984,294435
720575941603807417,479700,230852,74520
720575941645979768,658680,128056,104265
720575941544431645,662716,123876,123165
720575941652927765,613324,145120,114705
720575941610591465,300500,117056,104220
720575941487317389,451464,206552,180270
720575941553803838,353588,197748,129285
720575941716825131,437792,200560,49230
720575941573398523,673076,128192,102600
720575941621010559,381312,152592,80415
720575941463953677,304040,132468,92880
720575941634118560,392668,128632,66015
720575941605217014,597860,92564,72135
720575941592241292,397376,122184,75285
720575941624059132,597284,80540,80280
720575941576315210,383024,103396,81945
720575941510877968,405276,163412,133740
720575941517661356,591632,720912,205650
720575941569401902,306416,119064,158625
720575941563142189,643808,94520,169920
720575941595419173,674300,119840,168390
720575941556654419,536256,172232,117900
720575941456155443,483872,682548,173520
720575941692477592,558632,209912,57015
720575941511599314,402056,211568,130545
720575941414342548,393128,121024,67950
720575941627269578,560476,212960,146070
720575941466345302,319376,160432,172575
720575941576741263,796408,114764,90495
720575941595255766,389616,215696,112455
720575941458481619,381900,870492,237375
720575941612622313,511432,798080,208620
720575941479257027,485872,688588,173700
720575941468312695,499804,711816,206685
720575941523755778,497044,591052,193140
720575941645095585,475092,810492,213300
720575941547643836,473716,889132,288900
720575941448323509,498820,885564,285345
720575941589029687,478904,798284,221085
720575941614260755,457556,923036,242325
720575941455598061,484104,958508,208845
720575941485286096,535636,760440,156915
720575941503504956,462092,751376,113265
720575941599351849,473000,887668,210780
720575941569500062,490764,800568,244215
720575941540729885,543164,773096,247770
720575941496197089,473976,704504,182340
720575941408509867,528840,666476,198945
720575941628645346,454352,747160,113940
720575941591748648,508536,712088,239895
720575941505209404,491260,935164,237645
720575941558326052,490116,941680,249885
720575941535420698,598080,719008,224775
720575941534340289,475740,889252,248535
720575941416637468,471972,880600,290880
720575941543613033,468492,684312,199080
720575941595288871,466692,730856,168570
720575941534045162,500720,847844,287460
720575941526704484,496816,596752,152145
720575941450552489,550180,633288,130410
720575941543449788,467264,616960,158130
720575941577494888,480156,634972,130995
720575941603906038,542936,637208,93870
720575941532373592,515116,700968,177885
720575941531586533,470800,766852,169650
720575941469720541,469680,767360,155385
720575941609411245,624052,605140,177345
720575941485024509,479836,887328,233550
720575941519986615,540096,627224,183060
720575941480961210,402212,734832,160875
720575941540237437,480920,811032,182970
720575941508518017,358576,923348,231705
720575941536371442,516256,734724,248220
720575941549151231,461016,726280,170100
720575941601088441,499460,716448,241785
720575941439017423,532704,733260,261180
720575941590830888,619424,609932,151650
720575941411229867,421892,919520,274140
720575941505536290,485888,809064,220725
720575941438952027,451876,592988,96975
720575941581492319,496784,673840,193500
720575941439050703,506156,718388,234135
720575941551378715,466016,728200,170865
720575941631102758,563092,730072,235620
720575941411656081,531804,713888,209610
720575941482762950,547024,678172,172260
720575941631005666,531980,651628,154935
720575941498459259,461488,731840,98055
720575941524115277,478464,711356,229365
720575941501800642,554080,776340,202455
720575941498819234,484396,808048,229950
720575941667214257,543352,692940,183690
720575941536206785,444208,727420,238950
720575941570777672,444900,766288,149850
720575941451665991,545104,741856,204210
720575941601153270,470236,715268,239580
720575941471130231,467460,699784,178470
720575941518807468,405832,871360,207855
720575941557506286,383256,923628,201735
720575941450519465,538012,743044,192195
720575941557376164,470224,771804,182070
720575941437543509,480964,633332,117945
720575941484007686,614996,615352,189495
720575941576905461,619280,611064,180000
720575941504390213,492680,704748,180180
720575941487875024,465744,704192,131895
720575941480534658,497680,867188,222570
720575941441639003,373652,932644,183600
720575941644899192,383720,909660,201285
720575941486466189,425900,859876,221625
720575941573956239,450204,801760,223650
720575941465035277,428536,594272,145755
720575941621634044,427156,604336,160425
720575941636281205,506884,691472,202455
720575941646339960,432064,979904,199575
720575941479224003,463672,787536,248175
720575941491610599,427712,636008,146340
720575941630514080,455824,738104,178290
720575941593354791,497056,915792,240525
720575941525230667,476660,925664,211275
720575941642573000,539280,633392,89730
720575941574644125,541596,635484,90675
720575941501211810,210152,241804,78750
720575941689562095,749612,86276,134460
720575941614489820,799912,172368,74430
720575941525360459,805004,152556,120330
720575941650403861,479296,919108,205020
720575941548494881,438904,751064,112545
720575941458908230,476644,624940,134370
720575941477323316,452544,612944,149310
720575941586374980,455240,825740,190440
720575941592895272,455696,883604,196470
720575941409198254,493860,738888,146745
720575941564126098,487744,740768,137925
720575941564059399,471728,704776,190485
720575941433381664,497060,773256,218970
720575941473095744,799728,124816,141930
720575941481518304,779304,130344,32670
720575941533094081,473824,649732,176895
720575941623108298,458664,665364,219510
720575941541123164,554876,707928,183690
720575941436821983,438924,743496,133020
720575941575791705,438932,735112,105570
720575941644079698,548924,743948,134460
720575941600400064,734280,173984,72000
720575941546725993,800084,138460,102375
720575941563177517,628160,103752,80145
720575941522512823,397228,121304,89595
720575941566911895,393480,102500,86670
720575941474179370,367112,130284,64845
720575941354411568,606324,102400,70290
720575941450881205,755064,105020,108135
720575941496232571,606080,153840,125190
720575941532964811,235780,207440,49815
720575941489678389,312924,201820,123660
720575941596534940,881196,128032,77175
720575941536634394,505488,254232,79920
720575941501704354,640480,186812,129780
720575941635462843,576024,114280,161640
720575941724886842,653344,228220,74700
720575941634546117,719760,170348,129690
720575941505144299,638504,210100,89820
720575941477488234,435184,851984,212670
720575941692414683,606456,122024,69345
720575941410740847,814344,115080,136305
720575941471853152,148116,176204,92880
720575941412739243,690604,206096,147600
720575941646572193,723392,166448,135225
720575941576219400,233136,175232,44235
720575941577364918,266168,134368,101655
720575941518121838,196412,120756,116910
720575941534374117,559144,225220,158400
720575941488203984,322276,168660,161460
720575941512976338,312356,188900,137070
720575941644835666,603064,81752,70245
720575941629925414,598608,83936,78255
720575941535651672,605644,75236,74880
720575941450422709,606944,80380,65115
720575941564357127,385448,128184,81630
720575941557573604,289088,189848,155655
720575941440657493,261312,237344,127215
720575941448915534,210900,82860,164745
720575941440198418,277096,154376,79695
720575941724165946,663324,213144,134280
720575941528049508,324136,208244,113220
720575941595224683,200508,119636,102150
720575941655648473,399772,97484,78930
720575941556984065,390168,126536,66150
720575941451143751,233656,144424,76680
720575941481847375,718024,138232,153045
720575941508257409,179328,133952,96840
720575941615081180,400720,120104,67365
720575941647062728,155528,117772,57465
720575941614589459,445964,215036,92340
720575941528443748,692576,131716,112410
720575941439379730,702480,190732,130995
720575941547055028,197688,141616,72585
720575941481880227,787544,89684,129465
720575941523101107,779112,192008,35415
720575941482304931,671084,192204,138105
720575941485386426,510420,200936,191340
720575941517794041,283776,149120,69030
720575941627501258,240184,136060,83115
720575941393242628,486364,370000,137610
720575941435317134,474168,370000,116370
720575941468805341,485600,370000,137970
720575941453830637,468524,370000,128115
720575941596240241,483324,370000,127755
720575941428762249,421552,266048,87075
720575941589194494,466360,818228,202770
720575941505242789,456208,370000,123525
720575941583264121,526892,168668,85770
720575941593749541,490468,663236,174780
720575941626256266,479472,370000,122040
720575941409888303,498248,748040,166365
720575941438462482,324000,120896,73440
720575941553314714,455280,370000,130140
720575941615409817,465268,860968,237735
720575941627074924,572272,644568,120015
720575941487319437,509628,210312,126945
720575941612394058,479416,702224,161235
720575941472508256,505364,370000,126360
720575941526870628,529640,636204,138240
720575941507242309,478328,370000,127170
720575941440001343,460496,745072,158895
720575941611018314,498196,370000,121050
720575941520250584,475776,844752,199125
720575941574252795,484956,678480,200925
720575941583263710,498184,370000,133605
720575941634316731,472104,370000,121725
720575941691005080,524564,710368,210465
720575941643557458,491700,796376,238365
720575941581658745,612404,84660,166230
720575941483125187,360032,105132,128385
720575941554198555,509520,599344,139635
720575941430630392,543932,214312,99675
720575941479814762,524372,613388,139410
720575941586901316,528324,230816,99765
720575941461333648,594152,569588,164025
720575941409035691,473172,935892,269235
720575941513795148,576040,601376,133200
720575941414082452,629688,188680,120960
720575941670491815,599112,599028,142245
720575941689891291,519888,212892,77040
720575941459138118,550564,189440,96300
720575941531195595,508580,887680,274770
720575941399501091,550424,206368,131985
720575941392817046,499824,257972,95445
720575941412148907,529820,183472,164475
720575941431318921,590180,197392,125010
720575941577004881,572676,710508,169470
720575941450717774,526492,215784,129330
720575941580871669,450200,125448,121860
720575941642377298,569280,231932,137925
720575941644540498,576808,163088,112050
720575941653976532,577972,130168,152460
720575941561079720,615180,161196,97110
720575941634612128,626328,151656,96030
720575941510847248,626368,185844,138555
720575941481682685,561436,191640,93915
720575941474769204,560128,757860,214470
720575941614524947,602008,189668,110430
720575941611542249,605384,163300,129780
720575941593027947,445516,190784,126720
720575941632186565,441108,198220,49500
720575941450716494,512668,204748,178965
720575941566551598,576096,122236,131760
720575941449144142,485692,592000,115830
720575941497412321,311380,127928,77400
720575941517924780,416064,162420,128790
720575941415360657,369692,141824,102420
720575941573794717,310468,115736,107955
720575941450127965,417124,197704,183735
720575941537028801,404064,126712,154485
720575941630941478,314356,129380,108045
720575941503178123,298424,130804,99630
720575941530179460,284924,115592,121815
720575941516385091,321752,126888,122715
720575941663513144,316540,125068,113220
720575941613083565,313708,113540,115875
720575941460284831,664492,131992,189945
720575941566651234,322068,111536,131355
720575941484894662,382816,96312,142200
720575941440067925,386996,154456,148635
720575941642704997,356296,195648,102780
720575941484698042,442312,120268,107910
720575941488072144,430096,215344,146475
720575941455534643,415480,243860,89685
720575941628058169,374212,154420,173385
720575941536405226,375824,199032,115290
720575941568355066,396584,732996,171900
720575941567208246,604712,178056,153270
720575941513173763,434104,710508,213390
720575941436495246,420172,219428,159930
720575941553707748,427924,214556,177390
720575941655451604,402108,198440,139410
720575941670099121,650520,130504,109125
720575941514648017,591632,122196,152460
720575941670032817,630812,99456,127755
720575941438855743,335360,110740,127305
720575941626811756,341612,103176,119700
720575941654534673,346996,110264,151650
720575941571728798,274880,127424,68895
720575941415785876,314616,129216,91845
720575941541354365,289536,114368,77580
720575941575236105,324612,147968,89910
720575941507209029,397076,901116,199440
720575941517268371,336288,152148,107100
720575941578085977,339772,167084,139050
720575941512353745,522148,196500,119250
720575941491480012,577056,190712,125910
720575941567339310,450496,228236,66690
720575941443541930,466236,248020,101925
720575941490465589,542096,138492,232335
720575941574317640,346356,106344,165285
720575941411887471,361768,100136,132435
720575941610658025,478832,231908,78795
720575941469756125,434728,239516,98955
720575941437577504,652516,133104,105885
720575941461498323,655904,133452,112050
720575941569402356,655948,122472,128475
720575941491579337,637760,150316,197010
720575941497673289,630832,145424,111960
720575941590964876,380784,109116,75150
720575941521267379,574828,130076,86760
720575941412051115,597760,88904,74610
720575941575596808,592016,142976,74295
720575941532309451,604092,91464,74295
720575941546039557,593884,134268,67905
720575941508453761,464376,586908,129555
720575941612559081,391284,126864,66600
720575941516449603,598000,80604,80370
720575941538207203,515816,192308,57105
720575941533620965,605780,77184,59805
720575941610231626,378104,104856,77085
720575941539026674,475844,662148,172530
720575941516252506,381888,158096,76050
720575941516057411,327736,143900,99675
720575941523135223,586256,785572,206100
720575941596141349,629140,194080,148680
720575941543483996,660544,136896,90180
720575941519464046,454896,370000,120060
720575941484893949,472796,813948,185310
720575941528247140,576332,173092,141750
720575941470739211,580784,151568,149535
720575941627698028,616440,130408,77670
720575941664692860,326896,154600,207990
720575941609183597,745232,143052,147465
720575941625566828,394020,114504,78480
720575941528573606,112472,216180,66285
720575941525264971,555844,198784,89820
720575941458810864,557312,760660,249075
720575941733702443,576208,136304,95580
720575941595388711,428336,182836,52830
720575941611050570,386732,182840,74025
720575941586409540,417852,881036,217440
720575941593160043,443536,789000,228510
720575941507209541,408560,918764,254475
720575941442458971,670732,214836,100980
720575941479519968,464160,910112,299790
720575941536110322,387448,919284,194085
720575941574548219,475944,850916,279225
720575941633562811,492280,691136,165330
720575941592242902,564988,763780,164925
720575941505439266,472088,860140,216990
720575941593847766,491500,782388,219645
720575941549283839,492668,801196,247860
720575941449799605,398568,856616,210915
720575941535127274,513916,901136,260145
720575941544695476,542912,682176,131670
720575941595878848,488228,701284,210195
720575941642639560,522472,736856,249750
720575941475720042,488812,887920,221535
720575941542894109,475328,628108,127080
720575941471164791,448380,607328,93150
720575941527000857,553908,755020,145575
720575941436791519,532524,759168,160065
720575941508290338,500228,869408,253665
720575941559704100,481628,874528,196605
720575941483550650,482652,873204,196830
720575941457073478,496004,648288,198720
720575941490661296,492816,616192,206640
720575941499607521,429220,725444,115920
720575941428238840,529540,716188,265950
720575941626975782,519748,725344,238320
720575941678521021,516632,728688,240120
720575941390358788,393560,872792,197910
720575941603744441,495284,900844,243270
720575941626254986,487484,901812,252045
720575941490465484,479108,880152,252900
720575941539353981,444020,910276,209880
720575941573334344,392780,933432,177570
720575941590734443,587284,693140,265635
720575941612592025,577984,691884,170460
720575941439083983,512548,708996,244620
720575941504424130,509816,740540,181575
720575941524969497,548888,616912,158445
720575941499770530,561472,636232,178470
720575941549643838,470320,708208,132705
720575941490759600,586440,623088,152145
720575941659678264,505204,641344,175275
720575941505866113,600404,633192,139455
720575941480438214,448604,752236,147780
720575941605021293,460684,716040,234855
720575941557541358,528040,628396,122355
720575941665510899,435464,761060,147735
720575941473852000,484212,877540,237555
720575941481781667,463756,823336,187020
720575941559932431,618656,624180,172395
720575941590342440,463052,620368,146250
720575941524280857,510488,710328,208890
720575941645326280,508676,725116,169470
720575941471132535,590380,778888,180000
720575941574612637,402060,901592,219555
720575941592472171,485608,876276,244260
720575941447834190,459000,719548,224730
720575941557573870,564692,757096,213030
720575941603710649,538376,771432,193365
720575941501802802,563568,779952,184815
720575941501802434,534376,682936,200025
720575941414508948,601684,668740,160470
720575941542435676,599784,634196,197100
720575941447866132,595228,632900,176625
720575941565405998,589592,626416,200970
720575941688253080,549044,638972,226260
720575941493152487,542556,739028,174600
720575941527099981,476124,676612,239625
720575941490726631,421748,873532,181665
720575941546727713,432208,672336,195660
720575941529753476,450808,677900,187605
720575941412443540,486164,718772,208485
720575941489056231,445772,730888,175680
720575941426600788,366812,892256,199800
720575941591750184,442568,613144,129465
720575941472114474,444860,612076,139230
720575941492431742,480116,620080,73125
720575941485025277,495916,706880,182880
720575941563864886,426952,856528,203580
720575941555837860,474872,885108,210510
720575941523692290,469336,714884,238275
720575941574155003,443348,719996,220275
720575941535028914,487704,673044,200970
720575941438723675,521548,632780,180360
720575941630809531,444344,769592,145665
720575941512779084,430880,599528,169605
720575941539715164,452180,626248,147330
720575941440755663,405860,927984,203175
720575941472147242,437892,651900,140400
720575941553576164,455964,594404,157140
720575941450520745,491608,777516,216045
720575941432858104,801384,162208,145080
720575941562914861,217808,122840,56700
720575941533849475,729752,126184,158805
720575941516875619,860208,104240,119475
720575941581593077,813956,85296,141705
720575941487122317,805660,172848,102510
720575941554952858,435500,200964,81270
720575941652633585,467684,298456,112860
720575941508061975,442616,159652,149400
720575941560162798,555248,214800,81540
720575941515630947,468760,370000,120735
720575941432269271,409408,227324,73125
720575941631629292,488532,799296,222345
720575941629631289,497184,925360,212895
720575941484960253,518892,617124,191835
720575941491972327,462324,284004,112950
720575941595290151,504424,863380,216405
720575941468215517,595152,563456,170100
720575941487876560,461312,874432,215280
720575941703161306,492232,786652,195930
720575941542664284,508092,548672,146610
720575941551774526,501392,139536,139140
720575941573499464,537440,624652,149040
720575941507208613,492716,370000,123930
720575941516122540,469732,370000,121140
720575941483616963,443008,880368,239580
720575941530606467,420508,240908,106785
720575941663512888,567048,135808,90090
720575941594209061,563516,571516,129645
720575941433317646,358128,196716,169245
720575941501934423,360480,919932,224145
720575941464676365,326792,129012,88875
720575941610593098,568496,209544,131670
720575941544303452,603564,100640,166410
720575941534275866,546284,194580,48915
720575941548333960,532232,187584,67995
720575941733669163,553592,172360,82575
720575941457500141,582240,569400,172710
720575941599647785,509796,261376,89505
720575941618260607,454612,923360,290565
720575941630940642,552944,725380,251910
720575941566847847,575628,687964,249255
720575941598598812,569952,135352,91395
720575941589293636,556380,160632,131355
720575941515531843,576248,140660,97425
720575941513926353,578676,130140,83160
720575941483845954,670004,581292,252495
720575941628253497,513196,142216,153540
720575941507275287,542280,207668,185535
720575941469296662,581292,184152,91530
720575941539551613,622076,144080,97740
720575941645227425,460748,235296,62370
720575941490498101,514036,204024,68625
720575941517040019,629492,175656,113175
720575941608659274,512456,251824,95625
720575941573368719,555952,723360,272700
720575941504521963,369244,145892,123615
720575941528082086,365516,155756,120645
720575941627074668,581692,177360,168840
720575941486369602,579940,148516,82440
720575941506553509,567592,125704,115380
720575941562849704,603808,190600,111915
720575941462611856,625944,128572,115695
720575941538633955,442548,239052,101610
720575941478307380,427432,709868,123255
720575941513894732,425988,203704,77760
720575941508618625,321356,134584,121410
720575941478472257,355356,220124,70425
720575941462808077,401840,215704,37440
720575941485254864,456860,748992,179505
720575941488203209,463140,600996,114750
720575941470082423,409488,710224,167085
720575941479488224,317936,82028,126315
720575941590768183,333584,104212,108810
720575941462645136,443940,149120,162135
720575941503179659,341284,95400,159750
720575941514024401,305392,134276,78165
720575941611149642,336764,153764,89595
720575941500852898,324308,127616,92520
720575941589587710,421880,811280,123435
720575941641623327,424904,811280,110160
720575941480766338,345500,174636,206550
720575941663414396,311852,133076,94365
720575941610625001,322068,123040,96030
720575941547383732,333992,104752,127080
720575941435184672,360456,152888,85995
720575941615933715,390772,151792,172350
720575941488236752,516600,206812,122805
720575941459334559,343708,136176,113625
720575941568845170,321440,155476,163440
720575941669313447,385584,248964,93240
720575941575596648,431512,829688,250920
720575941691890139,413272,209016,143370
720575941451601998,418228,142796,233955
720575941627566474,375696,978036,199935
720575941611477225,423008,211404,87525
720575941454059079,376588,145472,104895
720575941559245038,479904,738540,187290
720575941551151615,385132,200472,77535
720575941503178379,318196,126680,116010
720575941474113066,330824,138216,105975
720575941644474312,426584,811280,126045
720575941653452249,446116,823728,254205
720575941527557732,321144,127400,116100
720575941573728520,332008,162360,98235
720575941516023642,299364,139272,144540
720575941573334779,452344,248276,73305
720575941414115695,570312,142348,146745
720575941661742904,562416,151372,107685
720575941608102253,439476,206204,146385
720575941431154647,379572,931628,212535
720575941548267369,399328,149728,190665
720575941556623361,391924,162884,74250
720575941414803860,667824,93776,132210
720575941461301459,616920,176340,156645
720575941539093224,389932,140052,64845
720575941643065938,415552,236980,71955
720575941615015699,390312,134236,65970
720575941492070860,397816,138256,61020
720575941632317154,609724,652424,278550
720575941723020090,390552,125860,66960
720575941574383247,584604,723240,191655
720575941590014007,455044,571820,84105
720575941475981371,696384,84928,130005
720575941354214960,683904,137216,86850
720575941484369594,676288,139056,122715
720575941566225250,686464,89792,130185
720575941554461575,650520,124908,173205
720575941652764145,593080,89804,72225
720575941438690834,465868,370000,132030
720575941550561341,379288,153168,118035
720575941507668028,390068,99208,82665
720575941540010901,428852,120408,146295
720575941525297423,606128,84800,89235
720575941570057722,615164,93316,89280
720575941621799039,112560,208560,42210
720575941433546528,489580,799880,244080
720575941638346613,480792,938356,254430
720575941534767336,432560,907000,182025
720575941516712558,493712,912120,284220
720575941482927814,500572,909632,284580
720575941595814336,474580,931580,240075
720575941521595211,467860,897160,244800
720575941663119996,461184,920648,262710
720575941447013813,493864,790924,238545
720575941608331082,477260,739264,113175
720575941576547176,577080,647452,170595
720575941461235088,534488,689148,201465
720575941600532265,568480,651804,129240
720575941645457746,562284,652804,146340
720575941500951383,516628,658892,196335
720575941411853716,491360,877852,225270
720575941534733800,595184,591360,141300
720575941609346534,604612,608608,164655
720575941429515735,602420,600712,170505
720575941512518211,603928,620116,180270
720575941539355517,501004,698464,179955
720575941561308818,517724,683248,243360
720575941515663363,380668,941684,263880
720575941519235800,409848,916312,200565
720575941517694380,438816,850576,189315
720575941537486824,501068,611248,108045
720575941473850720,525516,619028,202005
720575941479094211,619136,589892,138645
720575941477587777,490776,627608,146970
720575941656205904,535188,648284,180450
720575941474802497,607212,596912,153945
720575941508257570,609472,607532,166635
720575941572811663,527744,759828,200745
720575941578709493,529816,717352,258705
720575941688841996,592792,747780,241245
720575941468345975,579712,721792,264735
720575941521069751,513352,682684,214065
720575941572418206,536904,765268,211905
720575941428369583,539040,758376,199935
720575941483681533,551304,756084,211680
720575941433448224,480032,637604,183915
720575941487843280,467672,616372,103950
720575941515925338,471496,584296,160695
720575941547187080,476024,606788,110340
720575941501802178,566032,764632,199755
720575941595749056,553312,785840,203490
720575941414246545,525084,784224,169335
720575941645096865,538788,688316,158445
720575941536208789,521572,701744,213435
720575941589981751,417752,888776,220185
720575941524084471,425480,949960,178650
720575941458418387,370084,889492,218565
720575941562029480,485464,726364,168030
720575941447112373,459692,773208,237510
720575941556819713,383020,887244,227430
720575941579791093,437484,748716,133155
720575941656270672,420844,703448,190035
720575941493970814,439776,624204,149985
720575941441247679,569092,650088,127035
720575941466543894,578240,641312,113985
720575941452782387,562936,684904,198225
720575941551969791,436840,638996,192465
720575941410019695,465240,701228,242145
720575941526640921,418420,882916,187920
720575941481060794,402936,913452,213975
720575941597517248,399448,737208,162990
720575941641492818,448888,758224,147555
720575941500196987,785672,150024,101835
720575941476244010,776020,96060,130185
720575941528509186,740648,113764,132930
720575941691857816,821668,159164,113895
720575941492889550,757832,131080,113445
720575941496691326,706300,176700,132840
720575941546401029,401404,139856,81675
720575941574615439,322740,172216,152955
720575941571501812,275484,231936,119610
720575941556821540,222188,85244,114165
720575941526871940,207060,113256,98640
720575941613674086,616900,214844,117360
720575941525298946,226896,231068,64260
720575941566815330,694492,167100,157095
720575941547941481,732928,160788,188775
720575941580348505,729168,160496,118665
720575941456355379,650584,204480,118575
720575941469363734,704672,149420,114525
720575941625896091,596952,604240,220320
720575941542437212,601168,598692,187830
720575941660597272,718520,139096,96840
720575941476900923,676468,168572,173385
720575941507636389,164176,215952,50130
720575941530935243,321984,192640,101700
720575941352972080,306552,230468,123255
720575941569601650,604748,586628,167220
720575941485911618,115152,151752,74835
720575941732785707,308320,110292,121410
720575941669871347,698004,113464,121410
720575941536178410,618984,183696,192330
720575941644836434,394232,124816,70650
720575941539192040,188780,178648,91800
720575941537685697,442064,147388,123300
720575941517434714,674788,178856,166185
720575941503770603,249544,144824,139635
720575941596635505,598732,121544,69120
720575941628615737,593372,87720,74430
720575941394227716,383848,140912,66870
720575941506948668,404668,121180,81450
720575941564358407,391972,114792,78075
720575941461401028,256352,165700,167895
720575941414935836,324640,209324,112410
720575941568127335,331932,233192,96255
720575941516878227,369424,134260,162360
720575941466906134,630476,145980,102870
720575941569436922,663588,131508,107010
720575941507047740,249788,108456,118215
720575941432860591,317984,204644,133875
720575941507080613,193492,224020,98595
720575941527231654,109592,187708,76455
720575941566389558,642260,137232,96615
720575941473328170,700400,141884,150705
720575941525495115,634896,98988,156420
720575941432762360,348804,186168,116685
720575941570387570,615476,88704,144090
720575941559443182,642072,141072,105345
720575941639954719,702188,213856,129330
720575941591948940,768124,112808,163665
720575941472543095,318944,205932,132570
720575941481095648,771288,98828,129195
720575941509570910,529024,179260,205425
720575941478539060,380776,214868,125010
720575941492793036,460580,370000,131355
720575941652078869,412116,237992,75600
720575941482437967,537576,669172,149490
720575941479882346,535764,704904,214470
720575941483848122,476276,370000,122040
720575941572713886,525388,207792,110700
720575941593522283,487536,728288,198450
720575941480799395,501552,217424,79290
720575941485157562,536180,658904,147780
720575941595193558,389244,152160,152865
720575941510651152,382024,104520,80235
720575941682453949,500468,755852,191610
720575941539028722,460936,229088,92115
720575941626978715,499792,226588,65025
720575941542469724,464748,875532,212760
720575941461958340,495768,736092,204705
720575941438463276,453712,861632,226530
720575941574549768,440788,860464,211365
720575941504687810,545408,160836,169065
720575941450620494,511988,595560,187965
720575941527363330,487648,606280,179640
720575941543812893,548048,615548,174600
720575941631270626,478512,769248,193545
720575941512880643,486004,580004,170730
720575941450424245,482776,370000,118215
720575941455535923,520316,754156,191700
720575941507243589,534964,560272,116235
720575941721644602,479564,694220,143190
720575941653553169,450260,862164,208305
720575941559017252,479332,370000,124965
720575941554692580,483916,755196,190530
720575941526772836,498712,370000,122760
720575941574844425,465376,721488,193050
720575941503769650,501692,370000,124650
720575941666660595,423316,218708,171360
720575941439741119,468160,605840,185085
720575941561868544,523632,641616,120420
720575941612593069,489280,370000,124785
720575941552726407,415408,209280,93285
720575941527231746,499264,686372,147555
720575941525922148,519072,805860,225270
720575941471297911,551032,193960,52740
720575941428568404,492312,191072,66600
720575941513798097,457020,434212,138510
720575941551513716,584772,634384,214650
720575941515795811,391104,203944,147330
720575941608988781,332732,106412,126765
720575941464121232,496440,619884,169605
720575941658893648,499944,778848,247770
720575941511863250,522808,633044,137340
720575941624257532,467652,370000,127575
720575941439740895,530032,237452,136260
720575941457206854,542744,611464,143550
720575941534998282,533068,730332,251010
720575941566061575,528976,224264,63990
720575941623407050,415740,220968,95535
720575941507243333,588228,611212,154395
720575941455929837,424772,231084,96345
720575941490270183,548120,126712,159435
720575941546564713,419920,134124,132030
720575941732589355,660240,115884,100035
720575941486862402,633900,131172,122895
720575941518187948,518980,148116,127215
720575941644344402,308928,148260,91800
720575941553807258,316196,145652,91215
720575941642837842,474152,370000,123030
720575941459926342,453544,743956,215190
720575941449112954,471508,660236,131445
720575941606629485,544228,218148,148905
720575941554888676,536632,228120,97875
720575941613739283,590736,177576,78615
720575941550923775,594784,568540,166275
720575941429125295,418252,250868,76185
720575941662530872,315736,93172,145350
720575941613608668,440928,142384,215280
720575941559868452,569004,136892,84465
720575941468774667,485792,906320,283455
720575941531720933,613308,161852,88785
720575941460024902,550176,169396,95535
720575941629959718,582112,126700,100395
720575941627076251,566424,154928,104580
720575941502558187,525512,186316,109305
720575941571043316,575224,590520,185850
720575941433384480,558680,618280,158805
720575941548923965,601764,576848,138645
720575941401795619,557104,615792,126405
720575941681274301,432984,140664,125145
720575941691104408,537696,207736,98460
720575941433351182,535828,185440,101970
720575941411789935,552332,181928,174015
720575941626945830,533696,655200,154710
720575941568585722,577692,210888,73890
720575941596601989,526008,173120,204030
720575941415853084,509240,245260,97155
720575941587753950,590116,189192,115290
720575941534376067,509300,190764,195885
720575941483159747,327304,138976,126450
720575941431352568,557476,196300,100530
720575941470347383,372712,192140,97875
720575941514222691,536000,243904,150210
720575941571010120,527964,210988,181125
720575941476080948,561164,691832,252135
720575941485813766,591532,191592,90180
720575941665087100,599452,168368,217215
720575941492039856,590832,188480,96120
720575941652701681,532336,215468,78660
720575941478014513,619416,147320,118575
720575941608890733,542120,208072,163350
720575941540273301,666188,124276,118305
720575941500264929,419012,226844,83295
720575941409594415,608700,164036,122625
720575941539552717,454072,273924,98595
720575941474409521,627316,558336,134370
720575941624521212,610692,146332,106920
720575941437808672,561644,166800,103905
720575941624455114,402668,125380,137700
720575941575532296,601976,116168,119160
720575941561342991,593484,92032,136620
720575941480308960,574956,125220,101970
720575941508620101,545952,127888,102645
720575941494497456,504508,179504,167535
720575941559115053,539360,190588,82125
720575941440462559,548444,156260,146430
720575941656142297,352576,234796,117720
720575941579070453,379740,102468,80415
720575941554888612,353516,930520,269010
720575941591425164,452648,198632,146205
720575941504753458,379668,203040,118665
720575941566652002,350884,126972,106830
720575941570584990,313300,100692,92025
720575941468610059,447772,577176,161595
720575941515075139,554420,591916,114390
720575941667380979,435776,596828,128745
720575941474574132,444464,682588,206055
720575941430631599,345104,129588,175815
720575941461795268,380344,129092,158580
720575941551545972,458900,107100,64800
720575941508390178,363044,168828,126045
720575941556789075,293656,91628,109260
720575941547385020,394748,193928,110880
720575941547383740,419688,160816,174105
720575941615509401,326988,175352,183915
720575941669019635,442064,664400,226665
720575941430664329,430940,164340,116010
720575941471526621,416984,151312,110340
720575941563473462,438132,194580,109620
720575941541682780,428808,130184,207090
720575941663579260,432816,148424,195930
720575941575531784,318848,159460,88065
720575941615312537,322596,148820,88155
720575941691235480,315392,133128,117585
720575941509570576,325024,184248,143865
720575941393735830,314044,143276,85275
720575941513010385,321060,167100,149400
720575941602041529,303604,134188,83115
720575941437349408,305448,131640,85455
720575941592506764,322144,120572,94995
720575941464677645,324740,130004,127125
720575941539291378,393288,128016,140355
720575941572516873,426660,131216,153405
720575941480865955,390224,149660,64530
720575941504196075,406468,148228,102825
720575941532868325,353944,150800,120915
720575941448982862,375576,237992,94815
720575941432172280,393188,159036,92295
720575941544598557,400808,165256,127755
720575941613248358,329792,148708,119520
720575941646867656,399576,197820,31455
720575941466972246,575136,139784,190305
720575941527952740,318280,129300,126225
720575941658008600,306396,142704,122445
720575941616557781,486444,856504,201915
720575941513305187,427908,247984,126540
720575941526053122,479676,258388,94185
720575941463793552,334000,1087420,206730
720575941566357302,417288,212568,136530
720575941573664670,306788,140568,97740
720575941415657873,427412,113860,84240
720575941540405629,444508,211308,56340
720575941659123792,414652,151136,219420
720575941688648088,426168,811280,133380
720575941658926360,662448,97528,147195
720575941433155287,538028,184128,57915
720575941457895664,417132,178376,181845
720575941556297811,463420,565980,142920
720575941633137861,305620,98228,142110
720575941460156144,294548,126208,96930
720575941436071200,346916,161616,74250
720575941513960780,404652,177176,146250
720575941523332855,610576,96364,79335
720575941654961625,390780,126388,67275
720575941613575644,559732,175500,126990
720575941520318424,296196,114648,87480
720575941507603877,309176,125484,111510
720575941507210775,294740,140956,122670
720575941436891103,415180,731464,142020
720575941629172716,487200,700628,210060
720575941528116738,351136,165956,138240
720575941575630749,325852,114364,126315
720575941455732531,350828,120604,167670
720575941488205769,679672,613696,109485
720575941568553330,586692,727740,230625
720575941550202685,332692,163324,97110
720575941646015864,340480,151576,83430
720575941439807807,343364,146744,85590
720575941449309533,404448,167040,139770
720575941457698285,481224,228452,76095
720575941541257165,328980,132968,85995
720575941604597945,556960,178260,172260
720575941507046529,511724,246288,98370
720575941583954015,617516,175648,121590
720575941460188100,524900,197296,108585
720575941639627039,330520,159664,88740
720575941550563105,315612,132096,158940
720575941417525276,648172,119540,110745
720575941597683077,360568,114248,151560
720575941514616529,647764,97732,174960
720575941599715264,631284,121036,110565
720575941461957828,700708,107140,200790
720575941495218119,314560,124592,109620
720575941470936896,388680,125268,66195
720575941436694816,606092,76616,74295
720575941448851220,594560,89296,73620
720575941541322189,597556,92520,72090
720575941497741184,599288,91768,72990
720575941436726560,583736,151892,76095
720575941514747139,399416,123180,75870
720575941556363347,600284,80824,80775
720575941646541000,594776,107660,76365
720575941484765626,599724,112088,80505
720575941526643202,610828,92604,75060
720575941432138766,431020,221248,14850
720575941509897655,395244,125456,70785
720575941473820458,594688,92336,70740
720575941634286041,392072,113560,79245
720575941611413737,613556,649492,278145
720575941448818196,599936,84352,145035
720575941538995349,598916,142468,154125
720575941415264401,358928,238924,129960
720575941393735062,628980,185464,153225
720575941480014186,322688,181248,72810
720575941433155799,400352,207264,65205
720575941561376750,525904,290264,102735
720575941566618722,479992,370000,125820
720575941625175498,593592,245136,105885
720575941538701795,482588,370000,129600
720575941489417680,397720,118492,173115
720575941579235317,369164,132724,62910
720575941405860208,345812,110392,141255
720575941612757165,593120,82228,78165
720575941615410451,405640,167616,150120
720575941615214300,691220,140768,102825
720575941626158794,479052,836012,228375
720575941498429563,489228,865904,256095
720575941690941080,411548,849356,234630
720575941600501545,395972,918108,224505
720575941730557227,476760,821452,209475
720575941671280817,497792,946240,274095
720575941528576459,600328,646036,244035
720575941559311917,535512,641544,148320
720575941580644729,477772,903540,251955
720575941611675411,563472,755220,203895
720575941609479910,429712,868460,204570
720575941471068023,492744,828868,197865
720575941627272859,456588,701652,140175
720575941521072311,484568,896868,271485
720575941532377522,500852,814824,216450
720575941597421980,477444,883900,267615
720575941527002649,570128,763392,170955
720575941436628799,458948,744156,113220
720575941430107640,513532,713612,167985
720575941539619164,561300,692876,198135
720575941609348710,457764,706616,144000
720575941466545174,570348,652812,196875
720575941439578591,548820,655540,178335
720575941468970304,462680,819508,211455
720575941564423680,465240,690480,186840
720575941678358973,511988,738308,255600
720575941667086001,508184,718356,233910
720575941548072072,478676,858280,214155
720575941548957812,430004,861020,261900
720575941664398716,473296,834028,223425
720575941723218234,409764,926660,185400
720575941593980293,410244,916068,203445
720575941457797360,532088,743268,233505
720575941552529665,604040,622088,181125
720575941593948037,449784,741400,176445
720575941603910078,573504,750776,220995
720575941597814313,587028,754252,226125
720575941550957055,483340,812956,208620
720575941409987695,585960,754612,229770
720575941686091894,400620,916916,222075
720575941449276538,415072,734636,153270
720575941671443623,527544,699372,208125
720575941479817066,466720,601356,104535
720575941487942608,570372,607584,121770
720575941491089870,438580,630584,146655
720575941625404985,501136,620704,110340
720575941525266598,578312,606940,111870
720575941436694495,383796,883216,230850
720575941412610219,378376,909020,198990
720575941504425239,391900,912068,228285
720575941656666068,470888,781400,216945
720575941488173001,459428,725920,217485
720575941554790308,444696,726336,194130
720575941501903154,470616,698564,224055
720575941574746377,504820,732520,216180
720575941392424598,453496,630928,64350
720575941447343709,505348,632896,161055
720575941515600227,413440,858016,200115
720575941554528666,532236,677472,184185
720575941652537361,446072,734020,197820
720575941542796549,586496,612288,223515
720575941476998193,406016,860068,218520
720575941574221563,496196,856296,269370
720575941553577956,509788,653008,109350
720575941526970552,460884,764824,218385
720575941475623274,475680,768392,216945
720575941569895412,418068,859908,216315
720575941557345295,395612,859916,227115
720575941537816213,508188,900660,244080
720575941613215507,477696,886560,248445
720575941533819162,443948,678472,187515
720575941593817302,578452,770068,176850
720575941540274381,428364,818768,209520
720575941516156332,436356,883560,192060
720575941556854867,385844,926736,264690
720575941589589502,434884,613072,139320
720575941534899288,497044,841240,200430
720575941594308721,461284,794968,205560
720575941514026705,513428,653804,117675
720575941410021231,466016,705584,243360
720575941685796726,452244,739876,109125
720575941649882389,446800,772992,148500
720575941536635875,471244,742320,141120
720575941642936696,489976,645304,185445
720575941534113770,565228,653988,134415
720575941557280420,477836,893696,259875
720575941511700496,752744,96316,121500
720575941565766656,758312,128884,76275
720575941560458511,680212,212964,152865
720575941462417875,403696,125392,76905
720575941482864893,384256,123128,64935
720575941503278987,394728,114376,80460
720575941589917694,393160,127828,67095
720575941591981964,407000,124504,69345
720575941554856071,447240,625672,109575
720575941522350259,352704,225152,141255
720575941460975942,712256,79040,122580
720575941478277150,703808,87296,107910
720575941500460105,651132,117548,131895
720575941680979133,578048,709976,193185
720575941654863828,400576,166592,99585
720575941624650907,411648,729072,155205
720575941487779078,311280,151664,124245
720575941576285704,754988,128956,134370
720575941470870647,384856,151360,73080
720575941402058608,501176,709096,205605
720575941544566452,553272,758212,168030
720575941656304976,456260,615416,124515
720575941533949016,382604,950508,270495
720575941485452685,559776,767664,226485
720575941405859631,564752,772312,182655
720575941470380043,519620,711588,188280
720575941571501819,562440,769304,162315
720575941632614587,552304,631124,194040
720575941447900436,556512,592724,134640
720575941687565942,508288,696396,188775
720575941570781000,496948,691060,182025
720575941546205108,588348,772372,197100
720575941456322207,542584,766788,146430
720575941552496641,500008,722856,199125
720575941447867924,460256,753040,154620
720575941644083026,461340,733496,132660
720575941503606066,559064,706628,197415
720575941521071543,543776,727580,206145
720575941413952540,460844,700324,144180
720575941469724125,449168,641952,223740
720575941611970477,469228,685796,173790
720575941569338362,448764,761248,121185
720575941625175660,471740,710620,148725
720575941597912617,464732,608340,96525
720575941575925849,505616,617108,89820
720575941668725169,495472,699104,234855
720575941603713465,541128,705412,243990
720575941609479526,490176,710668,201195
720575941642542241,593588,686976,225090
720575941574745865,569848,735680,225630
720575941524348953,583456,728300,257760
720575941505834078,593164,750748,234270
720575941703131610,633312,624800,190125
720575941610069094,535220,639572,151785
720575941540339186,527644,632740,173925
720575941479162051,484824,707492,157140
720575941595849116,475916,637604,127215
720575941625962139,475176,746852,145395
720575941435285390,499580,657152,164160
720575941630615712,501464,838556,217395
720575941567110446,432140,811288,124965
720575941525920845,488720,817764,202680
720575941466447126,602748,627156,172215
720575941686910191,570340,756068,157410
720575941480832186,509296,618132,134460
720575941471166327,514532,665468,150885
720575941637954591,441956,762336,123210
720575941408480683,437840,760384,121275
720575941562359815,538100,773304,218070
720575941552627518,549280,747872,201645
720575941427650132,514120,760048,190350
720575941503082802,575844,632304,185805
720575941474935105,540468,690160,205065
720575941600370985,529472,698352,258480
720575941453962477,540844,697228,173925
720575941630254021,574288,743784,190845
720575941411594607,532928,635100,218475
720575941548498721,539460,750304,176850
720575941496266569,545660,722592,177390
720575941431155671,463700,615828,112185
720575941458353363,455096,684480,240975
720575941438463532,446548,729060,149310
720575941480374726,437800,748064,166860
720575941525201154,421348,750936,183420
720575941652569585,452836,708776,160695
720575941608857321,446624,735504,157275
720575941560261933,466580,703648,163530
720575941468707805,405760,891172,225270
720575941561343277,581076,736624,192375
720575941575500136,508084,649428,104490
720575941518483054,496008,644648,93015
720575941507341858,431568,748192,186615
720575941576941045,486396,722096,204615
720575941486828752,438788,764744,190395
720575941592931368,600036,632288,151155
720575941625078268,508916,641952,100755
720575941525495117,466344,699968,144450
720575941413920540,460260,717184,248850
720575941466447894,459228,615892,111150
720575941583658462,455044,609428,144810
720575941536210581,435292,640732,224550
720575941610561756,492504,901648,220410
720575941477556289,523196,608220,104805
720575941574549000,510468,621596,113535
720575941542469212,524000,670832,187155
720575941535031523,492496,752388,128970
720575941524348697,499704,683500,173205
720575941503638578,478428,682328,193410
720575941642412389,401124,738332,164385
720575941586378974,445152,754624,142695
720575941557247759,415056,743744,112275
720575941571435784,450608,732620,139455
720575941545124232,438192,747508,143775
720575941515730835,481912,750552,108765
720575941441642843,448656,809632,197640
720575941527002905,480208,866204,275265
720575941472738827,814544,117832,63990
720575941476310075,763392,178232,67545
720575941393309846,238364,228004,73935
720575941627733386,391380,129704,65160
720575941613806509,245256,97584,105885
720575941525038925,247732,208968,179055
720575941483980474,662824,204352,125280
720575941431223215,464232,211052,87840
720575941535164291,276164,151436,105930
720575941577172111,330844,191564,141030
720575941516748179,590688,696444,194940
720575941554725511,704628,114028,122760
720575941352187184,235952,122760,114570
720575941517763731,321356,176840,154215
720575941532444107,247396,124812,111510
720575941731770923,410492,718492,151515
720575941430765193,472220,226880,76410
720575941534672216,204564,122260,111420
720575941483096003,409448,174920,127305
720575941631697634,598680,97760,77625
720575941438235154,300408,208232,104535
720575941505836338,271436,188284,140490
720575941433419479,279688,134472,178470
720575941594801515,322960,166980,138735
720575941431026351,597796,90684,73395
720575941403371299,382064,108532,76590
720575941522711475,316540,203344,122715
720575941482603171,675540,140132,178470
720575941581300561,710116,184536,135270
720575941611513321,292416,115528,102780
720575941470970635,397468,117860,79470
720575941493286119,397928,112112,84825
720575941516944131,281904,158220,81945
720575941412251051,526608,149392,136710
720575941663516216,638156,93208,136530
720575941589329662,170596,89180,125820
720575941473755946,595620,605704,203175
720575941517207443,123220,130172,143685
720575941475689258,593760,87776,74475
720575941497021127,608544,189624,111915
720575941627471754,299160,132180,114570
720575941469955293,282496,124160,78750
720575941475297120,675120,168964,149355
720575941575566479,667564,129296,93015
720575941531461323,711524,175876,141705
720575941475591008,660892,205304,83610
720575941516616291,674528,203044,102960
720575941432698872,847624,78924,118395
720575941460550470,759936,143736,153630
720575941482932047,284108,198540,127710
720575941566392327,210744,151388,119880
720575941672002727,455360,267216,96660
720575941438465298,506380,196732,126360
720575941486700098,436076,210056,131670
720575941451015802,549640,733192,196965
720575941493155303,478432,831888,216225
720575941509145950,558788,164392,124650
720575941660533840,538716,148080,146475
720575941548238004,531156,200112,52065
720575941491877833,447480,197048,198585
720575941557413284,549340,239320,112680
720575941577663825,481592,593060,186390
720575941542733573,562792,138052,109035
720575941633402604,546340,718704,168435
720575941653882865,524464,190100,21510
720575941543093021,440608,287648,96390
720575941523203403,522788,719428,216945
720575941494794160,514652,219352,66465
720575941431747086,456116,370000,127170
720575941477392926,557208,200824,57150
720575941555742035,543848,144088,175680
720575941489125351,554540,588788,175455
720575941446297514,476968,891136,189855
720575941585920646,565768,718248,255285
720575941486437954,480240,242092,98235
720575941515175770,489028,703144,189585
720575941400290851,450280,259816,121230
720575941689631756,416720,160860,165915
720575941537162010,410908,645332,186030
720575941668463347,473872,845108,204705
720575941574878351,384084,216760,57825
720575941468218589,527572,708768,179730
720575941578679897,418380,152372,149580
720575941563541351,492892,370000,119790
720575941595882609,489708,723176,174015
720575941390623382,453972,359356,132345
720575941472839488,472556,370000,124515
720575941539226866,483216,299396,104805
720575941499708745,497552,168204,137025
720575941662302844,526616,586804,176490
720575941472446475,485548,126148,140850
720575941473592635,373720,173188,103050
720575941535097578,430088,254084,74250
720575941574320905,375280,206192,95490
720575941536048321,504068,237052,70290
720575941402551331,571048,201372,123210
720575941605515966,527784,609936,116055
720575941569373178,486848,608660,193275
720575941584708486,466268,370000,126990
720575941551514686,482288,370000,123840
720575941501608939,399376,244740,85545
720575941517403308,472044,630112,166095
720575941537194778,541324,616596,145620
720575941441643867,493804,618356,216765
720575941546829601,537620,614000,176715
720575941430108809,505588,771120,224055
720575941431976718,373140,886340,223560
720575941603976121,551420,192200,105300
720575941501511051,518904,241604,106290
720575941456455408,519596,241116,98460
720575941583758726,530240,247992,128430
720575941604501182,470744,381456,122490
720575941506229889,424444,231652,96840
720575941552300954,394296,132232,85905
720575941432076207,400160,152576,99495
720575941414381460,319104,171904,151830
720575941523825227,603600,141024,175590
720575941524547063,389384,147568,83610
720575941611153069,504808,256204,84510
720575941474935338,321868,149944,134955
720575941656372304,405672,585076,38340
720575941569766302,409700,741664,167805
720575941659976528,533832,154288,201105
720575941626782619,565708,197904,108180
720575941432500911,584096,130448,151245
720575941507834640,603548,582596,168840
720575941532280042,564124,617216,127935
720575941433058318,604296,631824,127890
720575941464187734,613208,562244,154980
720575941564097031,563028,579176,137610
720575941571600904,601984,571296,194355
720575941506261538,591508,560268,161820
720575941566686871,571108,135856,93510
720575941528675204,400360,156796,188460
720575941537129443,662012,127768,90405
720575941498267465,618844,86684,148365
720575941500888459,533804,191168,188460
720575941579072889,551860,686708,218385
720575941578679121,503464,887944,277785
720575941557512100,474524,181840,90765
720575941483161539,571788,158112,155970
720575941441643099,467404,762260,134865
720575941641200927,540512,264896,106695
720575941656503376,507608,223644,156600
720575941452030535,589104,211340,82890
720575941590967806,569144,255388,104985
720575941559477284,542840,158636,128160
720575941478672177,490984,261056,91530
720575941547452009,371848,142824,122130
720575941538277269,578724,162924,70245
720575941545124788,609940,162176,89730
720575941412185745,593344,174092,95040
720575941631338220,603772,172288,95130
720575941636973941,561768,192120,144675
720575941640152181,637636,180288,117495
720575941460879300,613460,168912,148275
720575941565375751,540932,118016,154125
720575941527692802,595532,166716,103590
720575941519664600,620200,160036,101610
720575941574779912,580176,201872,76995
720575941612659786,436104,203540,47430
720575941669742001,312952,100416,88470
720575941587428151,417396,737744,141300
720575941481194831,385952,150892,89415
720575941506261829,358664,119204,122220
720575941508227874,367968,967492,280800
720575941520319667,319396,167468,151380
720575941536277185,434652,146592,209385
720575941564326546,460076,183420,138285
720575941557543918,450772,600200,113580
720575941559281679,455656,597832,120870
720575941691007896,435784,583940,159525
720575941564818688,430584,648368,49140
720575941545616745,358444,194652,101970
720575941459273631,340052,123996,88920
720575941456783341,325872,118980,77850
720575941620196735,308984,102108,92835
720575941472838954,437924,195400,109530
720575941535163570,311380,129460,96435
720575941509080670,286984,122516,87660
720575941515503171,323360,149032,88380
720575941540046066,319176,129504,107145
720575941487420112,294692,119740,92115
720575941625079804,316612,126400,116415
720575941670068913,316868,125732,108900
720575941508391774,314188,130684,112455
720575941659058768,310628,112304,75690
720575941558789796,659052,135072,107415
720575941605254902,468480,924708,195705
720575941461139981,424176,964980,304110
720575941475852842,348032,120344,87840
720575941415821852,368168,191032,177660
720575941538703331,343792,176484,83115
720575941409596719,380164,159012,158670
720575941528151718,501552,240424,77040
720575941580710993,348044,185148,130365
720575941633762747,425760,269680,104940
720575941542634588,352648,187640,112365
720575941558493732,442292,126832,105255
720575941627372345,444524,148224,72630
720575941470644235,435048,181608,138060
720575941692744856,404472,225800,171990
720575941539980786,345076,173852,138465
720575941645264504,434848,145560,208260
720575941514979281,265024,88128,197055
720575941464909837,309092,102884,106965
720575941353301552,427800,589172,157005
720575941567407406,421800,212444,36540
720575941519664856,589584,757368,240075
720575941626128074,319620,131196,107370
720575941556134564,306284,155648,159660
720575941537555482,343120,153180,82935
720575941556822611,464500,217128,75735
720575941589197879,461512,229264,81630
720575941421131735,557848,772744,142875
720575941618821077,413084,161548,121140
720575941564293895,478536,234208,80865
720575941477361204,537612,773924,273600
720575941547254452,557660,211036,142065
720575941505180651,669668,147636,127935
720575941434009358,678476,93912,108675
720575941545911145,339128,118948,107280
720575941458519789,566856,176556,169155
720575941528872870,658948,160852,163980
720575941687239180,399812,154272,99270
720575941453833287,601112,91192,73800
720575941488994000,606624,90724,75420
720575941650932501,389524,115816,75420
720575941641889567,373748,100400,77985
720575941505804101,193536,237312,95400
720575941642248735,566388,632552,166320
720575941505573938,700416,101120,104490
720575941433321313,624972,147852,109260
720575941504688983,272128,100928,94455
720575941539816061,468136,370000,127980
720575941540800405,619864,179776,89730
720575941657879576,472356,370000,127395
720575941626029420,374416,152288,77445
720575941583004537,396928,121420,75690
720575941506196247,501144,370000,137520
720575941563638528,372340,135032,63810
720575941468152662,364720,118320,67995
720575941503640715,382592,103456,83115
720575941629207334,637792,81888,121545
720575941516059715,303088,88080,141660
720575941549646369,317056,131056,110565
720575941538276378,764500,140260,100935
720575941450916701,133324,109120,88650
720575941560296051,784084,197028,57375
720575941596308263,389900,112212,78930
720575941509801822,800352,123824,81135
720575941631436524,455316,622680,209970
720575941542830877,416088,884136,211140
720575941534081880,404736,886332,216855
720575941526119524,396104,98484,77535
720575941573469960,460848,616184,125910
720575941558953231,536932,651432,142920
720575941461107981,514168,710064,171585
720575941668693927,412708,930524,186030
720575941523957506,480140,782648,212850
720575941690942616,477748,903348,184725
720575941444822698,536268,704388,246690
720575941581661535,487236,710968,168165
720575941443315663,482964,876044,245205
720575941595456389,471220,923292,257715
720575941593948805,511228,726096,241875
720575941458780742,611232,591088,185580
720575941548073864,566596,742096,225630
720575941436991506,487092,901156,262080
720575941700609242,500216,923096,263070
720575941692352152,442452,630732,108000
720575941614265753,463660,904120,296730
720575941431092911,475672,725980,211365
720575941478539855,529784,640992,85320
720575941477884802,473692,775144,210870
720575941570324126,502572,783872,251145
720575941567768423,491452,855396,270180
720575941449245818,490284,710868,184050
720575941501707714,571252,780764,196425
720575941447837518,556024,755356,235080
720575941592638245,416752,942112,290565
720575941486437442,510460,713196,174465
720575941570781768,457812,745848,112995
720575941603878646,536368,646544,170955
720575941508293410,537540,647600,169875
720575941687468812,616192,598136,185850
720575941624915402,598904,594448,192645
720575941505181093,479448,600156,99945
720575941511407057,601356,623300,178065
720575941455700973,572072,647464,123210
720575941504558661,622456,635772,174555
720575941436761151,507280,927464,278640
720575941632091589,440524,739492,97875
720575941516584920,476788,708284,105975
720575941517796780,479700,781748,213525
720575941689107163,467208,737364,150840
720575941658633752,485664,706128,139410
720575941588018942,509828,715560,244440
720575941453079209,443308,608028,146520
720575941595194149,554224,742684,235710
720575941687599990,497964,623944,178200
720575941534869080,625124,612212,160740
720575941481915471,622928,614820,163305
720575941639365749,509356,660632,151425
720575941488337614,570816,629860,166140
720575941678523069,510656,678464,139185
720575941500985943,519544,731296,236745
720575941626946342,543836,746784,211500
720575941521073591,553100,759612,224775
720575941645263816,532924,766368,206595
720575941461239440,528348,770380,210555
720575941629338860,534188,732388,211590
720575941566490631,509092,752460,190350
720575941583595486,507452,710360,207720
720575941565376046,503380,703432,202455
720575941654995673,462304,866984,194580
720575941637957407,564012,775708,210465
720575941542241541,569884,777068,201870
720575941525725954,549808,688868,259830
720575941447279965,489692,720424,240660
720575941670593703,556776,753972,230310
720575941654374100,561156,759020,208755
720575941490075081,613628,602800,171495
720575941539620700,626040,590932,152685
720575941642544584,536496,653348,166275
720575941501346978,400348,669304,186840
720575941571896477,430132,667636,198900
720575941658928976,467068,688944,175995
720575941502559426,439244,748552,162945
720575941571372795,436980,740076,170370
720575941561411474,453292,613768,154485
720575941532246762,480872,666156,214065
720575941616329685,527832,598596,188910
720575941431091887,423276,746216,190710
720575941627995705,463076,690856,170775
720575941631436780,498660,747348,256815
720575941460387231,483308,749316,170910
720575941507082007,442104,725968,180270
720575941625340554,399664,740984,137565
720575941652506353,507388,650636,147825
720575941479195587,465784,702640,166230
720575941431191032,450244,796864,209160
720575941446820884,443376,785576,225765
720575941477164574,429772,762076,124065
720575941537719165,459672,636744,216720
720575941703820762,501008,885232,210600
720575941576058294,492168,608944,114660
720575941475591530,481256,877608,237420
720575941438662079,482028,874576,236925
720575941518419123,455032,642520,211050
720575941581070929,488820,735712,144405
720575941507244869,504184,682784,176085
720575941408613294,205032,85496,89100
720575941630059558,698688,215552,170460
720575941523105203,794932,104352,125685
720575941530805432,770564,140496,123030
720575941526054658,433280,144772,226710
720575941551875975,317896,97328,94950
720575941607744621,481716,255220,91260
720575941417493788,301292,146948,97335
720575941485389565,337500,126084,106380
720575941612266669,325720,126656,94770
720575941516059971,362920,143668,148365
720575941441742683,402984,176804,119835
720575941474870068,429640,107416,118935
720575941671642023,330240,86448,153900
720575941553644698,360336,178756,113715
720575941587723998,348708,174868,198675
720575941653816849,308148,132524,90540
720575941598504860,304900,141988,146115
720575941474936160,326968,118276,95310
720575941547320712,405008,200056,42255
720575941496661217,358556,181056,88470
720575941573829790,376652,219020,77085
720575941518714734,348232,152128,80955
720575941599029184,308940,145100,92295
720575941447935252,302736,143196,144180
720575941482144707,360016,180400,75420
720575941562065920,366496,906980,237960
720575941503804395,459116,156768,101565
720575941452063866,463164,239372,101970
720575941476902452,378760,185656,157500
720575941408777519,412688,189744,37305
720575941643100754,436132,684468,240660
720575941639693343,354256,140536,84915
720575941588018910,447112,213904,83340
720575941409531183,623680,90464,154350
720575941604205558,571884,152216,136890
720575941497643648,678276,101860,154440
720575941688059916,403304,141488,55170
720575941605090294,406768,167928,138330
720575941595095766,434680,136576,141255
720575941597914268,503140,211436,176310
720575941595063766,344560,99764,96255
720575941448131092,320792,127488,121140
720575941455767091,313324,131304,113670
720575941596341799,311136,145048,120825
720575941652735729,281032,132252,113310
720575941575632527,349816,143088,133470
720575941414478484,477704,921804,295920
720575941565081239,304312,144784,106425
720575941653750801,283300,126956,127800
720575941484406781,345860,140432,142785
720575941526087170,371284,139004,163035
720575941626193819,523620,155004,145575
720575941477524801,479908,225200,74700
720575941481621501,407000,875980,233775
720575941502821355,602204,191380,111015
720575941486241798,427096,124332,153990
720575941559248911,513880,173844,146385
720575941507244860,599240,136372,108450
720575941481981058,392028,205308,128610
720575941565310976,334320,151572,131625
720575941599060672,532004,232880,117225
720575941519402456,667764,150184,120060
720575941639529845,345516,180604,184185
720575941613314989,593756,170052,119205
720575941538637027,331868,105120,156870
720575941476148017,391380,124248,87615
720575941562295720,403196,131776,62460
720575941450458293,591676,130352,70650
720575941527790617,395032,113268,81675
720575941589657598,524728,788684,214425
720575941495841918,391092,129352,64215
720575941644313445,393944,112808,81315
720575941627733130,390696,117396,74790
720575941601683241,603420,90780,74655
720575941604206070,635924,167056,98730
720575941613642716,426264,238212,148185
720575941590574078,403328,119448,82080
720575941565211446,402812,119404,81720
720575941481980835,386392,166492,143685
720575941537130216,684416,110620,104805
720575941566620258,598300,206036,118215
720575941480342496,697144,195728,122625
720575941574813705,679168,124608,88245
720575941470643165,317952,159924,116955
720575941496628679,560528,696924,185220
720575941690024972,685056,111808,115380
720575941611054154,587368,728164,206865
720575941539488405,692160,128448,83790
720575941567210550,394200,115028,79470
720575941481783938,391388,109432,82530
720575941631173158,667744,173772,152775
720575941472707191,851808,125468,145035
720575941506983749,779348,134176,132120
720575941443610575,765480,108120,145710
720575941532182501,136652,221260,65610
720575941529756619,559724,189476,95715
720575941537653397,461216,607832,97965
720575941662369592,495368,634368,83475
720575941473429290,592380,648504,127665
720575941471070173,566384,653488,130455
720575941525792100,403056,920688,208530
720575941451768391,577084,692888,208170
720575941554562714,591668,751608,208035
720575941562983575,603684,551252,140985
720575941686060662,573528,565104,137925
720575941586314308,534752,647000,146880
720575941445281556,471176,638776,120645
720575941438399807,388420,857120,226800
720575941612004710,553652,710908,181530
720575941600535593,498084,753624,128385
720575941486437186,489264,729696,124200
720575941704476378,513944,651788,124830
720575941592408615,480688,686596,226035
720575941625963419,465088,728356,185490
720575941471921216,436040,736112,144000
720575941545322120,541272,755872,210060
720575941554038555,481332,579304,119025
720575941474476830,439860,623860,131715
720575941515995052,453296,591828,108765
720575941546731041,477672,709572,230130
720575941402059632,463720,721900,226710
720575941645100664,461428,703404,229725
720575941583169158,448188,701984,239535
720575941533623730,450724,745860,184860
720575941496628864,583708,739096,258165
720575941614756821,597424,619380,182340
720575941449638493,447512,808148,223650
720575941536638947,489476,793072,243315
720575941491974857,456668,771480,161685
720575941411791764,453300,618228,194940
720575941657879632,462896,921264,263835
720575941450556238,435900,728964,156330
720575941496268361,554192,739836,268695
720575941550957703,436268,701720,179820
720575941629371116,452504,703932,154935
720575941729937195,430544,773528,148770
720575941547157428,469440,801468,195075
720575941520319448,506212,648276,132660
720575941522089463,486852,685100,193590
720575941511275986,435508,707468,202545
720575941429486295,459008,619500,137340
720575941475985201,446900,618012,131985
720575941498037065,427840,884500,171045
720575941518386359,530684,652676,164160
720575941583659742,521800,623180,96525
720575941410153263,491432,907076,211680
720575941501051627,441676,631848,110340
720575941576517465,490556,628372,172125
720575941488404430,442924,648272,216360
720575941531428581,453232,614196,115020
720575941474476574,443236,626288,144180
720575941580612473,435668,576944,107955
720575941501182551,464588,591424,96705
720575941623146186,483064,575964,126315
720575941591754536,452816,772052,156375
720575941434042126,448888,741568,93645
720575941563311414,443340,744176,146970
720575941441381467,825920,209276,70425
720575941681013949,121564,136036,44145
720575941549548680,691612,201732,123525
720575941393769220,126060,215680,66150
720575941394687894,754432,97864,186750
720575941395178134,784064,194108,52605
720575941506067506,401444,132128,82575
720575941580057433,387160,126668,92115
720575941564558248,397196,114004,86895
720575941470776331,645012,171884,159750
720575941510294401,665780,193244,128565
720575941440399916,262576,198176,151065
720575941555415067,794096,143796,86850
720575941588970308,505264,697032,136980
720575941554924801,451528,212228,89280
720575941433649879,771072,152252,85860
720575941415790996,770628,91752,121545
720575941509572702,228196,117288,158400
720575941557087233,689452,181084,171045
720575941634484421,728480,128292,81315
720575941507377698,572132,154284,61920
720575941524712439,182780,154620,175050
720575941440366636,189292,113304,45540
720575941540210930,216452,120888,170685
720575941414381852,217740,130572,68580
720575941527989670,593308,144940,152415
720575941630389030,626180,114620,88605
720575941515897187,278800,170820,104310
720575941503117618,239312,185928,28080
720575941446298132,312628,214232,111330
720575941532577227,402224,177472,160200
720575941575404297,608880,73956,73350
720575941611514086,116976,197068,34110
720575941547649212,571420,202452,140310
720575941595916933,624900,150724,93465
720575941475593275,672324,104136,101115
720575941569145646,648204,120604,132795
720575941687963148,362728,96252,134235
720575941434207246,650272,142976,117135
720575941560265966,580436,118528,145935
720575941625801212,658580,233296,102645
720575941534837635,630464,97496,160290
720575941566294535,276320,144472,135900
720575941442661311,372844,136468,62325
720575941460060575,657352,145660,107370
720575941414186351,707576,158152,153315
720575941598570908,652948,132400,98055
720575941457341421,399188,118952,79605
720575941625801980,701760,218900,147195
720575941540015253,640316,98296,145260
720575941557939428,651332,174772,139995
720575941432175352,568628,156400,107100
720575941692811928,679168,232000,116685
720575941522582199,726444,132472,124110
720575941436697632,462536,186748,129600
720575941540506098,269072,111856,149445
720575941438499116,776720,106552,106020
720575941527727437,778928,173520,161910
720575941734493483,709508,114712,115470
720575941551123060,781304,152480,131985
720575941590968388,266452,109740,147735
720575941505378795,275052,159180,129150
720575941460650992,214900,177812,77580
720575941692745880,547200,182464,191700
720575941629274169,253568,107280,167445
720575941682817725,317204,198108,130410
720575941633206944,392852,150684,145530
720575941539327474,528732,634204,167985
720575941471955264,464656,347440,131175
720575941478508830,545732,263820,93375
720575941441906779,488468,622268,166590
720575941401962787,465740,370000,116055
720575941617642965,508076,592808,148905
720575941597457564,537792,277040,106830
720575941432109582,476560,596208,171990
720575941443480234,562400,606756,146565
720575941404748144,571656,225000,73485
720575941473987168,541632,641336,141525
720575941620230527,591936,694512,225990
720575941642906529,448928,234340,101925
720575941530511747,478956,585496,177885
720575941600537385,484140,370000,119475
720575941584448134,487828,712652,177975
720575941557316004,402360,204036,69570
720575941489748169,494944,703520,169695
720575941441350235,501248,779324,193230
720575941704477914,457468,880996,257715
720575941501806786,463908,370000,136080
720575941599063232,544884,180080,121005
720575941465729878,533844,627188,177030
720575941733215019,437760,216556,152685
720575941476214833,437360,211616,92790
720575941499022049,450628,804156,196380
720575941536279745,579980,683332,184005
720575941401766435,540744,101268,74115
720575941440399445,478968,370000,116415
720575941565245794,518964,214732,69435
720575941612039142,456384,256004,110160
720575941446364586,514208,217772,160110
720575941513702865,526036,768608,232155
720575941514456569,459836,370000,116640
720575941663484028,506848,531192,109440
720575941569571186,577916,144516,156645
720575941466318870,479704,370000,118800
720575941491649511,466564,370000,124020
720575941569801586,429304,163052,144585
720575941546634428,428160,236388,79785
720575941476477492,530228,221096,122040
720575941484965186,383280,218976,126135
720575941609057389,482196,370000,123255
720575941542898205,362708,103820,75015
720575941584448390,360432,128768,77220
720575941578746713,488028,370000,117270
720575941565508759,573492,641792,158535
720575941652278033,525204,255928,117540
720575941507443841,530472,614164,147915
720575941556727041,526108,235492,139275
720575941515668995,512724,620904,126720
720575941623015788,446596,431752,142110
720575941595949937,487456,801104,250515
720575941525957378,594644,190836,117990
720575941511473996,491780,370000,127530
720575941557512307,407236,262792,97155
720575941560068334,484868,370000,124605
720575941610268746,374248,157256,70830
720575941516061507,336232,103752,122535
720575941655194841,452912,186860,200340
720575941478279966,580480,241536,81315
720575941520386739,614504,178388,92610
720575941482277827,297296,143384,135585
720575941392001796,524264,198376,168930
720575941640220021,338428,178104,105840
720575941552106239,345984,113368,193725
720575941524155467,374760,960120,272790
720575941645494689,335656,112804,88875
720575941680393149,515228,244064,98190
720575941659946264,574948,166356,96615
720575941402749552,595668,202360,82080
720575941440432607,572288,187328,114885
720575941457112479,610804,574700,162315
720575941547158196,576340,585236,183060
720575941427621204,594476,573316,171765
720575941508295774,583996,586216,171180
720575941504493637,599468,569472,194580
720575941586578244,524560,167956,114750
720575941573209231,570524,141040,97515
720575941537524978,578764,136572,94590
720575941669120423,580340,129356,82485
720575941447379037,512824,708952,172035
720575941526382617,547944,187236,81810
720575941588281668,552540,174128,129285
720575941481000134,543740,203548,45810
720575941462026451,315756,154296,106380
720575941508394018,506340,148780,110070
720575941471104320,510156,158812,200070
720575941626981019,508168,707352,142650
720575941597981340,582424,191836,121905
720575941448133396,550296,203988,156555
720575941502266507,567776,103344,188100
720575941723122490,541708,150120,146295
720575941631207906,457200,228716,79380
720575941507541317,520448,151776,139680
720575941642087269,560688,150520,137475
720575941517240942,527696,166000,175680
720575941556431844,428716,172520,139185
720575941560790317,555340,129640,124605
720575941586775518,539716,116504,158175
720575941654964692,580148,151200,156060
720575941448001556,545052,261316,90765
720575941576583769,653880,124412,102105
720575941448395854,564604,152816,139500
720575941412808849,410932,210112,136800
720575941541718876,464820,110112,203895
720575941537228826,419244,142096,186030
720575941476576362,321808,101004,92970
720575941621017727,405708,175016,100395
720575941503282519,370764,194292,114390
720575941519468654,475260,580408,131670
720575941597489344,426836,695416,214380
720575941490732341,416128,161356,124110
720575941593688939,396552,142340,89550
720575941514194385,367732,119484,125730
720575941438433877,307612,102312,87795
720575941567212854,362796,113720,145395
720575941569866740,298388,115428,100845
720575941402062115,330056,168832,93240
720575941616626329,321552,128232,116370
720575941652147477,288112,129840,126000
720575941451639118,329508,134724,109305
720575941441842523,344932,103112,166635
720575941566393654,336472,176736,151290
720575941465926166,397500,170440,131400
720575941503118731,304888,102884,110925
720575941540014741,358312,106276,153720
720575941556628819,378044,130916,166275
720575941499579259,379724,148612,155610
720575941518387416,388160,186172,80595
720575941476281147,349168,163552,105165
720575941552794686,326552,105784,91980
720575941474905184,300504,146172,126225
720575941508000791,367696,203888,169020
720575941507476805,402848,180916,194040
720575941521271475,392968,903244,206460
720575941515800067,379508,196340,112860
720575941526939725,432388,216272,172440
720575941600767017,345108,194224,133605
720575941453671219,363952,165656,126630
720575941471758400,359980,163044,118620
720575941639531381,641164,128316,106965
720575941540571517,653136,129500,96750
720575941557808164,409844,200328,91215
720575941670562481,444580,197912,110475
720575941533395075,462928,126600,146610
720575941653555441,372816,201828,112275
720575941532477925,603340,81612,82080
720575941532478181,601784,80524,82080
720575941723384890,301116,119796,103050
720575941560953326,284064,108732,90270
720575941515307587,300280,122456,82440
720575941555743059,373500,127212,119610
720575941479918048,529320,189656,103275
720575941492501424,497960,254868,97695
720575941476509726,501820,253712,83160
720575941501315927,401400,101128,181440
720575941564328594,578724,129784,140085
720575941596736901,474172,226048,75150
720575941601585705,327460,119912,126135
720575941689371288,565984,578184,172620
720575941538212082,456760,259452,96255
720575941445086378,458272,224324,78030
720575941627243419,428856,709868,130590
720575941575567773,659728,64660,145755
720575941612988518,648872,143476,100935
720575941632191468,335944,127808,87525
720575941440498879,480124,239608,79965
720575941440235711,437024,652396,214380
720575941452655687,598900,93288,71865
720575941460093168,599552,80964,80505
720575941484341702,384792,93944,81225
720575941481818787,383808,104424,72135
720575941574716342,472072,654428,164295
720575941507999767,395964,108812,86400
720575941547289224,386560,103544,84420
720575941542799645,541852,755060,208395
720575941472087159,478720,889536,309240
720575941538999016,606688,637128,152415
720575941611548137,649824,97836,130185
720575941611808842,377792,98944,125595
720575941522352307,272064,105152,112230
720575941543128093,294764,151384,97515
720575941417561116,696832,97792,100890
720575941574879304,647764,121160,131310
720575941473103115,657688,113732,120465
720575941608664173,625964,130544,104265
720575941655423193,656072,95852,146475
720575941543684357,558772,238008,123570
720575941589986359,430120,241312,72675
720575941478705770,586040,169732,131535
720575941432405167,495048,282280,109980
720575941573766045,617496,86516,89055
720575941704706522,651780,130080,105930
720575941497121659,332608,135008,134640
720575941590936204,150820,108176,80595
720575941503904395,155788,218788,65655
720575941477919284,596188,82416,78750
720575941516487683,765080,131676,111600
720575941534150117,412964,887012,193005
720575941498989897,454024,950876,264195
720575941592475685,479944,891692,259875
720575941574683145,477528,895168,278460
720575941478836801,461188,918464,266940
720575941538114197,493820,893944,253170
720575941588445580,455176,940540,204075
720575941584447839,401120,904980,185490
720575941530676099,495356,910448,275265
720575941561412754,402688,920892,192375
720575941589592574,492968,913308,280530
720575941592869928,519460,871848,277830
720575941582711673,429428,884108,189180
720575941442431914,479124,896940,250920
720575941618658773,485036,818160,202680
720575941428373679,543412,719128,205785
720575941494008702,565364,646992,128025
720575941405862062,449624,616640,95715
720575941658602520,497512,701280,199350
720575941436205868,426840,735340,130410
720575941533723162,469028,627388,131895
720575941575797337,439776,751568,124875
720575941449772469,465920,744180,190395
720575941487749698,491824,627084,92835
720575941477558337,467612,733308,156015
720575941541423708,485432,710904,242865
720575941456063472,500112,918644,279720
720575941458815984,579168,715040,251595
720575941607582317,560412,752284,237960
720575941471300192,469952,701376,159930
720575941643200673,560304,751428,229635
720575941429357665,586028,755360,228240
720575941585856607,537120,652740,146115
720575941526711396,520808,616280,185490
720575941414644625,613044,608552,149445
720575941477395050,610056,606416,158805
720575941543620028,529720,728932,208305
720575941630748859,505168,729856,252855
720575941399309603,572608,731648,267480
720575941626062956,509192,744088,177210
720575941669514227,520908,752648,152685
720575941354252592,521324,751020,162180
720575941533986136,565104,770812,221310
720575941642545825,565648,759740,200430
720575941608336493,429216,881992,237150
720575941611153510,423996,745736,141660
720575941628587490,487932,695676,190485
720575941454032109,468152,579496,133920
720575941504526898,469420,607400,134685
720575941592411173,384372,891536,229680
720575941482212605,426748,749064,162045
720575941461633220,421876,869848,206730
720575941533034945,438284,584352,122985
720575941522123595,410656,921360,198675
720575941644119201,470264,707448,231705
720575941350354224,477532,712992,217305
720575941455932912,451180,710576,252900
720575941602273470,487224,745680,133920
720575941574027702,473024,645568,166410
720575941613448668,414448,702124,150165
720575941611187302,419200,636864,215190
720575941474413873,442436,672380,192825
720575941543684188,424620,740640,181935
720575941680033213,460812,714360,245025
720575941496892066,409608,706904,202815
720575941504429506,454808,701084,157770
720575941491289033,462656,690084,195480
720575941572062729,422908,715588,200115
720575941645428818,461388,743832,161730
720575941556399012,464408,893772,185175
720575941460913165,538884,750280,200790
720575941545126505,420212,893168,181125
720575941528447257,801896,164860,139410
720575941619903359,484020,722580,164340
720575941614889941,485520,712952,206550
720575941505739102,433228,678516,201645
720575941572192777,474016,683660,178830
720575941477100340,458764,721668,156195
720575941480376774,439712,746492,148005
720575941501774018,452692,735388,176850
720575941472349536,455648,743416,171090
720575941504593431,432280,811256,133650
720575941456292511,443516,744356,148320
720575941438729407,430300,778112,165375
720575941409860782,429660,745792,175860
720575941517764824,502720,724928,242595
720575941670496679,580700,660024,203040
720575941482408134,139176,189404,29835
720575941646379464,785768,135128,124290
720575941538016227,748928,101628,102690
720575941503249547,759568,99792,125820
720575941546273285,744964,96176,131805
720575941575699465,608088,135004,121860
720575941432240599,542528,245528,78570
720575941551057012,621492,162220,113625
720575941644314981,600096,191492,189045
720575941464681229,609644,161528,84150
720575941439842901,606028,179800,97200
720575941598570537,623184,158876,102015
720575941392919556,504544,169408,180765
720575941581105489,609792,170792,67590
720575941407599151,444356,214264,96255
720575941471300448,591620,719620,213975
720575941471300960,592220,725012,219285
720575941732789547,670020,583116,253305
720575941554924571,609756,122480,150570
720575941433518295,608148,192540,112050
720575941556628900,641640,163016,103590
720575941594999766,656576,142848,87660
720575941463764493,570188,220224,147195
720575941452982599,413408,171628,207000
720575941635467963,507200,184956,81180
720575941433322784,511664,600200,131310
720575941515995994,340672,122584,133560
720575941508426590,307264,118112,107415
720575941658700824,385016,126624,140355
720575941484538554,357300,110608,185085
720575941480771040,438940,197304,114390
720575941659192144,306384,119904,75510
720575941506034049,417500,811280,122220
720575941558562093,418436,721416,138870
720575941459438224,422348,762976,164655
720575941623147978,432824,650104,47745
720575941432077449,343892,114032,172620
720575941669711347,322076,116816,157905
720575941572553211,318908,137516,83520
720575941417920540,350364,138448,154710
720575941547649385,389288,157128,161505
720575941594671143,393548,210600,124380
720575941432077487,402524,206280,100305
720575941509704208,354964,197788,102600
720575941551025012,367000,197684,107820
720575941541751421,386260,246064,128250
720575941472840768,399248,163396,95670
720575941574355016,365124,882288,225450
720575941481425026,403348,932660,280260
720575941535132082,652148,111084,114570
720575941550762785,661124,101252,170235
720575941560330734,620304,126852,120690
720575941536213336,613820,156824,146790
720575941523368779,433972,598520,124110
720575941504396567,422740,602116,127845
720575941575567517,323000,113232,185940
720575941449312605,317644,96268,94950
720575941463894285,442664,170372,171900
720575941555120612,442572,686252,242775
720575941566687798,366492,128224,119790
720575941450852942,363880,101364,118710
720575941670103985,303268,131400,94590
720575941612595676,354404,127784,97110
720575941631437548,579272,778152,197325
720575941631437292,409564,742772,166365
720575941594803563,666500,132772,96615
720575941671644593,476820,232024,81135
720575941451737978,497888,908228,251010
720575941611940073,626128,127184,101835
720575941507312151,303628,117676,106920
720575941354024240,648412,130516,193590
720575941480999136,668960,84960,113805
720575941440597077,356848,103864,133875
720575941566065671,646196,119092,124515
720575941654539793,647360,140952,106830
720575941621083007,596608,87452,75375
720575941507312037,604188,90576,74925
720575941611219786,1498096,428720,3256200
720575941654572049,695616,94144,128520
720575941408418475,408936,727636,150885
720575941539622013,286704,146336,104130
720575941613644370,368320,155328,76455
720575941483391229,108712,185584,116190
720575941662107960,131684,97784,74340
720575941408025647,595744,91520,72360
720575941429128289,409512,910072,208890
720575941515372876,837192,188380,77040
720575941478608207,503500,856648,226350
720575941496858953,454132,852632,240075
720575941666237683,482680,843392,221220
720575941608926441,471292,871868,216990
720575941572848271,458508,724856,170730
720575941470382347,469856,629124,134730
720575941477820546,565444,741376,163530
720575941689928344,537120,734820,253980
720575941428440495,559564,621972,121950
720575941593491563,500540,593752,192150
720575941595131175,534336,596776,191880
720575941555186074,546376,602596,203220
720575941471266912,514480,737080,144045
720575941588675980,516156,673384,202815
720575941565475479,460304,766160,126945
720575941504461125,515220,687560,167985
720575941555513427,414076,719520,199890
720575941551385371,549380,747852,239895
720575941468711389,553248,654996,186930
720575941689896204,574528,591036,129735
720575941453310121,533340,622824,118620
720575941471858039,443264,733584,171270
720575941390527638,502404,746912,208665
720575941458783558,474240,887316,212670
720575941569014516,492120,880952,210600
720575941413890076,546976,740460,262935
720575941549386239,536140,711104,221985
720575941448919901,600428,620124,179235
720575941489322805,524420,765380,176535
720575941447805972,459520,979328,213390
720575941482015171,456084,601820,141300
720575941517831084,412576,879200,221940
720575941429324897,506528,776228,255555
720575941430438414,506368,786384,253485
720575941608991050,471528,715460,248040
720575941523074379,508648,655100,177570
720575941429488599,552804,737464,265545
720575941566787066,547024,750260,174285
720575941579761785,498480,624360,109665
720575941552629822,511460,603008,133560
720575941428209912,524464,711700,261270
720575941474347294,458456,722756,233505
720575941552433921,552632,749824,207855
720575941492501710,568612,748260,250515
720575941589854604,537496,708872,256140
720575941652311513,562536,740592,225810
720575941558332708,565624,737860,228015
720575941570817352,544384,656980,197865
720575941433060622,534860,683704,205110
720575941564525480,435488,722232,144225
720575941524744781,540788,632680,186120
720575941609351341,540900,770844,216225
720575941484047622,524956,666292,169605
720575941558691885,494424,915608,247815
720575941551713342,407436,905040,224460
720575941452753991,487692,849460,234855
720575941501807191,450800,611472,144630
720575941499447691,478656,634048,217890
720575941569375482,513040,753792,187335
720575941573896350,572660,813732,189405
720575941631437036,436988,744772,136260
720575941584808158,453508,787320,228825
720575941461076493,454520,704452,243675
720575941440368063,450392,798656,221175
720575941687601782,453160,801176,211905
720575941514620419,579908,615264,92835
720575941474412574,534080,648460,156510
720575941461305488,477928,716376,126900
720575941603323326,483680,924236,219330
720575941455669997,482032,769568,214785
720575941560429171,526476,632432,126675
720575941496630400,438604,588372,163980
720575941509966209,507844,659004,150840
720575941408320430,438888,816964,252135
720575941688486156,429368,744696,118035
720575941553154303,688012,189572,172125
720575941522189239,722472,136996,96750
720575941461568838,793536,160464,125685
720575941492764135,779104,112940,149085
720575941410189230,236856,175612,82620
720575941406912430,303268,229704,99090
720575941515473763,238428,168524,109575
720575941671645361,447592,212788,92430
720575941453213306,408340,727692,147150
720575941664273208,413664,72048,143325
720575941429161556,709880,176636,92205
720575941494567856,692288,208188,154665
720575941542703645,199328,97852,167535
720575941516849242,676728,215224,160560
720575941602143785,596968,94148,86130
720575941534674458,202408,96184,120555
720575941583270777,594244,87960,74475
720575941602800569,597208,607344,222615
720575941640941429,193232,85540,130320
720575941482573391,606836,88068,77265
720575941568951034,623084,624780,210240
720575941485327034,667928,158948,111375
720575941591298558,128064,157056,38655
720575941527466372,301444,176416,154440
720575941507937118,307996,133020,96075
720575941643562597,259596,183968,149445
720575941471530717,308156,194392,119115
720575941413499503,303780,179540,139050
720575941575405577,390180,123580,68805
720575941619086293,329516,203264,175725
720575941541982845,390200,119880,89100
720575941734560811,304896,214144,169020
720575941565313536,630200,150828,112320
720575941660962640,197012,85820,105300
720575941460882445,309540,197492,109260
720575941598179264,652700,132884,102105
720575941491192782,323584,165104,134550
720575941472841483,177216,136432,86400
720575941552959642,137856,227904,97200
720575941592511528,186812,132212,94635
720575941672563111,645376,206784,148230
720575941491815113,624132,120804,181125
720575941688914294,596560,129796,118170
720575941507117989,659968,168424,157455
720575941520551896,682336,200336,150840
720575941537492673,141252,102396,94050
720575941509705310,761040,144064,92430
720575941412777899,481520,197892,183690
720575941653885937,251176,217952,78345
720575941734593579,141072,194140,109575
720575941704872410,168820,126732,180540
720575941586186591,752164,111756,161685
720575941566132119,480524,370000,125730
720575941518225299,462880,852408,227070
720575941540246364,487504,370000,131265
720575941451902542,475972,370000,122085
720575941456851693,527316,592136,104940
720575941476250164,502500,370000,123435
720575941562036743,461368,370000,136170
720575941484311362,570240,240768,77805
720575941592445291,545400,616388,144585
720575941559022381,423628,236216,99900
720575941554171675,314820,133928,78570
720575941443907754,584652,824144,184860
720575941431160824,503688,903812,263250
720575941536707098,574964,215816,91620
720575941509738512,672312,89360,144765
720575941549781566,618740,559156,164925
720575941549224703,576488,563736,135225
720575941504365079,522336,627184,101340
720575941535232488,408412,170400,122535
720575941552173210,615924,170920,99630
720575941596050112,447248,639436,228780
720575941510722576,415360,175372,22455
720575941640253045,684624,189056,150165
720575941492960999,519652,212356,176175
720575941527662850,597060,143428,148365
720575941460455664,562376,170932,138060
720575941540344050,548216,183732,42120
720575941440467775,546132,198312,86040
720575941632291564,349096,137692,150660
720575941574095611,684724,108920,108360
720575941547455337,339908,179732,107235
720575941630619942,332104,137032,77490
720575941474874154,440348,198164,168525
720575941645266552,431228,247484,69345
720575941537820648,336072,185844,112950
720575941451640654,320608,132744,123660
720575941689864822,319964,138640,92250
720575941570031348,289036,137296,115830
720575941513310810,606036,604412,122400
720575941478281440,437744,602680,123750
720575941479034563,453756,638444,214560
720575941645332680,318808,167132,171180
720575941583892831,400944,173304,118980
720575941550240317,372368,142644,103185
720575941523599607,383900,174680,126180
720575941460062278,314956,129656,112995
720575941441187413,313460,117708,121815
720575941434012430,386032,177764,161505
720575941515931907,316876,132384,83385
720575941440630869,649684,121496,127890
720575941440597589,342160,135848,151965
720575941613679068,354784,90504,204480
720575941545685948,361884,182376,86490
720575941408354734,434284,191456,116235
720575941448986549,415020,191916,73215
720575941583564678,368764,206908,108135
720575941645561544,335752,154148,71910
720575941653492465,442584,210068,91440
720575941538082453,383096,927732,204975
720575941593984645,393416,933644,277875
720575941478215198,458784,130008,129645
720575941448790036,364892,184080,103680
720575941577633525,406256,197056,82395
720575941595787478,373088,148740,250605
720575941554237211,568756,127436,138780
720575941499351625,621584,157260,103860
720575941576126056,624756,108400,147600
720575941353402928,337160,152924,86940
720575941469925131,333792,155228,84465
720575941486670914,304060,114876,103545
720575941612302182,323328,133232,111555
720575941537591245,549184,711388,252720
720575941682360765,313048,121988,141570
720575941527695362,449820,181408,144315
720575941584712031,493072,227252,76365
720575941578158937,574096,181760,164880
720575941432143969,301700,92532,116280
720575941515898873,512380,895792,261630
720575941474742075,453060,922660,250380
720575941544439325,555684,703780,269865
720575941526941540,556360,129852,145260
720575941587594820,447484,249900,96795
720575941571931976,432700,205456,31455
720575941477592628,660668,123792,110745
720575941593133608,357944,90744,134460
720575941547814761,322136,132080,126450
720575941462618067,663160,127640,111870
720575941523043063,586548,145164,117315
720575941432110729,598232,91540,72945
720575941627015323,594668,90900,72540
720575941534543491,595324,92092,71865
720575941587661278,592380,86620,74970
720575941565476498,599588,91484,74160
720575941506135090,401824,121280,79515
720575941514227523,383280,149580,68625
720575941482213059,368564,136828,140490
720575941528317540,360080,143856,65070
720575941605192633,747764,153084,144180
720575941448135188,616316,202528,114705
720575941478248497,698304,116736,87345
720575941550370932,652240,119052,134055
720575941561381933,511036,656072,121905
720575941519175896,389696,104468,85860
720575941590576708,397748,115976,77130
720575941664829308,357100,121248,74565
720575941410385579,360432,211296,97830
720575941688947183,342012,102252,127980
720575941566525026,392976,212480,167490
720575941596115589,117592,144944,125415
720575941470417117,118824,168376,145665
720575941513540172,132028,125240,74925
720575941497189319,592368,87304,75600
720575941453803847,811236,72212,146655
720575941723386170,342656,126512,157275
720575941563183016,451944,210436,76185
720575941513768780,421832,236232,83025
720575941562921773,485720,799216,204300
720575941616497561,369260,191244,171810
720575941595590951,451972,241948,115920
720575941571900232,516892,684264,206415
720575941450363770,505632,370000,128700
720575941556990735,499960,370000,122310
720575941663518844,496312,569416,145035
720575941535068650,455868,617588,169650
720575941403931248,462224,370000,114345
720575941480772259,479084,842072,209070
720575941514358675,432540,234456,98325
720575941487325325,455488,170048,77265
720575941433061646,487492,435996,136170
720575941603718073,499600,370000,136440
720575941500465547,494256,681800,174240
720575941480969123,510720,643456,172575
720575941394658198,460968,370000,118800
720575941537492712,569496,637820,112680
720575941583368543,559532,614608,124425
720575941633863355,553008,653168,169335
720575941484965698,536372,713036,179775
720575941626032074,393484,240064,86355
720575941540410005,419920,928408,246195
720575941602242750,484680,370000,129240
720575941478215985,393152,162140,134865
720575941566493282,578532,140708,137565
720575941487783888,470724,845312,201150
720575941454918195,494208,758224,162405
720575941590381380,529656,210288,130410
720575941432274647,477472,370000,118125
720575941596082801,483928,848068,209835
720575941627244396,486812,675580,207180
720575941519241176,458468,370000,135540
720575941546602345,603260,131076,133875
720575941504200613,557400,583844,178965
720575941477954609,490092,370000,115650
720575941535724522,434804,210860,51840
720575941445677332,419324,254704,78300
720575941530152907,488976,370000,116910
720575941474677825,436576,260728,111825
720575941415497617,501792,370000,135135
720575941474054496,468436,742480,142740
720575941516357881,536396,220004,166635
720575941487488821,467448,370000,119655
720575941633109664,466844,703900,170460
720575941477298996,556324,253392,85410
720575941579042385,407024,127820,175905
720575941581238773,486316,370000,124200
720575941628162105,320636,104504,119565
720575941466026262,562072,152940,104985
720575941432569815,614040,160120,146970
720575941558366116,548392,121764,175185
720575941483721146,597980,152692,146790
720575941691962008,563808,132768,174870
720575941512950481,394660,134740,179325
720575941400818723,517392,605220,194220
720575941525827684,587964,592176,179145
720575941569375994,569808,600792,153765
720575941567114866,614016,569712,173520
720575941477921601,603132,582232,144990
720575941531923147,621660,560372,175590
720575941490537164,570848,224312,110430
720575941590283262,511660,187424,107730
720575941590872171,602240,581304,156375
720575941611319017,501664,894172,270900
720575941513539331,552276,156748,125280
720575941487752144,475696,916160,265950
720575941632094880,488096,906168,297855
720575941430931671,414684,174080,193680
720575941433749536,515796,246844,97425
720575941691666840,477412,260936,93825
720575941590741288,562084,207216,134865
720575941402456355,531148,230620,110070
720575941494633086,561784,150716,107820
720575941566690151,401484,151044,166455
720575941508395298,565752,203932,131985
720575941430865879,548072,173824,176805
720575941545292724,587476,164596,145530
720575941441909183,351676,186032,83970
720575941471301728,581052,762800,222930
720575941472842048,517184,212176,93150
720575941655195865,429596,214996,124110
720575941470744896,486228,594016,113940
720575941595328625,384192,101504,107235
720575941590118398,366780,183080,107415
720575941436960735,417516,744248,136485
720575941567378279,337248,171484,171000
720575941689668108,333900,139348,126135
720575941586874502,358656,170752,115560
720575941593952296,347724,163412,108810
720575941584645727,385732,158828,99450
720575941556433380,309192,127312,112770
720575941608600173,353896,123804,154890
720575941494271920,361724,94240,124740
720575941433356558,286160,135436,111870
720575941571113716,354048,101600,143505
720575941574292040,373520,135896,146925
720575941536739354,358100,109480,136530
720575941412647791,334784,118272,108090
720575941431194031,408392,261884,93330
720575941585466334,391280,161168,126045
720575941601587702,360400,179980,87750
720575941496664289,384100,232608,65565
720575941412778863,387952,208904,137475
720575941484572858,323564,120752,128025
720575941543031581,320700,134812,83160
720575941481360975,317600,143960,83475
720575941625803402,314048,148304,97875
720575941552926747,382272,907616,205380
720575941529137830,372348,160200,74745
720575941448167956,429120,136376,95175
720575941523141367,405272,187444,43200
720575941585464927,664464,126628,101565
720575941498630779,508552,213260,164295
720575941484212477,359312,162160,137115
720575941574324808,317472,137540,87435
720575941524746573,597040,572492,155925
720575941565378919,544220,756664,232200
720575941411303339,318856,139272,96705
720575941564887606,361340,157892,123750
720575941545815813,324504,152512,105615
720575941564428898,391720,224288,70020
720575941566034279,399344,176624,92385
720575941575242248,519496,204336,66780
720575941506134066,582056,152804,88920
720575941625638794,644264,149168,101250
720575941518062252,415560,239472,108675
720575941588611520,439392,225792,46800
720575941409042603,584152,747616,217125
720575941564101383,608120,580880,168030
720575941596181361,375276,114548,183105
720575941632487906,437220,237460,108585
720575941414810260,649648,112024,107685
720575941610073958,468196,754944,256185
720575941409500846,628624,145344,114975
720575941556793683,651620,112584,116055
720575941623968764,657400,121956,128430
720575941643072101,399920,169936,62820
720575941492929255,594936,90120,57510
720575941566198679,610756,76936,85815
720575941440631615,589252,91240,71100
720575941432045231,395964,116664,79335
720575941580878069,376952,162844,81360
720575941593297704,668700,127968,108585
720575941577010831,668736,186664,148815
720575941500005961,628048,95912,130140
720575941690617496,566780,153192,105120
720575941552009727,459104,370000,124065
720575941565477174,410700,137152,106605
720575941631013090,417264,724320,207090
720575941467992150,361848,146944,147690
720575941502628695,406884,234152,122535
720575941507249212,572224,248320,139500
720575941688947574,334624,112368,158715
720575941430472801,395444,918408,221265
720575941482476474,370240,932416,239040
720575941477921076,383888,177656,70965
720575941533790746,473220,730940,118845
720575941513146115,495536,606832,141930
720575941441318591,452656,675944,201555
720575941613252627,465680,629176,94680
720575941440925647,525652,616272,85365
720575941542866973,558216,617048,88650
720575941640909157,503884,766756,232380
720575941689275375,470460,901240,287325
720575941498958665,470288,913360,267525
720575941352943152,512888,885632,276795
720575941413204625,486944,892276,264555
720575941508526721,486880,886328,268470
720575941571637000,570776,768584,195390
720575941515702362,601624,612092,165420
720575941672628391,459248,914884,218610
720575941352943920,567636,770468,195120
720575941501874738,452588,606208,147105
720575941435846418,380724,952188,242145
720575941549978228,431216,913468,221625
720575941520355575,535680,683328,129555
720575941539754332,549012,761660,234810
720575941413892497,452352,942452,269190
720575941471203447,533672,723228,264600
720575941669778353,494288,616236,72135
720575941478117539,487860,879784,215145
720575941720436538,575372,645260,133380
720575941550894847,599620,612188,219105
720575941507280965,464088,677844,199080
720575941549683006,521984,730312,233505
720575941403210275,513320,925908,223695
720575941688651894,481200,731992,169470
720575941558334244,570404,615824,193500
720575941543621308,570680,766388,175995
720575941499417227,521072,655812,169245
720575941540278397,463168,739356,123975
720575941483852866,510920,714908,167490
720575941413893148,470612,725024,116325
720575941516784494,532300,685112,200565
720575941468679947,552492,697168,227340
720575941441319259,604628,614228,99855
720575941626065772,577364,647560,164340
720575941511836432,486168,896684,245070
720575941567049972,575616,668528,197415
720575941556269220,579076,650252,111330
720575941586449118,548180,655332,176760
720575941540147229,413848,919028,185310
720575941531070923,604496,768060,196740
720575941552008959,594144,578028,130500
720575941577437017,557852,624184,117900
720575941536313842,461904,749780,113445
720575941534347954,534524,645860,153405
720575941494992583,522684,632600,181260
720575941572817551,540228,640220,180045
720575941611712275,515992,647276,142380
720575941491618023,514000,631736,159525
720575941649232405,479904,624820,131355
720575941649854705,481516,636708,108090
720575941405601839,495096,628972,153990
720575941612073574,380164,925720,199935
720575941534118322,501068,783172,247365
720575941392658582,461848,803964,214605
720575941559643693,484528,878304,248310
720575941505478690,497928,717420,225405
720575941572194825,559156,757652,205110
720575941391970710,474660,899788,227070
720575941688487948,439988,721992,195120
720575941475988529,482076,681584,198720
720575941437386540,561312,712848,175050
720575941524353049,445712,742312,177255
720575941624983242,486148,647572,97560
720575941577044469,466164,833588,216090
720575941479133635,426664,927080,185265
720575941571965853,366420,886656,218880
720575941505970561,378532,904380,212760
720575941428965368,563336,653756,190170
720575941637795957,580288,628996,199710
720575941624198140,511628,702060,144450
720575941542474076,482456,738712,180270
720575941516750739,413028,971412,210105
720575941644939976,411828,698556,164205
720575941450756167,521840,666836,206910
720575941569376250,455500,670496,182340
720575941592477733,403168,733808,194625
720575941519273944,479144,683328,240570
720575941593919365,495860,688696,180135
720575941532675971,429120,779152,149490
720575941558333220,403512,853280,252180
720575941457932703,477820,710384,192465
720575941566788602,450200,696528,244755
720575941413990172,465536,794356,232740
720575941507051799,456080,740532,168210
720575941720437306,546176,677400,198090
720575941612203996,443832,638284,173475
720575941529891301,440308,622916,132165
720575941501055211,467328,631644,214695
720575941506331186,490928,626320,137025
720575941551420187,442892,624528,149625
720575941626196618,492540,734332,152235
720575941612695213,488052,733732,150705
720575941660767100,491792,736204,170145
720575941567115378,494372,781584,217665
720575941531266763,481848,705896,156825
720575941559349619,432772,678296,203220
720575941563806055,449276,755948,134640
720575941611876838,718104,129828,195840
720575941640351861,743724,108304,152010
720575941515440337,819772,194708,90630
720575941416644124,514944,640388,177165
720575941619905151,475608,783684,201330
720575941551321371,436792,635600,219465
720575941595919217,428840,723452,162225
720575941478248756,427256,719628,126135
720575941507838480,617816,563344,172305
720575941685702924,436596,742468,160830
720575941590840062,491600,719324,208845
720575941498007625,498832,890776,253530
720575941572718843,466556,731164,165600
720575941413958172,458076,729356,166095
720575941439091407,599080,628248,167040
720575941583663070,602308,624592,171360
720575941599457065,578632,645488,133245
720575941486866640,501828,777268,252990
720575941576683624,573892,716124,242235
720575941571376136,509440,739852,207540
720575941527924505,537424,683764,184095
720575941450559566,598180,713328,223785
720575941408453547,569956,764920,150705
720575941445350164,395944,912852,225675
720575941436764479,475572,784764,221310
720575941535331082,502000,641140,177435
720575941511049804,496576,669084,198945
720575941563314486,505676,694984,228600
720575941723190074,522488,742232,165960
720575941557579502,551796,776788,221850
720575941608861929,528980,708344,255420
720575941438631871,538032,763316,211950
720575941687832539,425204,753096,124830
720575941513146371,433120,720412,151560
720575941505774209,444884,688836,210870
720575941430243086,613468,618648,126315
720575941563184040,502064,623848,148185
720575941472613435,595952,593864,128160
720575941575864921,601744,609716,177525
720575941558661165,485040,711536,222570
720575941428277752,457648,722996,218115
720575941425229652,494032,738968,155745
720575941477297716,500320,743676,260415
720575941562363911,570388,745056,185490
720575941477166622,555044,638760,193725
720575941688651382,464792,608772,135810
720575941612400458,481968,619248,86355
720575941612598249,555336,782884,167895
720575941560397683,419912,907572,273240
720575941480378054,414024,700408,176265
720575941474742331,458052,866580,206145
720575941440630591,598800,619220,122580
720575941502037643,534472,778048,178200
720575941478608926,580840,619364,116595
720575941406060144,491396,742796,122445
720575941504462530,558952,759332,145170
720575941574161256,405584,744904,137610
720575941702153178,402148,905220,199440
720575941603750073,407048,917680,198000
720575941544636084,467560,620460,129420
720575941503643813,466224,619452,143550
720575941595198501,458884,632592,146925
720575941590315560,461292,613624,113490
720575941474741819,526840,626640,172170
720575941535331338,528808,679424,208845
720575941688488972,452464,804052,199575
720575941515341402,596212,613532,120510
720575941535330570,395104,720128,195030
720575941548733064,601392,616940,174780
720575941557612915,483268,704396,255195
720575941565182562,448224,629616,150885
720575941436862527,439296,609156,148410
720575941592838184,592772,623944,114435
720575941614268947,536560,647532,142380
720575941518127064,566044,654604,135900
720575941536510440,453808,621984,109890
720575941539099285,483728,591636,107820
720575941409796975,455432,583420,140760
720575941503644581,505180,615164,145890
720575941506003735,379052,893244,234765
720575941508526370,667952,114908,118125
720575941495615943,116700,197772,83070
720575941465075981,769256,113632,179370
720575941627278235,291728,172460,110385
720575941515636729,116980,185912,90585
720575941556793857,763452,118120,164115
720575941515046476,802044,165552,88920
720575941491519029,797428,111940,97965
720575941613483858,366412,132848,65385
720575941463931280,369412,125992,66510
720575941436929166,814428,93472,141975
720575941434701454,308752,208612,155700
720575941557614820,359032,188180,160785
720575941507741349,715124,146700,146700
720575941505578839,676112,178888,123930
720575941565806226,511908,226456,150300
720575941598148229,511872,223488,150975
720575941692815256,447860,150212,125865
720575941451610205,670904,177928,135360
720575941578880089,668872,212928,114750
720575941520585944,661812,217428,76950
720575941443679951,142796,202004,85815
720575941482575695,596464,89092,74205
720575941393708804,606292,595704,212625
720575941569836590,417776,716864,133200
720575941555680420,172636,138444,87660
720575941415270801,323616,89728,186615
720575941641958757,242368,160808,90000
720575941432015201,682008,123044,80640
720575941488343558,247924,222120,152010
720575941453411450,588736,87916,73260
720575941568133166,393836,128944,66555
720575941485328314,479252,204904,183915
720575941435979040,662016,207552,161640
720575941510100865,327840,162920,144405
720575941520226670,401008,102468,78120
720575941528484280,151512,103752,65475
720575941549619080,531932,161348,232020
720575941664044600,674304,162132,121770
720575941599786908,178432,134880,48555
720575941618629077,658000,126532,129375
720575941612239206,706560,175512,120285
720575941570558322,698876,172876,153450
720575941634291397,408224,224084,157725
720575941493029324,185592,167824,139500
720575941501580706,736468,140512,175230
720575941504825175,267996,129964,95220
720575941473270283,275984,148184,99810
720575941665224572,399364,169472,140805
720575941460851103,131264,200704,21060
720575941517834330,496704,194560,196650
720575941525795915,882564,122696,83745
720575941624461564,474536,369512,123615
720575941492471502,450908,221460,89910
720575941644253266,469780,710072,156375
720575941619873407,494400,644776,181935
720575941521274551,447644,196920,57555
720575941618366079,425088,191984,143460
720575941552142727,517168,106080,145800
720575941441452373,432776,166556,162855
720575941679872189,551352,662016,176580
720575941613418716,544568,239044,92115
720575941473859424,477824,683168,193185
720575941460227824,467448,370000,137700
720575941571901512,487772,688888,174105
720575941559874831,372992,154276,123795
720575941687408623,536752,633036,174060
720575941639763999,466476,370000,126090
720575941557352686,470864,370000,123660
720575941599261852,486720,860712,205650
720575941632652987,467696,707360,124425
720575941584451167,521744,654092,127890
720575941571900488,546644,701092,162135
720575941575342493,543308,123676,198720
720575941701235930,485304,385324,139590
720575941440764127,531420,716356,152550
720575941508298786,538272,201348,112095
720575941461407955,489808,370000,124740
720575941603685817,485828,889704,189585
720575941446170026,500160,478676,119070
720575941494994558,469316,677624,187380
720575941471139191,429452,179960,191340
720575941565348103,498160,596184,195570
720575941427950676,459820,801060,213390
720575941433031182,468248,370000,113400
720575941521340087,486064,370000,133290
720575941531432907,484744,370000,118350
720575941454690217,558320,643384,106335
720575941449316628,558848,712860,183960
720575941515475290,555652,153796,69390
720575941570720882,321000,121204,164970
720575941565315170,305252,105104,119835
720575941451871559,482400,604712,145170
720575941511836944,613108,621192,154215
720575941478578511,648436,539908,120420
720575941553617124,425084,781444,227205
720575941413566748,500452,370000,133875
720575941611420134,538052,612332,173205
720575941442861482,581952,187728,93780
720575941498434683,488444,317512,111600
720575941618693845,426208,913736,247995
720575941512656593,527024,704872,203310
720575941448922717,485816,274572,113715
720575941433030414,457544,370000,125865
720575941538543253,461516,349816,117180
720575941441320911,323544,132788,112545
720575941503415947,412576,201920,152235
720575941527565924,549828,142128,82665
720575941505872965,476448,370000,124335
720575941552863489,537148,256584,130725
720575941547718461,471012,274548,114975
720575941463144336,448776,636600,230625
720575941546440197,519608,197920,63360
720575941481264719,371808,164404,90585
720575941641533471,622452,138980,210015
720575941523142647,619776,159040,157005
720575941453511081,353320,151920,121410
720575941496173947,518776,930112,249660
720575941450627406,554312,163252,143370
720575941412615339,469828,570760,136755
720575941563119970,463452,739712,130185
720575941615449557,548620,215480,144720
720575941408815407,590360,148460,70650
720575941538510824,562208,144136,72585
720575941492930686,610104,155288,86805
720575941533693377,562700,149924,126945
720575941568394610,359932,188108,119205
720575941619186047,497352,157684,204525
720575941544212412,574892,583776,182610
720575941529892837,612584,559728,168930
720575941540051349,542384,153432,92070
720575941496370814,551820,619356,172485
720575941406488494,592096,574140,141345
720575941582911865,626136,568348,178290
720575941589563134,500544,827208,203625
720575941478577231,596304,572784,162135
720575941612271974,576748,144548,92340
720575941410682479,565152,173820,35910
720575941546309125,572612,170464,65835
720575941476218945,489476,860772,278910
720575941490308302,531272,172300,198630
720575941490930889,540400,230396,100530
720575941691963288,520312,139700,227250
720575941518030508,467900,176152,159750
720575941537495489,451464,938092,276120
720575941535135922,564436,63952,190800
720575941551027828,495848,170932,179550
720575941643336018,614028,165208,89145
720575941595494949,527264,192936,190800
720575941527991462,482012,257380,92565
720575941538412925,550520,236464,117315
720575941578946385,530332,163068,98010
720575941523240439,511772,200832,40320
720575941691307416,513336,210700,179100
720575941572851087,573804,630396,187245
720575941435880992,559952,156204,110250
720575941595788421,560312,190584,90900
720575941524289611,603428,151476,142920
720575941626066634,547044,203364,163665
720575941555779812,600348,161844,113850
720575941688915830,625240,119792,135945
720575941460981574,435552,172236,73620
720575941486802950,567172,127656,154575
720575941488571593,571400,193772,91575
720575941686360303,565296,152000,106515
720575941415270545,604240,188472,163665
720575941592643212,435664,117228,160065
720575941584647775,389640,212824,89730
720575941478087136,622176,155396,99360
720575941568362286,467496,159328,143955
720575941701007066,570268,164628,145305
720575941497583010,557780,196656,50535
720575941431882849,609956,180080,93375
720575941576356968,428980,122356,153900
720575941474022954,511448,186204,28755
720575941517571321,568432,127984,151740
720575941550242164,657664,152192,91035
720575941516949139,330864,96168,99675
720575941574292808,304152,106752,84150
720575941669517223,336164,153256,88290
720575941588646284,509888,657728,178155
720575941516228442,419016,146212,140760
720575941538706659,325688,169248,96480
720575941508429602,370472,128856,110295
720575941511476690,478104,145928,136710
720575941564397714,331628,128784,135090
720575941566821783,296604,109732,136755
720575941466978134,378916,185204,90270
720575941426935124,349648,142760,132795
720575941438535743,354112,118092,139860
720575941463832845,333196,107568,129105
720575941448464053,347104,97168,97695
720575941524617241,489232,577500,119070
720575941450561358,431740,603860,42435
720575941468288375,436164,684688,195435
720575941633013484,345060,1115308,209025
720575941496994017,522396,631936,182070
720575941516227674,470824,184212,167265
720575941574915593,330508,104848,173115
720575941565805975,360200,104600,129330
720575941631341728,378992,167500,111060
720575941451020213,439532,156984,131805
720575941454002413,468316,718984,209610
720575941591037438,364460,197400,169515
720575941566362934,443572,176472,131850
720575941654018289,320384,80452,160245
720575941672563879,339104,137072,78120
720575941598148032,370980,135680,165150
720575941591037547,429164,736556,138420
720575941469796829,312508,149416,118845
720575941576357263,316880,125008,111375
720575941568656890,336108,103080,159075
720575941603980985,288240,132164,119970
720575941542115357,287524,134676,117450
720575941652870677,332004,103172,149760
720575941526123778,330316,191140,129600
720575941475202865,429000,132928,161415
720575941573474120,322976,127968,69570
720575941529269451,363056,170496,116910
720575941574718728,396112,175032,135000
720575941621970428,377580,178324,87075
720575941476415006,378236,166488,134100
720575941566265351,364020,156548,138150
720575941544114205,328388,129532,97200
720575941559285028,306880,128400,98010
720575941633243067,368092,895920,232740
720575941579012341,365404,166340,136980
720575941500859810,353712,168356,74205
720575941547293108,376236,164492,102510
720575941431555543,365268,166640,126855
720575941566592519,356396,182316,80280
720575941527663874,312080,145912,85050
720575941732726315,328284,144984,86445
720575941522520499,410136,214152,143640
720575941625574508,406412,135488,81315
720575941490800841,447972,138176,137565
720575941651528177,388444,893596,203310
720575941404162160,432576,257600,121320
720575941478446243,443380,214324,92205
720575941615090140,368880,103872,99720
720575941598443676,344252,177528,142875
720575941592708203,394960,205728,129465
720575941614532371,334848,104280,124290
720575941576292751,403176,164204,110340
720575941571114098,425092,230160,134325
720575941681182909,480720,208388,170865
720575941581829241,422188,70868,190125
720575941439355359,423612,206092,85680
720575941611190189,461264,257496,80370
720575941624985226,419172,713108,220635
720575941508658817,344148,149976,118170
720575941538281597,372156,184648,77175
720575941482313402,413232,169076,141570
720575941508297797,412636,173960,168120
720575941576522166,566604,138372,137115
720575941479658831,451312,668396,213885
720575941516196099,339032,108952,130635
720575941612206057,327292,135364,85320
720575941491488716,301520,124332,101160
720575941502957911,342432,153624,81855
720575941484378298,500000,166384,180450
720575941633538235,394476,959728,291735
720575941641008741,421156,754084,139725
720575941498631291,286408,110988,117045
720575941510788880,326932,132252,95625
720575941722699834,289396,123748,127980
720575941441287871,426432,157220,190170
720575941496109511,447136,161448,192105
720575941449315421,473768,223752,76635
720575941618300885,607344,190216,111240
720575941629900002,705180,146380,127485
720575941621741529,399676,124852,74520
720575941579503697,390604,128556,64575
720575941454395305,658768,231760,78705
720575941515867907,667760,116752,118125
720575941527959373,346176,221952,142380
720575941555451034,652612,120884,180270
720575941486867974,655468,119336,132030
720575941599262364,317312,155904,63315
720575941574850205,524808,697672,180405
720575941722633786,445912,232488,80190
720575941427951188,386388,126360,63540
720575941477693249,322740,118440,168795
720575941554829447,391728,157968,149310
720575941498730146,521076,616960,144405
720575941564528482,453632,168496,147240
720575941452133754,573072,149552,91125
720575941473466208,169320,95492,87435
720575941596247254,817344,146780,124020
720575941558269732,661112,185212,115560
720575941490670025,572532,648628,199710
720575941632063904,398308,917264,220725
720575941514557539,386416,897328,215460
720575941552600382,510132,931692,272475
720575941555517011,477532,871284,209250
720575941482969030,567812,711052,215145
720575941563971382,533932,771672,185445
720575941475399264,562136,769528,209115
720575941497354624,579220,643144,118035
720575941687933403,594216,640832,190620
720575941587204062,500592,829832,201780
720575941489128679,553184,605484,143505
720575941439321173,485552,624208,93780
720575941448594613,560688,757972,167265
720575941545195656,528720,690728,208980
720575941689865880,450360,608260,180495
720575941526681677,598088,632308,196245
720575941603980734,614648,576596,153765
720575941459113683,573672,619916,122085
720575941691012248,475712,661644,175950
720575941524912461,460556,627244,171270
720575941493946238,406748,739084,140625
720575941517801363,503376,764904,236700
720575941524158027,442792,734868,181215
720575941547816041,589780,610740,128970
720575941525207206,529300,702708,192375
720575941575964168,513276,744204,165645
720575941524190820,545712,608192,146925
720575941488408117,539200,582336,89775
720575941649201685,464956,743752,115515
720575941453936365,528932,650340,162405
720575941559973647,524940,650592,148545
720575941657720600,594652,607836,140175
720575941524355353,498944,680896,129960
720575941630556320,563904,632836,169200
720575941457802480,519228,638444,180810
720575941394069654,497996,723792,224055
720575941543852573,546848,756812,210285
720575941597885737,551212,694740,181575
720575941535102691,439484,761476,122940
720575941429556655,504340,602756,198540
720575941576784209,487900,572532,124605
720575941536937621,446920,594780,120600
720575941730006571,576580,611296,107280
720575941669779121,436752,840636,220140
720575941459114451,458416,783616,230670
720575941496304969,537312,724020,198630
720575941528517067,457008,751752,169380
720575941526681933,564396,605104,152145
720575941537166997,544032,717504,196560
720575941619873663,555864,631016,180180
720575941413926428,582540,707592,214065
720575941433194254,570248,683484,233550
720575941700614362,507824,850624,277155
720575941639371125,583820,596112,145710
720575941521503819,466352,676128,175365
720575941496830370,457728,736024,243765
720575941444630442,432616,730668,153000
720575941576750991,495408,716856,133740
720575941658932816,471020,712516,147330
720575941687899611,422384,746228,189675
720575941583206790,429048,740316,170235
720575941559974159,397884,920052,222840
720575941624133628,395304,934740,246645
720575941581142005,464744,825016,206145
720575941405898926,382740,929996,211860
720575941644908408,439176,785832,225585
720575941520029107,442172,759172,136575
720575941551519386,526184,630628,173430
720575941512525123,427160,635896,143100
720575941438207711,429888,721232,147060
720575941354124592,452632,621296,106830
720575941457147718,504048,684072,175995
720575941535627752,195008,88380,165195
720575941649855985,468224,760520,128610
720575941575210491,472620,752000,114525
720575941390268164,479956,757508,105480
720575941529040294,502136,901668,228690
720575941669877425,479004,777452,208080
720575941476316475,652212,178040,140265
720575941691144088,283604,147624,101385
720575941506070210,713432,112776,170820
720575941541493117,721448,144880,144810
720575941574949277,585244,185244,160290
720575941569738610,395436,122940,138465
720575941540477426,670024,575196,262080
720575941632325346,614072,89204,87435
720575941440730687,605912,98644,78615
720575941606209726,376164,902584,221355
720575941351471152,319872,119516,86175
720575941506922625,319196,131416,96705
720575941457115117,477980,225404,78030
720575941567280438,616460,162964,115560
720575941469009117,403572,213656,161145
720575941536577880,406972,756228,172125
720575941526944258,280896,116864,96930
720575941680691133,672812,122756,93915
720575941451183943,651924,133152,98910
720575941580649809,430932,219908,12015
720575941633145285,304204,144400,104400
720575941546572137,473452,242864,77265
720575941473859626,628896,150912,101340
720575941526615554,473288,959820,270900
720575941451217274,318824,137324,113625
720575941559482895,661056,210752,162765
720575941554305563,626304,177880,112455
720575941689899532,634772,159064,92205
720575941624198555,316592,98612,91575
720575941550700321,639672,100964,158400
720575941432046945,475204,370000,117000
720575941431097737,445860,227588,90855
720575941457704941,625656,144360,113625
720575941672007079,398576,143692,85995
720575941632849595,649248,135668,110205
720575941547456617,330636,108624,128430
720575941479855234,272512,120512,86130
720575941632390843,376024,179264,110025
720575941492012236,589352,87688,73530
720575941545588073,394336,122220,73035
720575941559220718,384012,107548,78885
720575941472156023,597744,91540,71910
720575941633996192,597748,133080,65520
720575941594575979,597216,92364,72135
720575941431818671,587840,139968,77130
720575941456263274,453148,852940,188685
720575941731743787,438580,890296,191790
720575941467535287,393180,128852,66150
720575941564299362,398420,124804,73620
720575941526517762,396304,123484,73305
720575941442041039,400332,117580,81585
720575941591857662,396040,122556,73980
720575941585466463,649856,118424,124200
720575941479987619,425440,711612,125460
720575941541394557,272384,108736,83115
720575941596248177,585932,178008,121590
720575941538642147,479268,858732,201825
720575941461833924,542024,604680,118710
720575941478544692,458476,880196,188190
720575941539133923,360432,125168,69705
720575941470451063,548576,204160,87660
720575941639862559,121020,176828,37485
720575941558040868,185852,163916,119295
720575941503415717,530960,631908,182160
720575941574752009,513960,711872,171090
720575941553911102,592704,589404,143415
720575941504891045,555624,604852,142605
720575941534709482,524128,716472,257760
720575941592873000,458940,618876,120780
720575941504464709,486020,883948,260145
720575941619906175,482984,853204,274005
720575941577209945,502112,906524,284265
720575941525730818,648008,601060,161325
720575941685803126,422468,747224,186255
720575941557351844,449744,705632,178740
720575941600540201,484332,943196,264150
720575941575800665,511272,696540,197325
720575941543655173,582512,756428,190260
720575941491619273,455768,722224,115830
720575941547226248,564480,618544,216360
720575941459900230,503192,781560,269145
720575941691013016,435424,711840,237375
720575941508299298,551920,679484,196380
720575941600540969,522048,744548,217530
720575941352944944,478640,729916,189315
720575941732169259,459632,728964,171405
720575941554534042,472992,855832,219330
720575941619906431,510732,796228,203760
720575941478840032,590356,620876,157995
720575941486573062,477076,755856,158535
720575941687572492,515516,719608,248175
720575941511149132,610056,588156,163035
720575941459572464,607444,603136,164295
720575941457147206,530280,681172,211815
720575941557155855,557848,765448,218475
720575941524649474,485508,919892,247365
720575941492504270,473016,911740,250335
720575941523995138,488544,667512,188730
720575941461243859,464328,690512,172800
720575941611615507,561364,786104,195615
720575941471926592,429880,756428,133560
720575941408421291,539584,696424,199125
720575941548439841,606372,640016,172665
720575941549488161,498476,609628,131400
720575941477561568,490976,598680,141435
720575941478119331,537248,757856,210465
720575941488506318,577240,625760,171360
720575941609419878,442420,587380,127890
720575941663814968,538408,746908,194805
720575941496600519,482408,913380,238590
720575941566167094,578960,668940,209700
720575941513344346,607232,675840,235350
720575941563872359,533348,641104,223560
720575941569574046,548312,637340,225675
720575941496666496,580348,651012,168075
720575941490833072,520756,686036,201375
720575941566133558,454296,614940,149895
720575941516096940,522320,660936,162450
720575941540870685,581516,671704,208305
720575941555091591,602260,719596,243090
720575941558761005,435636,928812,199530
720575941472122666,477292,616896,129195
720575941533791514,456420,617380,146970
720575941504759612,616544,638996,148455
720575941515933177,457268,885868,188100
720575941563316022,445304,705660,232740
720575941552240007,543232,744972,192150
720575941456983967,489876,647036,84510
720575941538969842,455488,657984,103770
720575941542442076,591560,601380,206640
720575941612009062,434456,722608,146340
720575941623347099,487368,719892,206100
720575941680101053,417824,612820,159795
720575941565380910,477664,709736,184230
720575941515933018,573100,613472,139995
720575941481002938,529708,654692,163845
720575941614794197,463492,752792,133560
720575941591266956,408656,742180,164385
720575941610567644,415620,707660,197325
720575941569542644,563868,685044,196110
720575941477332276,466928,612200,107460
720575941470091383,489656,930436,228195
720575941537821821,448392,633128,150300
720575941665387763,435340,604196,155520
720575941579830865,807008,78804,143685
720575941546571700,549432,692572,131310
720575941522258359,273436,178824,199035
720575941460751519,716320,114664,109845
720575941553846407,762044,159532,77850
720575941497157504,755996,91220,181620
720575941632488684,725788,128464,143370
720575941409930926,758312,115320,167265
720575941467995990,375568,124100,71190
720575941555976932,543280,165664,149715
720575941559777907,333088,135488,133110
720575941458624240,360432,189936,72180
720575941520653528,161652,129572,113895
720575941704842458,418228,187664,124380
720575941520129971,437004,870620,204885
720575941629738809,667860,186744,137700
720575941501550498,705264,142372,187200
720575941482150735,696236,185300,154125
720575941548965492,567352,632824,180720
720575941498437248,692388,189428,124290
720575941517212771,777352,135144,136080
720575941469338646,655760,136768,114525
720575941590024004,302988,168688,151650
720575941624757642,227180,80536,128925
720575941561384719,285780,166460,71190
720575941451348661,259880,126248,112770
720575941528091780,592880,637772,246870
720575941564758887,129252,174016,64665
720575941630132165,97156,201072,93510
720575941598182021,128336,172844,81540
720575941436144928,360884,174136,174195
720575941497421767,310472,195688,123480
720575941409602863,207948,126112,96435
720575941672663719,244288,142984,68850
720575941430705400,347400,196268,126810
720575941504564418,538640,174116,164925
720575941576981135,692716,187684,98865
720575941627542683,704844,150940,95310
720575941504695602,359432,146920,154575
720575941656509652,332340,150944,129555
720575941505678871,202340,126400,111420
720575941406686126,214304,228388,78705
720575941513904081,304816,187844,120105
720575941509184129,404740,100916,78525
720575941458263021,465364,177504,198090
720575941479103594,143028,112688,61965
720575941534383747,654208,127076,93690
720575941625412234,608136,81880,65475
720575941624856316,385816,124976,64395
720575941597035559,347520,201532,167895
720575941654576145,568832,124884,136530
720575941595397415,673940,102816,124695
720575941562597032,140792,146980,89370
720575941527403778,410708,911508,201780
720575941478644289,744956,121096,119700
720575941682625725,139972,123676,63315
720575941463145683,234148,208872,49905
720575941551193889,193232,120484,144360
720575941439749087,375336,196108,162540
720575941605392057,111512,141176,39780
720575941568167271,247240,133020,93825
720575941528484889,318852,163048,140400
720575941611322982,429140,167052,166950
720575941614894037,532368,699500,200025
720575941646678984,523692,634080,185445
720575941629968166,570820,247504,92970
720575941662407992,553004,186588,75105
720575941487951757,481112,370000,125325
720575941528320952,531320,241056,86355
720575941574851510,472104,302972,118080
720575941560433267,566120,683428,208035
720575941536219107,455936,857064,197595
720575941552013055,483816,840360,210915
720575941476515636,473336,850888,202590
720575941552896830,453172,184044,73260
720575941628231138,456716,370000,123750
720575941644582501,419612,211436,134595
720575941471698752,480500,821668,237285
720575941656903124,539960,193752,64215
720575941589794046,486444,809860,203850
720575941554109668,567148,198892,97380
720575941503253899,468004,848244,203850
720575941566364982,510388,203324,22680
720575941406194800,503632,202072,87660
720575941529139844,532868,187684,176805
720575941603458750,504296,775100,210915
720575941691800539,592020,185572,178560
720575941563218944,427676,206696,117855
720575941604998590,492344,370000,127485
720575941470584695,471016,214124,170010
720575941432966432,516724,609544,104715
720575941603785913,531132,271268,97830
720575941628262969,430036,194560,53235
720575941599034560,575524,140072,105345
720575941511281618,465452,223456,90315
720575941460458399,491732,818444,189540
720575941611944668,417888,654448,220500
720575941555321601,547348,646076,113895
720575941703138522,476004,856376,248715
720575941415598737,466416,292188,102375
720575941493128935,459000,897680,176265
720575941509742352,348908,110080,121815
720575941433654048,458868,370000,137025
720575941657558296,576128,606904,171765
720575941587467486,466380,370000,126675
720575941641370962,497792,370000,120240
720575941516786579,470532,370000,114255
720575941485886672,491028,370000,130410
720575941536972018,455464,264340,97290
720575941517213177,430980,278688,107865
720575941560597775,543948,251060,125055
720575941532187626,484160,370000,127080
720575941434703392,463700,371272,125505
720575941611945389,487424,923960,292635
720575941724404794,522440,191968,116415
720575941548669729,336072,113072,165645
720575941632262114,460364,642272,108180
720575941457181766,460268,370000,122940
720575941533662181,320256,148944,134010
720575941528451716,439076,197324,170865
720575941595037553,398984,156704,189810
720575941692129243,437924,579744,138240
720575941524748877,598508,584708,150615
720575941585829471,570456,124648,178155
720575941538185202,595468,177012,98280
720575941615550361,570768,110832,193725
720575941536348760,566696,566832,152280
720575941514623587,582780,602004,132075
720575941486770950,512136,119980,156915
720575941439191637,580324,592704,146115
720575941551356570,682856,551928,131085
720575941498960546,614284,557580,175635
720575941471272055,545744,128792,208980
720575941598707612,551172,147296,162900
720575941601885942,513164,210652,181710
720575941591039742,475312,195120,173790
720575941589466935,492656,248316,99135
720575941523176183,554400,59268,191160
720575941612240202,369320,165236,130230
720575941652806385,578288,177508,90900
720575941518064556,551544,188200,91080
720575941525306114,521668,209024,182610
720575941490539212,480528,214868,81855
720575941451250503,523844,211992,180360
720575941431622575,572892,124556,221805
720575941652742105,511656,221336,101520
720575941531368139,567792,127924,117450
720575941450627662,615028,148472,106335
720575941518818220,557332,195396,71100
720575941597821596,549840,217272,143640
720575941562367239,582684,740120,226170
720575941611387978,617120,111232,171720
720575941584747359,586608,186448,159120
720575941566593639,450448,229212,77085
720575941491032012,392652,163652,82620
720575941533990787,418080,151088,127980
720575941430344623,376764,212220,122805
720575941671255473,511828,587984,179325
720575941531434371,461260,764228,183645
720575941440699871,361124,126828,109440
720575941480348751,320296,157924,126630
720575941449022645,293148,95820,125775
720575941438668562,473984,159488,219420
720575941435850016,396076,127440,169380
720575941413501807,286044,115000,85905
720575941542738524,427644,741304,141120
720575941554731674,324304,117376,112770
720575941553356679,336148,151392,92205
720575941500271841,291184,100700,94275
720575941433523671,312472,129380,109080
720575941602245817,327172,126056,142785
720575941615222291,655544,128028,107550
720575941514820684,325100,144024,84375
720575941624463100,386084,126136,136665
720575941506301463,372920,181612,85365
720575941431360137,396472,144244,83475
720575941539233685,338900,138684,150345
720575941451840425,369952,917300,225720
720575941625871498,403168,155132,96975
720575941500664393,652480,192480,127170
720575941543919365,357220,201984,104085
720575941600247232,401452,117156,79695
720575941479956131,335712,151360,173475
720575941555420929,425208,168784,163080
720575941608930157,433376,146064,147465
720575941516000346,437952,115484,144180
720575941559220974,494464,210600,34650
720575941614959573,429500,188956,197055
720575941536250712,651344,116580,102195
720575941558598692,647652,139592,158130
720575941414583697,390692,161768,97425
720575941589302596,437520,170180,88695
720575941611551465,378632,143324,157275
720575941589171012,432832,212800,158400
720575941516591064,670020,576704,252360
720575941432965902,425272,814360,119610
720575941685804044,423748,738300,148545
720575941577669365,420172,180584,174825
720575941392826116,333760,95360,160020
720575941568724980,619168,577404,178110
720575941515082586,330548,146588,128115
720575941633342405,508928,262960,90180
720575941572655774,575896,131576,157455
720575941576096399,332836,137312,117540
720575941573868296,399956,182992,91395
720575941502566194,571340,200436,136080
720575941686459375,477084,237548,81495
720575941552504091,364760,187024,103365
720575941574032649,325856,123432,77535
720575941656280793,392136,159588,90900
720575941478218526,636284,145976,104265
720575941521341879,459784,159632,144180
720575941557222372,655076,160828,158220
720575941644155768,289740,136704,119745
720575941507382076,600976,88776,75465
720575941503876402,663404,114108,92115
720575941593004584,404376,152012,104670
720575941576818536,599872,144472,153135
720575941595790806,641584,144332,104985
720575941514656465,296232,139568,122400
720575941515541507,388484,112032,78075
720575941553060863,604556,90500,75060
720575941672336295,605504,90340,75420
720575941502729707,392132,129748,64575
720575941644648353,386580,103040,84870
720575941437324064,392324,111140,81630
720575941409602351,276736,97408,124515
720575941569805170,687744,131648,83880
720575941573474974,686144,110464,90495
720575941536152298,651372,118160,125775
720575941478055274,675904,146112,82800
720575941440798175,320392,122296,102330
720575941565315638,457072,767544,181845
720575941491293415,450624,754432,183915
720575941652085745,485672,370000,128520
720575941488048848,1581696,505280,3154950
720575941450006109,620728,178892,155295
720575941438701356,559320,160188,138150
720575941431229615,465360,370000,137205
720575941432245463,471332,794736,228825
720575941462261188,520336,200992,70740
720575941501714082,314676,168020,140400
720575941534153445,391944,114284,74835
720575941479726442,448736,715856,243135
720575941409865390,556512,633664,178695
720575941432409102,324464,118112,78120
720575941657165592,474632,831192,218250
720575941454003251,395472,108100,86715
720575941515574092,659464,177836,108630
720575941663194236,170260,218020,70830
720575941483658749,554840,648104,159615
720575941411176107,449896,611004,92700
720575941649726705,421292,929608,181980
720575941518491059,480284,901300,272115
720575941507350306,428072,914024,191295
720575941650578193,542876,687616,204885
720575941495356286,569076,666412,256455
720575941511117900,566412,708200,196110
720575941629967852,563332,711708,227835
720575941652314841,455680,687864,258255
720575941513837971,460420,614160,135945
720575941555518547,474260,638396,129600
720575941438373420,390380,903716,225315
720575941595266343,413388,690416,175545
720575941436996882,487884,672596,201510
720575941518851694,612224,581692,179190
720575941454495145,482988,912520,297225
720575941595299111,484376,912772,295515
720575941461179859,494444,911360,274275
720575941566365191,552444,153572,112905
720575941488245712,577132,143008,86400
720575941691080155,588324,726956,218430
720575941623446154,564748,666484,192555
720575941494963582,586764,757832,248265
720575941519179480,514408,897236,256140
720575941549456673,476568,928592,262890
720575941724764730,585628,192440,128790
720575941527009869,528964,141944,161280
720575941589203780,588204,195240,116550
720575941525175554,536204,212168,171315
720575941395020694,498176,226136,79155
720575941449907893,565940,205672,177300
720575941554765722,575556,789932,218790
720575941524290123,613824,94144,93915
720575941613026150,363680,164004,122310
720575941549915252,438640,739820,164430
720575941563317394,600404,234752,122895
720575941625576444,605672,154288,146025
720575941573869320,581220,196184,128025
720575941601885225,339428,118224,151065
720575941633343136,402768,116120,167760
720575941491621173,337076,99224,140895
720575941504760370,312580,119564,108315
720575941564562688,315316,130124,99405
720575941550341409,416380,146076,185670
720575941558860333,438864,196152,113220
720575941480938403,419284,138132,157590
720575941480742339,304376,138800,82620
720575941533235890,384648,180652,126675
720575941440732507,330900,178856,95220
720575941483199174,330044,119896,189945
720575941552045374,303124,128852,76770
720575941440667477,340556,113376,123075
720575941499157473,326472,129416,90585
720575941588254206,385056,231048,62055
720575941633899424,384292,140080,151740
720575941615549593,434660,185532,103185
720575941409471918,315972,150196,94725
720575941590908414,451332,251648,96840
720575941615516313,371992,190072,108180
720575941668568307,401064,139060,106830
720575941536022465,421220,115276,121500
720575941548047977,347288,174384,202680
720575941352258864,362812,176656,151335
720575941564431250,337700,155908,132345
720575941521374391,373060,207060,97200
720575941617711829,410124,129384,85545
720575941596872325,420784,118616,223020
720575941576031887,415628,196200,88740
720575941565775207,394200,126392,69165
720575941505580066,399372,739292,175545
720575941435456288,365740,188852,129870
720575941632884640,659936,126296,109980
720575941691964056,455960,260836,98865
720575941519604846,633272,173128,164295
720575941575048040,444900,790460,229950
720575941604965049,340088,144236,142830
720575941518981804,340576,119840,91980
720575941603556086,418092,158916,121860
720575941514001251,308536,107532,93645
720575941514656977,366216,127680,153045
720575941477235761,359988,92340,134685
720575941499912161,533036,216860,161820
720575941477367326,559708,204376,85275
720575941653724913,550748,217944,115515
720575941544214021,548472,205632,104805
720575941653560561,554216,156448,142515
720575941515115596,472320,275648,75330
720575941566298678,611328,120532,173250
720575941564890519,477324,231128,80325
720575941450039221,381820,206876,135675
720575941499845345,347032,156504,94365
720575941506235708,457272,650828,171720
720575941561252776,375656,162052,133335
720575941653723921,658452,138928,113265
720575941632982508,658332,126428,105840
720575941556240129,178900,188784,12960
720575941462096528,594600,823816,180135
720575941446008490,604544,91508,74385
720575941731908651,394476,130068,66015
720575941447023636,401672,105648,75555
720575941556993700,572972,205700,134775
720575941509905281,304040,119152,101700
720575941580881653,376888,100868,79875
720575941527830041,419996,117316,187965
720575941499976354,663540,136580,99360
720575941472025664,669012,109248,121770
720575941531270347,423272,951068,268830
720575941501319842,457408,875996,187245
720575941531271096,395408,135712,75915
720575941483789498,350224,137664,66285
720575941478022705,568468,139384,188775
720575941447057077,389148,882728,230940
720575941559254131,541308,755412,210600
720575941449449294,514584,675016,205110
720575941534711272,504980,750728,216270
720575941556763987,483876,836832,206460
720575941557878287,433280,935040,237015
720575941643958904,575144,772248,176670
720575941729974827,552208,771120,195435
720575941507218014,493356,910008,282735
720575941595299367,449784,728344,197280
720575941526355844,454964,694280,231255
720575941562464866,529856,674848,238005
720575941628426978,489060,804888,244530
720575941611027530,495536,900468,239265
720575941461081101,555392,636804,124380
720575941643468133,582776,610888,157410
720575941495618939,514652,595060,112500
720575941489130471,590616,591952,125685
720575941645269704,550124,606948,158310
720575941560434547,501768,598484,97470
720575941587302967,418096,907816,181170
720575941542345477,500012,783816,248040
720575941411765140,507128,700464,196110
720575941457149510,513720,699260,189135
720575941545361288,514828,713212,173520
720575941425003860,568124,763640,172845
720575941501352535,454316,727176,131805
720575941438438930,551344,632792,171540
720575941643468645,553156,693276,209070
720575941642157650,601720,600484,167175
720575941611977645,588540,642848,113535
720575941649136661,575208,645680,120690
720575941438470700,572648,658628,199800
720575941450628218,485440,691328,196740
720575941447842894,593420,750584,226485
720575941616467669,507392,804736,285030
720575941564201991,514740,709368,171270
720575941590876011,606688,558292,127080
720575941657623576,435752,756452,251820
720575941527076024,436620,797460,137475
720575941729943083,449716,758012,179820
720575941528944568,437944,720804,214695
720575941588615052,525788,733064,249390
720575941592185814,512940,723388,240525
720575941412551791,528340,669784,208980
720575941504563781,498232,776376,231480
720575941565120007,581468,649460,109710
720575941572131593,605396,622412,175905
720575941431066543,600208,603940,184815
720575941491129038,453720,857796,239625
720575941598641193,469136,894724,246105
720575941505777246,450572,705832,198900
720575941588156414,469220,760244,124110
720575941566954228,484324,704100,201600
720575941563318070,516976,717556,253440
720575941571968413,414456,880668,208890
720575941533269770,382928,867720,240165
720575941517770412,508304,661796,191115
720575941642353784,547360,758824,195570
720575941628591330,521356,705472,246645
720575941533989976,596752,608828,189270
720575941592480363,578548,746120,183915
720575941507217989,573888,746928,190710
720575941542215429,561632,778832,187425
720575941569576606,536192,651084,155790
720575941474646570,556276,651364,144360
720575941572885903,428652,627196,120915
720575941522127691,607312,602596,150390
720575941392039574,492032,657744,105570
720575941652315865,588864,625448,159300
720575941415762836,434616,711288,201510
720575941644090273,454372,896956,226350
720575941528485835,602040,754496,224325
720575941468683229,558100,763940,219825
720575941504039618,517356,716248,216405
720575941650775313,506364,721116,212580
720575941546147077,484352,909992,196515
720575941506956604,455148,622196,123885
720575941565513623,395064,913220,220410
720575941461212883,506496,605004,138690
720575941410061167,416604,908192,202455
720575941552601662,494152,654460,84330
720575941636488565,466808,709516,184230
720575941411830420,583788,620508,116820
720575941563874728,459840,838808,210870
720575941457804784,480200,873308,197415
720575941534023402,580832,781896,192015
720575941494766464,485708,817100,227295
720575941494635184,500108,854572,248490
720575941614272153,542864,742844,195930
720575941474482737,458204,722572,224730
720575941470747968,540984,758232,232380
720575941553486820,541596,754248,212625
720575941508299554,478716,669428,185085
720575941460885005,467176,716712,228645
720575941613256211,483752,714180,227295
720575941503418172,429880,739084,181170
720575941505874561,623312,592772,140580
720575941690784731,472640,745344,187380
720575941603753913,455956,820144,232155
720575941508463826,401184,879948,207225
720575941552471297,490172,883464,288495
720575941652545521,471368,600600,125775
720575941549915709,455052,690856,169875
720575941435653164,435088,663552,186705
720575941594873814,464892,605376,132615
720575941624168444,394536,918324,176265
720575941447809812,393112,851512,213435
720575941489819081,446592,685408,242370
720575941633899717,518784,714048,210150
720575941557451502,463096,630936,139320
720575941654248721,427988,737104,163305
720575941515934554,449288,608352,155745
720575941566889210,460384,619368,120690
720575941482871887,395728,182096,155160
720575941553552702,648000,146112,255690
720575941412945579,142960,145132,50805
720575941540314098,719636,139064,162135
720575941451906894,795200,167808,122265
720575941596118230,404772,887548,223875
720575941625708187,425320,842404,222795
720575941517377273,451684,613760,170685
720575941504432834,474684,619360,76950
720575941522422455,505024,682004,164700
720575941508299810,390472,938720,188595
720575941520064435,455192,701688,234180
720575941551947263,527292,649728,206640
720575941547294013,497160,655624,177480
720575941432245207,505172,724056,142470
720575941604997997,458552,711644,245790
720575941574032271,473280,877120,304110
720575941429623544,609712,597708,151830
720575941497782144,559296,656064,142380
720575941527043238,428976,928212,260415
720575941549718334,458036,768720,144405
720575941456100255,479984,704036,156690
720575941456166047,459900,724684,126225
720575941562334471,458672,732292,180000
720575941504630507,591696,608560,148410
720575941524127565,444152,617556,164340
720575941540544242,457576,618048,149895
720575941533761050,450208,689672,231435
720575941492308606,463760,687964,228015
720575941574229755,462756,853056,210060
720575941577669457,426616,709660,224145
720575941490245070,555408,681648,204255
720575941650742289,475248,759624,107865
720575941628624166,468800,764752,126090
720575941557287588,430708,739308,118845
720575941490670793,423348,743788,185895
720575941502303831,520788,697216,193320
720575941466454870,130912,161128,112320
720575941576097544,773464,149000,50490
720575941409701679,761044,128536,142290
720575941660769616,791988,60448,115245
720575941577604456,320168,152360,168345
720575941611453770,464888,191136,197190
